gene,lookup_id,status,mapping_type,entrez_id,symbol,candidate_entrez_ids
1,1,mapped,Entrez,1,A1BG,1
10,10,mapped,Entrez,10,NAT2,10
13,13,mapped,Entrez,13,AADAC,13
20,20,mapped,Entrez,20,ABCA2,20
25,25,mapped,Entrez,25,ABL1,25
27,27,mapped,Entrez,27,ABL2,27
28,28,mapped,Entrez,28,ABO,28
30,30,mapped,Entrez,30,ACAA1,30
32,32,mapped,Entrez,32,ACACB,32
34,34,mapped,Entrez,34,ACADM,34
36,36,mapped,Entrez,36,ACADSB,36
41,41,mapped,Entrez,41,ASIC1,41
51,51,mapped,Entrez,51,ACOX1,51
53,53,mapped,Entrez,53,ACP2,53
55,55,mapped,Entrez,55,ACP3,55
58,58,mapped,Entrez,58,ACTA1,58
72,72,mapped,Entrez,72,ACTG2,72
86,86,mapped,Entrez,86,ACTL6A,86
87,87,mapped,Entrez,87,ACTN1,87
89,89,mapped,Entrez,89,ACTN3,89
90,90,mapped,Entrez,90,ACVR1,90
92,92,mapped,Entrez,92,ACVR2A,92
97,97,mapped,Entrez,97,ACYP1,97
112,112,mapped,Entrez,112,ADCY6,112
113,113,mapped,Entrez,113,ADCY7,113
115,115,mapped,Entrez,115,ADCY9,115
118,118,mapped,Entrez,118,ADD1,118
120,120,mapped,Entrez,120,ADD3,120
131,131,mapped,Entrez,131,ADH7,131
132,132,mapped,Entrez,132,ADK,132
133,133,mapped,Entrez,133,ADM,133
135,135,mapped,Entrez,135,ADORA2A,135
136,136,mapped,Entrez,136,ADORA2B,136
140,140,mapped,Entrez,140,ADORA3,140
147,147,mapped,Entrez,147,ADRA1B,147
156,156,mapped,Entrez,156,GRK2,156
158,158,mapped,Entrez,158,ADSL,158
161,161,mapped,Entrez,161,AP2A2,161
164,164,mapped,Entrez,164,AP1G1,164
174,174,mapped,Entrez,174,AFP,174
181,181,mapped,Entrez,181,AGRP,181
185,185,mapped,Entrez,185,AGTR1,185
196,196,mapped,Entrez,196,AHR,196
202,202,mapped,Entrez,202,CRYBG1,202
204,204,mapped,Entrez,204,AK2,204
210,210,mapped,Entrez,210,ALAD,210
214,214,mapped,Entrez,214,ALCAM,214
216,216,mapped,Entrez,216,ALDH1A1,216
225,225,mapped,Entrez,225,ABCD2,225
240,240,mapped,Entrez,240,ALOX5,240
250,250,mapped,Entrez,250,ALPP,250
257,257,mapped,Entrez,257,ALX3,257
265,265,mapped,Entrez,265,AMELX,265
272,272,mapped,Entrez,272,AMPD3,272
287,287,mapped,Entrez,287,ANK2,287
288,288,mapped,Entrez,288,ANK3,288
291,291,mapped,Entrez,291,SLC25A4,291
292,292,mapped,Entrez,292,SLC25A5,292
293,293,mapped,Entrez,293,SLC25A6,293
301,301,mapped,Entrez,301,ANXA1,301
302,302,mapped,Entrez,302,ANXA2,302
306,306,mapped,Entrez,306,ANXA3,306
307,307,mapped,Entrez,307,ANXA4,307
311,311,mapped,Entrez,311,ANXA11,311
313,313,mapped,Entrez,313,AOAH,313
317,317,mapped,Entrez,317,APAF1,317
320,320,mapped,Entrez,320,APBA1,320
328,328,mapped,Entrez,328,APEX1,328
332,332,mapped,Entrez,332,BIRC5,332
343,343,mapped,Entrez,343,AQP8,343
345,345,mapped,Entrez,345,APOC3,345
347,347,mapped,Entrez,347,APOD,347
360,360,mapped,Entrez,360,AQP3,360
361,361,mapped,Entrez,361,AQP4,361
364,364,mapped,Entrez,364,AQP7,364
367,367,mapped,Entrez,367,AR,367
368,368,mapped,Entrez,368,ABCC6,368
373,373,mapped,Entrez,373,TRIM23,373
374,374,mapped,Entrez,374,AREG,374
375,375,mapped,Entrez,375,ARF1,375
378,378,mapped,Entrez,378,ARF4,378
383,383,mapped,Entrez,383,ARG1,383
384,384,mapped,Entrez,384,ARG2,384
388,388,mapped,Entrez,388,RHOB,388
390,390,mapped,Entrez,390,RND3,390
396,396,mapped,Entrez,396,ARHGDIA,396
402,402,mapped,Entrez,402,ARL2,402
405,405,mapped,Entrez,405,ARNT,405
406,406,mapped,Entrez,406,BMAL1,406
410,410,mapped,Entrez,410,ARSA,410
412,412,mapped,Entrez,412,STS,412
440,440,mapped,Entrez,440,ASNS,440
445,445,mapped,Entrez,445,ASS1,445
463,463,mapped,Entrez,463,ZFHX3,463
467,467,mapped,Entrez,467,ATF3,467
473,473,mapped,Entrez,473,RERE,473
474,474,mapped,Entrez,474,ATOH1,474
477,477,mapped,Entrez,477,ATP1A2,477
478,478,mapped,Entrez,478,ATP1A3,478
482,482,mapped,Entrez,482,ATP1B2,482
483,483,mapped,Entrez,483,ATP1B3,483
488,488,mapped,Entrez,488,ATP2A2,488
489,489,mapped,Entrez,489,ATP2A3,489
490,490,mapped,Entrez,490,ATP2B1,490
491,491,mapped,Entrez,491,ATP2B2,491
493,493,mapped,Entrez,493,ATP2B4,493
495,495,mapped,Entrez,495,ATP4A,495
496,496,mapped,Entrez,496,ATP4B,496
498,498,mapped,Entrez,498,ATP5F1A,498
506,506,mapped,Entrez,506,ATP5F1B,506
514,514,mapped,Entrez,514,ATP5F1E,514
517,517,mapped,Entrez,517,ATP5MC2,517
521,521,mapped,Entrez,521,ATP5ME,521
527,527,mapped,Entrez,527,ATP6V0C,527
529,529,mapped,Entrez,529,ATP6V1E1,529
547,547,mapped,Entrez,547,KIF1A,547
551,551,mapped,Entrez,551,AVP,551
566,566,mapped,Entrez,566,AZU1,566
572,572,mapped,Entrez,572,BAD,572
574,574,mapped,Entrez,574,BAGE,574
579,579,mapped,Entrez,579,NKX3-2,579
582,582,mapped,Entrez,582,BBS1,582
587,587,mapped,Entrez,587,BCAT2,587
598,598,mapped,Entrez,598,BCL2L1,598
599,599,mapped,Entrez,599,BCL2L2,599
607,607,mapped,Entrez,607,BCL9,607
608,608,mapped,Entrez,608,TNFRSF17,608
610,610,mapped,Entrez,610,HCN2,610
622,622,mapped,Entrez,622,BDH1,622
629,629,mapped,Entrez,629,CFB,629
632,632,mapped,Entrez,632,BGLAP,632
633,633,mapped,Entrez,633,BGN,633
634,634,mapped,Entrez,634,CEACAM1,634
636,636,mapped,Entrez,636,BICD1,636
637,637,mapped,Entrez,637,BID,637
640,640,mapped,Entrez,640,BLK,640
643,643,mapped,Entrez,643,CXCR5,643
645,645,mapped,Entrez,645,BLVRB,645
648,648,mapped,Entrez,648,BMI1,648
650,650,mapped,Entrez,650,BMP2,650
653,653,mapped,Entrez,653,BMP5,653
656,656,mapped,Entrez,656,BMP8B,656
659,659,mapped,Entrez,659,BMPR2,659
663,663,mapped,Entrez,663,BNIP2,663
668,668,mapped,Entrez,668,FOXL2,668
670,670,mapped,Entrez,670,BPHL,670
671,671,mapped,Entrez,671,BPI,671
673,673,mapped,Entrez,673,BRAF,673
684,684,mapped,Entrez,684,BST2,684
685,685,mapped,Entrez,685,BTC,685
686,686,mapped,Entrez,686,BTD,686
687,687,mapped,Entrez,687,KLF9,687
701,701,mapped,Entrez,701,BUB1B,701
705,705,mapped,Entrez,705,BYSL,705
713,713,mapped,Entrez,713,C1QB,713
715,715,mapped,Entrez,715,C1R,715
720,720,mapped,Entrez,720,C4A,720
727,727,mapped,Entrez,727,C5,727
728,728,mapped,Entrez,728,C5AR1,728
729,729,mapped,Entrez,729,C6,729
732,732,mapped,Entrez,732,C8B,732
740,740,mapped,Entrez,740,MRPL49,740
745,745,mapped,Entrez,745,MYRF,745
747,747,mapped,Entrez,747,DAGLA,747
752,752,mapped,Entrez,752,FMNL1,752
753,753,mapped,Entrez,753,LDLRAD4,753
758,758,mapped,Entrez,758,MPPED1,758
759,759,mapped,Entrez,759,CA1,759
767,767,mapped,Entrez,767,CA8,767
775,775,mapped,Entrez,775,CACNA1C,775
776,776,mapped,Entrez,776,CACNA1D,776
778,778,mapped,Entrez,778,CACNA1F,778
784,784,mapped,Entrez,784,CACNB3,784
794,794,mapped,Entrez,794,CALB2,794
797,797,mapped,Entrez,797,CALCB,797
799,799,mapped,Entrez,799,CALCR,799
810,810,mapped,Entrez,810,CALML3,810
811,811,mapped,Entrez,811,CALR,811
815,815,mapped,Entrez,815,CAMK2A,815
817,817,mapped,Entrez,817,CAMK2D,817
822,822,mapped,Entrez,822,CAPG,822
824,824,mapped,Entrez,824,CAPN2,824
825,825,mapped,Entrez,825,CAPN3,825
830,830,mapped,Entrez,830,CAPZA2,830
837,837,mapped,Entrez,837,CASP4,837
844,844,mapped,Entrez,844,CASQ1,844
847,847,mapped,Entrez,847,CAT,847
858,858,mapped,Entrez,858,CAV2,858
866,866,mapped,Entrez,866,SERPINA6,866
867,867,mapped,Entrez,867,CBL,867
868,868,mapped,Entrez,868,CBLB,868
886,886,mapped,Entrez,886,CCKAR,886
909,909,mapped,Entrez,909,CD1A,909
911,911,mapped,Entrez,911,CD1C,911
913,913,mapped,Entrez,913,CD1E,913
916,916,mapped,Entrez,916,CD3E,916
917,917,mapped,Entrez,917,CD3G,917
920,920,mapped,Entrez,920,CD4,920
921,921,mapped,Entrez,921,CD5,921
923,923,mapped,Entrez,923,CD6,923
927,927,mapped,Entrez,927,CD8B2,927
928,928,mapped,Entrez,928,CD9,928
931,931,mapped,Entrez,931,MS4A1,931
933,933,mapped,Entrez,933,CD22,933
940,940,mapped,Entrez,940,CD28,940
941,941,mapped,Entrez,941,CD80,941
942,942,mapped,Entrez,942,CD86,942
943,943,mapped,Entrez,943,TNFRSF8,943
946,946,mapped,Entrez,946,SIGLEC6,946
947,947,mapped,Entrez,947,CD34,947
948,948,mapped,Entrez,948,CD36,948
950,950,mapped,Entrez,950,SCARB2,950
955,955,mapped,Entrez,955,ENTPD6,955
961,961,mapped,Entrez,961,CD47,961
965,965,mapped,Entrez,965,CD58,965
969,969,mapped,Entrez,969,CD69,969
972,972,mapped,Entrez,972,CD74,972
973,973,mapped,Entrez,973,CD79A,973
990,990,mapped,Entrez,990,CDC6,990
991,991,mapped,Entrez,991,CDC20,991
994,994,mapped,Entrez,994,CDC25B,994
995,995,mapped,Entrez,995,CDC25C,995
996,996,mapped,Entrez,996,CDC27,996
997,997,mapped,Entrez,997,CDC34,997
998,998,mapped,Entrez,998,CDC42,998
1003,1003,mapped,Entrez,1003,CDH5,1003
1018,1018,mapped,Entrez,1018,CDK3,1018
1019,1019,mapped,Entrez,1019,CDK4,1019
1027,1027,mapped,Entrez,1027,CDKN1B,1027
1029,1029,mapped,Entrez,1029,CDKN2A,1029
1030,1030,mapped,Entrez,1030,CDKN2B,1030
1036,1036,mapped,Entrez,1036,CDO1,1036
1043,1043,mapped,Entrez,1043,CD52,1043
1044,1044,mapped,Entrez,1044,CDX1,1044
1047,1047,mapped,Entrez,1047,CLGN,1047
1048,1048,mapped,Entrez,1048,CEACAM5,1048
1051,1051,mapped,Entrez,1051,CEBPB,1051
1053,1053,mapped,Entrez,1053,CEBPE,1053
1054,1054,mapped,Entrez,1054,CEBPG,1054
1062,1062,mapped,Entrez,1062,CENPE,1062
1063,1063,mapped,Entrez,1063,CENPF,1063
1104,1104,mapped,Entrez,1104,RCC1,1104
1107,1107,mapped,Entrez,1107,CHD3,1107
1108,1108,mapped,Entrez,1108,CHD4,1108
1109,1109,mapped,Entrez,1109,AKR1C4,1109
1122,1122,mapped,Entrez,1122,CHML,1122
1123,1123,mapped,Entrez,1123,CHN1,1123
1133,1133,mapped,Entrez,1133,CHRM5,1133
1134,1134,mapped,Entrez,1134,CHRNA1,1134
1137,1137,mapped,Entrez,1137,CHRNA4,1137
1140,1140,mapped,Entrez,1140,CHRNB1,1140
1146,1146,mapped,Entrez,1146,CHRNG,1146
1159,1159,mapped,Entrez,1159,CKMT1B,1159
1163,1163,mapped,Entrez,1163,CKS1B,1163
1176,1176,mapped,Entrez,1176,AP3S1,1176
1179,1179,mapped,Entrez,1179,CLCA1,1179
1180,1180,mapped,Entrez,1180,CLCN1,1180
1182,1182,mapped,Entrez,1182,CLCN3,1182
1183,1183,mapped,Entrez,1183,CLCN4,1183
1184,1184,mapped,Entrez,1184,CLCN5,1184
1185,1185,mapped,Entrez,1185,CLCN6,1185
1192,1192,mapped,Entrez,1192,CLIC1,1192
1193,1193,mapped,Entrez,1193,CLIC2,1193
1209,1209,mapped,Entrez,1209,CLPTM1,1209
1211,1211,mapped,Entrez,1211,CLTA,1211
1213,1213,mapped,Entrez,1213,CLTC,1213
1232,1232,mapped,Entrez,1232,CCR3,1232
1234,1234,mapped,Entrez,1234,CCR5,1234
1235,1235,mapped,Entrez,1235,CCR6,1235
1236,1236,mapped,Entrez,1236,CCR7,1236
1238,1238,mapped,Entrez,1238,ACKR2,1238
1262,1262,mapped,Entrez,1262,CNGA4,1262
1263,1263,mapped,Entrez,1263,PLK3,1263
1268,1268,mapped,Entrez,1268,CNR1,1268
1269,1269,mapped,Entrez,1269,CNR2,1269
1284,1284,mapped,Entrez,1284,COL4A2,1284
1291,1291,mapped,Entrez,1291,COL6A1,1291
1295,1295,mapped,Entrez,1295,COL8A1,1295
1300,1300,mapped,Entrez,1300,COL10A1,1300
1310,1310,mapped,Entrez,1310,COL19A1,1310
1315,1315,mapped,Entrez,1315,COPB1,1315
1326,1326,mapped,Entrez,1326,MAP3K8,1326
1327,1327,mapped,Entrez,1327,COX4I1,1327
1339,1339,mapped,Entrez,1339,COX6A2,1339
1345,1345,mapped,Entrez,1345,COX6C,1345
1346,1346,mapped,Entrez,1346,COX7A1,1346
1347,1347,mapped,Entrez,1347,COX7A2,1347
1352,1352,mapped,Entrez,1352,COX10,1352
1357,1357,mapped,Entrez,1357,CPA1,1357
1358,1358,mapped,Entrez,1358,CPA2,1358
1361,1361,mapped,Entrez,1361,CPB2,1361
1368,1368,mapped,Entrez,1368,CPM,1368
1369,1369,mapped,Entrez,1369,CPN1,1369
1370,1370,mapped,Entrez,1370,CPN2,1370
1371,1371,mapped,Entrez,1371,CPOX,1371
1373,1373,mapped,Entrez,1373,CPS1,1373
1375,1375,mapped,Entrez,1375,CPT1B,1375
1376,1376,mapped,Entrez,1376,CPT2,1376
1379,1379,mapped,Entrez,1379,CR1L,1379
1387,1387,mapped,Entrez,1387,CREBBP,1387
1389,1389,mapped,Entrez,1389,CREBL2,1389
1399,1399,mapped,Entrez,1399,CRKL,1399
1401,1401,mapped,Entrez,1401,CRP,1401
1404,1404,mapped,Entrez,1404,HAPLN1,1404
1407,1407,mapped,Entrez,1407,CRY1,1407
1408,1408,mapped,Entrez,1408,CRY2,1408
1420,1420,mapped,Entrez,1420,CRYGC,1420
1427,1427,mapped,Entrez,1427,CRYGS,1427
1431,1431,mapped,Entrez,1431,CS,1431
1438,1438,mapped,Entrez,1438,CSF2RA,1438
1439,1439,mapped,Entrez,1439,CSF2RB,1439
1444,1444,mapped,Entrez,1444,CSHL1,1444
1447,1447,mapped,Entrez,1447,CSN2,1447
1452,1452,mapped,Entrez,1452,CSNK1A1,1452
1455,1455,mapped,Entrez,1455,CSNK1G2,1455
1462,1462,mapped,Entrez,1462,VCAN,1462
1470,1470,mapped,Entrez,1470,CST2,1470
1474,1474,mapped,Entrez,1474,CST6,1474
1476,1476,mapped,Entrez,1476,CSTB,1476
1478,1478,mapped,Entrez,1478,CSTF2,1478
1479,1479,mapped,Entrez,1479,CSTF3,1479
1485,1485,mapped,Entrez,1485,CTAG1B,1485
1488,1488,mapped,Entrez,1488,CTBP2,1488
1489,1489,mapped,Entrez,1489,CTF1,1489
1493,1493,mapped,Entrez,1493,CTLA4,1493
1497,1497,mapped,Entrez,1497,CTNS,1497
1501,1501,mapped,Entrez,1501,CTNND2,1501
1503,1503,mapped,Entrez,1503,CTPS1,1503
1506,1506,mapped,Entrez,1506,CTRL,1506
1510,1510,mapped,Entrez,1510,CTSE,1510
1513,1513,mapped,Entrez,1513,CTSK,1513
1514,1514,mapped,Entrez,1514,CTSL,1514
1515,1515,mapped,Entrez,1515,CTSV,1515
1521,1521,mapped,Entrez,1521,CTSW,1521
1534,1534,mapped,Entrez,1534,CYB561,1534
1535,1535,mapped,Entrez,1535,CYBA,1535
1536,1536,mapped,Entrez,1536,CYBB,1536
1537,1537,mapped,Entrez,1537,CYC1,1537
1538,1538,mapped,Entrez,1538,CYLC1,1538
1545,1545,mapped,Entrez,1545,CYP1B1,1545
1551,1551,mapped,Entrez,1551,CYP3A7,1551
1558,1558,mapped,Entrez,1558,CYP2C8,1558
1572,1572,mapped,Entrez,1572,CYP2F1,1572
1573,1573,mapped,Entrez,1573,CYP2J2,1573
1579,1579,mapped,Entrez,1579,CYP4A11,1579
1583,1583,mapped,Entrez,1583,CYP11A1,1583
1591,1591,mapped,Entrez,1591,CYP24A1,1591
1592,1592,mapped,Entrez,1592,CYP26A1,1592
1595,1595,mapped,Entrez,1595,CYP51A1,1595
1602,1602,mapped,Entrez,1602,DACH1,1602
1608,1608,mapped,Entrez,1608,DGKG,1608
1618,1618,mapped,Entrez,1618,DAZL,1618
1627,1627,mapped,Entrez,1627,DBN1,1627
1634,1634,mapped,Entrez,1634,DCN,1634
1638,1638,mapped,Entrez,1638,DCT,1638
1641,1641,mapped,Entrez,1641,DCX,1641
1643,1643,mapped,Entrez,1643,DDB2,1643
1644,1644,mapped,Entrez,1644,DDC,1644
1646,1646,mapped,Entrez,1646,AKR1C2,1646
1647,1647,mapped,Entrez,1647,GADD45A,1647
1649,1649,mapped,Entrez,1649,DDIT3,1649
1652,1652,mapped,Entrez,1652,DDT,1652
1655,1655,mapped,Entrez,1655,DDX5,1655
1669,1669,mapped,Entrez,1669,DEFA4,1669
1676,1676,mapped,Entrez,1676,DFFA,1676
1677,1677,mapped,Entrez,1677,DFFB,1677
1678,1678,mapped,Entrez,1678,TIMM8A,1678
1717,1717,mapped,Entrez,1717,DHCR7,1717
1727,1727,mapped,Entrez,1727,CYB5R3,1727
1730,1730,mapped,Entrez,1730,DIAPH2,1730
1736,1736,mapped,Entrez,1736,DKC1,1736
1738,1738,mapped,Entrez,1738,DLD,1738
1741,1741,mapped,Entrez,1741,DLG3,1741
1742,1742,mapped,Entrez,1742,DLG4,1742
1743,1743,mapped,Entrez,1743,DLST,1743
1745,1745,mapped,Entrez,1745,DLX1,1745
1756,1756,mapped,Entrez,1756,DMD,1756
1762,1762,mapped,Entrez,1762,DMWD,1762
1763,1763,mapped,Entrez,1763,DNA2,1763
1770,1770,mapped,Entrez,1770,DNAH9,1770
1774,1774,mapped,Entrez,1774,DNASE1L1,1774
1776,1776,mapped,Entrez,1776,DNASE1L3,1776
1786,1786,mapped,Entrez,1786,DNMT1,1786
1788,1788,mapped,Entrez,1788,DNMT3A,1788
1798,1798,mapped,Entrez,1798,DPAGT1,1798
1806,1806,mapped,Entrez,1806,DPYD,1806
1807,1807,mapped,Entrez,1807,DPYS,1807
1808,1808,mapped,Entrez,1808,DPYSL2,1808
1812,1812,mapped,Entrez,1812,DRD1,1812
1815,1815,mapped,Entrez,1815,DRD4,1815
1819,1819,mapped,Entrez,1819,DRG2,1819
1822,1822,mapped,Entrez,1822,ATN1,1822
1828,1828,mapped,Entrez,1828,DSG1,1828
1837,1837,mapped,Entrez,1837,DTNA,1837
1838,1838,mapped,Entrez,1838,DTNB,1838
1842,1842,mapped,Entrez,1842,ECM2,1842
1843,1843,mapped,Entrez,1843,DUSP1,1843
1857,1857,mapped,Entrez,1857,DVL3,1857
1869,1869,mapped,Entrez,1869,E2F1,1869
1870,1870,mapped,Entrez,1870,E2F2,1870
1875,1875,mapped,Entrez,1875,E2F5,1875
1880,1880,mapped,Entrez,1880,GPR183,1880
1891,1891,mapped,Entrez,1891,ECH1,1891
1892,1892,mapped,Entrez,1892,ECHS1,1892
1893,1893,mapped,Entrez,1893,ECM1,1893
1907,1907,mapped,Entrez,1907,EDN2,1907
1908,1908,mapped,Entrez,1908,EDN3,1908
1909,1909,mapped,Entrez,1909,EDNRA,1909
1910,1910,mapped,Entrez,1910,EDNRB,1910
1912,1912,mapped,Entrez,1912,PHC2,1912
1915,1915,mapped,Entrez,1915,EEF1A1,1915
1938,1938,mapped,Entrez,1938,EEF2,1938
1939,1939,mapped,Entrez,1939,EIF2D,1939
1949,1949,mapped,Entrez,1949,EFNB3,1949
1952,1952,mapped,Entrez,1952,CELSR2,1952
1955,1955,mapped,Entrez,1955,MEGF9,1955
1958,1958,mapped,Entrez,1958,EGR1,1958
1960,1960,mapped,Entrez,1960,EGR3,1960
1965,1965,mapped,Entrez,1965,EIF2S1,1965
1967,1967,mapped,Entrez,1967,EIF2B1,1967
1974,1974,mapped,Entrez,1974,EIF4A2,1974
1975,1975,mapped,Entrez,1975,EIF4B,1975
1977,1977,mapped,Entrez,1977,EIF4E,1977
1978,1978,mapped,Entrez,1978,EIF4EBP1,1978
1984,1984,mapped,Entrez,1984,EIF5A,1984
1994,1994,mapped,Entrez,1994,ELAVL1,1994
1995,1995,mapped,Entrez,1995,ELAVL3,1995
1996,1996,mapped,Entrez,1996,ELAVL4,1996
1999,1999,mapped,Entrez,1999,ELF3,1999
2001,2001,mapped,Entrez,2001,ELF5,2001
2004,2004,mapped,Entrez,2004,ELK3,2004
2009,2009,mapped,Entrez,2009,EML1,2009
2018,2018,mapped,Entrez,2018,EMX2,2018
2019,2019,mapped,Entrez,2019,EN1,2019
2022,2022,mapped,Entrez,2022,ENG,2022
2033,2033,mapped,Entrez,2033,EP300,2033
2038,2038,mapped,Entrez,2038,EPB42,2038
2040,2040,mapped,Entrez,2040,STOM,2040
2043,2043,mapped,Entrez,2043,EPHA4,2043
2044,2044,mapped,Entrez,2044,EPHA5,2044
2045,2045,mapped,Entrez,2045,EPHA7,2045
2047,2047,mapped,Entrez,2047,EPHB1,2047
2049,2049,mapped,Entrez,2049,EPHB3,2049
2050,2050,mapped,Entrez,2050,EPHB4,2050
2051,2051,mapped,Entrez,2051,EPHB6,2051
2053,2053,mapped,Entrez,2053,EPHX2,2053
2056,2056,mapped,Entrez,2056,EPO,2056
2059,2059,mapped,Entrez,2059,EPS8,2059
2060,2060,mapped,Entrez,2060,EPS15,2060
2063,2063,mapped,Entrez,2063,NR2F6,2063
2066,2066,mapped,Entrez,2066,ERBB4,2066
2067,2067,mapped,Entrez,2067,ERCC1,2067
2072,2072,mapped,Entrez,2072,ERCC4,2072
2073,2073,mapped,Entrez,2073,ERCC5,2073
2074,2074,mapped,Entrez,2074,ERCC6,2074
2077,2077,mapped,Entrez,2077,ERF,2077
2078,2078,mapped,Entrez,2078,ERG,2078
2086,2086,mapped,Entrez,2086,ERV3-1,2086
2091,2091,mapped,Entrez,2091,FBL,2091
2100,2100,mapped,Entrez,2100,ESR2,2100
2101,2101,mapped,Entrez,2101,ESRRA,2101
2115,2115,mapped,Entrez,2115,ETV1,2115
2116,2116,mapped,Entrez,2116,ETV2,2116
2120,2120,mapped,Entrez,2120,ETV6,2120
2131,2131,mapped,Entrez,2131,EXT1,2131
2138,2138,mapped,Entrez,2138,EYA1,2138
2146,2146,mapped,Entrez,2146,EZH2,2146
2165,2165,mapped,Entrez,2165,F13B,2165
2168,2168,mapped,Entrez,2168,FABP1,2168
2169,2169,mapped,Entrez,2169,FABP2,2169
2178,2178,mapped,Entrez,2178,FANCE,2178
2181,2181,mapped,Entrez,2181,ACSL3,2181
2184,2184,mapped,Entrez,2184,FAH,2184
2186,2186,mapped,Entrez,2186,BPTF,2186
2192,2192,mapped,Entrez,2192,FBLN1,2192
2195,2195,mapped,Entrez,2195,FAT1,2195
2203,2203,mapped,Entrez,2203,FBP1,2203
2214,2214,mapped,Entrez,2214,FCGR3A,2214
2217,2217,mapped,Entrez,2217,FCGRT,2217
2222,2222,mapped,Entrez,2222,FDFT1,2222
2235,2235,mapped,Entrez,2235,FECH,2235
2241,2241,mapped,Entrez,2241,FER,2241
2242,2242,mapped,Entrez,2242,FES,2242
2245,2245,mapped,Entrez,2245,FGD1,2245
2247,2247,mapped,Entrez,2247,FGF2,2247
2249,2249,mapped,Entrez,2249,FGF4,2249
2250,2250,mapped,Entrez,2250,FGF5,2250
2252,2252,mapped,Entrez,2252,FGF7,2252
2253,2253,mapped,Entrez,2253,FGF8,2253
2257,2257,mapped,Entrez,2257,FGF12,2257
2258,2258,mapped,Entrez,2258,FGF13,2258
2262,2262,mapped,Entrez,2262,GPC5,2262
2266,2266,mapped,Entrez,2266,FGG,2266
2271,2271,mapped,Entrez,2271,FH,2271
2273,2273,mapped,Entrez,2273,FHL1,2273
2277,2277,mapped,Entrez,2277,VEGFD,2277
2281,2281,mapped,Entrez,2281,FKBP1B,2281
2298,2298,mapped,Entrez,2298,FOXD4,2298
2301,2301,mapped,Entrez,2301,FOXE3,2301
2303,2303,mapped,Entrez,2303,FOXC2,2303
2304,2304,mapped,Entrez,2304,FOXE1,2304
2305,2305,mapped,Entrez,2305,FOXM1,2305
2306,2306,mapped,Entrez,2306,FOXD2,2306
2307,2307,mapped,Entrez,2307,FOXS1,2307
2309,2309,mapped,Entrez,2309,FOXO3,2309
2310,2310,mapped,Entrez,2310,FOXO3B,2310
2314,2314,mapped,Entrez,2314,FLII,2314
2315,2315,mapped,Entrez,2315,MLANA,2315
2316,2316,mapped,Entrez,2316,FLNA,2316
2324,2324,mapped,Entrez,2324,FLT4,2324
2330,2330,mapped,Entrez,2330,FMO5,2330
2334,2334,mapped,Entrez,2334,AFF2,2334
2335,2335,mapped,Entrez,2335,FN1,2335
2342,2342,mapped,Entrez,2342,FNTB,2342
2350,2350,mapped,Entrez,2350,FOLR2,2350
2353,2353,mapped,Entrez,2353,FOS,2353
2356,2356,mapped,Entrez,2356,FPGS,2356
2357,2357,mapped,Entrez,2357,FPR1,2357
2487,2487,mapped,Entrez,2487,FRZB,2487
2512,2512,mapped,Entrez,2512,FTL,2512
2516,2516,mapped,Entrez,2516,NR5A1,2516
2519,2519,mapped,Entrez,2519,FUCA2,2519
2525,2525,mapped,Entrez,2525,FUT3,2525
2528,2528,mapped,Entrez,2528,FUT6,2528
2538,2538,mapped,Entrez,2538,G6PC1,2538
2539,2539,mapped,Entrez,2539,G6PD,2539
2549,2549,mapped,Entrez,2549,GAB1,2549
2555,2555,mapped,Entrez,2555,GABRA2,2555
2557,2557,mapped,Entrez,2557,GABRA4,2557
2568,2568,mapped,Entrez,2568,GABRP,2568
2571,2571,mapped,Entrez,2571,GAD1,2571
2574,2574,mapped,Entrez,2574,GAGE2C,2574
2576,2576,mapped,Entrez,2576,GAGE4,2576
2579,2579,mapped,Entrez,2579,GAGE7,2579
2580,2580,mapped,Entrez,2580,GAK,2580
2589,2589,mapped,Entrez,2589,GALNT1,2589
2615,2615,mapped,Entrez,2615,LRRC32,2615
2617,2617,mapped,Entrez,2617,GARS1,2617
2621,2621,mapped,Entrez,2621,GAS6,2621
2623,2623,mapped,Entrez,2623,GATA1,2623
2627,2627,mapped,Entrez,2627,GATA6,2627
2637,2637,mapped,Entrez,2637,GBX2,2637
2639,2639,mapped,Entrez,2639,GCDH,2639
2647,2647,mapped,Entrez,2647,BLOC1S1,2647
2653,2653,mapped,Entrez,2653,GCSH,2653
2657,2657,mapped,Entrez,2657,GDF1,2657
2661,2661,mapped,Entrez,2661,GDF9,2661
2664,2664,mapped,Entrez,2664,GDI1,2664
2674,2674,mapped,Entrez,2674,GFRA1,2674
2677,2677,mapped,Entrez,2677,GGCX,2677
2681,2681,mapped,Entrez,2681,GGTA1,2681
2683,2683,mapped,Entrez,2683,B4GALT1,2683
2687,2687,mapped,Entrez,2687,GGT5,2687
2703,2703,mapped,Entrez,2703,GJA8,2703
2705,2705,mapped,Entrez,2705,GJB1,2705
2706,2706,mapped,Entrez,2706,GJB2,2706
2707,2707,mapped,Entrez,2707,GJB3,2707
2713,2713,mapped,Entrez,2713,GK3,2713
2717,2717,mapped,Entrez,2717,GLA,2717
2729,2729,mapped,Entrez,2729,GCLC,2729
2734,2734,mapped,Entrez,2734,GLG1,2734
2735,2735,mapped,Entrez,2735,GLI1,2735
2736,2736,mapped,Entrez,2736,GLI2,2736
2738,2738,mapped,Entrez,2738,GLI4,2738
2740,2740,mapped,Entrez,2740,GLP1R,2740
2742,2742,mapped,Entrez,2742,GLRA2,2742
2744,2744,mapped,Entrez,2744,GLS,2744
2747,2747,mapped,Entrez,2747,GLUD2,2747
2766,2766,mapped,Entrez,2766,GMPR,2766
2768,2768,mapped,Entrez,2768,GNA12,2768
2771,2771,mapped,Entrez,2771,GNAI2,2771
2773,2773,mapped,Entrez,2773,GNAI3,2773
2778,2778,mapped,Entrez,2778,GNAS,2778
2780,2780,mapped,Entrez,2780,GNAT2,2780
2784,2784,mapped,Entrez,2784,GNB3,2784
2786,2786,mapped,Entrez,2786,GNG4,2786
2794,2794,mapped,Entrez,2794,GNL1,2794
2799,2799,mapped,Entrez,2799,GNS,2799
2805,2805,mapped,Entrez,2805,GOT1,2805
2819,2819,mapped,Entrez,2819,GPD1,2819
2820,2820,mapped,Entrez,2820,GPD2,2820
2822,2822,mapped,Entrez,2822,GPLD1,2822
2823,2823,mapped,Entrez,2823,GPM6A,2823
2826,2826,mapped,Entrez,2826,CCR10,2826
2830,2830,mapped,Entrez,2830,GPR6,2830
2832,2832,mapped,Entrez,2832,NPBWR2,2832
2834,2834,mapped,Entrez,2834,PRLHR,2834
2842,2842,mapped,Entrez,2842,GPR19,2842
2844,2844,mapped,Entrez,2844,GPR21,2844
2847,2847,mapped,Entrez,2847,MCHR1,2847
2848,2848,mapped,Entrez,2848,GPR25,2848
2859,2859,mapped,Entrez,2859,GPR35,2859
2862,2862,mapped,Entrez,2862,MLNR,2862
2864,2864,mapped,Entrez,2864,FFAR1,2864
2874,2874,mapped,Entrez,2874,GPS2,2874
2875,2875,mapped,Entrez,2875,GPT,2875
2877,2877,mapped,Entrez,2877,GPX2,2877
2889,2889,mapped,Entrez,2889,RAPGEF1,2889
2891,2891,mapped,Entrez,2891,GRIA2,2891
2892,2892,mapped,Entrez,2892,GRIA3,2892
2896,2896,mapped,Entrez,2896,GRN,2896
2903,2903,mapped,Entrez,2903,GRIN2A,2903
2905,2905,mapped,Entrez,2905,GRIN2C,2905
2907,2907,mapped,Entrez,2907,GRINA,2907
2908,2908,mapped,Entrez,2908,NR3C1,2908
2914,2914,mapped,Entrez,2914,GRM4,2914
2917,2917,mapped,Entrez,2917,GRM7,2917
2923,2923,mapped,Entrez,2923,PDIA3,2923
2938,2938,mapped,Entrez,2938,GSTA1,2938
2941,2941,mapped,Entrez,2941,GSTA4,2941
2949,2949,mapped,Entrez,2949,GSTM5,2949
2952,2952,mapped,Entrez,2952,GSTT1,2952
2959,2959,mapped,Entrez,2959,GTF2B,2959
2960,2960,mapped,Entrez,2960,GTF2E1,2960
2965,2965,mapped,Entrez,2965,GTF2H1,2965
2967,2967,mapped,Entrez,2967,GTF2H3,2967
2968,2968,mapped,Entrez,2968,GTF2H4,2968
2969,2969,mapped,Entrez,2969,GTF2I,2969
2971,2971,mapped,Entrez,2971,GTF3A,2971
2975,2975,mapped,Entrez,2975,GTF3C1,2975
2980,2980,mapped,Entrez,2980,GUCA2A,2980
2984,2984,mapped,Entrez,2984,GUCY2C,2984
2987,2987,mapped,Entrez,2987,GUK1,2987
2990,2990,mapped,Entrez,2990,GUSB,2990
2992,2992,mapped,Entrez,2992,GYG1,2992
2993,2993,mapped,Entrez,2993,GYPA,2993
2998,2998,mapped,Entrez,2998,GYS2,2998
3002,3002,mapped,Entrez,3002,GZMB,3002
3005,3005,mapped,Entrez,3005,H1-0,3005
3007,3007,mapped,Entrez,3007,H1-3,3007
3009,3009,mapped,Entrez,3009,H1-5,3009
3013,3013,mapped,Entrez,3013,H2AC7,3013
3024,3024,mapped,Entrez,3024,H1-1,3024
3029,3029,mapped,Entrez,3029,HAGH,3029
3033,3033,mapped,Entrez,3033,HADH,3033
3039,3039,mapped,Entrez,3039,HBA1,3039
3045,3045,mapped,Entrez,3045,HBD,3045
3052,3052,mapped,Entrez,3052,HCCS,3052
3055,3055,mapped,Entrez,3055,HCK,3055
3059,3059,mapped,Entrez,3059,HCLS1,3059
3061,3061,mapped,Entrez,3061,HCRTR1,3061
3064,3064,mapped,Entrez,3064,HTT,3064
3066,3066,mapped,Entrez,3066,HDAC2,3066
3071,3071,mapped,Entrez,3071,NCKAP1L,3071
3073,3073,mapped,Entrez,3073,HEXA,3073
3081,3081,mapped,Entrez,3081,HGD,3081
3082,3082,mapped,Entrez,3082,HGF,3082
3084,3084,mapped,Entrez,3084,NRG1,3084
3090,3090,mapped,Entrez,3090,HIC1,3090
3092,3092,mapped,Entrez,3092,HIP1,3092
3098,3098,mapped,Entrez,3098,HK1,3098
3101,3101,mapped,Entrez,3101,HK3,3101
3107,3107,mapped,Entrez,3107,HLA-C,3107
3108,3108,mapped,Entrez,3108,HLA-DMA,3108
3109,3109,mapped,Entrez,3109,HLA-DMB,3109
3112,3112,mapped,Entrez,3112,HLA-DOB,3112
3115,3115,mapped,Entrez,3115,HLA-DPB1,3115
3118,3118,mapped,Entrez,3118,HLA-DQA2,3118
3119,3119,mapped,Entrez,3119,HLA-DQB1,3119
3121,3121,mapped,Entrez,3121,HLA-DQB3,3121
3122,3122,mapped,Entrez,3122,HLA-DRA,3122
3126,3126,mapped,Entrez,3126,HLA-DRB4,3126
3142,3142,mapped,Entrez,3142,HLX,3142
3146,3146,mapped,Entrez,3146,HMGB1,3146
3149,3149,mapped,Entrez,3149,HMGB3,3149
3155,3155,mapped,Entrez,3155,HMGCL,3155
3157,3157,mapped,Entrez,3157,HMGCS1,3157
3161,3161,mapped,Entrez,3161,HMMR,3161
3163,3163,mapped,Entrez,3163,HMOX2,3163
3164,3164,mapped,Entrez,3164,NR4A1,3164
3170,3170,mapped,Entrez,3170,FOXA2,3170
3171,3171,mapped,Entrez,3171,FOXA3,3171
3176,3176,mapped,Entrez,3176,HNMT,3176
3184,3184,mapped,Entrez,3184,HNRNPD,3184
3195,3195,mapped,Entrez,3195,TLX1,3195
3199,3199,mapped,Entrez,3199,HOXA2,3199
3200,3200,mapped,Entrez,3200,HOXA3,3200
3201,3201,mapped,Entrez,3201,HOXA4,3201
3204,3204,mapped,Entrez,3204,HOXA7,3204
3214,3214,mapped,Entrez,3214,HOXB4,3214
3216,3216,mapped,Entrez,3216,HOXB6,3216
3221,3221,mapped,Entrez,3221,HOXC4,3221
3224,3224,mapped,Entrez,3224,HOXC8,3224
3226,3226,mapped,Entrez,3226,HOXC10,3226
3227,3227,mapped,Entrez,3227,HOXC11,3227
3237,3237,mapped,Entrez,3237,HOXD11,3237
3238,3238,mapped,Entrez,3238,HOXD12,3238
3239,3239,mapped,Entrez,3239,HOXD13,3239
3242,3242,mapped,Entrez,3242,HPD,3242
3248,3248,mapped,Entrez,3248,HPGD,3248
3249,3249,mapped,Entrez,3249,HPN,3249
3257,3257,mapped,Entrez,3257,HPS1,3257
3267,3267,mapped,Entrez,3267,AGFG1,3267
3268,3268,mapped,Entrez,3268,AGFG2,3268
3269,3269,mapped,Entrez,3269,HRH1,3269
3274,3274,mapped,Entrez,3274,HRH2,3274
3280,3280,mapped,Entrez,3280,HES1,3280
3284,3284,mapped,Entrez,3284,HSD3B2,3284
3290,3290,mapped,Entrez,3290,HSD11B1,3290
3303,3303,mapped,Entrez,3303,HSPA1A,3303
3312,3312,mapped,Entrez,3312,HSPA8,3312
3316,3316,mapped,Entrez,3316,HSPB2,3316
3320,3320,mapped,Entrez,3320,HSP90AA1,3320
3329,3329,mapped,Entrez,3329,HSPD1,3329
3337,3337,mapped,Entrez,3337,DNAJB1,3337
3346,3346,mapped,Entrez,3346,HTN1,3346
3355,3355,mapped,Entrez,3355,HTR1F,3355
3361,3361,mapped,Entrez,3361,HTR5A,3361
3364,3364,mapped,Entrez,3364,HUS1,3364
3371,3371,mapped,Entrez,3371,TNC,3371
3376,3376,mapped,Entrez,3376,IARS1,3376
3385,3385,mapped,Entrez,3385,ICAM3,3385
3386,3386,mapped,Entrez,3386,ICAM4,3386
3394,3394,mapped,Entrez,3394,IRF8,3394
3397,3397,mapped,Entrez,3397,ID1,3397
3398,3398,mapped,Entrez,3398,ID2,3398
3399,3399,mapped,Entrez,3399,ID3,3399
3416,3416,mapped,Entrez,3416,IDE,3416
3418,3418,mapped,Entrez,3418,IDH2,3418
3423,3423,mapped,Entrez,3423,IDS,3423
3425,3425,mapped,Entrez,3425,IDUA,3425
3428,3428,mapped,Entrez,3428,IFI16,3428
3430,3430,mapped,Entrez,3430,IFI35,3430
3434,3434,mapped,Entrez,3434,IFIT1,3434
3440,3440,mapped,Entrez,3440,IFNA2,3440
3443,3443,mapped,Entrez,3443,IFNA6,3443
3444,3444,mapped,Entrez,3444,IFNA7,3444
3446,3446,mapped,Entrez,3446,IFNA10,3446
3454,3454,mapped,Entrez,3454,IFNAR1,3454
3455,3455,mapped,Entrez,3455,IFNAR2,3455
3459,3459,mapped,Entrez,3459,IFNGR1,3459
3467,3467,mapped,Entrez,3467,IFNW1,3467
3481,3481,mapped,Entrez,3481,IGF2,3481
3482,3482,mapped,Entrez,3482,IGF2R,3482
3484,3484,mapped,Entrez,3484,IGFBP1,3484
3488,3488,mapped,Entrez,3488,IGFBP5,3488
3489,3489,mapped,Entrez,3489,IGFBP6,3489
3491,3491,mapped,Entrez,3491,CCN1,3491
3512,3512,mapped,Entrez,3512,JCHAIN,3512
3552,3552,mapped,Entrez,3552,IL1A,3552
3559,3559,mapped,Entrez,3559,IL2RA,3559
3561,3561,mapped,Entrez,3561,IL2RG,3561
3562,3562,mapped,Entrez,3562,IL3,3562
3565,3565,mapped,Entrez,3565,IL4,3565
3569,3569,mapped,Entrez,3569,IL6,3569
3572,3572,mapped,Entrez,3572,IL6ST,3572
3577,3577,mapped,Entrez,3577,CXCR1,3577
3587,3587,mapped,Entrez,3587,IL10RA,3587
3588,3588,mapped,Entrez,3588,IL10RB,3588
3590,3590,mapped,Entrez,3590,IL11RA,3590
3603,3603,mapped,Entrez,3603,IL16,3603
3606,3606,mapped,Entrez,3606,IL18,3606
3608,3608,mapped,Entrez,3608,ILF2,3608
3613,3613,mapped,Entrez,3613,IMPA2,3613
3614,3614,mapped,Entrez,3614,IMPDH1,3614
3620,3620,mapped,Entrez,3620,IDO1,3620
3622,3622,mapped,Entrez,3622,ING2,3622
3623,3623,mapped,Entrez,3623,INHA,3623
3626,3626,mapped,Entrez,3626,INHBC,3626
3630,3630,mapped,Entrez,3630,INS,3630
3632,3632,mapped,Entrez,3632,INPP5A,3632
3646,3646,mapped,Entrez,3646,EIF3E,3646
3652,3652,mapped,Entrez,3652,IPP,3652
3654,3654,mapped,Entrez,3654,IRAK1,3654
3659,3659,mapped,Entrez,3659,IRF1,3659
3663,3663,mapped,Entrez,3663,IRF5,3663
3664,3664,mapped,Entrez,3664,IRF6,3664
3671,3671,mapped,Entrez,3671,ISLR,3671
3672,3672,mapped,Entrez,3672,ITGA1,3672
3676,3676,mapped,Entrez,3676,ITGA4,3676
3681,3681,mapped,Entrez,3681,ITGAD,3681
3683,3683,mapped,Entrez,3683,ITGAL,3683
3687,3687,mapped,Entrez,3687,ITGAX,3687
3694,3694,mapped,Entrez,3694,ITGB6,3694
3697,3697,mapped,Entrez,3697,ITIH1,3697
3704,3704,mapped,Entrez,3704,ITPA,3704
3709,3709,mapped,Entrez,3709,ITPR2,3709
3710,3710,mapped,Entrez,3710,ITPR3,3710
3716,3716,mapped,Entrez,3716,JAK1,3716
3727,3727,mapped,Entrez,3727,JUND,3727
3739,3739,mapped,Entrez,3739,KCNA4,3739
3742,3742,mapped,Entrez,3742,KCNA6,3742
3745,3745,mapped,Entrez,3745,KCNB1,3745
3748,3748,mapped,Entrez,3748,KCNC3,3748
3756,3756,mapped,Entrez,3756,KCNH1,3756
3759,3759,mapped,Entrez,3759,KCNJ2,3759
3762,3762,mapped,Entrez,3762,KCNJ5,3762
3763,3763,mapped,Entrez,3763,KCNJ6,3763
3767,3767,mapped,Entrez,3767,KCNJ11,3767
3768,3768,mapped,Entrez,3768,KCNJ12,3768
3770,3770,mapped,Entrez,3770,KCNJ14,3770
3772,3772,mapped,Entrez,3772,KCNJ15,3772
3773,3773,mapped,Entrez,3773,KCNJ16,3773
3775,3775,mapped,Entrez,3775,KCNK1,3775
3777,3777,mapped,Entrez,3777,KCNK3,3777
3783,3783,mapped,Entrez,3783,KCNN4,3783
3785,3785,mapped,Entrez,3785,KCNQ2,3785
3788,3788,mapped,Entrez,3788,KCNS2,3788
3790,3790,mapped,Entrez,3790,KCNS3,3790
3795,3795,mapped,Entrez,3795,KHK,3795
3800,3800,mapped,Entrez,3800,KIF5C,3800
3801,3801,mapped,Entrez,3801,KIFC3,3801
3803,3803,mapped,Entrez,3803,KIR2DL2,3803
3805,3805,mapped,Entrez,3805,KIR2DL4,3805
3806,3806,mapped,Entrez,3806,KIR2DS1,3806
3810,3810,mapped,Entrez,3810,KIR2DS5,3810
3813,3813,mapped,Entrez,3813,KIR3DS1,3813
3817,3817,mapped,Entrez,3817,KLK2,3817
3818,3818,mapped,Entrez,3818,KLKB1,3818
3822,3822,mapped,Entrez,3822,KLRC2,3822
3823,3823,mapped,Entrez,3823,KLRC3,3823
3827,3827,mapped,Entrez,3827,KNG1,3827
3833,3833,mapped,Entrez,3833,KIFC1,3833
3834,3834,mapped,Entrez,3834,KIF25,3834
3836,3836,mapped,Entrez,3836,KPNA1,3836
3843,3843,mapped,Entrez,3843,IPO5,3843
3848,3848,mapped,Entrez,3848,KRT1,3848
3850,3850,mapped,Entrez,3850,KRT3,3850
3853,3853,mapped,Entrez,3853,KRT6A,3853
3857,3857,mapped,Entrez,3857,KRT9,3857
3860,3860,mapped,Entrez,3860,KRT13,3860
3861,3861,mapped,Entrez,3861,KRT14,3861
3868,3868,mapped,Entrez,3868,KRT16,3868
3888,3888,mapped,Entrez,3888,KRT82,3888
3897,3897,mapped,Entrez,3897,L1CAM,3897
3899,3899,mapped,Entrez,3899,AFF3,3899
3906,3906,mapped,Entrez,3906,LALBA,3906
3911,3911,mapped,Entrez,3911,LAMA5,3911
3915,3915,mapped,Entrez,3915,LAMC1,3915
3916,3916,mapped,Entrez,3916,LAMP1,3916
3918,3918,mapped,Entrez,3918,LAMC2,3918
3920,3920,mapped,Entrez,3920,LAMP2,3920
3929,3929,mapped,Entrez,3929,LBP,3929
3930,3930,mapped,Entrez,3930,LBR,3930
3932,3932,mapped,Entrez,3932,LCK,3932
3933,3933,mapped,Entrez,3933,LCN1,3933
3934,3934,mapped,Entrez,3934,LCN2,3934
3949,3949,mapped,Entrez,3949,LDLR,3949
3955,3955,mapped,Entrez,3955,LFNG,3955
3957,3957,mapped,Entrez,3957,LGALS2,3957
3963,3963,mapped,Entrez,3963,LGALS7,3963
3988,3988,mapped,Entrez,3988,LIPA,3988
3990,3990,mapped,Entrez,3990,LIPC,3990
3996,3996,mapped,Entrez,3996,LLGL1,3996
4004,4004,mapped,Entrez,4004,LMO1,4004
4005,4005,mapped,Entrez,4005,LMO2,4005
4008,4008,mapped,Entrez,4008,LMO7,4008
4009,4009,mapped,Entrez,4009,LMX1A,4009
4012,4012,mapped,Entrez,4012,LNPEP,4012
4015,4015,mapped,Entrez,4015,LOX,4015
4019,4019,mapped,Entrez,4019,LPAL1,4019
4026,4026,mapped,Entrez,4026,LPP,4026
4034,4034,mapped,Entrez,4034,LRCH4,4034
4043,4043,mapped,Entrez,4043,LRPAP1,4043
4050,4050,mapped,Entrez,4050,LTB,4050
4051,4051,mapped,Entrez,4051,CYP4F3,4051
4052,4052,mapped,Entrez,4052,LTBP1,4052
4053,4053,mapped,Entrez,4053,LTBP2,4053
4056,4056,mapped,Entrez,4056,LTC4S,4056
4066,4066,mapped,Entrez,4066,LYL1,4066
4068,4068,mapped,Entrez,4068,SH2D1A,4068
4071,4071,mapped,Entrez,4071,TM4SF1,4071
4072,4072,mapped,Entrez,4072,EPCAM,4072
4081,4081,mapped,Entrez,4081,MAB21L1,4081
4092,4092,mapped,Entrez,4092,SMAD7,4092
4094,4094,mapped,Entrez,4094,MAF,4094
4099,4099,mapped,Entrez,4099,MAG,4099
4101,4101,mapped,Entrez,4101,MAGEA2,4101
4102,4102,mapped,Entrez,4102,MAGEA3,4102
4103,4103,mapped,Entrez,4103,MAGEA4,4103
4107,4107,mapped,Entrez,4107,MAGEA8,4107
4113,4113,mapped,Entrez,4113,MAGEB2,4113
4118,4118,mapped,Entrez,4118,MAL,4118
4126,4126,mapped,Entrez,4126,MANBA,4126
4128,4128,mapped,Entrez,4128,MAOA,4128
4129,4129,mapped,Entrez,4129,MAOB,4129
4133,4133,mapped,Entrez,4133,MAP2,4133
4139,4139,mapped,Entrez,4139,MARK1,4139
4146,4146,mapped,Entrez,4146,MATN1,4146
4147,4147,mapped,Entrez,4147,MATN2,4147
4151,4151,mapped,Entrez,4151,MB,4151
4155,4155,mapped,Entrez,4155,MBP,4155
4158,4158,mapped,Entrez,4158,MC2R,4158
4159,4159,mapped,Entrez,4159,MC3R,4159
4161,4161,mapped,Entrez,4161,MC5R,4161
4163,4163,mapped,Entrez,4163,MCC,4163
4168,4168,mapped,Entrez,4168,MCF2,4168
4171,4171,mapped,Entrez,4171,MCM2,4171
4172,4172,mapped,Entrez,4172,MCM3,4172
4189,4189,mapped,Entrez,4189,DNAJB9,4189
4190,4190,mapped,Entrez,4190,MDH1,4190
4191,4191,mapped,Entrez,4191,MDH2,4191
4193,4193,mapped,Entrez,4193,MDM2,4193
4201,4201,mapped,Entrez,4201,MEA1,4201
4204,4204,mapped,Entrez,4204,MECP2,4204
4205,4205,mapped,Entrez,4205,MEF2A,4205
4212,4212,mapped,Entrez,4212,MEIS2,4212
4224,4224,mapped,Entrez,4224,MEP1A,4224
4234,4234,mapped,Entrez,4234,METTL1,4234
4236,4236,mapped,Entrez,4236,MFAP1,4236
4238,4238,mapped,Entrez,4238,MFAP3,4238
4247,4247,mapped,Entrez,4247,MGAT2,4247
4250,4250,mapped,Entrez,4250,SCGB2A2,4250
4253,4253,mapped,Entrez,4253,MIA2,4253
4258,4258,mapped,Entrez,4258,MGST2,4258
4259,4259,mapped,Entrez,4259,MGST3,4259
4261,4261,mapped,Entrez,4261,CIITA,4261
4281,4281,mapped,Entrez,4281,MID1,4281
4283,4283,mapped,Entrez,4283,CXCL9,4283
4284,4284,mapped,Entrez,4284,MIP,4284
4285,4285,mapped,Entrez,4285,MIPEP,4285
4294,4294,mapped,Entrez,4294,MAP3K10,4294
4295,4295,mapped,Entrez,4295,MLN,4295
4298,4298,mapped,Entrez,4298,MLLT1,4298
4308,4308,mapped,Entrez,4308,TRPM1,4308
4311,4311,mapped,Entrez,4311,MME,4311
4317,4317,mapped,Entrez,4317,MMP8,4317
4321,4321,mapped,Entrez,4321,MMP12,4321
4324,4324,mapped,Entrez,4324,MMP15,4324
4326,4326,mapped,Entrez,4326,MMP17,4326
4335,4335,mapped,Entrez,4335,MNT,4335
4336,4336,mapped,Entrez,4336,MOBP,4336
4345,4345,mapped,Entrez,4345,CD200,4345
4352,4352,mapped,Entrez,4352,MPL,4352
4355,4355,mapped,Entrez,4355,MPP2,4355
4356,4356,mapped,Entrez,4356,MPP3,4356
4358,4358,mapped,Entrez,4358,MPV17,4358
4430,4430,mapped,Entrez,4430,MYO1B,4430
4432,4432,mapped,Entrez,4432,MSBP2,4432
4438,4438,mapped,Entrez,4438,MSH4,4438
4477,4477,mapped,Entrez,4477,MSMB,4477
4482,4482,mapped,Entrez,4482,MSRA,4482
4485,4485,mapped,Entrez,4485,MST1,4485
4493,4493,mapped,Entrez,4493,MT1E,4493
4496,4496,mapped,Entrez,4496,MT1H,4496
4508,4508,mapped,Entrez,4508,ATP6,4508
4512,4512,mapped,Entrez,4512,COX1,4512
4515,4515,mapped,Entrez,4515,MTCP1,4515
4522,4522,mapped,Entrez,4522,MTHFD1,4522
4528,4528,mapped,Entrez,4528,MTIF2,4528
4536,4536,mapped,Entrez,4536,ND2,4536
4547,4547,mapped,Entrez,4547,MTTP,4547
4548,4548,mapped,Entrez,4548,MTR,4548
4584,4584,mapped,Entrez,4584,MUC3A,4584
4585,4585,mapped,Entrez,4585,MUC4,4585
4593,4593,mapped,Entrez,4593,MUSK,4593
4599,4599,mapped,Entrez,4599,MX1,4599
4600,4600,mapped,Entrez,4600,MX2,4600
4601,4601,mapped,Entrez,4601,MXI1,4601
4602,4602,mapped,Entrez,4602,MYB,4602
4603,4603,mapped,Entrez,4603,MYBL1,4603
4615,4615,mapped,Entrez,4615,MYD88,4615
4622,4622,mapped,Entrez,4622,MYH4,4622
4633,4633,mapped,Entrez,4633,MYL2,4633
4638,4638,mapped,Entrez,4638,MYLK,4638
4640,4640,mapped,Entrez,4640,MYO1A,4640
4643,4643,mapped,Entrez,4643,MYO1E,4643
4654,4654,mapped,Entrez,4654,MYOD1,4654
4661,4661,mapped,Entrez,4661,MYT1,4661
4664,4664,mapped,Entrez,4664,NAB1,4664
4669,4669,mapped,Entrez,4669,NAGLU,4669
4671,4671,mapped,Entrez,4671,NAIP,4671
4673,4673,mapped,Entrez,4673,NAP1L1,4673
4675,4675,mapped,Entrez,4675,NAP1L3,4675
4678,4678,mapped,Entrez,4678,NASP,4678
4681,4681,mapped,Entrez,4681,NBL1,4681
4683,4683,mapped,Entrez,4683,NBN,4683
4685,4685,mapped,Entrez,4685,NCAM2,4685
4690,4690,mapped,Entrez,4690,NCK1,4690
4691,4691,mapped,Entrez,4691,NUCLEOLIN,4691
4692,4692,mapped,Entrez,4692,NDN,4692
4694,4694,mapped,Entrez,4694,NDUFA1,4694
4695,4695,mapped,Entrez,4695,NDUFA2,4695
4700,4700,mapped,Entrez,4700,NDUFA6,4700
4710,4710,mapped,Entrez,4710,NDUFB4,4710
4712,4712,mapped,Entrez,4712,NDUFB6,4712
4715,4715,mapped,Entrez,4715,NDUFB9,4715
4718,4718,mapped,Entrez,4718,NDUFC2,4718
4719,4719,mapped,Entrez,4719,NDUFS1,4719
4722,4722,mapped,Entrez,4722,NDUFS3,4722
4728,4728,mapped,Entrez,4728,NDUFS8,4728
4731,4731,mapped,Entrez,4731,NDUFV3,4731
4744,4744,mapped,Entrez,4744,NEFH,4744
4747,4747,mapped,Entrez,4747,NEFL,4747
4751,4751,mapped,Entrez,4751,NEK2,4751
4752,4752,mapped,Entrez,4752,NEK3,4752
4753,4753,mapped,Entrez,4753,NELL2,4753
4756,4756,mapped,Entrez,4756,NEO1,4756
4760,4760,mapped,Entrez,4760,NEUROD1,4760
4762,4762,mapped,Entrez,4762,NEUROG1,4762
4775,4775,mapped,Entrez,4775,NFATC3,4775
4776,4776,mapped,Entrez,4776,NFATC4,4776
4778,4778,mapped,Entrez,4778,NFE2,4778
4779,4779,mapped,Entrez,4779,NFE2L1,4779
4790,4790,mapped,Entrez,4790,NFKB1,4790
4792,4792,mapped,Entrez,4792,NFKBIA,4792
4794,4794,mapped,Entrez,4794,NFKBIE,4794
4802,4802,mapped,Entrez,4802,NFYC,4802
4811,4811,mapped,Entrez,4811,NID1,4811
4818,4818,mapped,Entrez,4818,NKG7,4818
4821,4821,mapped,Entrez,4821,NKX2-2,4821
4825,4825,mapped,Entrez,4825,NKX6-1,4825
4828,4828,mapped,Entrez,4828,NMB,4828
4829,4829,mapped,Entrez,4829,NMBR,4829
4836,4836,mapped,Entrez,4836,NMT1,4836
4837,4837,mapped,Entrez,4837,NNMT,4837
4843,4843,mapped,Entrez,4843,NOS2,4843
4846,4846,mapped,Entrez,4846,NOS3,4846
4852,4852,mapped,Entrez,4852,NPY,4852
4855,4855,mapped,Entrez,4855,NOTCH4,4855
4857,4857,mapped,Entrez,4857,NOVA1,4857
4860,4860,mapped,Entrez,4860,PNP,4860
4867,4867,mapped,Entrez,4867,NPHP1,4867
4869,4869,mapped,Entrez,4869,NPM1,4869
4878,4878,mapped,Entrez,4878,NPPA,4878
4880,4880,mapped,Entrez,4880,NPPC,4880
4883,4883,mapped,Entrez,4883,NPR3,4883
4891,4891,mapped,Entrez,4891,SLC11A2,4891
4898,4898,mapped,Entrez,4898,NRDC,4898
4899,4899,mapped,Entrez,4899,NRF1,4899
4905,4905,mapped,Entrez,4905,NSF,4905
4907,4907,mapped,Entrez,4907,NT5E,4907
4908,4908,mapped,Entrez,4908,NTF3,4908
4909,4909,mapped,Entrez,4909,NTF4,4909
4916,4916,mapped,Entrez,4916,NTRK3,4916
4917,4917,mapped,Entrez,4917,NTN3,4917
4920,4920,mapped,Entrez,4920,ROR2,4920
4922,4922,mapped,Entrez,4922,NTS,4922
4938,4938,mapped,Entrez,4938,OAS1,4938
4942,4942,mapped,Entrez,4942,OAT,4942
4943,4943,mapped,Entrez,4943,TBC1D25,4943
4958,4958,mapped,Entrez,4958,OMD,4958
4974,4974,mapped,Entrez,4974,OMG,4974
4975,4975,mapped,Entrez,4975,OMP,4975
4990,4990,mapped,Entrez,4990,SIX6,4990
4994,4994,mapped,Entrez,4994,OR3A1,4994
4999,4999,mapped,Entrez,4999,ORC2,4999
5002,5002,mapped,Entrez,5002,SLC67A1,5002
5004,5004,mapped,Entrez,5004,ORM1,5004
5018,5018,mapped,Entrez,5018,OXA1L,5018
5024,5024,mapped,Entrez,5024,P2RX3,5024
5026,5026,mapped,Entrez,5026,P2RX5,5026
5027,5027,mapped,Entrez,5027,P2RX7,5027
5042,5042,mapped,Entrez,5042,PABPC3,5042
5048,5048,mapped,Entrez,5048,PAFAH1B1,5048
5049,5049,mapped,Entrez,5049,PAFAH1B2,5049
5050,5050,mapped,Entrez,5050,PAFAH1B3,5050
5052,5052,mapped,Entrez,5052,PRDX1,5052
5063,5063,mapped,Entrez,5063,PAK3,5063
5066,5066,mapped,Entrez,5066,PAM,5066
5069,5069,mapped,Entrez,5069,PAPPA,5069
5076,5076,mapped,Entrez,5076,PAX2,5076
5079,5079,mapped,Entrez,5079,PAX5,5079
5093,5093,mapped,Entrez,5093,PCBP1,5093
5101,5101,mapped,Entrez,5101,PCDH9,5101
5104,5104,mapped,Entrez,5104,SERPINA5,5104
5105,5105,mapped,Entrez,5105,PCK1,5105
5110,5110,mapped,Entrez,5110,PCMT1,5110
5118,5118,mapped,Entrez,5118,PCOLCE,5118
5128,5128,mapped,Entrez,5128,CDK17,5128
5133,5133,mapped,Entrez,5133,PDCD1,5133
5141,5141,mapped,Entrez,5141,PDE4A,5141
5142,5142,mapped,Entrez,5142,PDE4B,5142
5143,5143,mapped,Entrez,5143,PDE4C,5143
5145,5145,mapped,Entrez,5145,PDE6A,5145
5146,5146,mapped,Entrez,5146,PDE6C,5146
5148,5148,mapped,Entrez,5148,PDE6G,5148
5153,5153,mapped,Entrez,5153,PDE1B,5153
5159,5159,mapped,Entrez,5159,PDGFRB,5159
5163,5163,mapped,Entrez,5163,PDK1,5163
5164,5164,mapped,Entrez,5164,PDK2,5164
5166,5166,mapped,Entrez,5166,PDK4,5166
5172,5172,mapped,Entrez,5172,SLC26A4,5172
5175,5175,mapped,Entrez,5175,PECAM1,5175
5178,5178,mapped,Entrez,5178,PEG3,5178
5184,5184,mapped,Entrez,5184,PEPD,5184
5189,5189,mapped,Entrez,5189,PEX1,5189
5190,5190,mapped,Entrez,5190,PEX6,5190
5196,5196,mapped,Entrez,5196,PF4,5196
5201,5201,mapped,Entrez,5201,PFDN1,5201
5202,5202,mapped,Entrez,5202,PFDN2,5202
5204,5204,mapped,Entrez,5204,PFDN5,5204
5207,5207,mapped,Entrez,5207,PFKFB1,5207
5208,5208,mapped,Entrez,5208,PFKFB2,5208
5211,5211,mapped,Entrez,5211,PFKL,5211
5212,5212,mapped,Entrez,5212,VIT,5212
5218,5218,mapped,Entrez,5218,CDK14,5218
5222,5222,mapped,Entrez,5222,PGA5,5222
5229,5229,mapped,Entrez,5229,PGGT1B,5229
5238,5238,mapped,Entrez,5238,PGM3,5238
5245,5245,mapped,Entrez,5245,PHB1,5245
5253,5253,mapped,Entrez,5253,PHF2,5253
5256,5256,mapped,Entrez,5256,PHKA2,5256
5257,5257,mapped,Entrez,5257,PHKB,5257
5261,5261,mapped,Entrez,5261,PHKG2,5261
5264,5264,mapped,Entrez,5264,PHYH,5264
5266,5266,mapped,Entrez,5266,PI3,5266
5275,5275,mapped,Entrez,5275,SERPINB13,5275
5291,5291,mapped,Entrez,5291,PIK3CB,5291
5292,5292,mapped,Entrez,5292,PIM1,5292
5293,5293,mapped,Entrez,5293,PIK3CD,5293
5296,5296,mapped,Entrez,5296,PIK3R2,5296
5298,5298,mapped,Entrez,5298,PI4KB,5298
5304,5304,mapped,Entrez,5304,PIP,5304
5310,5310,mapped,Entrez,5310,PKD1,5310
5321,5321,mapped,Entrez,5321,PLA2G4A,5321
5322,5322,mapped,Entrez,5322,PLA2G5,5322
5326,5326,mapped,Entrez,5326,PLAGL2,5326
5328,5328,mapped,Entrez,5328,PLAU,5328
5330,5330,mapped,Entrez,5330,PLCB2,5330
5332,5332,mapped,Entrez,5332,PLCB4,5332
5337,5337,mapped,Entrez,5337,PLD1,5337
5338,5338,mapped,Entrez,5338,PLD2,5338
5340,5340,mapped,Entrez,5340,PLG,5340
5352,5352,mapped,Entrez,5352,PLOD2,5352
5356,5356,mapped,Entrez,5356,PLRG1,5356
5357,5357,mapped,Entrez,5357,PLS1,5357
5358,5358,mapped,Entrez,5358,PLS3,5358
5361,5361,mapped,Entrez,5361,PLXNA1,5361
5364,5364,mapped,Entrez,5364,PLXNB1,5364
5365,5365,mapped,Entrez,5365,PLXNB3,5365
5366,5366,mapped,Entrez,5366,PMAIP1,5366
5367,5367,mapped,Entrez,5367,PMCH,5367
5368,5368,mapped,Entrez,5368,PNOC,5368
5375,5375,mapped,Entrez,5375,PMP2,5375
5376,5376,mapped,Entrez,5376,PMP22,5376
5378,5378,mapped,Entrez,5378,PMS1,5378
5394,5394,mapped,Entrez,5394,EXOSC10,5394
5407,5407,mapped,Entrez,5407,PNLIPRP1,5407
5408,5408,mapped,Entrez,5408,PNLIPRP2,5408
5409,5409,mapped,Entrez,5409,PNMT,5409
5413,5413,mapped,Entrez,5413,SEPTIN5,5413
5423,5423,mapped,Entrez,5423,POLB,5423
5425,5425,mapped,Entrez,5425,POLD2,5425
5426,5426,mapped,Entrez,5426,POLE,5426
5427,5427,mapped,Entrez,5427,POLE2,5427
5428,5428,mapped,Entrez,5428,POLG,5428
5429,5429,mapped,Entrez,5429,POLH,5429
5430,5430,mapped,Entrez,5430,POLR2A,5430
5434,5434,mapped,Entrez,5434,POLR2E,5434
5435,5435,mapped,Entrez,5435,POLR2F,5435
5436,5436,mapped,Entrez,5436,POLR2G,5436
5438,5438,mapped,Entrez,5438,POLR2I,5438
5439,5439,mapped,Entrez,5439,POLR2J,5439
5442,5442,mapped,Entrez,5442,POLRMT,5442
5443,5443,mapped,Entrez,5443,POMC,5443
5453,5453,mapped,Entrez,5453,POU3F1,5453
5457,5457,mapped,Entrez,5457,POU4F1,5457
5467,5467,mapped,Entrez,5467,PPARD,5467
5468,5468,mapped,Entrez,5468,PPARG,5468
5469,5469,mapped,Entrez,5469,MED1,5469
5470,5470,mapped,Entrez,5470,PPEF2,5470
5471,5471,mapped,Entrez,5471,PPAT,5471
5475,5475,mapped,Entrez,5475,PPEF1,5475
5476,5476,mapped,Entrez,5476,CTSA,5476
5480,5480,mapped,Entrez,5480,PPIC,5480
5493,5493,mapped,Entrez,5493,PPL,5493
5506,5506,mapped,Entrez,5506,PPP1R3A,5506
5507,5507,mapped,Entrez,5507,PPP1R3C,5507
5509,5509,mapped,Entrez,5509,PPP1R3D,5509
5514,5514,mapped,Entrez,5514,PPP1R10,5514
5523,5523,mapped,Entrez,5523,PPP2R3A,5523
5526,5526,mapped,Entrez,5526,PPP2R5B,5526
5529,5529,mapped,Entrez,5529,PPP2R5E,5529
5532,5532,mapped,Entrez,5532,PPP3CB,5532
5534,5534,mapped,Entrez,5534,PPP3R1,5534
5536,5536,mapped,Entrez,5536,PPP5C,5536
5545,5545,mapped,Entrez,5545,PRB4,5545
5553,5553,mapped,Entrez,5553,PRG2,5553
5554,5554,mapped,Entrez,5554,PRH1,5554
5558,5558,mapped,Entrez,5558,PRIM2,5558
5563,5563,mapped,Entrez,5563,PRKAA2,5563
5566,5566,mapped,Entrez,5566,PRKACA,5566
5569,5569,mapped,Entrez,5569,PKIA,5569
5573,5573,mapped,Entrez,5573,PRKAR1A,5573
5581,5581,mapped,Entrez,5581,PRKCE,5581
5587,5587,mapped,Entrez,5587,PRKD1,5587
5589,5589,mapped,Entrez,5589,PRKCSH,5589
5590,5590,mapped,Entrez,5590,PRKCZ,5590
5592,5592,mapped,Entrez,5592,PRKG1,5592
5593,5593,mapped,Entrez,5593,PRKG2,5593
5594,5594,mapped,Entrez,5594,MAPK1,5594
5595,5595,mapped,Entrez,5595,MAPK3,5595
5601,5601,mapped,Entrez,5601,MAPK9,5601
5603,5603,mapped,Entrez,5603,MAPK13,5603
5604,5604,mapped,Entrez,5604,MAP2K1,5604
5608,5608,mapped,Entrez,5608,MAP2K6,5608
5618,5618,mapped,Entrez,5618,PRLR,5618
5625,5625,mapped,Entrez,5625,PRODH,5625
5631,5631,mapped,Entrez,5631,PRPS1,5631
5634,5634,mapped,Entrez,5634,PRPS2,5634
5646,5646,mapped,Entrez,5646,PRSS3,5646
5648,5648,mapped,Entrez,5648,MASP1,5648
5653,5653,mapped,Entrez,5653,KLK6,5653
5654,5654,mapped,Entrez,5654,HTRA1,5654
5688,5688,mapped,Entrez,5688,PSMA7,5688
5692,5692,mapped,Entrez,5692,PSMB4,5692
5701,5701,mapped,Entrez,5701,PSMC2,5701
5706,5706,mapped,Entrez,5706,PSMC6,5706
5713,5713,mapped,Entrez,5713,PSMD7,5713
5715,5715,mapped,Entrez,5715,PSMD9,5715
5720,5720,mapped,Entrez,5720,PSME1,5720
5724,5724,mapped,Entrez,5724,PTAFR,5724
5729,5729,mapped,Entrez,5729,PTGDR,5729
5733,5733,mapped,Entrez,5733,PTGER3,5733
5734,5734,mapped,Entrez,5734,PTGER4,5734
5737,5737,mapped,Entrez,5737,PTGFR,5737
5738,5738,mapped,Entrez,5738,PTGFRN,5738
5739,5739,mapped,Entrez,5739,PTGIR,5739
5746,5746,mapped,Entrez,5746,PTH2R,5746
5757,5757,mapped,Entrez,5757,PTMA,5757
5770,5770,mapped,Entrez,5770,PTPN1,5770
5771,5771,mapped,Entrez,5771,PTPN2,5771
5778,5778,mapped,Entrez,5778,PTPN7,5778
5780,5780,mapped,Entrez,5780,PTPN9,5780
5790,5790,mapped,Entrez,5790,PTPRCAP,5790
5791,5791,mapped,Entrez,5791,PTPRE,5791
5792,5792,mapped,Entrez,5792,PTPRF,5792
5793,5793,mapped,Entrez,5793,PTPRG,5793
5797,5797,mapped,Entrez,5797,PTPRM,5797
5801,5801,mapped,Entrez,5801,PTPRR,5801
5805,5805,mapped,Entrez,5805,PTS,5805
5806,5806,mapped,Entrez,5806,PTX3,5806
5810,5810,mapped,Entrez,5810,RAD1,5810
5826,5826,mapped,Entrez,5826,ABCD4,5826
5833,5833,mapped,Entrez,5833,PCYT2,5833
5836,5836,mapped,Entrez,5836,PYGL,5836
5858,5858,mapped,Entrez,5858,PZP,5858
5867,5867,mapped,Entrez,5867,RAB4A,5867
5868,5868,mapped,Entrez,5868,RAB5A,5868
5871,5871,mapped,Entrez,5871,MAP4K2,5871
5881,5881,mapped,Entrez,5881,RAC3,5881
5889,5889,mapped,Entrez,5889,RAD51C,5889
5900,5900,mapped,Entrez,5900,RALGDS,5900
5905,5905,mapped,Entrez,5905,RANGAP1,5905
5908,5908,mapped,Entrez,5908,RAP1B,5908
5909,5909,mapped,Entrez,5909,RAP1GAP,5909
5911,5911,mapped,Entrez,5911,RAP2A,5911
5915,5915,mapped,Entrez,5915,RARB,5915
5917,5917,mapped,Entrez,5917,RARS1,5917
5919,5919,mapped,Entrez,5919,RARRES2,5919
5923,5923,mapped,Entrez,5923,RASGRF1,5923
5924,5924,mapped,Entrez,5924,RASGRF2,5924
5927,5927,mapped,Entrez,5927,KDM5A,5927
5928,5928,mapped,Entrez,5928,RBBP4,5928
5930,5930,mapped,Entrez,5930,RBBP6,5930
5932,5932,mapped,Entrez,5932,RBBP8,5932
5950,5950,mapped,Entrez,5950,RBP4,5950
5957,5957,mapped,Entrez,5957,RCVRN,5957
5966,5966,mapped,Entrez,5966,REL,5966
5968,5968,mapped,Entrez,5968,REG1B,5968
5971,5971,mapped,Entrez,5971,RELB,5971
5978,5978,mapped,Entrez,5978,REST,5978
5980,5980,mapped,Entrez,5980,REV3L,5980
5981,5981,mapped,Entrez,5981,RFC1,5981
5982,5982,mapped,Entrez,5982,RFC2,5982
5987,5987,mapped,Entrez,5987,TRIM27,5987
5997,5997,mapped,Entrez,5997,RGS2,5997
6004,6004,mapped,Entrez,6004,RGS16,6004
6005,6005,mapped,Entrez,6005,RHAG,6005
6016,6016,mapped,Entrez,6016,RIT1,6016
6038,6038,mapped,Entrez,6038,RNASE4,6038
6045,6045,mapped,Entrez,6045,RNF2,6045
6049,6049,mapped,Entrez,6049,RNF6,6049
6050,6050,mapped,Entrez,6050,RNH1,6050
6091,6091,mapped,Entrez,6091,ROBO1,6091
6096,6096,mapped,Entrez,6096,RORB,6096
6100,6100,mapped,Entrez,6100,RP9,6100
6101,6101,mapped,Entrez,6101,RP1,6101
6119,6119,mapped,Entrez,6119,RPA3,6119
6120,6120,mapped,Entrez,6120,RPE,6120
6121,6121,mapped,Entrez,6121,RPE65,6121
6125,6125,mapped,Entrez,6125,RPL5,6125
6128,6128,mapped,Entrez,6128,RPL6,6128
6129,6129,mapped,Entrez,6129,RPL7,6129
6134,6134,mapped,Entrez,6134,RPL10,6134
6144,6144,mapped,Entrez,6144,RPL21,6144
6155,6155,mapped,Entrez,6155,RPL27,6155
6157,6157,mapped,Entrez,6157,RPL27A,6157
6158,6158,mapped,Entrez,6158,RPL28,6158
6161,6161,mapped,Entrez,6161,RPL32,6161
6164,6164,mapped,Entrez,6164,RPL34,6164
6166,6166,mapped,Entrez,6166,RPL36AL,6166
6176,6176,mapped,Entrez,6176,RPLP1,6176
6181,6181,mapped,Entrez,6181,RPLP2,6181
6185,6185,mapped,Entrez,6185,RPN2,6185
6192,6192,mapped,Entrez,6192,RPS4Y1,6192
6193,6193,mapped,Entrez,6193,RPS5,6193
6196,6196,mapped,Entrez,6196,RPS6KA2,6196
6204,6204,mapped,Entrez,6204,RPS10,6204
6206,6206,mapped,Entrez,6206,RPS12,6206
6223,6223,mapped,Entrez,6223,RPS19,6223
6224,6224,mapped,Entrez,6224,RPS20,6224
6230,6230,mapped,Entrez,6230,RPS25,6230
6233,6233,mapped,Entrez,6233,RPS27A,6233
6238,6238,mapped,Entrez,6238,RRBP1,6238
6239,6239,mapped,Entrez,6239,RREB1,6239
6242,6242,mapped,Entrez,6242,RTKN,6242
6258,6258,mapped,Entrez,6258,RXRG,6258
6259,6259,mapped,Entrez,6259,RYK,6259
6262,6262,mapped,Entrez,6262,RYR2,6262
6286,6286,mapped,Entrez,6286,S100P,6286
6288,6288,mapped,Entrez,6288,SAA1,6288
6289,6289,mapped,Entrez,6289,SAA2,6289
6293,6293,mapped,Entrez,6293,VPS52,6293
6304,6304,mapped,Entrez,6304,SATB1,6304
6323,6323,mapped,Entrez,6323,SCN1A,6323
6329,6329,mapped,Entrez,6329,SCN4A,6329
6330,6330,mapped,Entrez,6330,SCN4B,6330
6339,6339,mapped,Entrez,6339,SCNN1D,6339
6343,6343,mapped,Entrez,6343,SCT,6343
6345,6345,mapped,Entrez,6345,SRL,6345
6346,6346,mapped,Entrez,6346,CCL1,6346
6347,6347,mapped,Entrez,6347,CCL2,6347
6351,6351,mapped,Entrez,6351,CCL4,6351
6356,6356,mapped,Entrez,6356,CCL11,6356
6359,6359,mapped,Entrez,6359,CCL15,6359
6360,6360,mapped,Entrez,6360,CCL16,6360
6364,6364,mapped,Entrez,6364,CCL20,6364
6366,6366,mapped,Entrez,6366,CCL21,6366
6372,6372,mapped,Entrez,6372,CXCL6,6372
6374,6374,mapped,Entrez,6374,CXCL5,6374
6375,6375,mapped,Entrez,6375,XCL1,6375
6376,6376,mapped,Entrez,6376,CX3CL1,6376
6383,6383,mapped,Entrez,6383,SDC2,6383
6385,6385,mapped,Entrez,6385,SDC4,6385
6392,6392,mapped,Entrez,6392,SDHD,6392
6399,6399,mapped,Entrez,6399,TRAPPC2,6399
6401,6401,mapped,Entrez,6401,SELE,6401
6404,6404,mapped,Entrez,6404,SELPLG,6404
6407,6407,mapped,Entrez,6407,SEMG2,6407
6418,6418,mapped,Entrez,6418,SET,6418
6421,6421,mapped,Entrez,6421,SFPQ,6421
6439,6439,mapped,Entrez,6439,SFTPB,6439
6440,6440,mapped,Entrez,6440,SFTPC,6440
6452,6452,mapped,Entrez,6452,SH3BP2,6452
6457,6457,mapped,Entrez,6457,SH3GL3,6457
6468,6468,mapped,Entrez,6468,FBXW4,6468
6469,6469,mapped,Entrez,6469,SHH,6469
6472,6472,mapped,Entrez,6472,SHMT2,6472
6476,6476,mapped,Entrez,6476,SI,6476
6477,6477,mapped,Entrez,6477,SIAH1,6477
6487,6487,mapped,Entrez,6487,ST3GAL3,6487
6489,6489,mapped,Entrez,6489,ST8SIA1,6489
6498,6498,mapped,Entrez,6498,SKIL,6498
6510,6510,mapped,Entrez,6510,SLC1A5,6510
6511,6511,mapped,Entrez,6511,SLC1A6,6511
6514,6514,mapped,Entrez,6514,SLC2A2,6514
6518,6518,mapped,Entrez,6518,SLC2A5,6518
6519,6519,mapped,Entrez,6519,SLC3A1,6519
6523,6523,mapped,Entrez,6523,SLC5A1,6523
6526,6526,mapped,Entrez,6526,SLC5A3,6526
6530,6530,mapped,Entrez,6530,SLC6A2,6530
6531,6531,mapped,Entrez,6531,SLC6A3,6531
6535,6535,mapped,Entrez,6535,SLC6A8,6535
6539,6539,mapped,Entrez,6539,SLC6A12,6539
6541,6541,mapped,Entrez,6541,SLC7A1,6541
6545,6545,mapped,Entrez,6545,SLC7A4,6545
6548,6548,mapped,Entrez,6548,SLC9A1,6548
6553,6553,mapped,Entrez,6553,SLC9A5,6553
6555,6555,mapped,Entrez,6555,SLC10A2,6555
6557,6557,mapped,Entrez,6557,SLC12A1,6557
6561,6561,mapped,Entrez,6561,SLC13A1,6561
6564,6564,mapped,Entrez,6564,SLC15A1,6564
6565,6565,mapped,Entrez,6565,SLC15A2,6565
6569,6569,mapped,Entrez,6569,SLC34A1,6569
6570,6570,mapped,Entrez,6570,SLC18A1,6570
6571,6571,mapped,Entrez,6571,SLC18A2,6571
6572,6572,mapped,Entrez,6572,SLC18A3,6572
6576,6576,mapped,Entrez,6576,SLC25A1,6576
6591,6591,mapped,Entrez,6591,SNAI2,6591
6594,6594,mapped,Entrez,6594,SMARCA1,6594
6595,6595,mapped,Entrez,6595,SMARCA2,6595
6601,6601,mapped,Entrez,6601,SMARCC2,6601
6605,6605,mapped,Entrez,6605,SMARCE1,6605
6606,6606,mapped,Entrez,6606,SMN1,6606
6611,6611,mapped,Entrez,6611,SMS,6611
6615,6615,mapped,Entrez,6615,SNAI1,6615
6618,6618,mapped,Entrez,6618,SNAPC2,6618
6623,6623,mapped,Entrez,6623,SNCG,6623
6636,6636,mapped,Entrez,6636,SNRPF,6636
6640,6640,mapped,Entrez,6640,SNTA1,6640
6646,6646,mapped,Entrez,6646,SOAT1,6646
6647,6647,mapped,Entrez,6647,SOD1,6647
6649,6649,mapped,Entrez,6649,SOD3,6649
6650,6650,mapped,Entrez,6650,CAPN15,6650
6654,6654,mapped,Entrez,6654,SOS1,6654
6656,6656,mapped,Entrez,6656,SOX1,6656
6658,6658,mapped,Entrez,6658,SOX3,6658
6659,6659,mapped,Entrez,6659,SOX4,6659
6666,6666,mapped,Entrez,6666,SOX12,6666
6672,6672,mapped,Entrez,6672,SP100,6672
6675,6675,mapped,Entrez,6675,UAP1,6675
6677,6677,mapped,Entrez,6677,SPAM1,6677
6687,6687,mapped,Entrez,6687,SPG7,6687
6688,6688,mapped,Entrez,6688,SPI1,6688
6690,6690,mapped,Entrez,6690,SPINK1,6690
6691,6691,mapped,Entrez,6691,SPINK2,6691
6692,6692,mapped,Entrez,6692,SPINT1,6692
6694,6694,mapped,Entrez,6694,SPP2,6694
6698,6698,mapped,Entrez,6698,SPRR1A,6698
6704,6704,mapped,Entrez,6704,SPRR2E,6704
6706,6706,mapped,Entrez,6706,SPRR2G,6706
6709,6709,mapped,Entrez,6709,SPTAN1,6709
6711,6711,mapped,Entrez,6711,SPTBN1,6711
6716,6716,mapped,Entrez,6716,SRD5A2,6716
6718,6718,mapped,Entrez,6718,AKR1D1,6718
6720,6720,mapped,Entrez,6720,SREBF1,6720
6721,6721,mapped,Entrez,6721,SREBF2,6721
6722,6722,mapped,Entrez,6722,SRF,6722
6725,6725,mapped,Entrez,6725,SRMS,6725
6727,6727,mapped,Entrez,6727,SRP14,6727
6737,6737,mapped,Entrez,6737,TRIM21,6737
6741,6741,mapped,Entrez,6741,SSB,6741
6745,6745,mapped,Entrez,6745,SSR1,6745
6748,6748,mapped,Entrez,6748,SSR4,6748
6751,6751,mapped,Entrez,6751,SSTR1,6751
6752,6752,mapped,Entrez,6752,SSTR2,6752
6753,6753,mapped,Entrez,6753,SSTR3,6753
6767,6767,mapped,Entrez,6767,ST13,6767
6769,6769,mapped,Entrez,6769,STAC,6769
6774,6774,mapped,Entrez,6774,STAT3,6774
6777,6777,mapped,Entrez,6777,STAT5B,6777
6778,6778,mapped,Entrez,6778,STAT6,6778
6780,6780,mapped,Entrez,6780,STAU1,6780
6782,6782,mapped,Entrez,6782,HSPA13,6782
6787,6787,mapped,Entrez,6787,NEK4,6787
6811,6811,mapped,Entrez,6811,STX5,6811
6833,6833,mapped,Entrez,6833,ABCC8,6833
6834,6834,mapped,Entrez,6834,SURF1,6834
6835,6835,mapped,Entrez,6835,SURF2,6835
6837,6837,mapped,Entrez,6837,MED22,6837
6838,6838,mapped,Entrez,6838,SURF6,6838
6854,6854,mapped,Entrez,6854,SYN2,6854
6861,6861,mapped,Entrez,6861,SYT5,6861
6863,6863,mapped,Entrez,6863,TAC1,6863
6878,6878,mapped,Entrez,6878,TAF6,6878
6883,6883,mapped,Entrez,6883,TAF12,6883
6885,6885,mapped,Entrez,6885,MAP3K7,6885
6891,6891,mapped,Entrez,6891,TAP2,6891
6904,6904,mapped,Entrez,6904,TBCD,6904
6905,6905,mapped,Entrez,6905,TBCE,6905
6910,6910,mapped,Entrez,6910,TBX5,6910
6913,6913,mapped,Entrez,6913,TBX15,6913
6915,6915,mapped,Entrez,6915,TBXA2R,6915
6916,6916,mapped,Entrez,6916,TBXAS1,6916
6919,6919,mapped,Entrez,6919,TCEA2,6919
6921,6921,mapped,Entrez,6921,ELOC,6921
6926,6926,mapped,Entrez,6926,TBX3,6926
6932,6932,mapped,Entrez,6932,TCF7,6932
6938,6938,mapped,Entrez,6938,TCF12,6938
6940,6940,mapped,Entrez,6940,ZNF354A,6940
6957,6957,mapped,Entrez,6957,TRB,6957
6990,6990,mapped,Entrez,6990,DYNLT3,6990
6992,6992,mapped,Entrez,6992,PPP1R11,6992
6998,6998,mapped,Entrez,6998,CRIPTO3,6998
6999,6999,mapped,Entrez,6999,TDO2,6999
7001,7001,mapped,Entrez,7001,PRDX2,7001
7003,7003,mapped,Entrez,7003,TEAD1,7003
7005,7005,mapped,Entrez,7005,TEAD3,7005
7011,7011,mapped,Entrez,7011,TEP1,7011
7014,7014,mapped,Entrez,7014,TERF2,7014
7018,7018,mapped,Entrez,7018,TF,7018
7020,7020,mapped,Entrez,7020,TFAP2A,7020
7021,7021,mapped,Entrez,7021,TFAP2B,7021
7023,7023,mapped,Entrez,7023,TFAP4,7023
7030,7030,mapped,Entrez,7030,TFE3,7030
7031,7031,mapped,Entrez,7031,TFF1,7031
7036,7036,mapped,Entrez,7036,TFR2,7036
7039,7039,mapped,Entrez,7039,TGFA,7039
7041,7041,mapped,Entrez,7041,TGFB1I1,7041
7044,7044,mapped,Entrez,7044,LEFTY2,7044
7046,7046,mapped,Entrez,7046,TGFBR1,7046
7057,7057,mapped,Entrez,7057,THBS1,7057
7059,7059,mapped,Entrez,7059,THBS3,7059
7064,7064,mapped,Entrez,7064,THOP1,7064
7069,7069,mapped,Entrez,7069,THRSP,7069
7073,7073,mapped,Entrez,7073,TIAL1,7073
7074,7074,mapped,Entrez,7074,TIAM1,7074
7076,7076,mapped,Entrez,7076,TIMP1,7076
7077,7077,mapped,Entrez,7077,TIMP2,7077
7080,7080,mapped,Entrez,7080,NKX2-1,7080
7082,7082,mapped,Entrez,7082,TJP1,7082
7087,7087,mapped,Entrez,7087,ICAM5,7087
7091,7091,mapped,Entrez,7091,TLE4,7091
7095,7095,mapped,Entrez,7095,SEC62,7095
7098,7098,mapped,Entrez,7098,TLR3,7098
7105,7105,mapped,Entrez,7105,TSPAN6,7105
7125,7125,mapped,Entrez,7125,TNNC2,7125
7130,7130,mapped,Entrez,7130,TNFAIP6,7130
7136,7136,mapped,Entrez,7136,TNNI2,7136
7137,7137,mapped,Entrez,7137,TNNI3,7137
7138,7138,mapped,Entrez,7138,TNNT1,7138
7148,7148,mapped,Entrez,7148,TNXB,7148
7153,7153,mapped,Entrez,7153,TOP2A,7153
7162,7162,mapped,Entrez,7162,TPBG,7162
7164,7164,mapped,Entrez,7164,TPD52L1,7164
7165,7165,mapped,Entrez,7165,TPD52L2,7165
7169,7169,mapped,Entrez,7169,TPM2,7169
7173,7173,mapped,Entrez,7173,TPO,7173
7185,7185,mapped,Entrez,7185,TRAF1,7185
7186,7186,mapped,Entrez,7186,TRAF2,7186
7188,7188,mapped,Entrez,7188,TRAF5,7188
7201,7201,mapped,Entrez,7201,TRHR,7201
7204,7204,mapped,Entrez,7204,TRIO,7204
7205,7205,mapped,Entrez,7205,TRIP6,7205
7216,7216,mapped,Entrez,7216,TRO,7216
7249,7249,mapped,Entrez,7249,TSC2,7249
7252,7252,mapped,Entrez,7252,TSHB,7252
7257,7257,mapped,Entrez,7257,TSNAX,7257
7259,7259,mapped,Entrez,7259,TSPYL1,7259
7275,7275,mapped,Entrez,7275,TUB,7275
7278,7278,mapped,Entrez,7278,TUBA3C,7278
7286,7286,mapped,Entrez,7286,TUFT1,7286
7289,7289,mapped,Entrez,7289,TULP3,7289
7291,7291,mapped,Entrez,7291,TWIST1,7291
7292,7292,mapped,Entrez,7292,TNFSF4,7292
7293,7293,mapped,Entrez,7293,TNFRSF4,7293
7297,7297,mapped,Entrez,7297,TYK2,7297
7299,7299,mapped,Entrez,7299,TYR,7299
7311,7311,mapped,Entrez,7311,UBA52,7311
7317,7317,mapped,Entrez,7317,UBA1,7317
7320,7320,mapped,Entrez,7320,UBE2B,7320
7325,7325,mapped,Entrez,7325,UBE2E2,7325
7326,7326,mapped,Entrez,7326,UBE2G1,7326
7345,7345,mapped,Entrez,7345,UCHL1,7345
7350,7350,mapped,Entrez,7350,UCP1,7350
7363,7363,mapped,Entrez,7363,UGT2B4,7363
7366,7366,mapped,Entrez,7366,UGT2B15,7366
7369,7369,mapped,Entrez,7369,UMOD,7369
7371,7371,mapped,Entrez,7371,UCK2,7371
7386,7386,mapped,Entrez,7386,UQCRFS1,7386
7388,7388,mapped,Entrez,7388,UQCRH,7388
7391,7391,mapped,Entrez,7391,USF1,7391
7403,7403,mapped,Entrez,7403,KDM6A,7403
7409,7409,mapped,Entrez,7409,VAV1,7409
7412,7412,mapped,Entrez,7412,VCAM1,7412
7416,7416,mapped,Entrez,7416,VDAC1,7416
7421,7421,mapped,Entrez,7421,VDR,7421
7422,7422,mapped,Entrez,7422,VEGFA,7422
7423,7423,mapped,Entrez,7423,VEGFB,7423
7433,7433,mapped,Entrez,7433,VIPR1,7433
7434,7434,mapped,Entrez,7434,VIPR2,7434
7442,7442,mapped,Entrez,7442,TRPV1,7442
7450,7450,mapped,Entrez,7450,VWF,7450
7453,7453,mapped,Entrez,7453,WARS1,7453
7454,7454,mapped,Entrez,7454,WAS,7454
7455,7455,mapped,Entrez,7455,ZAN,7455
7461,7461,mapped,Entrez,7461,CLIP2,7461
7472,7472,mapped,Entrez,7472,WNT2,7472
7473,7473,mapped,Entrez,7473,WNT3,7473
7474,7474,mapped,Entrez,7474,WNT5A,7474
7478,7478,mapped,Entrez,7478,WNT8A,7478
7481,7481,mapped,Entrez,7481,WNT11,7481
7483,7483,mapped,Entrez,7483,WNT9A,7483
7486,7486,mapped,Entrez,7486,WRN,7486
7499,7499,mapped,Entrez,7499,XG,7499
7511,7511,mapped,Entrez,7511,XPNPEP1,7511
7525,7525,mapped,Entrez,7525,YES1,7525
7528,7528,mapped,Entrez,7528,YY1,7528
7535,7535,mapped,Entrez,7535,ZAP70,7535
7536,7536,mapped,Entrez,7536,SF1,7536
7538,7538,mapped,Entrez,7538,ZFP36,7538
7543,7543,mapped,Entrez,7543,ZFX,7543
7551,7551,mapped,Entrez,7551,ZNF3,7551
7554,7554,mapped,Entrez,7554,ZNF8,7554
7565,7565,mapped,Entrez,7565,ZNF17,7565
7566,7566,mapped,Entrez,7566,ZNF18,7566
7568,7568,mapped,Entrez,7568,ZNF20,7568
7579,7579,mapped,Entrez,7579,ZSCAN20,7579
7597,7597,mapped,Entrez,7597,ZBTB25,7597
7625,7625,mapped,Entrez,7625,ZNF74,7625
7633,7633,mapped,Entrez,7633,ZNF79,7633
7637,7637,mapped,Entrez,7637,ZNF84,7637
7638,7638,mapped,Entrez,7638,ZNF221,7638
7675,7675,mapped,Entrez,7675,ZNF121,7675
7678,7678,mapped,Entrez,7678,ZNF124,7678
7681,7681,mapped,Entrez,7681,MKRN3,7681
7690,7690,mapped,Entrez,7690,ZBTB35,7690
7694,7694,mapped,Entrez,7694,ZNF135,7694
7695,7695,mapped,Entrez,7695,ZNF136,7695
7697,7697,mapped,Entrez,7697,ZNF138,7697
7699,7699,mapped,Entrez,7699,ZNF140,7699
7702,7702,mapped,Entrez,7702,ZNF143,7702
7703,7703,mapped,Entrez,7703,PCGF2,7703
7706,7706,mapped,Entrez,7706,TRIM25,7706
7710,7710,mapped,Entrez,7710,ZNF154,7710
7716,7716,mapped,Entrez,7716,VEZF1,7716
7718,7718,mapped,Entrez,7718,ZNF165,7718
7727,7727,mapped,Entrez,7727,ZNF174,7727
7732,7732,mapped,Entrez,7732,RNF112,7732
7739,7739,mapped,Entrez,7739,ZNF185,7739
7745,7745,mapped,Entrez,7745,ZKSCAN8,7745
7753,7753,mapped,Entrez,7753,ZNF202,7753
7763,7763,mapped,Entrez,7763,ZFAND5,7763
7764,7764,mapped,Entrez,7764,ZNF217,7764
7766,7766,mapped,Entrez,7766,ZNF223,7766
7767,7767,mapped,Entrez,7767,ZNF224,7767
7768,7768,mapped,Entrez,7768,ZNF225,7768
7776,7776,mapped,Entrez,7776,ZNF236,7776
7781,7781,mapped,Entrez,7781,SLC30A3,7781
7783,7783,mapped,Entrez,7783,ZP2,7783
7786,7786,mapped,Entrez,7786,MAP3K12,7786
7813,7813,mapped,Entrez,7813,EVI5,7813
7818,7818,mapped,Entrez,7818,DAP3,7818
7844,7844,mapped,Entrez,7844,RNF103,7844
7846,7846,mapped,Entrez,7846,TUBA1A,7846
7849,7849,mapped,Entrez,7849,PAX8,7849
7855,7855,mapped,Entrez,7855,FZD5,7855
7871,7871,mapped,Entrez,7871,SLMAP,7871
7884,7884,mapped,Entrez,7884,SLBP,7884
7915,7915,mapped,Entrez,7915,ALDH5A1,7915
7917,7917,mapped,Entrez,7917,BAG6,7917
7920,7920,mapped,Entrez,7920,ABHD16A,7920
7923,7923,mapped,Entrez,7923,HSD17B8,7923
7938,7938,mapped,Entrez,7938,CP20,7938
7941,7941,mapped,Entrez,7941,PLA2G7,7941
7942,7942,mapped,Entrez,7942,TFEB,7942
7978,7978,mapped,Entrez,7978,MTERF1,7978
7979,7979,mapped,Entrez,7979,SEM1,7979
7980,7980,mapped,Entrez,7980,TFPI2,7980
7991,7991,mapped,Entrez,7991,TUSC3,7991
7993,7993,mapped,Entrez,7993,UBXN8,7993
8013,8013,mapped,Entrez,8013,NR4A3,8013
8031,8031,mapped,Entrez,8031,NCOA4,8031
8034,8034,mapped,Entrez,8034,SLC25A16,8034
8079,8079,mapped,Entrez,8079,MLF2,8079
8089,8089,mapped,Entrez,8089,YEATS4,8089
8091,8091,mapped,Entrez,8091,HMGA2,8091
8100,8100,mapped,Entrez,8100,IFT88,8100
8111,8111,mapped,Entrez,8111,GPR68,8111
8115,8115,mapped,Entrez,8115,TCL1A,8115
8120,8120,mapped,Entrez,8120,AP3B2,8120
8128,8128,mapped,Entrez,8128,ST8SIA2,8128
8131,8131,mapped,Entrez,8131,NPRL3,8131
8148,8148,mapped,Entrez,8148,TAF15,8148
8161,8161,mapped,Entrez,8161,COIL,8161
8174,8174,mapped,Entrez,8174,MADCAM1,8174
8175,8175,mapped,Entrez,8175,SF3A2,8175
8189,8189,mapped,Entrez,8189,SYMPK,8189
8190,8190,mapped,Entrez,8190,MIA,8190
8208,8208,mapped,Entrez,8208,CHAF1B,8208
8209,8209,mapped,Entrez,8209,GATD3,8209
8216,8216,mapped,Entrez,8216,LZTR1,8216
8224,8224,mapped,Entrez,8224,SYN3,8224
8241,8241,mapped,Entrez,8241,RBM10,8241
8242,8242,mapped,Entrez,8242,KDM5C,8242
8263,8263,mapped,Entrez,8263,F8A1,8263
8266,8266,mapped,Entrez,8266,UBL4A,8266
8277,8277,mapped,Entrez,8277,TKTL1,8277
8289,8289,mapped,Entrez,8289,ARID1A,8289
8290,8290,mapped,Entrez,8290,H3-4,8290
8292,8292,mapped,Entrez,8292,COLQ,8292
8293,8293,mapped,Entrez,8293,SERF1A,8293
8301,8301,mapped,Entrez,8301,PICALM,8301
8309,8309,mapped,Entrez,8309,ACOX2,8309
8310,8310,mapped,Entrez,8310,ACOX3,8310
8314,8314,mapped,Entrez,8314,BAP1,8314
8320,8320,mapped,Entrez,8320,EOMES,8320
8321,8321,mapped,Entrez,8321,FZD1,8321
8322,8322,mapped,Entrez,8322,FZD4,8322
8326,8326,mapped,Entrez,8326,FZD9,8326
8338,8338,mapped,Entrez,8338,H2AC20,8338
8342,8342,mapped,Entrez,8342,H2BC14,8342
8344,8344,mapped,Entrez,8344,H2BC6,8344
8346,8346,mapped,Entrez,8346,H2BC10,8346
8351,8351,mapped,Entrez,8351,H3C4,8351
8354,8354,mapped,Entrez,8354,H3C11,8354
8356,8356,mapped,Entrez,8356,H3C12,8356
8358,8358,mapped,Entrez,8358,H3C2,8358
8359,8359,mapped,Entrez,8359,H4C1,8359
8361,8361,mapped,Entrez,8361,H4C6,8361
8363,8363,mapped,Entrez,8363,H4C11,8363
8370,8370,mapped,Entrez,8370,H4C14,8370
8383,8383,mapped,Entrez,8383,OR1A1,8383
8386,8386,mapped,Entrez,8386,OR1D5,8386
8387,8387,mapped,Entrez,8387,OR1E1,8387
8388,8388,mapped,Entrez,8388,OR1E2,8388
8392,8392,mapped,Entrez,8392,OR3A3,8392
8395,8395,mapped,Entrez,8395,PIP5K1B,8395
8404,8404,mapped,Entrez,8404,SPARCL1,8404
8405,8405,mapped,Entrez,8405,SPOP,8405
8408,8408,mapped,Entrez,8408,ULK1,8408
8409,8409,mapped,Entrez,8409,UXT,8409
8417,8417,mapped,Entrez,8417,STX7,8417
8419,8419,mapped,Entrez,8419,BFSP2,8419
8427,8427,mapped,Entrez,8427,ZNF282,8427
8428,8428,mapped,Entrez,8428,STK24,8428
8434,8434,mapped,Entrez,8434,RECK,8434
8443,8443,mapped,Entrez,8443,GNPAT,8443
8444,8444,mapped,Entrez,8444,DYRK3,8444
8445,8445,mapped,Entrez,8445,DYRK2,8445
8450,8450,mapped,Entrez,8450,CUL4B,8450
8455,8455,mapped,Entrez,8455,ATRN,8455
8462,8462,mapped,Entrez,8462,KLF11,8462
8464,8464,mapped,Entrez,8464,SUPT3H,8464
8473,8473,mapped,Entrez,8473,OGT,8473
8482,8482,mapped,Entrez,8482,SEMA7A,8482
8491,8491,mapped,Entrez,8491,MAP4K3,8491
8505,8505,mapped,Entrez,8505,PARG,8505
8506,8506,mapped,Entrez,8506,CNTNAP1,8506
8528,8528,mapped,Entrez,8528,DDO,8528
8532,8532,mapped,Entrez,8532,CPZ,8532
8549,8549,mapped,Entrez,8549,LGR5,8549
8559,8559,mapped,Entrez,8559,PRPF18,8559
8560,8560,mapped,Entrez,8560,DEGS1,8560
8564,8564,mapped,Entrez,8564,KMO,8564
8565,8565,mapped,Entrez,8565,YARS1,8565
8568,8568,mapped,Entrez,8568,RRP1,8568
8572,8572,mapped,Entrez,8572,PDLIM4,8572
8574,8574,mapped,Entrez,8574,AKR7A2,8574
8575,8575,mapped,Entrez,8575,PRKRA,8575
8611,8611,mapped,Entrez,8611,PLPP1,8611
8612,8612,mapped,Entrez,8612,PLPP2,8612
8618,8618,mapped,Entrez,8618,CADPS,8618
8626,8626,mapped,Entrez,8626,TP63,8626
8633,8633,mapped,Entrez,8633,UNC5C,8633
8636,8636,mapped,Entrez,8636,SSNA1,8636
8643,8643,mapped,Entrez,8643,PTCH2,8643
8644,8644,mapped,Entrez,8644,AKR1C3,8644
8646,8646,mapped,Entrez,8646,CHRD,8646
8651,8651,mapped,Entrez,8651,SOCS1,8651
8658,8658,mapped,Entrez,8658,TNKS,8658
8662,8662,mapped,Entrez,8662,EIF3B,8662
8663,8663,mapped,Entrez,8663,EIF3C,8663
8666,8666,mapped,Entrez,8666,EIF3G,8666
8667,8667,mapped,Entrez,8667,EIF3H,8667
8672,8672,mapped,Entrez,8672,EIF4G3,8672
8683,8683,mapped,Entrez,8683,SRSF9,8683
8685,8685,mapped,Entrez,8685,MARCO,8685
8687,8687,mapped,Entrez,8687,KRT38,8687
8688,8688,mapped,Entrez,8688,KRT37,8688
8689,8689,mapped,Entrez,8689,KRT36,8689
8694,8694,mapped,Entrez,8694,DGAT1,8694
8697,8697,mapped,Entrez,8697,CDC23,8697
8698,8698,mapped,Entrez,8698,S1PR4,8698
8701,8701,mapped,Entrez,8701,DNAH11,8701
8702,8702,mapped,Entrez,8702,B4GALT4,8702
8703,8703,mapped,Entrez,8703,B4GALT3,8703
8704,8704,mapped,Entrez,8704,B4GALT2,8704
8705,8705,mapped,Entrez,8705,B3GALT4,8705
8706,8706,mapped,Entrez,8706,B3GALNT1,8706
8707,8707,mapped,Entrez,8707,B3GALT2,8707
8721,8721,mapped,Entrez,8721,EDF1,8721
8722,8722,mapped,Entrez,8722,CTSF,8722
8724,8724,mapped,Entrez,8724,SNX3,8724
8729,8729,mapped,Entrez,8729,GBF1,8729
8733,8733,mapped,Entrez,8733,GPAA1,8733
8738,8738,mapped,Entrez,8738,CRADD,8738
8740,8740,mapped,Entrez,8740,TNFSF14,8740
8741,8741,mapped,Entrez,8741,TNFSF13,8741
8743,8743,mapped,Entrez,8743,TNFSF10,8743
8744,8744,mapped,Entrez,8744,TNFSF9,8744
8745,8745,mapped,Entrez,8745,ADAM23,8745
8747,8747,mapped,Entrez,8747,ADAM21,8747
8749,8749,mapped,Entrez,8749,ADAM18,8749
8774,8774,mapped,Entrez,8774,NAPG,8774
8777,8777,mapped,Entrez,8777,MPDZ,8777
8780,8780,mapped,Entrez,8780,RIOK3,8780
8789,8789,mapped,Entrez,8789,FBP2,8789
8800,8800,mapped,Entrez,8800,PEX11A,8800
8817,8817,mapped,Entrez,8817,FGF18,8817
8818,8818,mapped,Entrez,8818,DPM2,8818
8833,8833,mapped,Entrez,8833,GMPS,8833
8836,8836,mapped,Entrez,8836,GGH,8836
8842,8842,mapped,Entrez,8842,PROM1,8842
8857,8857,mapped,Entrez,8857,FCGBP,8857
8859,8859,mapped,Entrez,8859,WHR1,8859
8861,8861,mapped,Entrez,8861,LDB1,8861
8874,8874,mapped,Entrez,8874,ARHGEF7,8874
8877,8877,mapped,Entrez,8877,SPHK1,8877
8890,8890,mapped,Entrez,8890,EIF2B4,8890
8895,8895,mapped,Entrez,8895,CPNE3,8895
8898,8898,mapped,Entrez,8898,MTMR2,8898
8904,8904,mapped,Entrez,8904,CPNE1,8904
8908,8908,mapped,Entrez,8908,GYG2,8908
8909,8909,mapped,Entrez,8909,ENDOU,8909
8910,8910,mapped,Entrez,8910,SGCE,8910
8912,8912,mapped,Entrez,8912,CACNA1H,8912
8913,8913,mapped,Entrez,8913,CACNA1G,8913
8927,8927,mapped,Entrez,8927,BSN,8927
8932,8932,mapped,Entrez,8932,MBD2,8932
8933,8933,mapped,Entrez,8933,RTL8C,8933
8938,8938,mapped,Entrez,8938,BAIAP3,8938
8941,8941,mapped,Entrez,8941,CDK5R2,8941
8971,8971,mapped,Entrez,8971,H1-10,8971
8995,8995,mapped,Entrez,8995,TNFSF18,8995
8997,8997,mapped,Entrez,8997,KALRN,8997
9013,9013,mapped,Entrez,9013,TAF1C,9013
9021,9021,mapped,Entrez,9021,SOCS3,9021
9027,9027,mapped,Entrez,9027,NAT8,9027
9038,9038,mapped,Entrez,9038,TAAR5,9038
9044,9044,mapped,Entrez,9044,BTAF1,9044
9048,9048,mapped,Entrez,9048,ARTN,9048
9051,9051,mapped,Entrez,9051,PSTPIP1,9051
9057,9057,mapped,Entrez,9057,SLC7A6,9057
9060,9060,mapped,Entrez,9060,PAPSS2,9060
9061,9061,mapped,Entrez,9061,PAPSS1,9061
9068,9068,mapped,Entrez,9068,ANGPTL1,9068
9074,9074,mapped,Entrez,9074,CLDN6,9074
9092,9092,mapped,Entrez,9092,SART1,9092
9093,9093,mapped,Entrez,9093,DNAJA3,9093
9097,9097,mapped,Entrez,9097,USP14,9097
9100,9100,mapped,Entrez,9100,USP10,9100
9112,9112,mapped,Entrez,9112,MTA1,9112
9117,9117,mapped,Entrez,9117,SEC22C,9117
9118,9118,mapped,Entrez,9118,INA,9118
9122,9122,mapped,Entrez,9122,SLC16A4,9122
9125,9125,mapped,Entrez,9125,CNOT9,9125
9136,9136,mapped,Entrez,9136,RRP9,9136
9139,9139,mapped,Entrez,9139,CBFA2T2,9139
9143,9143,mapped,Entrez,9143,SYNGR3,9143
9145,9145,mapped,Entrez,9145,SYNGR1,9145
9146,9146,mapped,Entrez,9146,HGS,9146
9148,9148,mapped,Entrez,9148,NEURL1,9148
9149,9149,mapped,Entrez,9149,DYRK1B,9149
9172,9172,mapped,Entrez,9172,MYOM2,9172
9179,9179,mapped,Entrez,9179,AP4M1,9179
9181,9181,mapped,Entrez,9181,ARHGEF2,9181
9191,9191,mapped,Entrez,9191,DEDD,9191
9196,9196,mapped,Entrez,9196,KCNAB3,9196
9197,9197,mapped,Entrez,9197,SLC33A1,9197
9201,9201,mapped,Entrez,9201,DCLK1,9201
9203,9203,mapped,Entrez,9203,ZMYM3,9203
9213,9213,mapped,Entrez,9213,XPR1,9213
9215,9215,mapped,Entrez,9215,LARGE1,9215
9229,9229,mapped,Entrez,9229,DLGAP1,9229
9231,9231,mapped,Entrez,9231,DLG5,9231
9241,9241,mapped,Entrez,9241,NOG,9241
9244,9244,mapped,Entrez,9244,CRLF1,9244
9245,9245,mapped,Entrez,9245,GCNT3,9245
9249,9249,mapped,Entrez,9249,DHRS3,9249
9254,9254,mapped,Entrez,9254,CACNA2D2,9254
9261,9261,mapped,Entrez,9261,MAPKAPK2,9261
9262,9262,mapped,Entrez,9262,STK17B,9262
9266,9266,mapped,Entrez,9266,CYTH2,9266
9270,9270,mapped,Entrez,9270,ITGB1BP1,9270
9271,9271,mapped,Entrez,9271,PIWIL1,9271
9274,9274,mapped,Entrez,9274,BCL7C,9274
9276,9276,mapped,Entrez,9276,COPB2,9276
9283,9283,mapped,Entrez,9283,GPR37L1,9283
9287,9287,mapped,Entrez,9287,TAAR2,9287
9290,9290,mapped,Entrez,9290,GPR55,9290
9293,9293,mapped,Entrez,9293,GPR52,9293
9294,9294,mapped,Entrez,9294,S1PR2,9294
9306,9306,mapped,Entrez,9306,SOCS6,9306
9308,9308,mapped,Entrez,9308,CD83,9308
9313,9313,mapped,Entrez,9313,MMP20,9313
9314,9314,mapped,Entrez,9314,KLF4,9314
9318,9318,mapped,Entrez,9318,COPS2,9318
9320,9320,mapped,Entrez,9320,TRIP12,9320
9324,9324,mapped,Entrez,9324,HMGN3,9324
9325,9325,mapped,Entrez,9325,TRIP4,9325
9329,9329,mapped,Entrez,9329,GTF3C4,9329
9333,9333,mapped,Entrez,9333,TGM5,9333
9334,9334,mapped,Entrez,9334,B4GALT5,9334
9337,9337,mapped,Entrez,9337,CNOT8,9337
9340,9340,mapped,Entrez,9340,GLP2R,9340
9342,9342,mapped,Entrez,9342,SNAP29,9342
9348,9348,mapped,Entrez,9348,NDST3,9348
9350,9350,mapped,Entrez,9350,CER1,9350
9351,9351,mapped,Entrez,9351,NHERF2,9351
9353,9353,mapped,Entrez,9353,SLIT2,9353
9356,9356,mapped,Entrez,9356,SLC22A6,9356
9361,9361,mapped,Entrez,9361,LONP1,9361
9362,9362,mapped,Entrez,9362,CPNE6,9362
9365,9365,mapped,Entrez,9365,KL,9365
9371,9371,mapped,Entrez,9371,KIF3B,9371
9373,9373,mapped,Entrez,9373,PLAA,9373
9377,9377,mapped,Entrez,9377,COX5A,9377
9380,9380,mapped,Entrez,9380,GRHPR,9380
9382,9382,mapped,Entrez,9382,COG1,9382
9391,9391,mapped,Entrez,9391,CIAO1,9391
9394,9394,mapped,Entrez,9394,HS6ST1,9394
9398,9398,mapped,Entrez,9398,CD101,9398
9399,9399,mapped,Entrez,9399,STOML1,9399
9401,9401,mapped,Entrez,9401,RECQL4,9401
9403,9403,mapped,Entrez,9403,SELENOF,9403
9411,9411,mapped,Entrez,9411,ARHGAP29,9411
9415,9415,mapped,Entrez,9415,FADS2,9415
9416,9416,mapped,Entrez,9416,DDX23,9416
9419,9419,mapped,Entrez,9419,CRIPT,9419
9425,9425,mapped,Entrez,9425,CDYL,9425
9429,9429,mapped,Entrez,9429,ABCG2,9429
9435,9435,mapped,Entrez,9435,CHST2,9435
9441,9441,mapped,Entrez,9441,MED26,9441
9442,9442,mapped,Entrez,9442,MED27,9442
9443,9443,mapped,Entrez,9443,MED7,9443
9444,9444,mapped,Entrez,9444,QKI,9444
9445,9445,mapped,Entrez,9445,ITM2B,9445
9453,9453,mapped,Entrez,9453,GGPS1,9453
9454,9454,mapped,Entrez,9454,HOMER3,9454
9456,9456,mapped,Entrez,9456,HOMER1,9456
9468,9468,mapped,Entrez,9468,PCYT1B,9468
9472,9472,mapped,Entrez,9472,AKAP6,9472
9474,9474,mapped,Entrez,9474,ATG5,9474
9475,9475,mapped,Entrez,9475,ROCK2,9475
9476,9476,mapped,Entrez,9476,NAPSA,9476
9481,9481,mapped,Entrez,9481,SLC25A27,9481
9491,9491,mapped,Entrez,9491,PSMF1,9491
9496,9496,mapped,Entrez,9496,TBX4,9496
9498,9498,mapped,Entrez,9498,SLC4A8,9498
9499,9499,mapped,Entrez,9499,MYOT,9499
9506,9506,mapped,Entrez,9506,PAGE4,9506
9507,9507,mapped,Entrez,9507,ADAMTS4,9507
9508,9508,mapped,Entrez,9508,ADAMTS3,9508
9509,9509,mapped,Entrez,9509,ADAMTS2,9509
9513,9513,mapped,Entrez,9513,FXR2,9513
9514,9514,mapped,Entrez,9514,GAL3ST1,9514
9517,9517,mapped,Entrez,9517,SPTLC2,9517
9524,9524,mapped,Entrez,9524,TECR,9524
9527,9527,mapped,Entrez,9527,GOSR1,9527
9529,9529,mapped,Entrez,9529,BAG5,9529
9530,9530,mapped,Entrez,9530,BAG4,9530
9533,9533,mapped,Entrez,9533,POLR1C,9533
9535,9535,mapped,Entrez,9535,GMFG,9535
9536,9536,mapped,Entrez,9536,PTGES,9536
9538,9538,mapped,Entrez,9538,EI24,9538
9546,9546,mapped,Entrez,9546,APBA3,9546
9559,9559,mapped,Entrez,9559,VPS26A,9559
9563,9563,mapped,Entrez,9563,H6PD,9563
9573,9573,mapped,Entrez,9573,GDF3,9573
9582,9582,mapped,Entrez,9582,APOBEC3B,9582
9585,9585,mapped,Entrez,9585,KIF20B,9585
9587,9587,mapped,Entrez,9587,MAD2L1BP,9587
9612,9612,mapped,Entrez,9612,NCOR2,9612
9615,9615,mapped,Entrez,9615,GDA,9615
9620,9620,mapped,Entrez,9620,CELSR1,9620
9625,9625,mapped,Entrez,9625,LMTK1,9625
9628,9628,mapped,Entrez,9628,RGS6,9628
9630,9630,mapped,Entrez,9630,GNA14,9630
9632,9632,mapped,Entrez,9632,SEC24C,9632
9636,9636,mapped,Entrez,9636,ISG15,9636
9640,9640,mapped,Entrez,9640,ZNF592,9640
9643,9643,mapped,Entrez,9643,MORF4L2,9643
9648,9648,mapped,Entrez,9648,GCC2,9648
9649,9649,mapped,Entrez,9649,RALGPS1,9649
9651,9651,mapped,Entrez,9651,PLCH2,9651
9655,9655,mapped,Entrez,9655,SOCS5,9655
9662,9662,mapped,Entrez,9662,CEP135,9662
9687,9687,mapped,Entrez,9687,GREB1,9687
9693,9693,mapped,Entrez,9693,RAPGEF2,9693
9698,9698,mapped,Entrez,9698,PUM1,9698
9702,9702,mapped,Entrez,9702,CEP57,9702
9703,9703,mapped,Entrez,9703,BLTP2,9703
9705,9705,mapped,Entrez,9705,ST18,9705
9706,9706,mapped,Entrez,9706,ULK2,9706
9719,9719,mapped,Entrez,9719,ADAMTSL2,9719
9722,9722,mapped,Entrez,9722,NOS1AP,9722
9727,9727,mapped,Entrez,9727,RAB11FIP3,9727
9730,9730,mapped,Entrez,9730,DCAF1,9730
9731,9731,mapped,Entrez,9731,CEP104,9731
9735,9735,mapped,Entrez,9735,KNTC1,9735
9737,9737,mapped,Entrez,9737,GPRASP1,9737
9741,9741,mapped,Entrez,9741,LAPTM4A,9741
9744,9744,mapped,Entrez,9744,ACAP1,9744
9749,9749,mapped,Entrez,9749,PHACTR2,9749
9753,9753,mapped,Entrez,9753,ZSCAN12,9753
9757,9757,mapped,Entrez,9757,KMT2B,9757
9760,9760,mapped,Entrez,9760,TOX,9760
9761,9761,mapped,Entrez,9761,MLEC,9761
9762,9762,mapped,Entrez,9762,LZTS3,9762
9770,9770,mapped,Entrez,9770,RASSF2,9770
9775,9775,mapped,Entrez,9775,EIF4A3,9775
9776,9776,mapped,Entrez,9776,ATG13,9776
9781,9781,mapped,Entrez,9781,RNF144A,9781
9782,9782,mapped,Entrez,9782,MATR3,9782
9784,9784,mapped,Entrez,9784,SNX17,9784
9785,9785,mapped,Entrez,9785,DHX38,9785
9790,9790,mapped,Entrez,9790,BMS1,9790
9791,9791,mapped,Entrez,9791,PTDSS1,9791
9792,9792,mapped,Entrez,9792,SERTAD2,9792
9793,9793,mapped,Entrez,9793,CKAP5,9793
9797,9797,mapped,Entrez,9797,TATDN2,9797
9798,9798,mapped,Entrez,9798,IST1,9798
9801,9801,mapped,Entrez,9801,MRPL19,9801
9804,9804,mapped,Entrez,9804,TOMM20,9804
9818,9818,mapped,Entrez,9818,NUP58,9818
9819,9819,mapped,Entrez,9819,TSC22D2,9819
9820,9820,mapped,Entrez,9820,CUL7,9820
9825,9825,mapped,Entrez,9825,SPATA2,9825
9832,9832,mapped,Entrez,9832,JAKMIP2,9832
9837,9837,mapped,Entrez,9837,GINS1,9837
9841,9841,mapped,Entrez,9841,ZBTB24,9841
9842,9842,mapped,Entrez,9842,PLEKHM1,9842
9859,9859,mapped,Entrez,9859,CEP170,9859
9860,9860,mapped,Entrez,9860,LRIG2,9860
9862,9862,mapped,Entrez,9862,MED24,9862
9867,9867,mapped,Entrez,9867,PJA2,9867
9874,9874,mapped,Entrez,9874,TLK1,9874
9877,9877,mapped,Entrez,9877,ZC3H11A,9877
9879,9879,mapped,Entrez,9879,DDX46,9879
9882,9882,mapped,Entrez,9882,TBC1D4,9882
9890,9890,mapped,Entrez,9890,PLPPR4,9890
9891,9891,mapped,Entrez,9891,NUAK1,9891
9892,9892,mapped,Entrez,9892,SNAP91,9892
9898,9898,mapped,Entrez,9898,UBAP2L,9898
9899,9899,mapped,Entrez,9899,SV2B,9899
9901,9901,mapped,Entrez,9901,SRGAP3,9901
9902,9902,mapped,Entrez,9902,MRC2,9902
9915,9915,mapped,Entrez,9915,ARNT2,9915
9919,9919,mapped,Entrez,9919,SEC16A,9919
9920,9920,mapped,Entrez,9920,KBTBD11,9920
9922,9922,mapped,Entrez,9922,IQSEC1,9922
9923,9923,mapped,Entrez,9923,ZBTB40,9923
9926,9926,mapped,Entrez,9926,LPGAT1,9926
9929,9929,mapped,Entrez,9929,JOSD1,9929
9934,9934,mapped,Entrez,9934,P2RY14,9934
9936,9936,mapped,Entrez,9936,CD302,9936
9941,9941,mapped,Entrez,9941,EXOG,9941
9943,9943,mapped,Entrez,9943,OXSR1,9943
9946,9946,mapped,Entrez,9946,CRYZL1,9946
9949,9949,mapped,Entrez,9949,AMMECR1,9949
9953,9953,mapped,Entrez,9953,HS3ST3B1,9953
9957,9957,mapped,Entrez,9957,HS3ST1,9957
9958,9958,mapped,Entrez,9958,USP15,9958
9962,9962,mapped,Entrez,9962,SLC23A2,9962
9963,9963,mapped,Entrez,9963,SLC23A1,9963
9965,9965,mapped,Entrez,9965,FGF19,9965
9966,9966,mapped,Entrez,9966,TNFSF15,9966
9980,9980,mapped,Entrez,9980,DOP1B,9980
9985,9985,mapped,Entrez,9985,REC8,9985
9993,9993,mapped,Entrez,9993,DGCR2,9993
10000,10000,mapped,Entrez,10000,AKT3,10000
10002,10002,mapped,Entrez,10002,NR2E3,10002
10004,10004,mapped,Entrez,10004,NAALADL1,10004
10007,10007,mapped,Entrez,10007,GNPDA1,10007
10011,10011,mapped,Entrez,10011,SRA1,10011
10018,10018,mapped,Entrez,10018,BCL2L11,10018
10022,10022,mapped,Entrez,10022,INSL5,10022
10024,10024,mapped,Entrez,10024,TROAP,10024
10026,10026,mapped,Entrez,10026,PIGK,10026
10036,10036,mapped,Entrez,10036,CHAF1A,10036
10039,10039,mapped,Entrez,10039,PARP3,10039
10043,10043,mapped,Entrez,10043,TOM1,10043
10044,10044,mapped,Entrez,10044,SH2D3C,10044
10046,10046,mapped,Entrez,10046,MAMLD1,10046
10047,10047,mapped,Entrez,10047,CST8,10047
10048,10048,mapped,Entrez,10048,RANBP9,10048
10050,10050,mapped,Entrez,10050,SLC17A4,10050
10053,10053,mapped,Entrez,10053,AP1M2,10053
10063,10063,mapped,Entrez,10063,COX17,10063
10068,10068,mapped,Entrez,10068,IL18BP,10068
10072,10072,mapped,Entrez,10072,DPP3,10072
10081,10081,mapped,Entrez,10081,PDCD7,10081
10086,10086,mapped,Entrez,10086,HHLA1,10086
10095,10095,mapped,Entrez,10095,ARPC1B,10095
10107,10107,mapped,Entrez,10107,TRIM10,10107
10110,10110,mapped,Entrez,10110,SGK2,10110
10133,10133,mapped,Entrez,10133,OPTN,10133
10136,10136,mapped,Entrez,10136,CELA3A,10136
10138,10138,mapped,Entrez,10138,YAF2,10138
10139,10139,mapped,Entrez,10139,ARFRP1,10139
10140,10140,mapped,Entrez,10140,TOB1,10140
10143,10143,mapped,Entrez,10143,CLEC3A,10143
10146,10146,mapped,Entrez,10146,G3BP1,10146
10147,10147,mapped,Entrez,10147,SUGP2,10147
10148,10148,mapped,Entrez,10148,EBI3,10148
10150,10150,mapped,Entrez,10150,MBNL2,10150
10152,10152,mapped,Entrez,10152,ABI2,10152
10154,10154,mapped,Entrez,10154,PLXNC1,10154
10157,10157,mapped,Entrez,10157,AASS,10157
10159,10159,mapped,Entrez,10159,ATP6AP2,10159
10163,10163,mapped,Entrez,10163,WASF2,10163
10165,10165,mapped,Entrez,10165,SLC25A13,10165
10172,10172,mapped,Entrez,10172,ZNF256,10172
10178,10178,mapped,Entrez,10178,TENM1,10178
10190,10190,mapped,Entrez,10190,TXNDC9,10190
10193,10193,mapped,Entrez,10193,RNF41,10193
10196,10196,mapped,Entrez,10196,PRMT3,10196
10203,10203,mapped,Entrez,10203,CALCRL,10203
10204,10204,mapped,Entrez,10204,NUTF2,10204
10210,10210,mapped,Entrez,10210,TOPORS,10210
10214,10214,mapped,Entrez,10214,SSX3,10214
10215,10215,mapped,Entrez,10215,OLIG2,10215
10219,10219,mapped,Entrez,10219,KLRG1,10219
10221,10221,mapped,Entrez,10221,TRIB1,10221
10224,10224,mapped,Entrez,10224,ZNF443,10224
10226,10226,mapped,Entrez,10226,PLIN3,10226
10227,10227,mapped,Entrez,10227,SLC75A1,10227
10233,10233,mapped,Entrez,10233,LRRC23,10233
10239,10239,mapped,Entrez,10239,AP3S2,10239
10249,10249,mapped,Entrez,10249,GLYAT,10249
10251,10251,mapped,Entrez,10251,SPRY3,10251
10257,10257,mapped,Entrez,10257,ABCC4,10257
10260,10260,mapped,Entrez,10260,DENND4A,10260
10261,10261,mapped,Entrez,10261,IGSF6,10261
10266,10266,mapped,Entrez,10266,RAMP2,10266
10269,10269,mapped,Entrez,10269,ZMPSTE24,10269
10276,10276,mapped,Entrez,10276,NET1,10276
10278,10278,mapped,Entrez,10278,EFS,10278
10282,10282,mapped,Entrez,10282,BET1,10282
10284,10284,mapped,Entrez,10284,SAP18,10284
10287,10287,mapped,Entrez,10287,RGS19,10287
10289,10289,mapped,Entrez,10289,EIF1B,10289
10291,10291,mapped,Entrez,10291,SF3A1,10291
10308,10308,mapped,Entrez,10308,ZNF267,10308
10311,10311,mapped,Entrez,10311,VPS26C,10311
10314,10314,mapped,Entrez,10314,LANCL1,10314
10319,10319,mapped,Entrez,10319,LAMC3,10319
10321,10321,mapped,Entrez,10321,CRISP3,10321
10325,10325,mapped,Entrez,10325,RRAGB,10325
10335,10335,mapped,Entrez,10335,IRAG1,10335
10336,10336,mapped,Entrez,10336,PCGF3,10336
10342,10342,mapped,Entrez,10342,TFG,10342
10343,10343,mapped,Entrez,10343,PKDREJ,10343
10361,10361,mapped,Entrez,10361,NPM2,10361
10362,10362,mapped,Entrez,10362,HMG20B,10362
10363,10363,mapped,Entrez,10363,HMG20A,10363
10370,10370,mapped,Entrez,10370,CITED2,10370
10379,10379,mapped,Entrez,10379,IRF9,10379
10385,10385,mapped,Entrez,10385,BTN2A2,10385
10388,10388,mapped,Entrez,10388,SYCP2,10388
10393,10393,mapped,Entrez,10393,ANAPC10,10393
10396,10396,mapped,Entrez,10396,ATP8A1,10396
10398,10398,mapped,Entrez,10398,MYL9,10398
10399,10399,mapped,Entrez,10399,RACK1,10399
10400,10400,mapped,Entrez,10400,PEMT,10400
10403,10403,mapped,Entrez,10403,NDC80,10403
10411,10411,mapped,Entrez,10411,RAPGEF3,10411
10418,10418,mapped,Entrez,10418,SPON1,10418
10426,10426,mapped,Entrez,10426,TUBGCP3,10426
10427,10427,mapped,Entrez,10427,SEC24B,10427
10436,10436,mapped,Entrez,10436,EMG1,10436
10451,10451,mapped,Entrez,10451,VAV3,10451
10454,10454,mapped,Entrez,10454,TAB1,10454
10455,10455,mapped,Entrez,10455,ECI2,10455
10459,10459,mapped,Entrez,10459,MAD2L2,10459
10462,10462,mapped,Entrez,10462,CLEC10A,10462
10463,10463,mapped,Entrez,10463,SLC30A9,10463
10464,10464,mapped,Entrez,10464,PIBF1,10464
10474,10474,mapped,Entrez,10474,TADA3,10474
10478,10478,mapped,Entrez,10478,SLC25A17,10478
10480,10480,mapped,Entrez,10480,EIF3M,10480
10483,10483,mapped,Entrez,10483,SEC23B,10483
10490,10490,mapped,Entrez,10490,VTI1B,10490
10492,10492,mapped,Entrez,10492,SYNCRIP,10492
10498,10498,mapped,Entrez,10498,CARM1,10498
10499,10499,mapped,Entrez,10499,NCOA2,10499
10501,10501,mapped,Entrez,10501,SEMA6B,10501
10507,10507,mapped,Entrez,10507,SEMA4D,10507
10534,10534,mapped,Entrez,10534,ZNRD2,10534
10535,10535,mapped,Entrez,10535,RNASEH2A,10535
10540,10540,mapped,Entrez,10540,DCTN2,10540
10541,10541,mapped,Entrez,10541,ANP32B,10541
10544,10544,mapped,Entrez,10544,PROCR,10544
10551,10551,mapped,Entrez,10551,AGR2,10551
10565,10565,mapped,Entrez,10565,ARFGEF1,10565
10566,10566,mapped,Entrez,10566,AKAP3,10566
10569,10569,mapped,Entrez,10569,SLU7,10569
10572,10572,mapped,Entrez,10572,SIVA1,10572
10575,10575,mapped,Entrez,10575,CCT4,10575
10586,10586,mapped,Entrez,10586,MAB21L2,10586
10588,10588,mapped,Entrez,10588,MTHFS,10588
10598,10598,mapped,Entrez,10598,AHSA1,10598
10603,10603,mapped,Entrez,10603,SH2B2,10603
10613,10613,mapped,Entrez,10613,ERLIN1,10613
10617,10617,mapped,Entrez,10617,STAMBP,10617
10618,10618,mapped,Entrez,10618,TGOLN2,10618
10623,10623,mapped,Entrez,10623,POLR3C,10623
10627,10627,mapped,Entrez,10627,MYL12A,10627
10630,10630,mapped,Entrez,10630,PDPN,10630
10633,10633,mapped,Entrez,10633,RASL10A,10633
10636,10636,mapped,Entrez,10636,RGS14,10636
10637,10637,mapped,Entrez,10637,LEFTY1,10637
10640,10640,mapped,Entrez,10640,EXOC5,10640
10641,10641,mapped,Entrez,10641,NPRL2,10641
10642,10642,mapped,Entrez,10642,IGF2BP1,10642
10644,10644,mapped,Entrez,10644,IGF2BP2,10644
10647,10647,mapped,Entrez,10647,SCGB1D2,10647
10648,10648,mapped,Entrez,10648,SCGB1D1,10648
10652,10652,mapped,Entrez,10652,YKT6,10652
10658,10658,mapped,Entrez,10658,CELF1,10658
10668,10668,mapped,Entrez,10668,CGRRF1,10668
10669,10669,mapped,Entrez,10669,CGREF1,10669
10672,10672,mapped,Entrez,10672,GNA13,10672
10677,10677,mapped,Entrez,10677,AVIL,10677
10682,10682,mapped,Entrez,10682,EBP,10682
10688,10688,mapped,Entrez,10688,CRSP5,10688
10690,10690,mapped,Entrez,10690,FUT9,10690
10694,10694,mapped,Entrez,10694,CCT8,10694
10713,10713,mapped,Entrez,10713,USP39,10713
10715,10715,mapped,Entrez,10715,CERS1,10715
10718,10718,mapped,Entrez,10718,NRG3,10718
10720,10720,mapped,Entrez,10720,UGT2B11,10720
10723,10723,mapped,Entrez,10723,SLC12A7,10723
10725,10725,mapped,Entrez,10725,NFAT5,10725
10728,10728,mapped,Entrez,10728,PTGES3,10728
10739,10739,mapped,Entrez,10739,RFPL2,10739
10743,10743,mapped,Entrez,10743,RAI1,10743
10745,10745,mapped,Entrez,10745,PHTF1,10745
10747,10747,mapped,Entrez,10747,MASP2,10747
10750,10750,mapped,Entrez,10750,GRAP,10750
10755,10755,mapped,Entrez,10755,GIPC1,10755
10763,10763,mapped,Entrez,10763,NES,10763
10767,10767,mapped,Entrez,10767,HBS1L,10767
10768,10768,mapped,Entrez,10768,AHCYL1,10768
10773,10773,mapped,Entrez,10773,ZBTB6,10773
10780,10780,mapped,Entrez,10780,ZNF234,10780
10793,10793,mapped,Entrez,10793,ZNF273,10793
10794,10794,mapped,Entrez,10794,ZNF460,10794
10798,10798,mapped,Entrez,10798,OR5I1,10798
10802,10802,mapped,Entrez,10802,SEC24A,10802
10809,10809,mapped,Entrez,10809,STARD10,10809
10811,10811,mapped,Entrez,10811,NOXA1,10811
10815,10815,mapped,Entrez,10815,CPLX1,10815
10818,10818,mapped,Entrez,10818,FRS2,10818
10840,10840,mapped,Entrez,10840,ALDH1L1,10840
10841,10841,mapped,Entrez,10841,FTCD,10841
10844,10844,mapped,Entrez,10844,TUBGCP2,10844
10845,10845,mapped,Entrez,10845,CLPX,10845
10856,10856,mapped,Entrez,10856,RUVBL2,10856
10858,10858,mapped,Entrez,10858,CYP46A1,10858
10859,10859,mapped,Entrez,10859,LILRB1,10859
10867,10867,mapped,Entrez,10867,TSPAN9,10867
10868,10868,mapped,Entrez,10868,USP20,10868
10869,10869,mapped,Entrez,10869,USP19,10869
10882,10882,mapped,Entrez,10882,C1QL1,10882
10888,10888,mapped,Entrez,10888,GPR83,10888
10890,10890,mapped,Entrez,10890,RAB10,10890
10894,10894,mapped,Entrez,10894,LYVE1,10894
10900,10900,mapped,Entrez,10900,RUNDC3A,10900
10902,10902,mapped,Entrez,10902,BRD8,10902
10905,10905,mapped,Entrez,10905,MAN1A2,10905
10906,10906,mapped,Entrez,10906,TRAFD1,10906
10908,10908,mapped,Entrez,10908,PNPLA6,10908
10919,10919,mapped,Entrez,10919,EHMT2,10919
10921,10921,mapped,Entrez,10921,RNPS1,10921
10926,10926,mapped,Entrez,10926,DBF4,10926
10927,10927,mapped,Entrez,10927,SPIN1,10927
10930,10930,mapped,Entrez,10930,APOBEC2,10930
10938,10938,mapped,Entrez,10938,EHD1,10938
10950,10950,mapped,Entrez,10950,BTG3,10950
10952,10952,mapped,Entrez,10952,SEC61B,10952
10953,10953,mapped,Entrez,10953,TOMM34,10953
10954,10954,mapped,Entrez,10954,PDIA5,10954
10964,10964,mapped,Entrez,10964,IFI44L,10964
10965,10965,mapped,Entrez,10965,ACOT2,10965
10975,10975,mapped,Entrez,10975,UQCR11,10975
10979,10979,mapped,Entrez,10979,FERMT2,10979
10982,10982,mapped,Entrez,10982,MAPRE2,10982
10983,10983,mapped,Entrez,10983,CCNI,10983
10993,10993,mapped,Entrez,10993,SDS,10993
10998,10998,mapped,Entrez,10998,SLC27A5,10998
11000,11000,mapped,Entrez,11000,SLC27A3,11000
11004,11004,mapped,Entrez,11004,KIF2C,11004
11007,11007,mapped,Entrez,11007,CCDC85B,11007
11012,11012,mapped,Entrez,11012,KLK11,11012
11023,11023,mapped,Entrez,11023,VAX1,11023
11025,11025,mapped,Entrez,11025,LILRB3,11025
11033,11033,mapped,Entrez,11033,ADAP1,11033
11034,11034,mapped,Entrez,11034,DSTN,11034
11035,11035,mapped,Entrez,11035,RIPK3,11035
11044,11044,mapped,Entrez,11044,TENT4A,11044
11047,11047,mapped,Entrez,11047,ADRM1,11047
11059,11059,mapped,Entrez,11059,WWP1,11059
11061,11061,mapped,Entrez,11061,CNMD,11061
11069,11069,mapped,Entrez,11069,RAPGEF4,11069
11073,11073,mapped,Entrez,11073,TOPBP1,11073
11074,11074,mapped,Entrez,11074,TRIM31,11074
11079,11079,mapped,Entrez,11079,RER1,11079
11083,11083,mapped,Entrez,11083,DIDO1,11083
11091,11091,mapped,Entrez,11091,WDR5,11091
11092,11092,mapped,Entrez,11092,SPACA9,11092
11097,11097,mapped,Entrez,11097,NUP42,11097
11099,11099,mapped,Entrez,11099,PTPN21,11099
11112,11112,mapped,Entrez,11112,HIBADH,11112
11113,11113,mapped,Entrez,11113,CIT,11113
11130,11130,mapped,Entrez,11130,ZWINT,11130
11142,11142,mapped,Entrez,11142,PKIG,11142
11144,11144,mapped,Entrez,11144,DMC1,11144
11152,11152,mapped,Entrez,11152,WDR45,11152
11155,11155,mapped,Entrez,11155,LDB3,11155
11160,11160,mapped,Entrez,11160,ERLIN2,11160
11161,11161,mapped,Entrez,11161,ERG28,11161
11169,11169,mapped,Entrez,11169,WDHD1,11169
11171,11171,mapped,Entrez,11171,STRAP,11171
11172,11172,mapped,Entrez,11172,INSL6,11172
11176,11176,mapped,Entrez,11176,BAZ2A,11176
11177,11177,mapped,Entrez,11177,BAZ1A,11177
11180,11180,mapped,Entrez,11180,WDR6,11180
11186,11186,mapped,Entrez,11186,RASSF1,11186
11189,11189,mapped,Entrez,11189,CELF3,11189
11196,11196,mapped,Entrez,11196,SEC23IP,11196
11213,11213,mapped,Entrez,11213,IRAK3,11213
11219,11219,mapped,Entrez,11219,TREX2,11219
11221,11221,mapped,Entrez,11221,DUSP10,11221
11222,11222,mapped,Entrez,11222,MRPL3,11222
11227,11227,mapped,Entrez,11227,GALNT5,11227
11231,11231,mapped,Entrez,11231,SEC63,11231
11238,11238,mapped,Entrez,11238,CA5B,11238
11249,11249,mapped,Entrez,11249,NXPH2,11249
11259,11259,mapped,Entrez,11259,FILIP1L,11259
11261,11261,mapped,Entrez,11261,CHP1,11261
11262,11262,mapped,Entrez,11262,SP140,11262
11267,11267,mapped,Entrez,11267,SNF8,11267
11283,11283,mapped,Entrez,11283,CYP4F8,11283
11313,11313,mapped,Entrez,11313,LYPLA2,11313
11321,11321,mapped,Entrez,11321,GPN1,11321
11325,11325,mapped,Entrez,11325,DDX42,11325
11326,11326,mapped,Entrez,11326,VSIG4,11326
11333,11333,mapped,Entrez,11333,PDAP1,11333
11337,11337,mapped,Entrez,11337,GABARAP,11337
11338,11338,mapped,Entrez,11338,U2AF2,11338
11342,11342,mapped,Entrez,11342,RNF13,11342
11344,11344,mapped,Entrez,11344,TWF2,11344
22801,22801,mapped,Entrez,22801,ITGA11,22801
22809,22809,mapped,Entrez,22809,ATF5,22809
22818,22818,mapped,Entrez,22818,COPZ1,22818
22821,22821,mapped,Entrez,22821,RASA3,22821
22824,22824,mapped,Entrez,22824,HSPA4L,22824
22834,22834,mapped,Entrez,22834,ZNF652,22834
22836,22836,mapped,Entrez,22836,RHOBTB3,22836
22839,22839,mapped,Entrez,22839,DLGAP4,22839
22843,22843,mapped,Entrez,22843,PPM1E,22843
22844,22844,mapped,Entrez,22844,FRMPD1,22844
22845,22845,mapped,Entrez,22845,DOLK,22845
22848,22848,mapped,Entrez,22848,AAK1,22848
22849,22849,mapped,Entrez,22849,CPEB3,22849
22853,22853,mapped,Entrez,22853,LMTK2,22853
22856,22856,mapped,Entrez,22856,CHSY1,22856
22858,22858,mapped,Entrez,22858,CILK1,22858
22862,22862,mapped,Entrez,22862,FNDC3A,22862
22870,22870,mapped,Entrez,22870,PPP6R1,22870
22873,22873,mapped,Entrez,22873,DZIP1,22873
22875,22875,mapped,Entrez,22875,ENPP4,22875
22883,22883,mapped,Entrez,22883,CLSTN1,22883
22884,22884,mapped,Entrez,22884,WDR37,22884
22899,22899,mapped,Entrez,22899,ARHGEF15,22899
22905,22905,mapped,Entrez,22905,EPN2,22905
22907,22907,mapped,Entrez,22907,DHX30,22907
22908,22908,mapped,Entrez,22908,SACM1L,22908
22921,22921,mapped,Entrez,22921,MSRB2,22921
22931,22931,mapped,Entrez,22931,RAB18,22931
22934,22934,mapped,Entrez,22934,RPIA,22934
22938,22938,mapped,Entrez,22938,SNW1,22938
22954,22954,mapped,Entrez,22954,TRIM32,22954
22981,22981,mapped,Entrez,22981,NINL,22981
22984,22984,mapped,Entrez,22984,PDCD11,22984
22986,22986,mapped,Entrez,22986,SORCS3,22986
22992,22992,mapped,Entrez,22992,KDM2A,22992
22996,22996,mapped,Entrez,22996,TTC39A,22996
23002,23002,mapped,Entrez,23002,DAAM1,23002
23007,23007,mapped,Entrez,23007,PLCH1,23007
23011,23011,mapped,Entrez,23011,RAB21,23011
23035,23035,mapped,Entrez,23035,PHLPP2,23035
23037,23037,mapped,Entrez,23037,PDZD2,23037
23043,23043,mapped,Entrez,23043,TNIK,23043
23049,23049,mapped,Entrez,23049,SMG1,23049
23053,23053,mapped,Entrez,23053,ZSWIM8,23053
23057,23057,mapped,Entrez,23057,NMNAT2,23057
23060,23060,mapped,Entrez,23060,ZNF609,23060
23070,23070,mapped,Entrez,23070,CMTR1,23070
23076,23076,mapped,Entrez,23076,RRP1B,23076
23080,23080,mapped,Entrez,23080,AVL9,23080
23081,23081,mapped,Entrez,23081,KDM4C,23081
23093,23093,mapped,Entrez,23093,TTLL5,23093
23094,23094,mapped,Entrez,23094,SIPA1L3,23094
23095,23095,mapped,Entrez,23095,KIF1B,23095
23097,23097,mapped,Entrez,23097,CDK19,23097
23099,23099,mapped,Entrez,23099,ZBTB43,23099
23101,23101,mapped,Entrez,23101,MCF2L2,23101
23105,23105,mapped,Entrez,23105,FSTL4,23105
23107,23107,mapped,Entrez,23107,MRPS27,23107
23108,23108,mapped,Entrez,23108,RAP1GAP2,23108
23111,23111,mapped,Entrez,23111,SPART,23111
23113,23113,mapped,Entrez,23113,CUL9,23113
23126,23126,mapped,Entrez,23126,POGZ,23126
23129,23129,mapped,Entrez,23129,PLXND1,23129
23131,23131,mapped,Entrez,23131,GPATCH8,23131
23137,23137,mapped,Entrez,23137,SMC5,23137
23144,23144,mapped,Entrez,23144,ZC3H3,23144
23150,23150,mapped,Entrez,23150,FRMD4B,23150
23152,23152,mapped,Entrez,23152,CIC,23152
23157,23157,mapped,Entrez,23157,SEPTIN6,23157
23158,23158,mapped,Entrez,23158,TBC1D9,23158
23163,23163,mapped,Entrez,23163,GGA3,23163
23164,23164,mapped,Entrez,23164,MPRIP,23164
23167,23167,mapped,Entrez,23167,EFR3A,23167
23174,23174,mapped,Entrez,23174,ZCCHC14,23174
23178,23178,mapped,Entrez,23178,PASK,23178
23187,23187,mapped,Entrez,23187,PHLDB1,23187
23191,23191,mapped,Entrez,23191,CYFIP1,23191
23195,23195,mapped,Entrez,23195,MDN1,23195
23196,23196,mapped,Entrez,23196,FAM120A,23196
23199,23199,mapped,Entrez,23199,GSE1,23199
23204,23204,mapped,Entrez,23204,ARL6IP1,23204
23205,23205,mapped,Entrez,23205,ACSBG1,23205
23208,23208,mapped,Entrez,23208,SYT11,23208
23212,23212,mapped,Entrez,23212,RRS1,23212
23213,23213,mapped,Entrez,23213,SULF1,23213
23215,23215,mapped,Entrez,23215,PRRC2C,23215
23219,23219,mapped,Entrez,23219,FBXO28,23219
23220,23220,mapped,Entrez,23220,DTX4,23220
23225,23225,mapped,Entrez,23225,NUP210,23225
23230,23230,mapped,Entrez,23230,VPS13A,23230
23232,23232,mapped,Entrez,23232,TBC1D12,23232
23234,23234,mapped,Entrez,23234,DNAJC9,23234
23236,23236,mapped,Entrez,23236,PLCB1,23236
23237,23237,mapped,Entrez,23237,ARC,23237
23246,23246,mapped,Entrez,23246,BOP1,23246
23248,23248,mapped,Entrez,23248,RPRD2,23248
23250,23250,mapped,Entrez,23250,ATP11A,23250
23251,23251,mapped,Entrez,23251,MINAR1,23251
23253,23253,mapped,Entrez,23253,ANKRD12,23253
23254,23254,mapped,Entrez,23254,KAZN,23254
23262,23262,mapped,Entrez,23262,PPIP5K2,23262
23264,23264,mapped,Entrez,23264,ZC3H7B,23264
23269,23269,mapped,Entrez,23269,MGA,23269
23277,23277,mapped,Entrez,23277,CLUH,23277
23279,23279,mapped,Entrez,23279,NUP160,23279
23284,23284,mapped,Entrez,23284,ADGRL3,23284
23286,23286,mapped,Entrez,23286,WWC1,23286
23299,23299,mapped,Entrez,23299,BICD2,23299
23303,23303,mapped,Entrez,23303,KIF13B,23303
23304,23304,mapped,Entrez,23304,UBR2,23304
23305,23305,mapped,Entrez,23305,ACSL6,23305
23314,23314,mapped,Entrez,23314,SATB2,23314
23318,23318,mapped,Entrez,23318,TUT4,23318
23321,23321,mapped,Entrez,23321,TRIM2,23321
23324,23324,mapped,Entrez,23324,MAN2B2,23324
23325,23325,mapped,Entrez,23325,WASHC4,23325
23333,23333,mapped,Entrez,23333,DPY19L1,23333
23336,23336,mapped,Entrez,23336,SYNM,23336
23338,23338,mapped,Entrez,23338,JADE2,23338
23348,23348,mapped,Entrez,23348,DOCK9,23348
23360,23360,mapped,Entrez,23360,FNBP4,23360
23361,23361,mapped,Entrez,23361,ZNF629,23361
23362,23362,mapped,Entrez,23362,PSD3,23362
23368,23368,mapped,Entrez,23368,PPP1R13B,23368
23373,23373,mapped,Entrez,23373,CRTC1,23373
23376,23376,mapped,Entrez,23376,UFL1,23376
23378,23378,mapped,Entrez,23378,RRP8,23378
23384,23384,mapped,Entrez,23384,SPECC1L,23384
23395,23395,mapped,Entrez,23395,LARS2,23395
23398,23398,mapped,Entrez,23398,PPWD1,23398
23405,23405,mapped,Entrez,23405,DICER1,23405
23406,23406,mapped,Entrez,23406,COTL1,23406
23410,23410,mapped,Entrez,23410,SIRT3,23410
23412,23412,mapped,Entrez,23412,COMMD3,23412
23415,23415,mapped,Entrez,23415,KCNH4,23415
23424,23424,mapped,Entrez,23424,TDRD7,23424
23428,23428,mapped,Entrez,23428,SLC7A8,23428
23430,23430,mapped,Entrez,23430,TPSD1,23430
23431,23431,mapped,Entrez,23431,AP4E1,23431
23438,23438,mapped,Entrez,23438,HARS2,23438
23446,23446,mapped,Entrez,23446,SLC44A1,23446
23451,23451,mapped,Entrez,23451,SF3B1,23451
23457,23457,mapped,Entrez,23457,ABCB9,23457
23464,23464,mapped,Entrez,23464,GCAT,23464
23467,23467,mapped,Entrez,23467,NPTXR,23467
23468,23468,mapped,Entrez,23468,CBX5,23468
23471,23471,mapped,Entrez,23471,TRAM1,23471
23473,23473,mapped,Entrez,23473,CAPN7,23473
23484,23484,mapped,Entrez,23484,LEPROTL1,23484
23492,23492,mapped,Entrez,23492,CBX7,23492
23510,23510,mapped,Entrez,23510,KCTD2,23510
23512,23512,mapped,Entrez,23512,SUZ12,23512
23513,23513,mapped,Entrez,23513,SCRIB,23513
23527,23527,mapped,Entrez,23527,ACAP2,23527
23538,23538,mapped,Entrez,23538,OR52A1,23538
23541,23541,mapped,Entrez,23541,SEC14L2,23541
23543,23543,mapped,Entrez,23543,RBFOX2,23543
23544,23544,mapped,Entrez,23544,SEZ6L,23544
23545,23545,mapped,Entrez,23545,ATP6V0A2,23545
23548,23548,mapped,Entrez,23548,TTC33,23548
23556,23556,mapped,Entrez,23556,PIGN,23556
23557,23557,mapped,Entrez,23557,SNAPIN,23557
23559,23559,mapped,Entrez,23559,WBP1,23559
23569,23569,mapped,Entrez,23569,PADI4,23569
23576,23576,mapped,Entrez,23576,DDAH1,23576
23586,23586,mapped,Entrez,23586,RIGI,23586
23600,23600,mapped,Entrez,23600,AMACR,23600
23601,23601,mapped,Entrez,23601,CLEC5A,23601
23603,23603,mapped,Entrez,23603,CORO1C,23603
23616,23616,mapped,Entrez,23616,SH3BP1,23616
23632,23632,mapped,Entrez,23632,CA14,23632
23633,23633,mapped,Entrez,23633,KPNA6,23633
23635,23635,mapped,Entrez,23635,SSBP2,23635
23636,23636,mapped,Entrez,23636,NUP62,23636
23637,23637,mapped,Entrez,23637,RABGAP1,23637
23640,23640,mapped,Entrez,23640,HSPBP1,23640
23647,23647,mapped,Entrez,23647,ARFIP2,23647
23658,23658,mapped,Entrez,23658,LSM5,23658
23660,23660,mapped,Entrez,23660,ZKSCAN5,23660
23671,23671,mapped,Entrez,23671,TMEFF2,23671
23682,23682,mapped,Entrez,23682,RAB38,23682
23704,23704,mapped,Entrez,23704,KCNE4,23704
23741,23741,mapped,Entrez,23741,EID1,23741
23743,23743,mapped,Entrez,23743,BHMT2,23743
23753,23753,mapped,Entrez,23753,SDF2L1,23753
23759,23759,mapped,Entrez,23759,PPIL2,23759
23762,23762,mapped,Entrez,23762,OSBP2,23762
23765,23765,mapped,Entrez,23765,IL17RA,23765
23769,23769,mapped,Entrez,23769,FLRT1,23769
23770,23770,mapped,Entrez,23770,FKBP8,23770
23779,23779,mapped,Entrez,23779,ARHGAP8,23779
23787,23787,mapped,Entrez,23787,MTCH1,23787
24140,24140,mapped,Entrez,24140,FTSJ1,24140
24145,24145,mapped,Entrez,24145,PANX1,24145
24149,24149,mapped,Entrez,24149,ZNF318,24149
25758,25758,mapped,Entrez,25758,KIAA1549L,25758
25764,25764,mapped,Entrez,25764,HYPK,25764
25769,25769,mapped,Entrez,25769,SLC24A2,25769
25770,25770,mapped,Entrez,25770,C22orf31,25770
25778,25778,mapped,Entrez,25778,DSTYK,25778
25788,25788,mapped,Entrez,25788,RAD54B,25788
25790,25790,mapped,Entrez,25790,CFAP45,25790
25791,25791,mapped,Entrez,25791,NGEF,25791
25792,25792,mapped,Entrez,25792,CIZ1,25792
25798,25798,mapped,Entrez,25798,BRI3,25798
25800,25800,mapped,Entrez,25800,SLC39A6,25800
25801,25801,mapped,Entrez,25801,GCA,25801
25803,25803,mapped,Entrez,25803,SPDEF,25803
25816,25816,mapped,Entrez,25816,TNFAIP8,25816
25820,25820,mapped,Entrez,25820,ARIH1,25820
25828,25828,mapped,Entrez,25828,TXN2,25828
25831,25831,mapped,Entrez,25831,HECTD1,25831
25833,25833,mapped,Entrez,25833,POU2F3,25833
25836,25836,mapped,Entrez,25836,NIPBL,25836
25840,25840,mapped,Entrez,25840,TMT1A,25840
25844,25844,mapped,Entrez,25844,YIPF3,25844
25854,25854,mapped,Entrez,25854,FAM149A,25854
25855,25855,mapped,Entrez,25855,BRMS1,25855
25862,25862,mapped,Entrez,25862,USP49,25862
25870,25870,mapped,Entrez,25870,SUMF2,25870
25871,25871,mapped,Entrez,25871,RMP64,25871
25876,25876,mapped,Entrez,25876,SPEF1,25876
25893,25893,mapped,Entrez,25893,TRIM58,25893
25897,25897,mapped,Entrez,25897,RNF19A,25897
25901,25901,mapped,Entrez,25901,CCDC28A,25901
25902,25902,mapped,Entrez,25902,MTHFD1L,25902
25912,25912,mapped,Entrez,25912,LTAP1,25912
25926,25926,mapped,Entrez,25926,NOL11,25926
25928,25928,mapped,Entrez,25928,SOSTDC1,25928
25930,25930,mapped,Entrez,25930,PTPN23,25930
25940,25940,mapped,Entrez,25940,TSLIG3A,25940
25948,25948,mapped,Entrez,25948,KBTBD2,25948
25950,25950,mapped,Entrez,25950,RWDD3,25950
25957,25957,mapped,Entrez,25957,PNISR,25957
25959,25959,mapped,Entrez,25959,KANK2,25959
25960,25960,mapped,Entrez,25960,ADGRA2,25960
25963,25963,mapped,Entrez,25963,TMEM87A,25963
25979,25979,mapped,Entrez,25979,DHRS7B,25979
25981,25981,mapped,Entrez,25981,DNAH1,25981
25983,25983,mapped,Entrez,25983,NGDN,25983
25987,25987,mapped,Entrez,25987,TSKU,25987
25988,25988,mapped,Entrez,25988,HINFP,25988
25989,25989,mapped,Entrez,25989,ULK3,25989
25992,25992,mapped,Entrez,25992,SNED1,25992
25994,25994,mapped,Entrez,25994,HIGD1A,25994
26001,26001,mapped,Entrez,26001,RNF167,26001
26003,26003,mapped,Entrez,26003,GORASP2,26003
26007,26007,mapped,Entrez,26007,TKFC,26007
26010,26010,mapped,Entrez,26010,SPATS2L,26010
26012,26012,mapped,Entrez,26012,NSMF,26012
26018,26018,mapped,Entrez,26018,LRIG1,26018
26027,26027,mapped,Entrez,26027,ACOT11,26027
26032,26032,mapped,Entrez,26032,SUSD5,26032
26033,26033,mapped,Entrez,26033,ATRNL1,26033
26034,26034,mapped,Entrez,26034,IPCEF1,26034
26039,26039,mapped,Entrez,26039,SS18L1,26039
26040,26040,mapped,Entrez,26040,SETBP1,26040
26050,26050,mapped,Entrez,26050,SLITRK5,26050
26052,26052,mapped,Entrez,26052,DNM3,26052
26053,26053,mapped,Entrez,26053,AUTS2,26053
26060,26060,mapped,Entrez,26060,APPL1,26060
26064,26064,mapped,Entrez,26064,RAI14,26064
26071,26071,mapped,Entrez,26071,RTL8A,26071
26084,26084,mapped,Entrez,26084,ARHGEF26,26084
26090,26090,mapped,Entrez,26090,ABHD12,26090
26093,26093,mapped,Entrez,26093,CCDC9,26093
26098,26098,mapped,Entrez,26098,EDRF1,26098
26103,26103,mapped,Entrez,26103,LRIT1,26103
26123,26123,mapped,Entrez,26123,TCTN3,26123
26140,26140,mapped,Entrez,26140,TTLL3,26140
26149,26149,mapped,Entrez,26149,ZNF658,26149
26151,26151,mapped,Entrez,26151,NAT9,26151
26152,26152,mapped,Entrez,26152,ZNF337,26152
26154,26154,mapped,Entrez,26154,ABCA12,26154
26191,26191,mapped,Entrez,26191,PTPN22,26191
26206,26206,mapped,Entrez,26206,SPAG8,26206
26211,26211,mapped,Entrez,26211,OR2F1,26211
26224,26224,mapped,Entrez,26224,FBXL3,26224
26230,26230,mapped,Entrez,26230,TIAM2,26230
26233,26233,mapped,Entrez,26233,FBXL6,26233
26245,26245,mapped,Entrez,26245,OR2M4,26245
26269,26269,mapped,Entrez,26269,FBXO8,26269
26273,26273,mapped,Entrez,26273,FBXO3,26273
26275,26275,mapped,Entrez,26275,HIBCH,26275
26278,26278,mapped,Entrez,26278,SACS,26278
26279,26279,mapped,Entrez,26279,PLA2G2D,26279
26284,26284,mapped,Entrez,26284,ERAL1,26284
26289,26289,mapped,Entrez,26289,AK5,26289
26472,26472,mapped,Entrez,26472,PPP1R14B,26472
26476,26476,mapped,Entrez,26476,OR10J1,26476
26499,26499,mapped,Entrez,26499,PLEK2,26499
26502,26502,mapped,Entrez,26502,NARF,26502
26505,26505,mapped,Entrez,26505,CNNM3,26505
26507,26507,mapped,Entrez,26507,CNNM1,26507
26511,26511,mapped,Entrez,26511,CHIC2,26511
26512,26512,mapped,Entrez,26512,INTS6,26512
26517,26517,mapped,Entrez,26517,TIMM13,26517
26524,26524,mapped,Entrez,26524,LATS2,26524
26526,26526,mapped,Entrez,26526,TSPAN16,26526
26531,26531,mapped,Entrez,26531,OR11A1,26531
26539,26539,mapped,Entrez,26539,OR10H1,26539
26577,26577,mapped,Entrez,26577,PCOLCE2,26577
26578,26578,mapped,Entrez,26578,OSTF1,26578
26580,26580,mapped,Entrez,26580,BSCL2,26580
26608,26608,mapped,Entrez,26608,TBL2,26608
26609,26609,mapped,Entrez,26609,VCX,26609
26648,26648,mapped,Entrez,26648,OR7E24,26648
26659,26659,mapped,Entrez,26659,OR7A5,26659
26707,26707,mapped,Entrez,26707,OR2J2,26707
26740,26740,mapped,Entrez,26740,OR1J2,26740
26750,26750,mapped,Entrez,26750,RPS6KC1,26750
26872,26872,mapped,Entrez,26872,STEAP1,26872
26994,26994,mapped,Entrez,26994,RNF11,26994
26995,26995,mapped,Entrez,26995,TRUB2,26995
26999,26999,mapped,Entrez,26999,CYFIP2,26999
27006,27006,mapped,Entrez,27006,FGF22,27006
27019,27019,mapped,Entrez,27019,DNAI1,27019
27023,27023,mapped,Entrez,27023,FOXB1,27023
27030,27030,mapped,Entrez,27030,MLH3,27030
27031,27031,mapped,Entrez,27031,NPHP3,27031
27035,27035,mapped,Entrez,27035,NOX1,27035
27044,27044,mapped,Entrez,27044,SND1,27044
27063,27063,mapped,Entrez,27063,ANKRD1,27063
27069,27069,mapped,Entrez,27069,GHITM,27069
27074,27074,mapped,Entrez,27074,LAMP3,27074
27075,27075,mapped,Entrez,27075,TSPAN13,27075
27076,27076,mapped,Entrez,27076,LYPD3,27076
27085,27085,mapped,Entrez,27085,MTBP,27085
27087,27087,mapped,Entrez,27087,B3GAT1,27087
27095,27095,mapped,Entrez,27095,TRAPPC3,27095
27129,27129,mapped,Entrez,27129,HSPB7,27129
27130,27130,mapped,Entrez,27130,INVS,27130
27131,27131,mapped,Entrez,27131,SNX5,27131
27136,27136,mapped,Entrez,27136,MORC1,27136
27141,27141,mapped,Entrez,27141,CIDEB,27141
27145,27145,mapped,Entrez,27145,FILIP1,27145
27146,27146,mapped,Entrez,27146,FAM184B,27146
27152,27152,mapped,Entrez,27152,INTU,27152
27156,27156,mapped,Entrez,27156,RSPH14,27156
27161,27161,mapped,Entrez,27161,AGO2,27161
27163,27163,mapped,Entrez,27163,NAAA,27163
27164,27164,mapped,Entrez,27164,SALL3,27164
27166,27166,mapped,Entrez,27166,PRELID1,27166
27179,27179,mapped,Entrez,27179,IL36A,27179
27180,27180,mapped,Entrez,27180,SIGLEC9,27180
27197,27197,mapped,Entrez,27197,GPR82,27197
27201,27201,mapped,Entrez,27201,GPR78,27201
27202,27202,mapped,Entrez,27202,C5AR2,27202
27230,27230,mapped,Entrez,27230,SERP1,27230
27236,27236,mapped,Entrez,27236,ARFIP1,27236
27240,27240,mapped,Entrez,27240,SIT1,27240
27244,27244,mapped,Entrez,27244,SESN1,27244
27248,27248,mapped,Entrez,27248,ERLEC1,27248
27252,27252,mapped,Entrez,27252,KLHL20,27252
27254,27254,mapped,Entrez,27254,CSDC2,27254
27257,27257,mapped,Entrez,27257,LSM1,27257
27283,27283,mapped,Entrez,27283,TINAG,27283
27286,27286,mapped,Entrez,27286,SRPX2,27286
27290,27290,mapped,Entrez,27290,SPINK4,27290
27293,27293,mapped,Entrez,27293,SMPDL3B,27293
27297,27297,mapped,Entrez,27297,CRCP,27297
27301,27301,mapped,Entrez,27301,APEX2,27301
27302,27302,mapped,Entrez,27302,BMP10,27302
27314,27314,mapped,Entrez,27314,RAB30,27314
27315,27315,mapped,Entrez,27315,PGAP2,27315
27324,27324,mapped,Entrez,27324,TOX3,27324
27329,27329,mapped,Entrez,27329,ANGPTL3,27329
27332,27332,mapped,Entrez,27332,ZNF638,27332
27339,27339,mapped,Entrez,27339,PRPF19,27339
27341,27341,mapped,Entrez,27341,RRP7A,27341
27347,27347,mapped,Entrez,27347,STK39,27347
27349,27349,mapped,Entrez,27349,MCAT,27349
27439,27439,mapped,Entrez,27439,TMEM121B,27439
27445,27445,mapped,Entrez,27445,PCLO,27445
28511,28511,mapped,Entrez,28511,NKIRAS2,28511
28951,28951,mapped,Entrez,28951,TRIB2,28951
28965,28965,mapped,Entrez,28965,SLC27A6,28965
28968,28968,mapped,Entrez,28968,SLC6A16,28968
28976,28976,mapped,Entrez,28976,ACAD9,28976
28977,28977,mapped,Entrez,28977,MRPL42,28977
28982,28982,mapped,Entrez,28982,FLVCR1,28982
28992,28992,mapped,Entrez,28992,MACROD1,28992
29028,29028,mapped,Entrez,29028,ATAD2,29028
29058,29058,mapped,Entrez,29058,TMEM230,29058
29062,29062,mapped,Entrez,29062,WDR91,29062
29063,29063,mapped,Entrez,29063,ZCCHC4,29063
29066,29066,mapped,Entrez,29066,ZC3H7A,29066
29070,29070,mapped,Entrez,29070,CFAP263,29070
29078,29078,mapped,Entrez,29078,NDUFAF4,29078
29083,29083,mapped,Entrez,29083,GTPBP8,29083
29085,29085,mapped,Entrez,29085,PHPT1,29085
29088,29088,mapped,Entrez,29088,MRPL15,29088
29097,29097,mapped,Entrez,29097,CNIH4,29097
29100,29100,mapped,Entrez,29100,TMEM208,29100
29106,29106,mapped,Entrez,29106,SCG3,29106
29110,29110,mapped,Entrez,29110,TBK1,29110
29117,29117,mapped,Entrez,29117,BRD7,29117
29118,29118,mapped,Entrez,29118,DDX25,29118
29119,29119,mapped,Entrez,29119,CTNNA3,29119
29763,29763,mapped,Entrez,29763,PACSIN3,29763
29777,29777,mapped,Entrez,29777,ABT1,29777
29781,29781,mapped,Entrez,29781,NCAPH2,29781
29785,29785,mapped,Entrez,29785,CYP2S1,29785
29800,29800,mapped,Entrez,29800,ZDHHC1,29800
29802,29802,mapped,Entrez,29802,VPREB3,29802
29881,29881,mapped,Entrez,29881,NPC1L1,29881
29882,29882,mapped,Entrez,29882,ANAPC2,29882
29888,29888,mapped,Entrez,29888,STRN4,29888
29889,29889,mapped,Entrez,29889,GNL2,29889
29890,29890,mapped,Entrez,29890,RBM15B,29890
29895,29895,mapped,Entrez,29895,MYL11,29895
29899,29899,mapped,Entrez,29899,GPSM2,29899
29902,29902,mapped,Entrez,29902,FAM216A,29902
29904,29904,mapped,Entrez,29904,EEF2K,29904
29915,29915,mapped,Entrez,29915,HCFC2,29915
29916,29916,mapped,Entrez,29916,SNX11,29916
29925,29925,mapped,Entrez,29925,GMPPB,29925
29928,29928,mapped,Entrez,29928,TIMM22,29928
29933,29933,mapped,Entrez,29933,GPR132,29933
29934,29934,mapped,Entrez,29934,SNX12,29934
29941,29941,mapped,Entrez,29941,PKN3,29941
29942,29942,mapped,Entrez,29942,PURG,29942
29944,29944,mapped,Entrez,29944,PNMA3,29944
29948,29948,mapped,Entrez,29948,OSGIN1,29948
29949,29949,mapped,Entrez,29949,IL19,29949
29957,29957,mapped,Entrez,29957,SLC25A24,29957
29959,29959,mapped,Entrez,29959,NRBP1,29959
29968,29968,mapped,Entrez,29968,PSAT1,29968
29970,29970,mapped,Entrez,29970,SCHIP1,29970
29985,29985,mapped,Entrez,29985,SLC39A3,29985
29986,29986,mapped,Entrez,29986,SLC39A2,29986
29990,29990,mapped,Entrez,29990,PILRB,29990
29991,29991,mapped,Entrez,29991,OBP2A,29991
29993,29993,mapped,Entrez,29993,PACSIN1,29993
29994,29994,mapped,Entrez,29994,BAZ2B,29994
29997,29997,mapped,Entrez,29997,NOP53,29997
30000,30000,mapped,Entrez,30000,TNPO2,30000
30010,30010,mapped,Entrez,30010,NXPH1,30010
30012,30012,mapped,Entrez,30012,TLX3,30012
30811,30811,mapped,Entrez,30811,HUNK,30811
30812,30812,mapped,Entrez,30812,SOX8,30812
30816,30816,mapped,Entrez,30816,ERVW-1,30816
30819,30819,mapped,Entrez,30819,KCNIP2,30819
30835,30835,mapped,Entrez,30835,CD209,30835
30844,30844,mapped,Entrez,30844,EHD4,30844
30848,30848,mapped,Entrez,30848,CTAG2,30848
30849,30849,mapped,Entrez,30849,PIK3R4,30849
30851,30851,mapped,Entrez,30851,TAX1BP3,30851
50511,50511,mapped,Entrez,50511,SYCP3,50511
50512,50512,mapped,Entrez,50512,PODXL2,50512
50515,50515,mapped,Entrez,50515,CHST11,50515
50615,50615,mapped,Entrez,50615,IL21R,50615
50636,50636,mapped,Entrez,50636,ANO7,50636
50717,50717,mapped,Entrez,50717,DCAF8,50717
50804,50804,mapped,Entrez,50804,MYEF2,50804
50814,50814,mapped,Entrez,50814,NSDHL,50814
50831,50831,mapped,Entrez,50831,TAS2R3,50831
50835,50835,mapped,Entrez,50835,TAS2R9,50835
50839,50839,mapped,Entrez,50839,TAS2R10,50839
50853,50853,mapped,Entrez,50853,VILL,50853
50861,50861,mapped,Entrez,50861,STMN3,50861
50865,50865,mapped,Entrez,50865,HEBP1,50865
50939,50939,mapped,Entrez,50939,IMPG2,50939
51003,51003,mapped,Entrez,51003,MED31,51003
51008,51008,mapped,Entrez,51008,ASCC1,51008
51009,51009,mapped,Entrez,51009,DERL2,51009
51010,51010,mapped,Entrez,51010,EXOSC3,51010
51011,51011,mapped,Entrez,51011,FAHD2A,51011
51012,51012,mapped,Entrez,51012,PRELID3B,51012
51013,51013,mapped,Entrez,51013,EXOSC1,51013
51015,51015,mapped,Entrez,51015,ISOC1,51015
51018,51018,mapped,Entrez,51018,RRP15,51018
51019,51019,mapped,Entrez,51019,WASHC3,51019
51021,51021,mapped,Entrez,51021,MRPS16,51021
51024,51024,mapped,Entrez,51024,FIS1,51024
51026,51026,mapped,Entrez,51026,GOLT1B,51026
51027,51027,mapped,Entrez,51027,BOLA1,51027
51031,51031,mapped,Entrez,51031,GLOD4,51031
51046,51046,mapped,Entrez,51046,ST8SIA3,51046
51060,51060,mapped,Entrez,51060,TXNDC12,51060
51061,51061,mapped,Entrez,51061,TXNDC11,51061
51062,51062,mapped,Entrez,51062,ATL1,51062
51066,51066,mapped,Entrez,51066,SSUH2,51066
51071,51071,mapped,Entrez,51071,DERA,51071
51075,51075,mapped,Entrez,51075,TMX2,51075
51077,51077,mapped,Entrez,51077,FCF1,51077
51078,51078,mapped,Entrez,51078,THAP4,51078
51082,51082,mapped,Entrez,51082,POLR1D,51082
51088,51088,mapped,Entrez,51088,KLHL5,51088
51090,51090,mapped,Entrez,51090,PLLP,51090
51092,51092,mapped,Entrez,51092,SIDT2,51092
51104,51104,mapped,Entrez,51104,ABHD17B,51104
51108,51108,mapped,Entrez,51108,METTL9,51108
51112,51112,mapped,Entrez,51112,TRAPPC12,51112
51115,51115,mapped,Entrez,51115,RMDN1,51115
51121,51121,mapped,Entrez,51121,RPL26L1,51121
51122,51122,mapped,Entrez,51122,COMMD2,51122
51123,51123,mapped,Entrez,51123,ZNF706,51123
51126,51126,mapped,Entrez,51126,NAA20,51126
51134,51134,mapped,Entrez,51134,CEP83,51134
51135,51135,mapped,Entrez,51135,IRAK4,51135
51136,51136,mapped,Entrez,51136,RNFT1,51136
51143,51143,mapped,Entrez,51143,DYNC1LI1,51143
51156,51156,mapped,Entrez,51156,SERPINA10,51156
51160,51160,mapped,Entrez,51160,VPS28,51160
51163,51163,mapped,Entrez,51163,DBR1,51163
51166,51166,mapped,Entrez,51166,AADAT,51166
51171,51171,mapped,Entrez,51171,HSD17B14,51171
51172,51172,mapped,Entrez,51172,NAGPA,51172
51174,51174,mapped,Entrez,51174,TUBD1,51174
51176,51176,mapped,Entrez,51176,LEF1,51176
51181,51181,mapped,Entrez,51181,DCXR,51181
51182,51182,mapped,Entrez,51182,HSPA14,51182
51192,51192,mapped,Entrez,51192,CKLF,51192
51195,51195,mapped,Entrez,51195,RAPGEFL1,51195
51200,51200,mapped,Entrez,51200,CPA4,51200
51204,51204,mapped,Entrez,51204,TACO1,51204
51205,51205,mapped,Entrez,51205,ACP6,51205
51208,51208,mapped,Entrez,51208,CLDN18,51208
51213,51213,mapped,Entrez,51213,LUZP4,51213
51226,51226,mapped,Entrez,51226,COPZ2,51226
51228,51228,mapped,Entrez,51228,GLTP,51228
51232,51232,mapped,Entrez,51232,CRIM1,51232
51233,51233,mapped,Entrez,51233,DRICH1,51233
51236,51236,mapped,Entrez,51236,HGH1,51236
51241,51241,mapped,Entrez,51241,COX16,51241
51244,51244,mapped,Entrez,51244,CCDC174,51244
51250,51250,mapped,Entrez,51250,MTRES1,51250
51259,51259,mapped,Entrez,51259,TMEM216,51259
51264,51264,mapped,Entrez,51264,MRPL27,51264
51266,51266,mapped,Entrez,51266,CLEC1B,51266
51267,51267,mapped,Entrez,51267,CLEC1A,51267
51271,51271,mapped,Entrez,51271,UBAP1,51271
51274,51274,mapped,Entrez,51274,KLF3,51274
51287,51287,mapped,Entrez,51287,COA4,51287
51290,51290,mapped,Entrez,51290,ERGIC2,51290
51292,51292,mapped,Entrez,51292,GMPR2,51292
51294,51294,mapped,Entrez,51294,PCDH12,51294
51301,51301,mapped,Entrez,51301,GCNT4,51301
51305,51305,mapped,Entrez,51305,KCNK9,51305
51306,51306,mapped,Entrez,51306,FAM13B,51306
51309,51309,mapped,Entrez,51309,ARMCX1,51309
51316,51316,mapped,Entrez,51316,PLAC8,51316
51322,51322,mapped,Entrez,51322,WAC,51322
51327,51327,mapped,Entrez,51327,AHSP,51327
51335,51335,mapped,Entrez,51335,NGRN,51335
51337,51337,mapped,Entrez,51337,THEM6,51337
51338,51338,mapped,Entrez,51338,MS4A4A,51338
51351,51351,mapped,Entrez,51351,ZNF117,51351
51360,51360,mapped,Entrez,51360,MBTPS2,51360
51361,51361,mapped,Entrez,51361,HOOK1,51361
51365,51365,mapped,Entrez,51365,PLA1A,51365
51366,51366,mapped,Entrez,51366,UBR5,51366
51372,51372,mapped,Entrez,51372,TMA7,51372
51384,51384,mapped,Entrez,51384,WNT16,51384
51385,51385,mapped,Entrez,51385,ZNF589,51385
51430,51430,mapped,Entrez,51430,SUCO,51430
51435,51435,mapped,Entrez,51435,SCARA3,51435
51438,51438,mapped,Entrez,51438,MAGEC2,51438
51447,51447,mapped,Entrez,51447,IP6K2,51447
51450,51450,mapped,Entrez,51450,PRRX2,51450
51473,51473,mapped,Entrez,51473,DCDC2,51473
51478,51478,mapped,Entrez,51478,HSD17B7,51478
51490,51490,mapped,Entrez,51490,SPOUT1,51490
51497,51497,mapped,Entrez,51497,NELFCD,51497
51503,51503,mapped,Entrez,51503,CWC15,51503
51506,51506,mapped,Entrez,51506,UFC1,51506
51510,51510,mapped,Entrez,51510,CHMP5,51510
51512,51512,mapped,Entrez,51512,GTSE1,51512
51513,51513,mapped,Entrez,51513,ETV7,51513
51514,51514,mapped,Entrez,51514,DTL,51514
51517,51517,mapped,Entrez,51517,NCKIPSD,51517
51526,51526,mapped,Entrez,51526,OSER1,51526
51531,51531,mapped,Entrez,51531,TRMO,51531
51545,51545,mapped,Entrez,51545,ZNF581,51545
51547,51547,mapped,Entrez,51547,SIRT7,51547
51554,51554,mapped,Entrez,51554,ACKR4,51554
51561,51561,mapped,Entrez,51561,IL23A,51561
51562,51562,mapped,Entrez,51562,MBIP,51562
51585,51585,mapped,Entrez,51585,PCF11,51585
51593,51593,mapped,Entrez,51593,SRRT,51593
51594,51594,mapped,Entrez,51594,NBAS,51594
51599,51599,mapped,Entrez,51599,LSR,51599
51603,51603,mapped,Entrez,51603,METTL13,51603
51604,51604,mapped,Entrez,51604,PIGT,51604
51606,51606,mapped,Entrez,51606,ATP6V1H,51606
51611,51611,mapped,Entrez,51611,DPH5,51611
51621,51621,mapped,Entrez,51621,KLF13,51621
51639,51639,mapped,Entrez,51639,SF3B6,51639
51643,51643,mapped,Entrez,51643,TMBIM4,51643
51661,51661,mapped,Entrez,51661,FKBP7,51661
51669,51669,mapped,Entrez,51669,SARAF,51669
51693,51693,mapped,Entrez,51693,TRAPPC2L,51693
51701,51701,mapped,Entrez,51701,NLK,51701
51710,51710,mapped,Entrez,51710,ZNF44,51710
51720,51720,mapped,Entrez,51720,UIMC1,51720
51729,51729,mapped,Entrez,51729,WBP11,51729
51733,51733,mapped,Entrez,51733,UPB1,51733
51738,51738,mapped,Entrez,51738,GHRL,51738
51750,51750,mapped,Entrez,51750,RTEL1,51750
51752,51752,mapped,Entrez,51752,ERAP1,51752
51802,51802,mapped,Entrez,51802,ASIC5,51802
51806,51806,mapped,Entrez,51806,CALML5,51806
51807,51807,mapped,Entrez,51807,TUBA8,51807
53342,53342,mapped,Entrez,53342,IL17D,53342
53343,53343,mapped,Entrez,53343,NUDT9,53343
53346,53346,mapped,Entrez,53346,TM6SF1,53346
53347,53347,mapped,Entrez,53347,UBASH3A,53347
53349,53349,mapped,Entrez,53349,ZFYVE1,53349
53358,53358,mapped,Entrez,53358,SHC3,53358
53373,53373,mapped,Entrez,53373,TPCN1,53373
53616,53616,mapped,Entrez,53616,ADAM22,53616
53632,53632,mapped,Entrez,53632,PRKAG3,53632
53635,53635,mapped,Entrez,53635,PTOV1,53635
53637,53637,mapped,Entrez,53637,S1PR5,53637
53820,53820,mapped,Entrez,53820,RIPPLY3,53820
53831,53831,mapped,Entrez,53831,GPR84,53831
53838,53838,mapped,Entrez,53838,C11orf24,53838
53842,53842,mapped,Entrez,53842,CLDN22,53842
53904,53904,mapped,Entrez,53904,MYO3A,53904
53905,53905,mapped,Entrez,53905,DUOX1,53905
53916,53916,mapped,Entrez,53916,RAB4B,53916
53919,53919,mapped,Entrez,53919,SLCO1C1,53919
53942,53942,mapped,Entrez,53942,CNTN5,53942
53947,53947,mapped,Entrez,53947,A4GALT,53947
53981,53981,mapped,Entrez,53981,CPSF2,53981
54014,54014,mapped,Entrez,54014,BRWD1,54014
54058,54058,mapped,Entrez,54058,C21orf58,54058
54101,54101,mapped,Entrez,54101,RIPK4,54101
54103,54103,mapped,Entrez,54103,GSAP,54103
54106,54106,mapped,Entrez,54106,TLR9,54106
54107,54107,mapped,Entrez,54107,POLE3,54107
54187,54187,mapped,Entrez,54187,NANS,54187
54209,54209,mapped,Entrez,54209,TREM2,54209
54210,54210,mapped,Entrez,54210,TREM1,54210
54221,54221,mapped,Entrez,54221,SNTG2,54221
54328,54328,mapped,Entrez,54328,GPR173,54328
54346,54346,mapped,Entrez,54346,UNC93A,54346
54386,54386,mapped,Entrez,54386,TERF2IP,54386
54413,54413,mapped,Entrez,54413,NLGN3,54413
54429,54429,mapped,Entrez,54429,TAS2R5,54429
54431,54431,mapped,Entrez,54431,DNAJC10,54431
54432,54432,mapped,Entrez,54432,YIPF1,54432
54437,54437,mapped,Entrez,54437,SEMA5B,54437
54438,54438,mapped,Entrez,54438,GFOD1,54438
54439,54439,mapped,Entrez,54439,RBM27,54439
54440,54440,mapped,Entrez,54440,SASH3,54440
54453,54453,mapped,Entrez,54453,RIN2,54453
54454,54454,mapped,Entrez,54454,ATAD2B,54454
54460,54460,mapped,Entrez,54460,MRPS21,54460
54461,54461,mapped,Entrez,54461,FBXW5,54461
54462,54462,mapped,Entrez,54462,CCSER2,54462
54463,54463,mapped,Entrez,54463,RETREG1,54463
54467,54467,mapped,Entrez,54467,ANKIB1,54467
54471,54471,mapped,Entrez,54471,MIEF1,54471
54476,54476,mapped,Entrez,54476,RNF216,54476
54477,54477,mapped,Entrez,54477,PLEKHA5,54477
54482,54482,mapped,Entrez,54482,TRMT13,54482
54487,54487,mapped,Entrez,54487,DGCR8,54487
54494,54494,mapped,Entrez,54494,C11orf71,54494
54496,54496,mapped,Entrez,54496,PRMT7,54496
54497,54497,mapped,Entrez,54497,HEATR5B,54497
54498,54498,mapped,Entrez,54498,SMOX,54498
54499,54499,mapped,Entrez,54499,TMCO1,54499
54510,54510,mapped,Entrez,54510,PCDH18,54510
54512,54512,mapped,Entrez,54512,EXOSC4,54512
54514,54514,mapped,Entrez,54514,DDX4,54514
54521,54521,mapped,Entrez,54521,WDR44,54521
54531,54531,mapped,Entrez,54531,MIER2,54531
54535,54535,mapped,Entrez,54535,CCHCR1,54535
54544,54544,mapped,Entrez,54544,CRCT1,54544
54554,54554,mapped,Entrez,54554,WDR5B,54554
54556,54556,mapped,Entrez,54556,ING3,54556
54558,54558,mapped,Entrez,54558,SPATA6,54558
54566,54566,mapped,Entrez,54566,EPB41L4B,54566
54575,54575,mapped,Entrez,54575,UGT1A10,54575
54602,54602,mapped,Entrez,54602,NDFIP2,54602
54606,54606,mapped,Entrez,54606,DDX56,54606
54622,54622,mapped,Entrez,54622,ARL15,54622
54623,54623,mapped,Entrez,54623,PAF1,54623
54627,54627,mapped,Entrez,54627,MAP10,54627
54659,54659,mapped,Entrez,54659,UGT1A3,54659
54665,54665,mapped,Entrez,54665,RSBN1,54665
54707,54707,mapped,Entrez,54707,GPN2,54707
54732,54732,mapped,Entrez,54732,TMED9,54732
54733,54733,mapped,Entrez,54733,SLC35F2,54733
54742,54742,mapped,Entrez,54742,LY6K,54742
54751,54751,mapped,Entrez,54751,FBLIM1,54751
54754,54754,mapped,Entrez,54754,NUTM2F,54754
54756,54756,mapped,Entrez,54756,IL17RD,54756
54763,54763,mapped,Entrez,54763,ROPN1,54763
54765,54765,mapped,Entrez,54765,TRIM44,54765
54768,54768,mapped,Entrez,54768,HYDIN,54768
54778,54778,mapped,Entrez,54778,RNF111,54778
54780,54780,mapped,Entrez,54780,NSMCE4A,54780
54795,54795,mapped,Entrez,54795,TRPM4,54795
54798,54798,mapped,Entrez,54798,DCHS2,54798
54814,54814,mapped,Entrez,54814,QPCTL,54814
54816,54816,mapped,Entrez,54816,ZNF280D,54816
54820,54820,mapped,Entrez,54820,NDE1,54820
54821,54821,mapped,Entrez,54821,ERCC6L,54821
54832,54832,mapped,Entrez,54832,VPS13C,54832
54834,54834,mapped,Entrez,54834,GDAP2,54834
54840,54840,mapped,Entrez,54840,APTX,54840
54841,54841,mapped,Entrez,54841,BIVM,54841
54842,54842,mapped,Entrez,54842,MFSD6,54842
54851,54851,mapped,Entrez,54851,ANKRD49,54851
54852,54852,mapped,Entrez,54852,PAQR5,54852
54854,54854,mapped,Entrez,54854,SACK1E,54854
54860,54860,mapped,Entrez,54860,MS4A12,54860
54861,54861,mapped,Entrez,54861,SNRK,54861
54866,54866,mapped,Entrez,54866,PPP1R14D,54866
54867,54867,mapped,Entrez,54867,TMEM214,54867
54869,54869,mapped,Entrez,54869,EPS8L1,54869
54874,54874,mapped,Entrez,54874,FNBP1L,54874
54875,54875,mapped,Entrez,54875,CNTLN,54875
54887,54887,mapped,Entrez,54887,BLTP3A,54887
54888,54888,mapped,Entrez,54888,NSUN2,54888
54894,54894,mapped,Entrez,54894,RNF43,54894
54896,54896,mapped,Entrez,54896,SLC66A1,54896
54897,54897,mapped,Entrez,54897,CASZ1,54897
54898,54898,mapped,Entrez,54898,ELOVL2,54898
54900,54900,mapped,Entrez,54900,LAX1,54900
54901,54901,mapped,Entrez,54901,CDKAL1,54901
54903,54903,mapped,Entrez,54903,MKS1,54903
54905,54905,mapped,Entrez,54905,CYP2W1,54905
54910,54910,mapped,Entrez,54910,SEMA4C,54910
54916,54916,mapped,Entrez,54916,TMEM260,54916
54923,54923,mapped,Entrez,54923,LIME1,54923
54926,54926,mapped,Entrez,54926,UBE2R2,54926
54932,54932,mapped,Entrez,54932,EXD3,54932
54933,54933,mapped,Entrez,54933,RHBDL2,54933
54942,54942,mapped,Entrez,54942,ABITRAM,54942
54952,54952,mapped,Entrez,54952,TRNAU1AP,54952
54953,54953,mapped,Entrez,54953,ODR4,54953
54954,54954,mapped,Entrez,54954,FAM120C,54954
54955,54955,mapped,Entrez,54955,AIRIM,54955
54957,54957,mapped,Entrez,54957,TXNL4B,54957
54958,54958,mapped,Entrez,54958,TMEM160,54958
54965,54965,mapped,Entrez,54965,PIGX,54965
54977,54977,mapped,Entrez,54977,SLC25A38,54977
54981,54981,mapped,Entrez,54981,NMRK1,54981
54985,54985,mapped,Entrez,54985,HCFC1R1,54985
54987,54987,mapped,Entrez,54987,CZIB,54987
54988,54988,mapped,Entrez,54988,ACSM5,54988
54991,54991,mapped,Entrez,54991,C1orf159,54991
54995,54995,mapped,Entrez,54995,OXSM,54995
54998,54998,mapped,Entrez,54998,AURKAIP1,54998
55003,55003,mapped,Entrez,55003,PAK1IP1,55003
55006,55006,mapped,Entrez,55006,TRMT61B,55006
55013,55013,mapped,Entrez,55013,MCUB,55013
55014,55014,mapped,Entrez,55014,STX17,55014
55017,55017,mapped,Entrez,55017,C14orf119,55017
55020,55020,mapped,Entrez,55020,TTC38,55020
55032,55032,mapped,Entrez,55032,SLC35A5,55032
55034,55034,mapped,Entrez,55034,MOCOS,55034
55038,55038,mapped,Entrez,55038,CDCA4,55038
55048,55048,mapped,Entrez,55048,VPS37C,55048
55051,55051,mapped,Entrez,55051,NRDE2,55051
55061,55061,mapped,Entrez,55061,SUSD4,55061
55062,55062,mapped,Entrez,55062,WIPI1,55062
55064,55064,mapped,Entrez,55064,SPATA6L,55064
55075,55075,mapped,Entrez,55075,UACA,55075
55095,55095,mapped,Entrez,55095,SAMD4B,55095
55105,55105,mapped,Entrez,55105,GPATCH2,55105
55108,55108,mapped,Entrez,55108,BSDC1,55108
55110,55110,mapped,Entrez,55110,MAGOHB,55110
55111,55111,mapped,Entrez,55111,PLEKHJ1,55111
55112,55112,mapped,Entrez,55112,DYNC2I1,55112
55113,55113,mapped,Entrez,55113,XKR8,55113
55114,55114,mapped,Entrez,55114,ARHGAP17,55114
55120,55120,mapped,Entrez,55120,FANCL,55120
55127,55127,mapped,Entrez,55127,HEATR1,55127
55138,55138,mapped,Entrez,55138,FAM90A1,55138
55140,55140,mapped,Entrez,55140,ELP3,55140
55145,55145,mapped,Entrez,55145,THAP1,55145
55149,55149,mapped,Entrez,55149,MTPAP,55149
55150,55150,mapped,Entrez,55150,C19orf73,55150
55153,55153,mapped,Entrez,55153,SDAD1,55153
55159,55159,mapped,Entrez,55159,RFWD3,55159
55161,55161,mapped,Entrez,55161,TMEM33,55161
55163,55163,mapped,Entrez,55163,PNPO,55163
55165,55165,mapped,Entrez,55165,CEP55,55165
55168,55168,mapped,Entrez,55168,MRPS18A,55168
55170,55170,mapped,Entrez,55170,PRMT6,55170
55175,55175,mapped,Entrez,55175,KLHL11,55175
55177,55177,mapped,Entrez,55177,RMDN3,55177
55181,55181,mapped,Entrez,55181,SMG8,55181
55192,55192,mapped,Entrez,55192,DNAJC17,55192
55200,55200,mapped,Entrez,55200,PLEKHG6,55200
55203,55203,mapped,Entrez,55203,LGI2,55203
55206,55206,mapped,Entrez,55206,SBNO1,55206
55214,55214,mapped,Entrez,55214,P3H2,55214
55217,55217,mapped,Entrez,55217,TMLHE,55217
55218,55218,mapped,Entrez,55218,EXD2,55218
55222,55222,mapped,Entrez,55222,LRRC20,55222
55223,55223,mapped,Entrez,55223,TRIM62,55223
55233,55233,mapped,Entrez,55233,MOB1A,55233
55237,55237,mapped,Entrez,55237,VRTN,55237
55238,55238,mapped,Entrez,55238,SLC38A7,55238
55239,55239,mapped,Entrez,55239,OGFOD1,55239
55240,55240,mapped,Entrez,55240,STEAP3,55240
55243,55243,mapped,Entrez,55243,KIRREL1,55243
55245,55245,mapped,Entrez,55245,UQCC1,55245
55251,55251,mapped,Entrez,55251,PCMTD2,55251
55252,55252,mapped,Entrez,55252,ASXL2,55252
55254,55254,mapped,Entrez,55254,TMEM39A,55254
55257,55257,mapped,Entrez,55257,MRGBP,55257
55259,55259,mapped,Entrez,55259,DNAI7,55259
55262,55262,mapped,Entrez,55262,TRAPPC14,55262
55266,55266,mapped,Entrez,55266,FAABTP,55266
55273,55273,mapped,Entrez,55273,TMEM100,55273
55275,55275,mapped,Entrez,55275,VPS53,55275
55283,55283,mapped,Entrez,55283,MCOLN3,55283
55285,55285,mapped,Entrez,55285,RBM41,55285
55290,55290,mapped,Entrez,55290,BRF2,55290
55299,55299,mapped,Entrez,55299,BRIX1,55299
55316,55316,mapped,Entrez,55316,RSAD1,55316
55317,55317,mapped,Entrez,55317,AP5S1,55317
55325,55325,mapped,Entrez,55325,UFSP2,55325
55341,55341,mapped,Entrez,55341,LSG1,55341
55346,55346,mapped,Entrez,55346,TCP11L1,55346
55347,55347,mapped,Entrez,55347,ABHD10,55347
55352,55352,mapped,Entrez,55352,COPRS,55352
55364,55364,mapped,Entrez,55364,IMPACT,55364
55366,55366,mapped,Entrez,55366,LGR4,55366
55388,55388,mapped,Entrez,55388,MCM10,55388
55390,55390,mapped,Entrez,55390,PRO2268,55390
55423,55423,mapped,Entrez,55423,SIRPG,55423
55454,55454,mapped,Entrez,55454,CSGALNACT2,55454
55501,55501,mapped,Entrez,55501,CHST12,55501
55508,55508,mapped,Entrez,55508,SLC35E3,55508
55510,55510,mapped,Entrez,55510,DDX43,55510
55511,55511,mapped,Entrez,55511,SAGE1,55511
55526,55526,mapped,Entrez,55526,DHTKD1,55526
55530,55530,mapped,Entrez,55530,SVOP,55530
55531,55531,mapped,Entrez,55531,ELMOD1,55531
55544,55544,mapped,Entrez,55544,RBM38,55544
55554,55554,mapped,Entrez,55554,KLK15,55554
55559,55559,mapped,Entrez,55559,HAUS7,55559
55571,55571,mapped,Entrez,55571,CNOT11,55571
55572,55572,mapped,Entrez,55572,FOXRED1,55572
55577,55577,mapped,Entrez,55577,NAGK,55577
55578,55578,mapped,Entrez,55578,SUPT20H,55578
55589,55589,mapped,Entrez,55589,BMP2K,55589
55596,55596,mapped,Entrez,55596,ZCCHC8,55596
55599,55599,mapped,Entrez,55599,RNPC3,55599
55608,55608,mapped,Entrez,55608,ANKRD10,55608
55616,55616,mapped,Entrez,55616,ASAP3,55616
55619,55619,mapped,Entrez,55619,DOCK10,55619
55620,55620,mapped,Entrez,55620,STAP2,55620
55628,55628,mapped,Entrez,55628,ZNF407,55628
55629,55629,mapped,Entrez,55629,PNRC2,55629
55651,55651,mapped,Entrez,55651,NHP2,55651
55653,55653,mapped,Entrez,55653,BCAS4,55653
55655,55655,mapped,Entrez,55655,NLRP2,55655
55656,55656,mapped,Entrez,55656,INTS8,55656
55657,55657,mapped,Entrez,55657,ZNF692,55657
55658,55658,mapped,Entrez,55658,RNF126,55658
55665,55665,mapped,Entrez,55665,URGCP,55665
55669,55669,mapped,Entrez,55669,MFN1,55669
55676,55676,mapped,Entrez,55676,SLC30A6,55676
55681,55681,mapped,Entrez,55681,SCYL2,55681
55683,55683,mapped,Entrez,55683,KANSL3,55683
55684,55684,mapped,Entrez,55684,RABL6,55684
55695,55695,mapped,Entrez,55695,NSUN5,55695
55698,55698,mapped,Entrez,55698,RADIL,55698
55701,55701,mapped,Entrez,55701,ARHGEF40,55701
55720,55720,mapped,Entrez,55720,TSR1,55720
55722,55722,mapped,Entrez,55722,CEP72,55722
55731,55731,mapped,Entrez,55731,FAM222B,55731
55732,55732,mapped,Entrez,55732,FIRRM,55732
55733,55733,mapped,Entrez,55733,HHAT,55733
55734,55734,mapped,Entrez,55734,ZFP64,55734
55737,55737,mapped,Entrez,55737,VPS35,55737
55739,55739,mapped,Entrez,55739,NAXD,55739
55742,55742,mapped,Entrez,55742,PARVA,55742
55752,55752,mapped,Entrez,55752,SEPTIN11,55752
55755,55755,mapped,Entrez,55755,CDK5RAP2,55755
55762,55762,mapped,Entrez,55762,ZNF701,55762
55763,55763,mapped,Entrez,55763,EXOC1,55763
55765,55765,mapped,Entrez,55765,INAVA,55765
55768,55768,mapped,Entrez,55768,NGLY1,55768
55769,55769,mapped,Entrez,55769,ZNF83,55769
55773,55773,mapped,Entrez,55773,TBC1D23,55773
55776,55776,mapped,Entrez,55776,SAYSD1,55776
55783,55783,mapped,Entrez,55783,CMTR2,55783
55784,55784,mapped,Entrez,55784,MCTP2,55784
55785,55785,mapped,Entrez,55785,FGD6,55785
55789,55789,mapped,Entrez,55789,DEPDC1B,55789
55794,55794,mapped,Entrez,55794,DDX28,55794
55808,55808,mapped,Entrez,55808,ST6GALNAC1,55808
55810,55810,mapped,Entrez,55810,FOXJ2,55810
55811,55811,mapped,Entrez,55811,ADCY10,55811
55813,55813,mapped,Entrez,55813,UTP6,55813
55830,55830,mapped,Entrez,55830,GLT8D1,55830
55831,55831,mapped,Entrez,55831,EMC3,55831
55833,55833,mapped,Entrez,55833,UBAP2,55833
55851,55851,mapped,Entrez,55851,PSENEN,55851
55856,55856,mapped,Entrez,55856,ACOT13,55856
55857,55857,mapped,Entrez,55857,KIZ,55857
55861,55861,mapped,Entrez,55861,DBNDD2,55861
55862,55862,mapped,Entrez,55862,ECHDC1,55862
55863,55863,mapped,Entrez,55863,TMEM126B,55863
55867,55867,mapped,Entrez,55867,SLC22A11,55867
55869,55869,mapped,Entrez,55869,HDAC8,55869
55872,55872,mapped,Entrez,55872,PBK,55872
55876,55876,mapped,Entrez,55876,GSDMB,55876
55888,55888,mapped,Entrez,55888,ZKSCAN7,55888
55890,55890,mapped,Entrez,55890,GPRC5C,55890
55904,55904,mapped,Entrez,55904,KMT2E,55904
55906,55906,mapped,Entrez,55906,ZC4H2,55906
55915,55915,mapped,Entrez,55915,LANCL2,55915
55930,55930,mapped,Entrez,55930,MYO5C,55930
55937,55937,mapped,Entrez,55937,APOM,55937
55957,55957,mapped,Entrez,55957,LIN37,55957
55958,55958,mapped,Entrez,55958,KLHL9,55958
55959,55959,mapped,Entrez,55959,SULF2,55959
55972,55972,mapped,Entrez,55972,SLC25A40,55972
55973,55973,mapped,Entrez,55973,BCAP29,55973
55974,55974,mapped,Entrez,55974,SLC50A1,55974
56000,56000,mapped,Entrez,56000,NXF3,56000
56005,56005,mapped,Entrez,56005,MYDGF,56005
56062,56062,mapped,Entrez,56062,KLHL4,56062
56063,56063,mapped,Entrez,56063,TMEM234,56063
56097,56097,mapped,Entrez,56097,PCDHGC5,56097
56099,56099,mapped,Entrez,56099,PCDHGB7,56099
56123,56123,mapped,Entrez,56123,PCDHB13,56123
56126,56126,mapped,Entrez,56126,PCDHB10,56126
56131,56131,mapped,Entrez,56131,PCDHB4,56131
56134,56134,mapped,Entrez,56134,PCDHAC2,56134
56136,56136,mapped,Entrez,56136,PCDHA13,56136
56140,56140,mapped,Entrez,56140,PCDHA8,56140
56154,56154,mapped,Entrez,56154,TEX15,56154
56159,56159,mapped,Entrez,56159,TEX11,56159
56160,56160,mapped,Entrez,56160,NSMCE3,56160
56163,56163,mapped,Entrez,56163,RNF17,56163
56164,56164,mapped,Entrez,56164,STK31,56164
56169,56169,mapped,Entrez,56169,GSDMC,56169
56171,56171,mapped,Entrez,56171,DNAH7,56171
56180,56180,mapped,Entrez,56180,MOSPD1,56180
56181,56181,mapped,Entrez,56181,MTFR1L,56181
56243,56243,mapped,Entrez,56243,KIAA1217,56243
56246,56246,mapped,Entrez,56246,MRAP,56246
56252,56252,mapped,Entrez,56252,YLPM1,56252
56257,56257,mapped,Entrez,56257,MEPCE,56257
56262,56262,mapped,Entrez,56262,LRRC8A,56262
56300,56300,mapped,Entrez,56300,IL36G,56300
56302,56302,mapped,Entrez,56302,TRPV5,56302
56311,56311,mapped,Entrez,56311,ANKRD7,56311
56339,56339,mapped,Entrez,56339,METTL3,56339
56342,56342,mapped,Entrez,56342,PPAN,56342
56413,56413,mapped,Entrez,56413,LTB4R2,56413
56474,56474,mapped,Entrez,56474,CTPS2,56474
56548,56548,mapped,Entrez,56548,CHST7,56548
56606,56606,mapped,Entrez,56606,SLC2A9,56606
56647,56647,mapped,Entrez,56647,BCCIP,56647
56652,56652,mapped,Entrez,56652,TWNK,56652
56658,56658,mapped,Entrez,56658,TRIM39,56658
56667,56667,mapped,Entrez,56667,MUC13,56667
56673,56673,mapped,Entrez,56673,C11orf16,56673
56681,56681,mapped,Entrez,56681,SAR1A,56681
56683,56683,mapped,Entrez,56683,CFAP298,56683
56729,56729,mapped,Entrez,56729,RETN,56729
56884,56884,mapped,Entrez,56884,FSTL5,56884
56889,56889,mapped,Entrez,56889,TM9SF3,56889
56894,56894,mapped,Entrez,56894,AGPAT3,56894
56898,56898,mapped,Entrez,56898,BDH2,56898
56899,56899,mapped,Entrez,56899,ANKS1B,56899
56902,56902,mapped,Entrez,56902,PNO1,56902
56911,56911,mapped,Entrez,56911,MAP3K7CL,56911
56913,56913,mapped,Entrez,56913,C1GALT1,56913
56914,56914,mapped,Entrez,56914,OTOR,56914
56923,56923,mapped,Entrez,56923,NMUR2,56923
56924,56924,mapped,Entrez,56924,PAK6,56924
56934,56934,mapped,Entrez,56934,CA10,56934
56942,56942,mapped,Entrez,56942,CMC2,56942
56943,56943,mapped,Entrez,56943,ENY2,56943
56961,56961,mapped,Entrez,56961,SHD,56961
56967,56967,mapped,Entrez,56967,C14orf132,56967
56981,56981,mapped,Entrez,56981,PRDM11,56981
56985,56985,mapped,Entrez,56985,ADPRM,56985
56986,56986,mapped,Entrez,56986,DTWD1,56986
56987,56987,mapped,Entrez,56987,BBX,56987
56994,56994,mapped,Entrez,56994,CHPT1,56994
56997,56997,mapped,Entrez,56997,COQ8A,56997
57001,57001,mapped,Entrez,57001,SDHAF3,57001
57007,57007,mapped,Entrez,57007,ACKR3,57007
57010,57010,mapped,Entrez,57010,CABP4,57010
57017,57017,mapped,Entrez,57017,COQ9,57017
57045,57045,mapped,Entrez,57045,TWSG1,57045
57046,57046,mapped,Entrez,57046,HRES2,57046
57047,57047,mapped,Entrez,57047,PLSCR2,57047
57060,57060,mapped,Entrez,57060,PCBP4,57060
57085,57085,mapped,Entrez,57085,AGTRAP,57085
57089,57089,mapped,Entrez,57089,ENTPD7,57089
57096,57096,mapped,Entrez,57096,RPGRIP1,57096
57106,57106,mapped,Entrez,57106,NAT14,57106
57110,57110,mapped,Entrez,57110,PLAAT1,57110
57111,57111,mapped,Entrez,57111,RAB25,57111
57113,57113,mapped,Entrez,57113,TRPC7,57113
57120,57120,mapped,Entrez,57120,GOPC,57120
57125,57125,mapped,Entrez,57125,PLXDC1,57125
57134,57134,mapped,Entrez,57134,MAN1C1,57134
57136,57136,mapped,Entrez,57136,APMAP,57136
57150,57150,mapped,Entrez,57150,SMIM8,57150
57159,57159,mapped,Entrez,57159,TRIM54,57159
57162,57162,mapped,Entrez,57162,PELI1,57162
57172,57172,mapped,Entrez,57172,CAMK1G,57172
57175,57175,mapped,Entrez,57175,CORO1B,57175
57178,57178,mapped,Entrez,57178,ZMIZ1,57178
57180,57180,mapped,Entrez,57180,ACTR3B,57180
57198,57198,mapped,Entrez,57198,ATP8B2,57198
57226,57226,mapped,Entrez,57226,LYRM2,57226
57325,57325,mapped,Entrez,57325,KAT14,57325
57335,57335,mapped,Entrez,57335,ZNF286A,57335
57337,57337,mapped,Entrez,57337,SENP7,57337
57338,57338,mapped,Entrez,57338,JPH3,57338
57348,57348,mapped,Entrez,57348,TTYH1,57348
57379,57379,mapped,Entrez,57379,AICDA,57379
57380,57380,mapped,Entrez,57380,MRS2,57380
57396,57396,mapped,Entrez,57396,CLK4,57396
57402,57402,mapped,Entrez,57402,S100A14,57402
57404,57404,mapped,Entrez,57404,CYP20A1,57404
57406,57406,mapped,Entrez,57406,ABHD6,57406
57415,57415,mapped,Entrez,57415,CEP15,57415
57446,57446,mapped,Entrez,57446,NDRG3,57446
57448,57448,mapped,Entrez,57448,BIRC6,57448
57459,57459,mapped,Entrez,57459,GATAD2B,57459
57462,57462,mapped,Entrez,57462,MYORG,57462
57465,57465,mapped,Entrez,57465,TBC1D24,57465
57467,57467,mapped,Entrez,57467,HHATL,57467
57470,57470,mapped,Entrez,57470,LRRC47,57470
57471,57471,mapped,Entrez,57471,ERMN,57471
57473,57473,mapped,Entrez,57473,ZNF512B,57473
57474,57474,mapped,Entrez,57474,ZNF490,57474
57477,57477,mapped,Entrez,57477,SHROOM4,57477
57479,57479,mapped,Entrez,57479,PRR12,57479
57480,57480,mapped,Entrez,57480,PLEKHG1,57480
57481,57481,mapped,Entrez,57481,KIAA1210,57481
57482,57482,mapped,Entrez,57482,CRACD,57482
57484,57484,mapped,Entrez,57484,RNF150,57484
57492,57492,mapped,Entrez,57492,ARID1B,57492
57494,57494,mapped,Entrez,57494,RIMKLB,57494
57496,57496,mapped,Entrez,57496,MRTFB,57496
57501,57501,mapped,Entrez,57501,CFAP92,57501
57505,57505,mapped,Entrez,57505,AARS2,57505
57507,57507,mapped,Entrez,57507,ZNF608,57507
57508,57508,mapped,Entrez,57508,INTS2,57508
57510,57510,mapped,Entrez,57510,XPO5,57510
57512,57512,mapped,Entrez,57512,GPR158,57512
57520,57520,mapped,Entrez,57520,HECW2,57520
57528,57528,mapped,Entrez,57528,KCTD16,57528
57529,57529,mapped,Entrez,57529,RTL9,57529
57531,57531,mapped,Entrez,57531,HACE1,57531
57533,57533,mapped,Entrez,57533,TBC1D14,57533
57534,57534,mapped,Entrez,57534,MIB1,57534
57535,57535,mapped,Entrez,57535,ELAPOR1,57535
57538,57538,mapped,Entrez,57538,ALPK3,57538
57541,57541,mapped,Entrez,57541,ZNF398,57541
57545,57545,mapped,Entrez,57545,CC2D2A,57545
57546,57546,mapped,Entrez,57546,PDP2,57546
57552,57552,mapped,Entrez,57552,NCEH1,57552
57556,57556,mapped,Entrez,57556,SEMA6A,57556
57558,57558,mapped,Entrez,57558,USP35,57558
57563,57563,mapped,Entrez,57563,KLHL8,57563
57567,57567,mapped,Entrez,57567,ZNF319,57567
57569,57569,mapped,Entrez,57569,ARHGAP20,57569
57573,57573,mapped,Entrez,57573,ZNF471,57573
57576,57576,mapped,Entrez,57576,KIF17,57576
57577,57577,mapped,Entrez,57577,CCDC191,57577
57579,57579,mapped,Entrez,57579,FAM135A,57579
57586,57586,mapped,Entrez,57586,SYT13,57586
57591,57591,mapped,Entrez,57591,MRTFA,57591
57592,57592,mapped,Entrez,57592,ZNF687,57592
57597,57597,mapped,Entrez,57597,BAHCC1,57597
57602,57602,mapped,Entrez,57602,USP36,57602
57604,57604,mapped,Entrez,57604,TRMT9B,57604
57605,57605,mapped,Entrez,57605,PITPNM2,57605
57608,57608,mapped,Entrez,57608,JCAD,57608
57609,57609,mapped,Entrez,57609,DIP2B,57609
57614,57614,mapped,Entrez,57614,RELCH,57614
57616,57616,mapped,Entrez,57616,TSHZ3,57616
57619,57619,mapped,Entrez,57619,SHROOM3,57619
57624,57624,mapped,Entrez,57624,NYAP2,57624
57628,57628,mapped,Entrez,57628,DPP10,57628
57642,57642,mapped,Entrez,57642,COL20A1,57642
57643,57643,mapped,Entrez,57643,ZSWIM5,57643
57645,57645,mapped,Entrez,57645,POGK,57645
57647,57647,mapped,Entrez,57647,DHX37,57647
57655,57655,mapped,Entrez,57655,GRAMD1A,57655
57673,57673,mapped,Entrez,57673,BEND3,57673
57674,57674,mapped,Entrez,57674,RNF213,57674
57679,57679,mapped,Entrez,57679,ALS2,57679
57689,57689,mapped,Entrez,57689,LRRC4C,57689
57690,57690,mapped,Entrez,57690,TNRC6C,57690
57691,57691,mapped,Entrez,57691,KIAA1586,57691
57705,57705,mapped,Entrez,57705,WDFY4,57705
57707,57707,mapped,Entrez,57707,MEAK7,57707
57709,57709,mapped,Entrez,57709,SLC7A14,57709
57711,57711,mapped,Entrez,57711,ZNF529,57711
57717,57717,mapped,Entrez,57717,PCDHB16,57717
57718,57718,mapped,Entrez,57718,PPP4R4,57718
57761,57761,mapped,Entrez,57761,TRIB3,57761
57786,57786,mapped,Entrez,57786,RBAK,57786
57817,57817,mapped,Entrez,57817,HAMP,57817
57819,57819,mapped,Entrez,57819,LSM2,57819
57820,57820,mapped,Entrez,57820,CCNB1IP1,57820
57835,57835,mapped,Entrez,57835,SLC4A5,57835
57862,57862,mapped,Entrez,57862,ZNF410,57862
57876,57876,mapped,Entrez,57876,MUC3B,57876
58189,58189,mapped,Entrez,58189,WFDC1,58189
58190,58190,mapped,Entrez,58190,CTDSP1,58190
58191,58191,mapped,Entrez,58191,CXCL16,58191
58473,58473,mapped,Entrez,58473,PLEKHB1,58473
58475,58475,mapped,Entrez,58475,MS4A7,58475
58484,58484,mapped,Entrez,58484,NLRC4,58484
58486,58486,mapped,Entrez,58486,ZBED5,58486
58493,58493,mapped,Entrez,58493,INIP,58493
58497,58497,mapped,Entrez,58497,PRUNE1,58497
58498,58498,mapped,Entrez,58498,MYL7,58498
58499,58499,mapped,Entrez,58499,ZNF462,58499
58505,58505,mapped,Entrez,58505,OSTC,58505
58516,58516,mapped,Entrez,58516,SINHCAF,58516
58526,58526,mapped,Entrez,58526,MID1IP1,58526
58531,58531,mapped,Entrez,58531,PRM3,58531
58533,58533,mapped,Entrez,58533,SNX6,58533
59084,59084,mapped,Entrez,59084,ENPP5,59084
59272,59272,mapped,Entrez,59272,ACE2,59272
59277,59277,mapped,Entrez,59277,NTN4,59277
59283,59283,mapped,Entrez,59283,CACNG8,59283
59285,59285,mapped,Entrez,59285,CACNG6,59285
59340,59340,mapped,Entrez,59340,HRH4,59340
59349,59349,mapped,Entrez,59349,KLHL12,59349
59352,59352,mapped,Entrez,59352,LGR6,59352
60313,60313,mapped,Entrez,60313,GPBP1L1,60313
60370,60370,mapped,Entrez,60370,AVPI1,60370
60385,60385,mapped,Entrez,60385,TSKS,60385
60436,60436,mapped,Entrez,60436,TGIF2,60436
60437,60437,mapped,Entrez,60437,CDH26,60437
60484,60484,mapped,Entrez,60484,HAPLN2,60484
60488,60488,mapped,Entrez,60488,MRPS35,60488
60489,60489,mapped,Entrez,60489,APOBEC3G,60489
60492,60492,mapped,Entrez,60492,CCDC90B,60492
60559,60559,mapped,Entrez,60559,SPCS3,60559
60560,60560,mapped,Entrez,60560,NAA35,60560
60625,60625,mapped,Entrez,60625,DHX35,60625
60672,60672,mapped,Entrez,60672,MIIP,60672
60681,60681,mapped,Entrez,60681,FKBP10,60681
60682,60682,mapped,Entrez,60682,SMAP1,60682
60685,60685,mapped,Entrez,60685,ZFAND3,60685
63874,63874,mapped,Entrez,63874,ABHD4,63874
63876,63876,mapped,Entrez,63876,PKNOX2,63876
63877,63877,mapped,Entrez,63877,FAM204A,63877
63894,63894,mapped,Entrez,63894,VIPAS39,63894
63904,63904,mapped,Entrez,63904,DUSP21,63904
63905,63905,mapped,Entrez,63905,MANBAL,63905
63915,63915,mapped,Entrez,63915,BLOC1S5,63915
63920,63920,mapped,Entrez,63920,ZBED8,63920
63931,63931,mapped,Entrez,63931,MRPS14,63931
63933,63933,mapped,Entrez,63933,MCUR1,63933
63935,63935,mapped,Entrez,63935,PCIF1,63935
63947,63947,mapped,Entrez,63947,DMRTC1,63947
63950,63950,mapped,Entrez,63950,DMRTA2,63950
63970,63970,mapped,Entrez,63970,TP53AIP1,63970
63971,63971,mapped,Entrez,63971,KIF13A,63971
64005,64005,mapped,Entrez,64005,MYO1G,64005
64062,64062,mapped,Entrez,64062,RBM26,64062
64064,64064,mapped,Entrez,64064,OXCT2,64064
64072,64072,mapped,Entrez,64072,CDH23,64072
64080,64080,mapped,Entrez,64080,RBKS,64080
64089,64089,mapped,Entrez,64089,SNX16,64089
64090,64090,mapped,Entrez,64090,GAL3ST2,64090
64092,64092,mapped,Entrez,64092,SAMSN1,64092
64097,64097,mapped,Entrez,64097,EPB41L4A,64097
64098,64098,mapped,Entrez,64098,PARVG,64098
64100,64100,mapped,Entrez,64100,ELSPBP1,64100
64109,64109,mapped,Entrez,64109,CRLF2,64109
64121,64121,mapped,Entrez,64121,RRAGC,64121
64123,64123,mapped,Entrez,64123,ADGRL4,64123
64135,64135,mapped,Entrez,64135,IFIH1,64135
64137,64137,mapped,Entrez,64137,ABCG4,64137
64170,64170,mapped,Entrez,64170,CARD9,64170
64172,64172,mapped,Entrez,64172,OSGEPL1,64172
64180,64180,mapped,Entrez,64180,DPEP3,64180
64210,64210,mapped,Entrez,64210,MMS19,64210
64216,64216,mapped,Entrez,64216,TFB2M,64216
64218,64218,mapped,Entrez,64218,SEMA4A,64218
64220,64220,mapped,Entrez,64220,STRA6,64220
64221,64221,mapped,Entrez,64221,ROBO3,64221
64225,64225,mapped,Entrez,64225,ATL2,64225
64231,64231,mapped,Entrez,64231,MS4A6A,64231
64241,64241,mapped,Entrez,64241,ABCG8,64241
64320,64320,mapped,Entrez,64320,RNF25,64320
64324,64324,mapped,Entrez,64324,NSD1,64324
64326,64326,mapped,Entrez,64326,COP1,64326
64359,64359,mapped,Entrez,64359,NXN,64359
64393,64393,mapped,Entrez,64393,ZMAT3,64393
64398,64398,mapped,Entrez,64398,PALS1,64398
64405,64405,mapped,Entrez,64405,CDH22,64405
64412,64412,mapped,Entrez,64412,GZF1,64412
64417,64417,mapped,Entrez,64417,TMEM267,64417
64419,64419,mapped,Entrez,64419,MTMR14,64419
64421,64421,mapped,Entrez,64421,DCLRE1C,64421
64423,64423,mapped,Entrez,64423,INF2,64423
64427,64427,mapped,Entrez,64427,TTC31,64427
64431,64431,mapped,Entrez,64431,ACTR6,64431
64434,64434,mapped,Entrez,64434,NOM1,64434
64506,64506,mapped,Entrez,64506,CPEB1,64506
64518,64518,mapped,Entrez,64518,TEKT3,64518
64577,64577,mapped,Entrez,64577,ALDH8A1,64577
64582,64582,mapped,Entrez,64582,GPR135,64582
64699,64699,mapped,Entrez,64699,TMPRSS3,64699
64746,64746,mapped,Entrez,64746,ACBD3,64746
64755,64755,mapped,Entrez,64755,RUSF1,64755
64759,64759,mapped,Entrez,64759,TNS3,64759
64761,64761,mapped,Entrez,64761,PARP12,64761
64762,64762,mapped,Entrez,64762,GAREM1,64762
64763,64763,mapped,Entrez,64763,ZNF574,64763
64769,64769,mapped,Entrez,64769,MEAF6,64769
64776,64776,mapped,Entrez,64776,CFAP68,64776
64778,64778,mapped,Entrez,64778,FNDC3B,64778
64782,64782,mapped,Entrez,64782,AEN,64782
64786,64786,mapped,Entrez,64786,TBC1D15,64786
64841,64841,mapped,Entrez,64841,GNPNAT1,64841
64847,64847,mapped,Entrez,64847,SPATA20,64847
64849,64849,mapped,Entrez,64849,SLC13A3,64849
64852,64852,mapped,Entrez,64852,TUT1,64852
64855,64855,mapped,Entrez,64855,NIBAN2,64855
64859,64859,mapped,Entrez,64859,NABP1,64859
64860,64860,mapped,Entrez,64860,ARMCX5,64860
64863,64863,mapped,Entrez,64863,METTL4,64863
64881,64881,mapped,Entrez,64881,PCDH20,64881
64900,64900,mapped,Entrez,64900,LPIN3,64900
64928,64928,mapped,Entrez,64928,MRPL14,64928
64943,64943,mapped,Entrez,64943,NT5DC2,64943
64949,64949,mapped,Entrez,64949,MRPS26,64949
64975,64975,mapped,Entrez,64975,MRPL41,64975
64976,64976,mapped,Entrez,64976,MRPL40,64976
64978,64978,mapped,Entrez,64978,MRPL38,64978
64981,64981,mapped,Entrez,64981,MRPL34,64981
64983,64983,mapped,Entrez,64983,MRPL32,64983
65003,65003,mapped,Entrez,65003,MRPL11,65003
65057,65057,mapped,Entrez,65057,ACD,65057
65065,65065,mapped,Entrez,65065,NBEAL1,65065
65084,65084,mapped,Entrez,65084,TMEM135,65084
65124,65124,mapped,Entrez,65124,SOWAHC,65124
65243,65243,mapped,Entrez,65243,ZFP69B,65243
65251,65251,mapped,Entrez,65251,ZNF649,65251
65263,65263,mapped,Entrez,65263,PYCR3,65263
65267,65267,mapped,Entrez,65267,WNK3,65267
65944,65944,mapped,Entrez,65944,OR2B8,65944
65979,65979,mapped,Entrez,65979,PHACTR4,65979
65983,65983,mapped,Entrez,65983,GRAMD2B,65983
65985,65985,mapped,Entrez,65985,AACS,65985
65987,65987,mapped,Entrez,65987,KCTD14,65987
65988,65988,mapped,Entrez,65988,ZNF747,65988
65993,65993,mapped,Entrez,65993,MRPS34,65993
65999,65999,mapped,Entrez,65999,LRRC61,65999
66004,66004,mapped,Entrez,66004,LYNX1,66004
66005,66005,mapped,Entrez,66005,CHID1,66005
66037,66037,mapped,Entrez,66037,BOLL,66037
78994,78994,mapped,Entrez,78994,PRR14,78994
78996,78996,mapped,Entrez,78996,CYREN,78996
78997,78997,mapped,Entrez,78997,GDAP1L1,78997
79003,79003,mapped,Entrez,79003,MIS12,79003
79006,79006,mapped,Entrez,79006,METRN,79006
79012,79012,mapped,Entrez,79012,CAMKV,79012
79025,79025,mapped,Entrez,79025,FNDC11,79025
79036,79036,mapped,Entrez,79036,KXD1,79036
79038,79038,mapped,Entrez,79038,ZFYVE21,79038
79039,79039,mapped,Entrez,79039,DDX54,79039
79047,79047,mapped,Entrez,79047,KCTD15,79047
79048,79048,mapped,Entrez,79048,SECISBP2,79048
79056,79056,mapped,Entrez,79056,PRRG4,79056
79057,79057,mapped,Entrez,79057,PRRG3,79057
79074,79074,mapped,Entrez,79074,TSLIG2,79074
79078,79078,mapped,Entrez,79078,C1orf50,79078
79081,79081,mapped,Entrez,79081,LBHD1,79081
79084,79084,mapped,Entrez,79084,WDR77,79084
79085,79085,mapped,Entrez,79085,SLC25A23,79085
79086,79086,mapped,Entrez,79086,SMIM7,79086
79096,79096,mapped,Entrez,79096,CSTPP1,79096
79139,79139,mapped,Entrez,79139,DERL1,79139
79140,79140,mapped,Entrez,79140,CCDC28B,79140
79144,79144,mapped,Entrez,79144,PPDPF,79144
79148,79148,mapped,Entrez,79148,MMP28,79148
79156,79156,mapped,Entrez,79156,PLEKHF1,79156
79170,79170,mapped,Entrez,79170,PRR15L,79170
79175,79175,mapped,Entrez,79175,ZNF343,79175
79176,79176,mapped,Entrez,79176,FBXL15,79176
79183,79183,mapped,Entrez,79183,TTPAL,79183
79269,79269,mapped,Entrez,79269,DCAF10,79269
79345,79345,mapped,Entrez,79345,OR51B2,79345
79346,79346,mapped,Entrez,79346,OR4C5,79346
79365,79365,mapped,Entrez,79365,BHLHE41,79365
79366,79366,mapped,Entrez,79366,HMGN5,79366
79400,79400,mapped,Entrez,79400,NOX5,79400
79412,79412,mapped,Entrez,79412,KREMEN2,79412
79413,79413,mapped,Entrez,79413,ZBED2,79413
79465,79465,mapped,Entrez,79465,ULBP3,79465
79473,79473,mapped,Entrez,79473,OR52N1,79473
79482,79482,mapped,Entrez,79482,OR5AL1,79482
79549,79549,mapped,Entrez,79549,OR6J1,79549
79567,79567,mapped,Entrez,79567,RIPOR1,79567
79570,79570,mapped,Entrez,79570,NKAIN1,79570
79571,79571,mapped,Entrez,79571,GCC1,79571
79576,79576,mapped,Entrez,79576,NKAP,79576
79586,79586,mapped,Entrez,79586,CHPF,79586
79587,79587,mapped,Entrez,79587,CARS2,79587
79589,79589,mapped,Entrez,79589,RNF128,79589
79591,79591,mapped,Entrez,79591,ARMH3,79591
79594,79594,mapped,Entrez,79594,MUL1,79594
79598,79598,mapped,Entrez,79598,CEP97,79598
79605,79605,mapped,Entrez,79605,PGBD5,79605
79616,79616,mapped,Entrez,79616,CCNJL,79616
79621,79621,mapped,Entrez,79621,RNASEH2B,79621
79622,79622,mapped,Entrez,79622,SNRNP25,79622
79623,79623,mapped,Entrez,79623,GALNT14,79623
79624,79624,mapped,Entrez,79624,DCPH1,79624
79626,79626,mapped,Entrez,79626,TIPE2,79626
79637,79637,mapped,Entrez,79637,ARMC7,79637
79639,79639,mapped,Entrez,79639,TMEM53,79639
79643,79643,mapped,Entrez,79643,CHMP6,79643
79644,79644,mapped,Entrez,79644,SRD5A3,79644
79645,79645,mapped,Entrez,79645,CLXN,79645
79648,79648,mapped,Entrez,79648,MCPH1,79648
79650,79650,mapped,Entrez,79650,USB1,79650
79654,79654,mapped,Entrez,79654,HECTD3,79654
79674,79674,mapped,Entrez,79674,VEPH1,79674
79675,79675,mapped,Entrez,79675,FASTKD1,79675
79676,79676,mapped,Entrez,79676,OGFOD2,79676
79680,79680,mapped,Entrez,79680,RTL10,79680
79685,79685,mapped,Entrez,79685,SAP30L,79685
79689,79689,mapped,Entrez,79689,STEAP4,79689
79692,79692,mapped,Entrez,79692,ZNF322,79692
79694,79694,mapped,Entrez,79694,MANEA,79694
79695,79695,mapped,Entrez,79695,GALNT12,79695
79696,79696,mapped,Entrez,79696,ZC2HC1C,79696
79697,79697,mapped,Entrez,79697,RIOX1,79697
79701,79701,mapped,Entrez,79701,OGFOD3,79701
79706,79706,mapped,Entrez,79706,PRKRIP1,79706
79711,79711,mapped,Entrez,79711,IPO4,79711
79714,79714,mapped,Entrez,79714,CCDC51,79714
79723,79723,mapped,Entrez,79723,SUV39H2,79723
79726,79726,mapped,Entrez,79726,WDR59,79726
79730,79730,mapped,Entrez,79730,NSUN7,79730
79739,79739,mapped,Entrez,79739,TTLL7,79739
79770,79770,mapped,Entrez,79770,TXNDC15,79770
79792,79792,mapped,Entrez,79792,GSDMD,79792
79802,79802,mapped,Entrez,79802,HHIPL2,79802
79805,79805,mapped,Entrez,79805,VASH2,79805
79807,79807,mapped,Entrez,79807,GSTCD,79807
79809,79809,mapped,Entrez,79809,TTC21B,79809
79812,79812,mapped,Entrez,79812,MMRN2,79812
79813,79813,mapped,Entrez,79813,EHMT1,79813
79825,79825,mapped,Entrez,79825,EFCC1,79825
79832,79832,mapped,Entrez,79832,QSER1,79832
79833,79833,mapped,Entrez,79833,GEMIN6,79833
79836,79836,mapped,Entrez,79836,LONRF3,79836
79837,79837,mapped,Entrez,79837,PIP4K2C,79837
79838,79838,mapped,Entrez,79838,TMC5,79838
79841,79841,mapped,Entrez,79841,AGBL2,79841
79845,79845,mapped,Entrez,79845,RNF122,79845
79847,79847,mapped,Entrez,79847,SLC68A1,79847
79849,79849,mapped,Entrez,79849,NHERF4,79849
79850,79850,mapped,Entrez,79850,TLCD3A,79850
79864,79864,mapped,Entrez,79864,JHY,79864
79866,79866,mapped,Entrez,79866,BORA,79866
79870,79870,mapped,Entrez,79870,BAALC,79870
79884,79884,mapped,Entrez,79884,MAP9,79884
79891,79891,mapped,Entrez,79891,ZNF671,79891
79892,79892,mapped,Entrez,79892,MCMBP,79892
79901,79901,mapped,Entrez,79901,CYBRD1,79901
79908,79908,mapped,Entrez,79908,BTNL8,79908
79917,79917,mapped,Entrez,79917,MAGIX,79917
79918,79918,mapped,Entrez,79918,SETD6,79918
79921,79921,mapped,Entrez,79921,TCEAL4,79921
79922,79922,mapped,Entrez,79922,MRM1,79922
79923,79923,mapped,Entrez,79923,NANOG,79923
79932,79932,mapped,Entrez,79932,KIAA0319L,79932
79935,79935,mapped,Entrez,79935,CCNP,79935
79948,79948,mapped,Entrez,79948,PLPPR3,79948
79957,79957,mapped,Entrez,79957,PAQR6,79957
79962,79962,mapped,Entrez,79962,DNAJC22,79962
79966,79966,mapped,Entrez,79966,SCD5,79966
79968,79968,mapped,Entrez,79968,WDR76,79968
79981,79981,mapped,Entrez,79981,FRMD1,79981
79989,79989,mapped,Entrez,79989,IFT56,79989
79991,79991,mapped,Entrez,79991,STN1,79991
79993,79993,mapped,Entrez,79993,ELOVL7,79993
79998,79998,mapped,Entrez,79998,ANKRD53,79998
80000,80000,mapped,Entrez,80000,GREB1L,80000
80004,80004,mapped,Entrez,80004,ESRP2,80004
80008,80008,mapped,Entrez,80008,TMEM156,80008
80010,80010,mapped,Entrez,80010,RMI1,80010
80012,80012,mapped,Entrez,80012,PHC3,80012
80018,80018,mapped,Entrez,80018,NAA25,80018
80022,80022,mapped,Entrez,80022,MYO15B,80022
80023,80023,mapped,Entrez,80023,NRSN2,80023
80032,80032,mapped,Entrez,80032,ZNF556,80032
80034,80034,mapped,Entrez,80034,CSRNP3,80034
80036,80036,mapped,Entrez,80036,TRPM3,80036
80059,80059,mapped,Entrez,80059,LRRTM4,80059
80086,80086,mapped,Entrez,80086,TUBA4B,80086
80097,80097,mapped,Entrez,80097,MZT2B,80097
80108,80108,mapped,Entrez,80108,ZFP2,80108
80114,80114,mapped,Entrez,80114,BICC1,80114
80133,80133,mapped,Entrez,80133,MROH9,80133
80142,80142,mapped,Entrez,80142,PTGES2,80142
80144,80144,mapped,Entrez,80144,FRAS1,80144
80150,80150,mapped,Entrez,80150,ASRGL1,80150
80153,80153,mapped,Entrez,80153,EDC3,80153
80162,80162,mapped,Entrez,80162,PGGHG,80162
80174,80174,mapped,Entrez,80174,DBF4B,80174
80176,80176,mapped,Entrez,80176,SPSB1,80176
80179,80179,mapped,Entrez,80179,MYO19,80179
80183,80183,mapped,Entrez,80183,RUBCNL,80183
80184,80184,mapped,Entrez,80184,CEP290,80184
80195,80195,mapped,Entrez,80195,TMEM254,80195
80196,80196,mapped,Entrez,80196,RNF34,80196
80213,80213,mapped,Entrez,80213,TM2D3,80213
80218,80218,mapped,Entrez,80218,NAA50,80218
80221,80221,mapped,Entrez,80221,ACSF2,80221
80227,80227,mapped,Entrez,80227,PAAF1,80227
80235,80235,mapped,Entrez,80235,PIGZ,80235
80237,80237,mapped,Entrez,80237,ELL3,80237
80267,80267,mapped,Entrez,80267,EDEM3,80267
80274,80274,mapped,Entrez,80274,SCUBE1,80274
80298,80298,mapped,Entrez,80298,MTERF2,80298
80306,80306,mapped,Entrez,80306,MED28,80306
80312,80312,mapped,Entrez,80312,TET1,80312
80315,80315,mapped,Entrez,80315,CPEB4,80315
80317,80317,mapped,Entrez,80317,ZKSCAN3,80317
80319,80319,mapped,Entrez,80319,CXXC4,80319
80326,80326,mapped,Entrez,80326,WNT10A,80326
80328,80328,mapped,Entrez,80328,ULBP2,80328
80331,80331,mapped,Entrez,80331,DNAJC5,80331
80333,80333,mapped,Entrez,80333,KCNIP4,80333
80343,80343,mapped,Entrez,80343,SEL1L2,80343
80345,80345,mapped,Entrez,80345,ZSCAN16,80345
80709,80709,mapped,Entrez,80709,AKNA,80709
80725,80725,mapped,Entrez,80725,SRCIN1,80725
80726,80726,mapped,Entrez,80726,IQCN,80726
80736,80736,mapped,Entrez,80736,SLC44A4,80736
80759,80759,mapped,Entrez,80759,KHDC1,80759
80764,80764,mapped,Entrez,80764,THAP7,80764
80775,80775,mapped,Entrez,80775,TMEM177,80775
80821,80821,mapped,Entrez,80821,DDHD1,80821
80832,80832,mapped,Entrez,80832,APOL4,80832
80835,80835,mapped,Entrez,80835,TAS1R1,80835
80851,80851,mapped,Entrez,80851,SH3BP5L,80851
80852,80852,mapped,Entrez,80852,GRIP2,80852
80854,80854,mapped,Entrez,80854,SETD7,80854
80895,80895,mapped,Entrez,80895,ILKAP,80895
80896,80896,mapped,Entrez,80896,NPL,80896
81030,81030,mapped,Entrez,81030,ZBP1,81030
81033,81033,mapped,Entrez,81033,KCNH6,81033
81034,81034,mapped,Entrez,81034,SLC25A32,81034
81035,81035,mapped,Entrez,81035,COLEC12,81035
81037,81037,mapped,Entrez,81037,CLPTM1L,81037
81050,81050,mapped,Entrez,81050,OR5AC2,81050
81061,81061,mapped,Entrez,81061,OR11H1,81061
81127,81127,mapped,Entrez,81127,OR4K15,81127
81248,81248,mapped,Entrez,81248,OR52P1,81248
81282,81282,mapped,Entrez,81282,OR51G2,81282
81327,81327,mapped,Entrez,81327,OR4A16,81327
81341,81341,mapped,Entrez,81341,OR10W1,81341
81442,81442,mapped,Entrez,81442,OR6N2,81442
81448,81448,mapped,Entrez,81448,OR6K2,81448
81458,81458,mapped,Entrez,81458,OR2T7,81458
81470,81470,mapped,Entrez,81470,OR2G2,81470
81502,81502,mapped,Entrez,81502,HM13,81502
81551,81551,mapped,Entrez,81551,STMN4,81551
81556,81556,mapped,Entrez,81556,INTS14,81556
81562,81562,mapped,Entrez,81562,LMAN2L,81562
81567,81567,mapped,Entrez,81567,TXNDC5,81567
81570,81570,mapped,Entrez,81570,CLPB,81570
81573,81573,mapped,Entrez,81573,ANKRD13C,81573
81603,81603,mapped,Entrez,81603,TRIM8,81603
81606,81606,mapped,Entrez,81606,LBH,81606
81607,81607,mapped,Entrez,81607,NECTIN4,81607
81608,81608,mapped,Entrez,81608,FIP1L1,81608
81610,81610,mapped,Entrez,81610,SACK1D,81610
81614,81614,mapped,Entrez,81614,NIPA2,81614
81620,81620,mapped,Entrez,81620,CDT1,81620
81628,81628,mapped,Entrez,81628,TSC22D4,81628
81629,81629,mapped,Entrez,81629,TSSK3,81629
81631,81631,mapped,Entrez,81631,MAP1LC3B,81631
81706,81706,mapped,Entrez,81706,PPP1R14C,81706
81786,81786,mapped,Entrez,81786,TRIM7,81786
81793,81793,mapped,Entrez,81793,TLR10,81793
81797,81797,mapped,Entrez,81797,OR12D3,81797
81846,81846,mapped,Entrez,81846,SBF2,81846
81849,81849,mapped,Entrez,81849,ST6GALNAC5,81849
81855,81855,mapped,Entrez,81855,SFXN3,81855
81856,81856,mapped,Entrez,81856,ZNF611,81856
81889,81889,mapped,Entrez,81889,FAHD1,81889
81890,81890,mapped,Entrez,81890,QTRT1,81890
81892,81892,mapped,Entrez,81892,SLIRP,81892
81928,81928,mapped,Entrez,81928,CABLES2,81928
83439,83439,mapped,Entrez,83439,TCF7L1,83439
83442,83442,mapped,Entrez,83442,SH3BGRL3,83442
83446,83446,mapped,Entrez,83446,CCDC70,83446
83447,83447,mapped,Entrez,83447,SLC25A31,83447
83451,83451,mapped,Entrez,83451,ABHD11,83451
83461,83461,mapped,Entrez,83461,CDCA3,83461
83464,83464,mapped,Entrez,83464,APH1B,83464
83468,83468,mapped,Entrez,83468,GLT8D2,83468
83481,83481,mapped,Entrez,83481,EPPK1,83481
83543,83543,mapped,Entrez,83543,AIF1L,83543
83547,83547,mapped,Entrez,83547,RILP,83547
83548,83548,mapped,Entrez,83548,COG3,83548
83552,83552,mapped,Entrez,83552,MFRP,83552
83592,83592,mapped,Entrez,83592,AKR1E2,83592
83604,83604,mapped,Entrez,83604,TMEM47,83604
83605,83605,mapped,Entrez,83605,CCM2,83605
83606,83606,mapped,Entrez,83606,GUCD1,83606
83607,83607,mapped,Entrez,83607,AMMECR1L,83607
83608,83608,mapped,Entrez,83608,RMP24,83608
83637,83637,mapped,Entrez,83637,ZMIZ2,83637
83638,83638,mapped,Entrez,83638,C11orf68,83638
83641,83641,mapped,Entrez,83641,FAM107B,83641
83643,83643,mapped,Entrez,83643,CCDC3,83643
83657,83657,mapped,Entrez,83657,DYNLRB2,83657
83660,83660,mapped,Entrez,83660,TLN2,83660
83667,83667,mapped,Entrez,83667,SESN2,83667
83693,83693,mapped,Entrez,83693,HSDL1,83693
83695,83695,mapped,Entrez,83695,RHNO1,83695
83699,83699,mapped,Entrez,83699,SH3BGRL2,83699
83707,83707,mapped,Entrez,83707,TRPT1,83707
83715,83715,mapped,Entrez,83715,ESPN,83715
83723,83723,mapped,Entrez,83723,TLCD3B,83723
83729,83729,mapped,Entrez,83729,INHBE,83729
83732,83732,mapped,Entrez,83732,RIOK1,83732
83734,83734,mapped,Entrez,83734,ATG10,83734
83742,83742,mapped,Entrez,83742,MARVELD1,83742
83755,83755,mapped,Entrez,83755,KRTAP4-12,83755
83756,83756,mapped,Entrez,83756,TAS1R3,83756
83787,83787,mapped,Entrez,83787,ARMC10,83787
83795,83795,mapped,Entrez,83795,KCNK16,83795
83844,83844,mapped,Entrez,83844,USP26,83844
83849,83849,mapped,Entrez,83849,SYT15,83849
83852,83852,mapped,Entrez,83852,SETDB2,83852
83853,83853,mapped,Entrez,83853,ROPN1L,83853
83854,83854,mapped,Entrez,83854,ANGPTL6,83854
83855,83855,mapped,Entrez,83855,KLF16,83855
83857,83857,mapped,Entrez,83857,TMTC1,83857
83861,83861,mapped,Entrez,83861,RSPH3,83861
83871,83871,mapped,Entrez,83871,RAB34,83871
83872,83872,mapped,Entrez,83872,HMCN1,83872
83876,83876,mapped,Entrez,83876,MRO,83876
83877,83877,mapped,Entrez,83877,TM2D2,83877
83881,83881,mapped,Entrez,83881,MIXL1,83881
83888,83888,mapped,Entrez,83888,FGFBP2,83888
83889,83889,mapped,Entrez,83889,WDR87,83889
83890,83890,mapped,Entrez,83890,SPATA9,83890
83894,83894,mapped,Entrez,83894,TTC29,83894
83895,83895,mapped,Entrez,83895,KRTAP1-5,83895
83897,83897,mapped,Entrez,83897,KRTAP3-2,83897
83899,83899,mapped,Entrez,83899,KRTAP9-2,83899
83903,83903,mapped,Entrez,83903,HASPIN,83903
83930,83930,mapped,Entrez,83930,STARD3NL,83930
83932,83932,mapped,Entrez,83932,SPRTN,83932
83937,83937,mapped,Entrez,83937,RASSF4,83937
83942,83942,mapped,Entrez,83942,TSSK1B,83942
83989,83989,mapped,Entrez,83989,ARB2A,83989
83998,83998,mapped,Entrez,83998,REG4,83998
84002,84002,mapped,Entrez,84002,B3GNT5,84002
84060,84060,mapped,Entrez,84060,RBM48,84060
84065,84065,mapped,Entrez,84065,TMEM222,84065
84067,84067,mapped,Entrez,84067,FHIP1B,84067
84076,84076,mapped,Entrez,84076,TKTL2,84076
84078,84078,mapped,Entrez,84078,KBTBD7,84078
84079,84079,mapped,Entrez,84079,ANKRD27,84079
84081,84081,mapped,Entrez,84081,NSRP1,84081
84083,84083,mapped,Entrez,84083,ZRANB3,84083
84084,84084,mapped,Entrez,84084,RAB6C,84084
84100,84100,mapped,Entrez,84100,ARL6,84100
84107,84107,mapped,Entrez,84107,ZIC4,84107
84108,84108,mapped,Entrez,84108,PCGF6,84108
84125,84125,mapped,Entrez,84125,LRRIQ1,84125
84134,84134,mapped,Entrez,84134,TOMM40L,84134
84138,84138,mapped,Entrez,84138,SLC7A6OS,84138
84166,84166,mapped,Entrez,84166,NLRC5,84166
84176,84176,mapped,Entrez,84176,MYH16,84176
84179,84179,mapped,Entrez,84179,SLC49A3,84179
84187,84187,mapped,Entrez,84187,TMEM164,84187
84189,84189,mapped,Entrez,84189,SLITRK6,84189
84190,84190,mapped,Entrez,84190,METTL25,84190
84191,84191,mapped,Entrez,84191,CIAO2A,84191
84225,84225,mapped,Entrez,84225,ZMYND15,84225
84230,84230,mapped,Entrez,84230,LRRC8C,84230
84243,84243,mapped,Entrez,84243,ZDHHC18,84243
84246,84246,mapped,Entrez,84246,MED10,84246
84249,84249,mapped,Entrez,84249,PSD2,84249
84253,84253,mapped,Entrez,84253,GARNL3,84253
84254,84254,mapped,Entrez,84254,CAMKK1,84254
84260,84260,mapped,Entrez,84260,TCHP,84260
84262,84262,mapped,Entrez,84262,PSMG3,84262
84263,84263,mapped,Entrez,84263,HSDL2,84263
84265,84265,mapped,Entrez,84265,POLR3GL,84265
84266,84266,mapped,Entrez,84266,ALKBH7,84266
84268,84268,mapped,Entrez,84268,RPAIN,84268
84270,84270,mapped,Entrez,84270,CARD19,84270
84273,84273,mapped,Entrez,84273,NOA1,84273
84275,84275,mapped,Entrez,84275,SLC25A33,84275
84277,84277,mapped,Entrez,84277,DNAJC30,84277
84280,84280,mapped,Entrez,84280,BTBD10,84280
84288,84288,mapped,Entrez,84288,DRC8,84288
84292,84292,mapped,Entrez,84292,WDR83,84292
84294,84294,mapped,Entrez,84294,UTP23,84294
84302,84302,mapped,Entrez,84302,PGAP4,84302
84303,84303,mapped,Entrez,84303,CHCHD6,84303
84305,84305,mapped,Entrez,84305,PYM1,84305
84307,84307,mapped,Entrez,84307,ZNF397,84307
84309,84309,mapped,Entrez,84309,NUDT16L1,84309
84312,84312,mapped,Entrez,84312,BRMS1L,84312
84318,84318,mapped,Entrez,84318,CCDC77,84318
84324,84324,mapped,Entrez,84324,SARNP,84324
84327,84327,mapped,Entrez,84327,ZBED3,84327
84334,84334,mapped,Entrez,84334,COA8,84334
84336,84336,mapped,Entrez,84336,TMEM101,84336
84376,84376,mapped,Entrez,84376,HOOK3,84376
84432,84432,mapped,Entrez,84432,PROK1,84432
84433,84433,mapped,Entrez,84433,CARD11,84433
84440,84440,mapped,Entrez,84440,RAB11FIP4,84440
84451,84451,mapped,Entrez,84451,MAP3K21,84451
84455,84455,mapped,Entrez,84455,EFCAB7,84455
84456,84456,mapped,Entrez,84456,L3MBTL3,84456
84464,84464,mapped,Entrez,84464,SLX4,84464
84498,84498,mapped,Entrez,84498,FAM120B,84498
84501,84501,mapped,Entrez,84501,SPIRE2,84501
84502,84502,mapped,Entrez,84502,JPH4,84502
84504,84504,mapped,Entrez,84504,NKX6-2,84504
84516,84516,mapped,Entrez,84516,DCTN5,84516
84517,84517,mapped,Entrez,84517,ACTRT3,84517
84519,84519,mapped,Entrez,84519,ACRBP,84519
84524,84524,mapped,Entrez,84524,ZC3H8,84524
84530,84530,mapped,Entrez,84530,SRRM4,84530
84539,84539,mapped,Entrez,84539,MCHR2,84539
84545,84545,mapped,Entrez,84545,MRPL43,84545
84547,84547,mapped,Entrez,84547,PGBD1,84547
84548,84548,mapped,Entrez,84548,TMEM185A,84548
84549,84549,mapped,Entrez,84549,MAK16,84549
84552,84552,mapped,Entrez,84552,PARD6G,84552
84560,84560,mapped,Entrez,84560,MT4,84560
84569,84569,mapped,Entrez,84569,LYZL1,84569
84614,84614,mapped,Entrez,84614,ZBTB37,84614
84617,84617,mapped,Entrez,84617,TUBB6,84617
84618,84618,mapped,Entrez,84618,NT5C1A,84618
84627,84627,mapped,Entrez,84627,ZNF469,84627
84632,84632,mapped,Entrez,84632,AFAP1L2,84632
84641,84641,mapped,Entrez,84641,SLC71A2,84641
84645,84645,mapped,Entrez,84645,C22orf23,84645
84647,84647,mapped,Entrez,84647,PLA2G12B,84647
84649,84649,mapped,Entrez,84649,DGAT2,84649
84650,84650,mapped,Entrez,84650,EBPL,84650
84659,84659,mapped,Entrez,84659,RNASE7,84659
84660,84660,mapped,Entrez,84660,CCDC62,84660
84661,84661,mapped,Entrez,84661,DPY30,84661
84662,84662,mapped,Entrez,84662,GLIS2,84662
84665,84665,mapped,Entrez,84665,MYPN,84665
84666,84666,mapped,Entrez,84666,RETNLB,84666
84674,84674,mapped,Entrez,84674,CARD6,84674
84675,84675,mapped,Entrez,84675,TRIM55,84675
84684,84684,mapped,Entrez,84684,INSM2,84684
84692,84692,mapped,Entrez,84692,CCDC54,84692
84693,84693,mapped,Entrez,84693,MCEE,84693
84694,84694,mapped,Entrez,84694,GJA10,84694
84698,84698,mapped,Entrez,84698,CAPS2,84698
84699,84699,mapped,Entrez,84699,CREB3L3,84699
84705,84705,mapped,Entrez,84705,GTPBP3,84705
84725,84725,mapped,Entrez,84725,PLEKHA8,84725
84727,84727,mapped,Entrez,84727,SPSB2,84727
84735,84735,mapped,Entrez,84735,CNDP1,84735
84759,84759,mapped,Entrez,84759,PCGF1,84759
84775,84775,mapped,Entrez,84775,ZNF607,84775
84787,84787,mapped,Entrez,84787,KMT5C,84787
84817,84817,mapped,Entrez,84817,TXNDC17,84817
84823,84823,mapped,Entrez,84823,LMNB2,84823
84826,84826,mapped,Entrez,84826,SFT2D3,84826
84838,84838,mapped,Entrez,84838,ZNF496,84838
84842,84842,mapped,Entrez,84842,HPDL,84842
84861,84861,mapped,Entrez,84861,KLHL22,84861
84864,84864,mapped,Entrez,84864,RIOX2,84864
84867,84867,mapped,Entrez,84867,PTPN5,84867
84868,84868,mapped,Entrez,84868,HAVCR2,84868
84871,84871,mapped,Entrez,84871,AGBL4,84871
84874,84874,mapped,Entrez,84874,ZNF514,84874
84876,84876,mapped,Entrez,84876,ORAI1,84876
84878,84878,mapped,Entrez,84878,ZBTB45,84878
84879,84879,mapped,Entrez,84879,MFSD2A,84879
84888,84888,mapped,Entrez,84888,SPPL2A,84888
84894,84894,mapped,Entrez,84894,LINGO1,84894
84900,84900,mapped,Entrez,84900,RNFT2,84900
84902,84902,mapped,Entrez,84902,CEP89,84902
84904,84904,mapped,Entrez,84904,ARHGEF39,84904
84910,84910,mapped,Entrez,84910,TMEM87B,84910
84922,84922,mapped,Entrez,84922,FIZ1,84922
84929,84929,mapped,Entrez,84929,FIBCD1,84929
84932,84932,mapped,Entrez,84932,RAB2B,84932
84938,84938,mapped,Entrez,84938,ATG4C,84938
84939,84939,mapped,Entrez,84939,PWWP3A,84939
84944,84944,mapped,Entrez,84944,MAEL,84944
84947,84947,mapped,Entrez,84947,SERAC1,84947
84948,84948,mapped,Entrez,84948,TIGD5,84948
84954,84954,mapped,Entrez,84954,MPND,84954
84957,84957,mapped,Entrez,84957,RELT,84957
84960,84960,mapped,Entrez,84960,CCDC183,84960
84970,84970,mapped,Entrez,84970,C1orf94,84970
84978,84978,mapped,Entrez,84978,FRMD5,84978
84985,84985,mapped,Entrez,84985,SACK1A,84985
84993,84993,mapped,Entrez,84993,UBL7,84993
85002,85002,mapped,Entrez,85002,FAM86B1,85002
85004,85004,mapped,Entrez,85004,RERG,85004
85014,85014,mapped,Entrez,85014,TMEM141,85014
85015,85015,mapped,Entrez,85015,USP45,85015
85025,85025,mapped,Entrez,85025,TMEM60,85025
85294,85294,mapped,Entrez,85294,KRTAP2-4,85294
85300,85300,mapped,Entrez,85300,ATCAY,85300
85352,85352,mapped,Entrez,85352,SHISAL1,85352
85397,85397,mapped,Entrez,85397,RGS8,85397
85407,85407,mapped,Entrez,85407,NKD1,85407
85409,85409,mapped,Entrez,85409,NKD2,85409
85413,85413,mapped,Entrez,85413,SLC22A16,85413
85416,85416,mapped,Entrez,85416,ZIC5,85416
85437,85437,mapped,Entrez,85437,ZCRB1,85437
85443,85443,mapped,Entrez,85443,DCLK3,85443
85446,85446,mapped,Entrez,85446,ZFHX2,85446
85449,85449,mapped,Entrez,85449,KIAA1755,85449
85451,85451,mapped,Entrez,85451,UNK,85451
85452,85452,mapped,Entrez,85452,CFAP74,85452
85457,85457,mapped,Entrez,85457,CIPC,85457
85464,85464,mapped,Entrez,85464,SSH2,85464
85479,85479,mapped,Entrez,85479,DNAJC5B,85479
85480,85480,mapped,Entrez,85480,TSLP,85480
88455,88455,mapped,Entrez,88455,ANKRD13A,88455
89765,89765,mapped,Entrez,89765,RSPH1,89765
89780,89780,mapped,Entrez,89780,WNT3A,89780
89782,89782,mapped,Entrez,89782,LMLN,89782
89801,89801,mapped,Entrez,89801,PPP1R3F,89801
89845,89845,mapped,Entrez,89845,ABCC10,89845
89866,89866,mapped,Entrez,89866,SEC16B,89866
89876,89876,mapped,Entrez,89876,CFAP91,89876
89884,89884,mapped,Entrez,89884,LHX4,89884
89890,89890,mapped,Entrez,89890,KBTBD6,89890
89944,89944,mapped,Entrez,89944,GLB1L2,89944
90060,90060,mapped,Entrez,90060,CCDC120,90060
90070,90070,mapped,Entrez,90070,LACRT,90070
90120,90120,mapped,Entrez,90120,TMEM250,90120
90134,90134,mapped,Entrez,90134,KCNH7,90134
90141,90141,mapped,Entrez,90141,EFCAB11,90141
90226,90226,mapped,Entrez,90226,UCN2,90226
90273,90273,mapped,Entrez,90273,CEACAM21,90273
90313,90313,mapped,Entrez,90313,TP53I13,90313
90317,90317,mapped,Entrez,90317,ZNF616,90317
90326,90326,mapped,Entrez,90326,THAP3,90326
90332,90332,mapped,Entrez,90332,EXOC3L2,90332
90342,90342,mapped,Entrez,90342,FER1L5,90342
90353,90353,mapped,Entrez,90353,CTU1,90353
90407,90407,mapped,Entrez,90407,TMEM41A,90407
90410,90410,mapped,Entrez,90410,IFT20,90410
90480,90480,mapped,Entrez,90480,GADD45GIP1,90480
90485,90485,mapped,Entrez,90485,ZNF835,90485
90525,90525,mapped,Entrez,90525,SHF,90525
90527,90527,mapped,Entrez,90527,DUOXA1,90527
90529,90529,mapped,Entrez,90529,STPG1,90529
90557,90557,mapped,Entrez,90557,CCDC74A,90557
90594,90594,mapped,Entrez,90594,ZNF439,90594
90639,90639,mapped,Entrez,90639,COX19,90639
90655,90655,mapped,Entrez,90655,TGIF2LY,90655
90668,90668,mapped,Entrez,90668,CARMIL3,90668
90673,90673,mapped,Entrez,90673,PPP1R3E,90673
90693,90693,mapped,Entrez,90693,CCDC126,90693
90780,90780,mapped,Entrez,90780,PYGO2,90780
90806,90806,mapped,Entrez,90806,ANGEL2,90806
90826,90826,mapped,Entrez,90826,PRMT9,90826
90843,90843,mapped,Entrez,90843,TCEAL8,90843
90850,90850,mapped,Entrez,90850,ZNF598,90850
90861,90861,mapped,Entrez,90861,JPT2,90861
90874,90874,mapped,Entrez,90874,ZNF697,90874
90933,90933,mapped,Entrez,90933,TRIM41,90933
90952,90952,mapped,Entrez,90952,ESAM,90952
90987,90987,mapped,Entrez,90987,ZNF251,90987
91057,91057,mapped,Entrez,91057,CCDC34,91057
91137,91137,mapped,Entrez,91137,SLC25A46,91137
91368,91368,mapped,Entrez,91368,XTBD1,91368
91408,91408,mapped,Entrez,91408,BTF3L4,91408
91452,91452,mapped,Entrez,91452,ACBD5,91452
91544,91544,mapped,Entrez,91544,UBXN11,91544
91603,91603,mapped,Entrez,91603,ZNF830,91603
91614,91614,mapped,Entrez,91614,DEPDC7,91614
91646,91646,mapped,Entrez,91646,TDRD12,91646
91661,91661,mapped,Entrez,91661,ZNF765,91661
91694,91694,mapped,Entrez,91694,LONRF1,91694
91746,91746,mapped,Entrez,91746,YTHDC1,91746
91748,91748,mapped,Entrez,91748,MIDEAS,91748
91749,91749,mapped,Entrez,91749,SLC60A2,91749
91752,91752,mapped,Entrez,91752,ZNF804A,91752
91782,91782,mapped,Entrez,91782,CHMP7,91782
91801,91801,mapped,Entrez,91801,ALKBH8,91801
91833,91833,mapped,Entrez,91833,WDR20,91833
91860,91860,mapped,Entrez,91860,CALML4,91860
91862,91862,mapped,Entrez,91862,MARVELD3,91862
91869,91869,mapped,Entrez,91869,RFT1,91869
92002,92002,mapped,Entrez,92002,CCNQ,92002
92017,92017,mapped,Entrez,92017,SNX29,92017
92106,92106,mapped,Entrez,92106,OXNAD1,92106
92126,92126,mapped,Entrez,92126,DSEL,92126
92129,92129,mapped,Entrez,92129,RIPPLY1,92129
92235,92235,mapped,Entrez,92235,STYXL2,92235
92291,92291,mapped,Entrez,92291,CAPN13,92291
92292,92292,mapped,Entrez,92292,GLYATL1,92292
92305,92305,mapped,Entrez,92305,TMEM129,92305
92400,92400,mapped,Entrez,92400,RBM18,92400
92421,92421,mapped,Entrez,92421,CHMP4C,92421
92591,92591,mapped,Entrez,92591,ASB16,92591
92595,92595,mapped,Entrez,92595,ZNF764,92595
92609,92609,mapped,Entrez,92609,TIMM50,92609
92667,92667,mapped,Entrez,92667,MGME1,92667
92691,92691,mapped,Entrez,92691,TMEM169,92691
92714,92714,mapped,Entrez,92714,ARRDC1,92714
92715,92715,mapped,Entrez,92715,DPH7,92715
92736,92736,mapped,Entrez,92736,OTOP2,92736
92749,92749,mapped,Entrez,92749,DRC1,92749
92799,92799,mapped,Entrez,92799,SHKBP1,92799
92815,92815,mapped,Entrez,92815,H2AC25,92815
92906,92906,mapped,Entrez,92906,HNRNPLL,92906
92922,92922,mapped,Entrez,92922,CCDC102A,92922
92979,92979,mapped,Entrez,92979,MARCHF9,92979
92999,92999,mapped,Entrez,92999,ZBTB47,92999
93058,93058,mapped,Entrez,93058,COQ10A,93058
93081,93081,mapped,Entrez,93081,TEX30,93081
93109,93109,mapped,Entrez,93109,TMEM44,93109
93273,93273,mapped,Entrez,93273,LEMD1,93273
93323,93323,mapped,Entrez,93323,HAUS8,93323
93436,93436,mapped,Entrez,93436,ARMC6,93436
93492,93492,mapped,Entrez,93492,TPTE2,93492
93589,93589,mapped,Entrez,93589,CACNA2D4,93589
93627,93627,mapped,Entrez,93627,TBCK,93627
93650,93650,mapped,Entrez,93650,ACP4,93650
93664,93664,mapped,Entrez,93664,CADPS2,93664
93979,93979,mapped,Entrez,93979,CPA5,93979
94026,94026,mapped,Entrez,94026,POM121L2,94026
94031,94031,mapped,Entrez,94031,HTRA3,94031
94056,94056,mapped,Entrez,94056,SYAP1,94056
94107,94107,mapped,Entrez,94107,TMEM203,94107
94120,94120,mapped,Entrez,94120,SYTL3,94120
94121,94121,mapped,Entrez,94121,SYTL4,94121
94122,94122,mapped,Entrez,94122,SYTL5,94122
94134,94134,mapped,Entrez,94134,ARHGAP12,94134
94235,94235,mapped,Entrez,94235,GNG8,94235
96459,96459,mapped,Entrez,96459,FNIP1,96459
96764,96764,mapped,Entrez,96764,TGS1,96764
112398,112398,mapped,Entrez,112398,EGLN2,112398
112476,112476,mapped,Entrez,112476,PRRT2,112476
112611,112611,mapped,Entrez,112611,RWDD2A,112611
112817,112817,mapped,Entrez,112817,HOGA1,112817
112840,112840,mapped,Entrez,112840,WDR89,112840
112869,112869,mapped,Entrez,112869,SGF29,112869
112937,112937,mapped,Entrez,112937,GLB1L3,112937
112942,112942,mapped,Entrez,112942,CFAP36,112942
112970,112970,mapped,Entrez,112970,KTI12,112970
113000,113000,mapped,Entrez,113000,RPUSD1,113000
113146,113146,mapped,Entrez,113146,AHNAK2,113146
113177,113177,mapped,Entrez,113177,IZUMO4,113177
113220,113220,mapped,Entrez,113220,KIF12,113220
113230,113230,mapped,Entrez,113230,MISP3,113230
113246,113246,mapped,Entrez,113246,C12orf57,113246
113263,113263,mapped,Entrez,113263,GLCCI1,113263
113278,113278,mapped,Entrez,113278,SLC52A3,113278
113402,113402,mapped,Entrez,113402,SFT2D1,113402
113419,113419,mapped,Entrez,113419,TEX261,113419
113730,113730,mapped,Entrez,113730,KLHDC7B,113730
113791,113791,mapped,Entrez,113791,PIK3IP1,113791
113802,113802,mapped,Entrez,113802,HENMT1,113802
113828,113828,mapped,Entrez,113828,SACK1F,113828
114026,114026,mapped,Entrez,114026,ZIM3,114026
114034,114034,mapped,Entrez,114034,TOE1,114034
114088,114088,mapped,Entrez,114088,TRIM9,114088
114131,114131,mapped,Entrez,114131,UCN3,114131
114294,114294,mapped,Entrez,114294,LACTB,114294
114327,114327,mapped,Entrez,114327,EFHC1,114327
114571,114571,mapped,Entrez,114571,SLC22A9,114571
114609,114609,mapped,Entrez,114609,TIRAP,114609
114769,114769,mapped,Entrez,114769,CARD16,114769
114784,114784,mapped,Entrez,114784,CSMD2,114784
114785,114785,mapped,Entrez,114785,MBD6,114785
114786,114786,mapped,Entrez,114786,XKR4,114786
114787,114787,mapped,Entrez,114787,GPRIN1,114787
114788,114788,mapped,Entrez,114788,CSMD3,114788
114790,114790,mapped,Entrez,114790,STK11IP,114790
114805,114805,mapped,Entrez,114805,GALNT13,114805
114815,114815,mapped,Entrez,114815,SORCS1,114815
114818,114818,mapped,Entrez,114818,KLHL29,114818
114836,114836,mapped,Entrez,114836,SLAMF6,114836
114882,114882,mapped,Entrez,114882,OSBPL8,114882
114883,114883,mapped,Entrez,114883,OSBPL9,114883
114898,114898,mapped,Entrez,114898,C1QTNF2,114898
114926,114926,mapped,Entrez,114926,SMIM19,114926
114928,114928,mapped,Entrez,114928,GPRASP2,114928
115019,115019,mapped,Entrez,115019,SLC26A9,115019
115286,115286,mapped,Entrez,115286,SLC25A26,115286
115350,115350,mapped,Entrez,115350,FCRL1,115350
115362,115362,mapped,Entrez,115362,GBP5,115362
115703,115703,mapped,Entrez,115703,ARHGAP33,115703
115727,115727,mapped,Entrez,115727,RASGRP4,115727
115749,115749,mapped,Entrez,115749,C12orf56,115749
115761,115761,mapped,Entrez,115761,ARL11,115761
115795,115795,mapped,Entrez,115795,FANCD2OS,115795
115817,115817,mapped,Entrez,115817,DHRS1,115817
115827,115827,mapped,Entrez,115827,RAB3C,115827
115861,115861,mapped,Entrez,115861,NXNL1,115861
115992,115992,mapped,Entrez,115992,RNF166,115992
116064,116064,mapped,Entrez,116064,LRRC58,116064
116092,116092,mapped,Entrez,116092,DNTTIP1,116092
116143,116143,mapped,Entrez,116143,DNAAF10,116143
116159,116159,mapped,Entrez,116159,CYYR1,116159
116173,116173,mapped,Entrez,116173,CMTM5,116173
116224,116224,mapped,Entrez,116224,PABIR1,116224
116254,116254,mapped,Entrez,116254,GINM1,116254
116328,116328,mapped,Entrez,116328,C8orf34,116328
116337,116337,mapped,Entrez,116337,PANX3,116337
116369,116369,mapped,Entrez,116369,SLC26A8,116369
116372,116372,mapped,Entrez,116372,LYPD1,116372
116443,116443,mapped,Entrez,116443,GRIN3A,116443
116535,116535,mapped,Entrez,116535,MRGPRF,116535
116832,116832,mapped,Entrez,116832,RPL39L,116832
116843,116843,mapped,Entrez,116843,SLC18B1,116843
116984,116984,mapped,Entrez,116984,ARAP2,116984
116985,116985,mapped,Entrez,116985,ARAP1,116985
117155,117155,mapped,Entrez,117155,CATSPER2,117155
117159,117159,mapped,Entrez,117159,DCD,117159
117194,117194,mapped,Entrez,117194,MRGPRX2,117194
117196,117196,mapped,Entrez,117196,MRGPRX4,117196
117245,117245,mapped,Entrez,117245,PLAAT5,117245
117286,117286,mapped,Entrez,117286,CIB3,117286
117289,117289,mapped,Entrez,117289,TAGAP,117289
117531,117531,mapped,Entrez,117531,TMC1,117531
118442,118442,mapped,Entrez,118442,GPR62,118442
118460,118460,mapped,Entrez,118460,EXOSC6,118460
118472,118472,mapped,Entrez,118472,ZNF511,118472
118491,118491,mapped,Entrez,118491,CFAP70,118491
118663,118663,mapped,Entrez,118663,BTBD16,118663
118672,118672,mapped,Entrez,118672,PSTK,118672
118812,118812,mapped,Entrez,118812,MORN4,118812
118932,118932,mapped,Entrez,118932,ANKRD22,118932
118987,118987,mapped,Entrez,118987,PDZD8,118987
119395,119395,mapped,Entrez,119395,CALHM3,119395
119548,119548,mapped,Entrez,119548,PNLIPRP3,119548
119678,119678,mapped,Entrez,119678,OR52E2,119678
119682,119682,mapped,Entrez,119682,OR51L1,119682
119694,119694,mapped,Entrez,119694,OR51F2,119694
119749,119749,mapped,Entrez,119749,OR4C46,119749
119764,119764,mapped,Entrez,119764,OR4X2,119764
119772,119772,mapped,Entrez,119772,OR52M1,119772
120065,120065,mapped,Entrez,120065,OR5P2,120065
120066,120066,mapped,Entrez,120066,OR5P3,120066
120071,120071,mapped,Entrez,120071,LARGE2,120071
120114,120114,mapped,Entrez,120114,FAT3,120114
120146,120146,mapped,Entrez,120146,TRIM64,120146
120224,120224,mapped,Entrez,120224,TMEM45B,120224
120227,120227,mapped,Entrez,120227,CYP2R1,120227
120586,120586,mapped,Entrez,120586,OR8I2,120586
120793,120793,mapped,Entrez,120793,OR56A4,120793
120824,120824,mapped,Entrez,120824,TRIM51G,120824
120863,120863,mapped,Entrez,120863,DEPDC4,120863
120935,120935,mapped,Entrez,120935,CCDC38,120935
121006,121006,mapped,Entrez,121006,FAM186A,121006
121227,121227,mapped,Entrez,121227,LRIG3,121227
121260,121260,mapped,Entrez,121260,SLC15A4,121260
121273,121273,mapped,Entrez,121273,LYLDT1,121273
121278,121278,mapped,Entrez,121278,TPH2,121278
121506,121506,mapped,Entrez,121506,ERP27,121506
121551,121551,mapped,Entrez,121551,ABTB3,121551
121665,121665,mapped,Entrez,121665,SPPL3,121665
122046,122046,mapped,Entrez,122046,TEX26,122046
122183,122183,mapped,Entrez,122183,PRR20A,122183
122481,122481,mapped,Entrez,122481,AK7,122481
122509,122509,mapped,Entrez,122509,IFI27L1,122509
122525,122525,mapped,Entrez,122525,DORIP1,122525
122616,122616,mapped,Entrez,122616,CLBA1,122616
122651,122651,mapped,Entrez,122651,RNASE11,122651
122786,122786,mapped,Entrez,122786,FRMD6,122786
122809,122809,mapped,Entrez,122809,SOCS4,122809
122876,122876,mapped,Entrez,122876,GPHB5,122876
122970,122970,mapped,Entrez,122970,ACOT4,122970
123016,123016,mapped,Entrez,123016,TTC8,123016
123041,123041,mapped,Entrez,123041,SLC24A4,123041
123169,123169,mapped,Entrez,123169,LEO1,123169
123283,123283,mapped,Entrez,123283,TARS3,123283
123688,123688,mapped,Entrez,123688,HYKK,123688
123775,123775,mapped,Entrez,123775,C16orf46,123775
123803,123803,mapped,Entrez,123803,NTAN1,123803
123904,123904,mapped,Entrez,123904,NRN1L,123904
123920,123920,mapped,Entrez,123920,CMTM3,123920
123970,123970,mapped,Entrez,123970,C16orf78,123970
124152,124152,mapped,Entrez,124152,IQCK,124152
124220,124220,mapped,Entrez,124220,ZG16B,124220
124222,124222,mapped,Entrez,124222,PAQR4,124222
124245,124245,mapped,Entrez,124245,ZC3H18,124245
124359,124359,mapped,Entrez,124359,CDYL2,124359
124411,124411,mapped,Entrez,124411,KRABD5,124411
124446,124446,mapped,Entrez,124446,TMEM219,124446
124454,124454,mapped,Entrez,124454,EARS2,124454
124460,124460,mapped,Entrez,124460,SNX20,124460
124512,124512,mapped,Entrez,124512,METTL23,124512
124535,124535,mapped,Entrez,124535,HSF5,124535
124540,124540,mapped,Entrez,124540,MSI2,124540
124590,124590,mapped,Entrez,124590,USH1G,124590
124626,124626,mapped,Entrez,124626,ZPBP2,124626
124637,124637,mapped,Entrez,124637,CYB5D1,124637
124641,124641,mapped,Entrez,124641,OVCA2,124641
124790,124790,mapped,Entrez,124790,HEXIM2,124790
124801,124801,mapped,Entrez,124801,LSM12,124801
124808,124808,mapped,Entrez,124808,CCDC43,124808
124857,124857,mapped,Entrez,124857,WFIKKN2,124857
124923,124923,mapped,Entrez,124923,RSKR,124923
124925,124925,mapped,Entrez,124925,SEZ6,124925
124935,124935,mapped,Entrez,124935,SLC43A2,124935
124944,124944,mapped,Entrez,124944,BACC1,124944
124995,124995,mapped,Entrez,124995,MRPL10,124995
124997,124997,mapped,Entrez,124997,WDR81,124997
125111,125111,mapped,Entrez,125111,GJD3,125111
125228,125228,mapped,Entrez,125228,MIMS1,125228
125336,125336,mapped,Entrez,125336,LOXHD1,125336
125704,125704,mapped,Entrez,125704,DIPK1C,125704
125875,125875,mapped,Entrez,125875,CLDND2,125875
125931,125931,mapped,Entrez,125931,CEACAM20,125931
125963,125963,mapped,Entrez,125963,OR1M1,125963
126003,126003,mapped,Entrez,126003,TRAPPC5,126003
126075,126075,mapped,Entrez,126075,CCDC159,126075
126119,126119,mapped,Entrez,126119,JOSD2,126119
126205,126205,mapped,Entrez,126205,NLRP8,126205
126259,126259,mapped,Entrez,126259,TMIGD2,126259
126272,126272,mapped,Entrez,126272,EID2B,126272
126328,126328,mapped,Entrez,126328,NDUFA11,126328
126370,126370,mapped,Entrez,126370,OR1I1,126370
126375,126375,mapped,Entrez,126375,ZNF792,126375
126382,126382,mapped,Entrez,126382,NR2C2AP,126382
126432,126432,mapped,Entrez,126432,RINL,126432
126520,126520,mapped,Entrez,126520,PLK5,126520
126549,126549,mapped,Entrez,126549,ANKLE1,126549
126637,126637,mapped,Entrez,126637,TCHHL1,126637
126969,126969,mapped,Entrez,126969,SLC44A3,126969
127002,127002,mapped,Entrez,127002,ATXN7L2,127002
127018,127018,mapped,Entrez,127018,LYPLAL1,127018
127066,127066,mapped,Entrez,127066,OR14C36,127066
127253,127253,mapped,Entrez,127253,TYW3,127253
127255,127255,mapped,Entrez,127255,LRRIQ3,127255
127343,127343,mapped,Entrez,127343,DMBX1,127343
127495,127495,mapped,Entrez,127495,LRRC39,127495
127544,127544,mapped,Entrez,127544,RNF19B,127544
127617,127617,mapped,Entrez,127617,OR14L1,127617
127623,127623,mapped,Entrez,127623,OR2B11,127623
127670,127670,mapped,Entrez,127670,TEDDM1,127670
127845,127845,mapped,Entrez,127845,GOLT1A,127845
128344,128344,mapped,Entrez,128344,CIMAP3,128344
128346,128346,mapped,Entrez,128346,C1orf162,128346
128366,128366,mapped,Entrez,128366,OR6P1,128366
128367,128367,mapped,Entrez,128367,OR10X1,128367
128387,128387,mapped,Entrez,128387,TATDN3,128387
128408,128408,mapped,Entrez,128408,BHLHE23,128408
128486,128486,mapped,Entrez,128486,FITM2,128486
128497,128497,mapped,Entrez,128497,SPATA25,128497
128602,128602,mapped,Entrez,128602,CIMIP1,128602
128637,128637,mapped,Entrez,128637,TBC1D20,128637
128646,128646,mapped,Entrez,128646,SIRPD,128646
128853,128853,mapped,Entrez,128853,DUSP15,128853
129138,129138,mapped,Entrez,129138,ANKRD54,129138
129446,129446,mapped,Entrez,129446,XIRP2,129446
129450,129450,mapped,Entrez,129450,TYW5,129450
129530,129530,mapped,Entrez,129530,LYG1,129530
129642,129642,mapped,Entrez,129642,MBOAT2,129642
129804,129804,mapped,Entrez,129804,FBLN7,129804
130026,130026,mapped,Entrez,130026,ICA1L,130026
130120,130120,mapped,Entrez,130120,REG3G,130120
130340,130340,mapped,Entrez,130340,AP1S3,130340
130497,130497,mapped,Entrez,130497,OSR1,130497
130540,130540,mapped,Entrez,130540,FLACC1,130540
130560,130560,mapped,Entrez,130560,SPATA3,130560
130752,130752,mapped,Entrez,130752,MDH1B,130752
130916,130916,mapped,Entrez,130916,MTERF4,130916
130951,130951,mapped,Entrez,130951,M1AP,130951
131076,131076,mapped,Entrez,131076,MIX23,131076
131177,131177,mapped,Entrez,131177,FAM3D,131177
131540,131540,mapped,Entrez,131540,ZDHHC19,131540
132112,132112,mapped,Entrez,132112,RTP1,132112
132204,132204,mapped,Entrez,132204,SYNPR,132204
132332,132332,mapped,Entrez,132332,SMIM43,132332
132430,132430,mapped,Entrez,132430,PABPC4L,132430
132612,132612,mapped,Entrez,132612,ADAD1,132612
132954,132954,mapped,Entrez,132954,PDCL2,132954
133022,133022,mapped,Entrez,133022,TRAM1L1,133022
133308,133308,mapped,Entrez,133308,SLC9B2,133308
133383,133383,mapped,Entrez,133383,SETD9,133383
133584,133584,mapped,Entrez,133584,EGFLAM,133584
133874,133874,mapped,Entrez,133874,C5orf58,133874
133923,133923,mapped,Entrez,133923,ZNF474,133923
134121,134121,mapped,Entrez,134121,CFAP90,134121
134187,134187,mapped,Entrez,134187,POU5F2,134187
134265,134265,mapped,Entrez,134265,AFAP1L1,134265
134266,134266,mapped,Entrez,134266,GRPEL2,134266
134359,134359,mapped,Entrez,134359,POC5,134359
134510,134510,mapped,Entrez,134510,UBLCP1,134510
134549,134549,mapped,Entrez,134549,SHROOM1,134549
134957,134957,mapped,Entrez,134957,STXBP5,134957
135114,135114,mapped,Entrez,135114,HINT3,135114
135152,135152,mapped,Entrez,135152,B3GAT2,135152
135154,135154,mapped,Entrez,135154,SDHAF4,135154
135886,135886,mapped,Entrez,135886,TMEM270,135886
135927,135927,mapped,Entrez,135927,SOFU1,135927
135932,135932,mapped,Entrez,135932,TMEM139,135932
135948,135948,mapped,Entrez,135948,OR2F2,135948
136157,136157,mapped,Entrez,136157,SSU72L6,136157
136263,136263,mapped,Entrez,136263,SSMEM1,136263
136371,136371,mapped,Entrez,136371,ASB10,136371
136853,136853,mapped,Entrez,136853,SSC4D,136853
136895,136895,mapped,Entrez,136895,SPMIP4,136895
137209,137209,mapped,Entrez,137209,ZNF572,137209
137492,137492,mapped,Entrez,137492,VPS37A,137492
137682,137682,mapped,Entrez,137682,NDUFAF6,137682
137835,137835,mapped,Entrez,137835,TMEM71,137835
137902,137902,mapped,Entrez,137902,PXDNL,137902
138009,138009,mapped,Entrez,138009,DCAF4L2,138009
138046,138046,mapped,Entrez,138046,RALYL,138046
138151,138151,mapped,Entrez,138151,NACC2,138151
138255,138255,mapped,Entrez,138255,CFAP95,138255
138307,138307,mapped,Entrez,138307,LCN8,138307
138474,138474,mapped,Entrez,138474,TAF1L,138474
138639,138639,mapped,Entrez,138639,PTPDC1,138639
138715,138715,mapped,Entrez,138715,ARID3C,138715
138802,138802,mapped,Entrez,138802,OR13C8,138802
138804,138804,mapped,Entrez,138804,OR13C4,138804
138881,138881,mapped,Entrez,138881,OR1L8,138881
138883,138883,mapped,Entrez,138883,OR1N1,138883
139170,139170,mapped,Entrez,139170,DCAF12L1,139170
139189,139189,mapped,Entrez,139189,DGKK,139189
139212,139212,mapped,Entrez,139212,DNAAF6,139212
139324,139324,mapped,Entrez,139324,HDX,139324
139341,139341,mapped,Entrez,139341,FUNDC1,139341
139422,139422,mapped,Entrez,139422,MAGEB10,139422
139604,139604,mapped,Entrez,139604,MAGEB16,139604
139804,139804,mapped,Entrez,139804,RBMXL3,139804
140453,140453,mapped,Entrez,140453,MUC17,140453
140456,140456,mapped,Entrez,140456,ASB11,140456
140460,140460,mapped,Entrez,140460,ASB7,140460
140467,140467,mapped,Entrez,140467,ZNF358,140467
140564,140564,mapped,Entrez,140564,APOBEC3D,140564
140578,140578,mapped,Entrez,140578,CHODL,140578
140596,140596,mapped,Entrez,140596,DEFB104A,140596
140689,140689,mapped,Entrez,140689,CBLN4,140689
140691,140691,mapped,Entrez,140691,TRIM69,140691
140706,140706,mapped,Entrez,140706,CCM2L,140706
140710,140710,mapped,Entrez,140710,MTCL2,140710
140711,140711,mapped,Entrez,140711,TLDC2,140711
140730,140730,mapped,Entrez,140730,RIMS4,140730
140731,140731,mapped,Entrez,140731,ANKRD60,140731
140735,140735,mapped,Entrez,140735,DYNLL2,140735
140738,140738,mapped,Entrez,140738,TMEM37,140738
140767,140767,mapped,Entrez,140767,NRSN1,140767
140807,140807,mapped,Entrez,140807,KRT72,140807
140809,140809,mapped,Entrez,140809,SRXN1,140809
140823,140823,mapped,Entrez,140823,ROMO1,140823
140832,140832,mapped,Entrez,140832,WFDC10A,140832
140838,140838,mapped,Entrez,140838,NANP,140838
140850,140850,mapped,Entrez,140850,DEFB127,140850
140856,140856,mapped,Entrez,140856,SCP2D1,140856
140881,140881,mapped,Entrez,140881,DEFB129,140881
140893,140893,mapped,Entrez,140893,RBBP8NL,140893
142680,142680,mapped,Entrez,142680,SLC34A3,142680
142686,142686,mapped,Entrez,142686,ASB14,142686
142689,142689,mapped,Entrez,142689,ASB12,142689
142827,142827,mapped,Entrez,142827,ACSM6,142827
143187,143187,mapped,Entrez,143187,VTI1A,143187
143279,143279,mapped,Entrez,143279,HECTD2,143279
143502,143502,mapped,Entrez,143502,OR52I2,143502
143684,143684,mapped,Entrez,143684,FAM76B,143684
143903,143903,mapped,Entrez,143903,LAYN,143903
144108,144108,mapped,Entrez,144108,SPTY2D1,144108
144124,144124,mapped,Entrez,144124,OR10A5,144124
144132,144132,mapped,Entrez,144132,DNHD1,144132
144321,144321,mapped,Entrez,144321,GLIPR1L2,144321
144347,144347,mapped,Entrez,144347,RFLNA,144347
144348,144348,mapped,Entrez,144348,ZNF664,144348
144402,144402,mapped,Entrez,144402,CPNE8,144402
144423,144423,mapped,Entrez,144423,GLT1D1,144423
144448,144448,mapped,Entrez,144448,TSPAN19,144448
144535,144535,mapped,Entrez,144535,CFAP54,144535
144608,144608,mapped,Entrez,144608,C12orf60,144608
144717,144717,mapped,Entrez,144717,PHETA1,144717
144809,144809,mapped,Entrez,144809,FAM216B,144809
144983,144983,mapped,Entrez,144983,HNRNPA1L2,144983
145226,145226,mapped,Entrez,145226,RDH12,145226
145264,145264,mapped,Entrez,145264,SERPINA12,145264
145282,145282,mapped,Entrez,145282,MIPOL1,145282
145447,145447,mapped,Entrez,145447,ABHD12B,145447
145497,145497,mapped,Entrez,145497,LRRC74A,145497
145853,145853,mapped,Entrez,145853,C15orf61,145853
145942,145942,mapped,Entrez,145942,TMCO5A,145942
146059,146059,mapped,Entrez,146059,CDAN1,146059
146177,146177,mapped,Entrez,146177,VWA3A,146177
146212,146212,mapped,Entrez,146212,KCTD19,146212
146279,146279,mapped,Entrez,146279,TEKT5,146279
146325,146325,mapped,Entrez,146325,PRR35,146325
146378,146378,mapped,Entrez,146378,FIMP1,146378
146395,146395,mapped,Entrez,146395,GSG1L,146395
146429,146429,mapped,Entrez,146429,SLC22A31,146429
146433,146433,mapped,Entrez,146433,IL34,146433
146540,146540,mapped,Entrez,146540,ZNF785,146540
146542,146542,mapped,Entrez,146542,ZNF688,146542
146712,146712,mapped,Entrez,146712,QTGAL,146712
146760,146760,mapped,Entrez,146760,RTN4RL1,146760
146779,146779,mapped,Entrez,146779,EFCAB3,146779
146822,146822,mapped,Entrez,146822,CDRT15,146822
146845,146845,mapped,Entrez,146845,CFAP52,146845
146850,146850,mapped,Entrez,146850,PIK3R6,146850
146852,146852,mapped,Entrez,146852,ODF4,146852
146909,146909,mapped,Entrez,146909,KIF18B,146909
146923,146923,mapped,Entrez,146923,RUNDC1,146923
147007,147007,mapped,Entrez,147007,VMA12,147007
147040,147040,mapped,Entrez,147040,KCTD11,147040
147183,147183,mapped,Entrez,147183,KRT25,147183
147323,147323,mapped,Entrez,147323,STARD6,147323
147409,147409,mapped,Entrez,147409,DSG4,147409
147645,147645,mapped,Entrez,147645,VSIG10L,147645
147694,147694,mapped,Entrez,147694,ZNF548,147694
147700,147700,mapped,Entrez,147700,KLC3,147700
147710,147710,mapped,Entrez,147710,IGSF23,147710
147741,147741,mapped,Entrez,147741,ZNF560,147741
147837,147837,mapped,Entrez,147837,ZNF563,147837
148003,148003,mapped,Entrez,148003,LGALS16,148003
148203,148203,mapped,Entrez,148203,ZNF738,148203
148206,148206,mapped,Entrez,148206,ZNF714,148206
148229,148229,mapped,Entrez,148229,ATP8B3,148229
148268,148268,mapped,Entrez,148268,ZNF570,148268
148398,148398,mapped,Entrez,148398,SAMD11,148398
148423,148423,mapped,Entrez,148423,C1orf52,148423
148523,148523,mapped,Entrez,148523,CIART,148523
148534,148534,mapped,Entrez,148534,TLCD4,148534
148581,148581,mapped,Entrez,148581,UBE2U,148581
148641,148641,mapped,Entrez,148641,SLC35F3,148641
148738,148738,mapped,Entrez,148738,HJV,148738
148741,148741,mapped,Entrez,148741,ANKRD35,148741
148811,148811,mapped,Entrez,148811,PM20D1,148811
148870,148870,mapped,Entrez,148870,CCDC27,148870
149013,149013,mapped,Entrez,149013,NBPF12,149013
149069,149069,mapped,Entrez,149069,DCDC2B,149069
149111,149111,mapped,Entrez,149111,CNIH3,149111
149175,149175,mapped,Entrez,149175,MANEAL,149175
149281,149281,mapped,Entrez,149281,NTMT2,149281
149371,149371,mapped,Entrez,149371,EXOC8,149371
149603,149603,mapped,Entrez,149603,RNF187,149603
149628,149628,mapped,Entrez,149628,PYHIN1,149628
149699,149699,mapped,Entrez,149699,GTSF1L,149699
149954,149954,mapped,Entrez,149954,BPIFB4,149954
150160,150160,mapped,Entrez,150160,CCT8L2,150160
150280,150280,mapped,Entrez,150280,HORMAD2,150280
150365,150365,mapped,Entrez,150365,MEI1,150365
150372,150372,mapped,Entrez,150372,NFAM1,150372
150379,150379,mapped,Entrez,150379,PNPLA5,150379
150465,150465,mapped,Entrez,150465,TTL,150465
150472,150472,mapped,Entrez,150472,ZNG1B,150472
150590,150590,mapped,Entrez,150590,C2orf15,150590
150681,150681,mapped,Entrez,150681,OR6B3,150681
150737,150737,mapped,Entrez,150737,IFT70B,150737
150921,150921,mapped,Entrez,150921,TCF23,150921
150946,150946,mapped,Entrez,150946,GAREM2,150946
151056,151056,mapped,Entrez,151056,PLB1,151056
151188,151188,mapped,Entrez,151188,ARL6IP6,151188
151230,151230,mapped,Entrez,151230,KLHL23,151230
151246,151246,mapped,Entrez,151246,SGO2,151246
151254,151254,mapped,Entrez,151254,CATSPERT,151254
151473,151473,mapped,Entrez,151473,SLC16A14,151473
151507,151507,mapped,Entrez,151507,MSL3B,151507
151516,151516,mapped,Entrez,151516,ASPRV1,151516
151636,151636,mapped,Entrez,151636,DTX3L,151636
151651,151651,mapped,Entrez,151651,EFHB,151651
151790,151790,mapped,Entrez,151790,WDR49,151790
151835,151835,mapped,Entrez,151835,CPNE9,151835
151871,151871,mapped,Entrez,151871,DPPA2,151871
151888,151888,mapped,Entrez,151888,BTLA,151888
151963,151963,mapped,Entrez,151963,MB21D2,151963
151987,151987,mapped,Entrez,151987,PPP4R2,151987
152405,152405,mapped,Entrez,152405,TEX55,152405
152503,152503,mapped,Entrez,152503,SH3D19,152503
152518,152518,mapped,Entrez,152518,NFXL1,152518
152687,152687,mapped,Entrez,152687,ZNF595,152687
152789,152789,mapped,Entrez,152789,JAKMIP1,152789
152816,152816,mapped,Entrez,152816,ODAPH,152816
152831,152831,mapped,Entrez,152831,KLB,152831
152940,152940,mapped,Entrez,152940,SPMIP2,152940
153090,153090,mapped,Entrez,153090,DAB2IP,153090
153129,153129,mapped,Entrez,153129,SLC38A9,153129
153218,153218,mapped,Entrez,153218,SPINK13,153218
153527,153527,mapped,Entrez,153527,ZMAT2,153527
153579,153579,mapped,Entrez,153579,BTNL9,153579
153642,153642,mapped,Entrez,153642,ARSK,153642
153657,153657,mapped,Entrez,153657,TTC23L,153657
153733,153733,mapped,Entrez,153733,CCDC112,153733
153743,153743,mapped,Entrez,153743,PPP1R2B,153743
153768,153768,mapped,Entrez,153768,PRELID2,153768
154064,154064,mapped,Entrez,154064,RAET1L,154064
154288,154288,mapped,Entrez,154288,KHDC3L,154288
154661,154661,mapped,Entrez,154661,RUNDC3B,154661
154865,154865,mapped,Entrez,154865,IQUB,154865
155006,155006,mapped,Entrez,155006,TMEM213,155006
155054,155054,mapped,Entrez,155054,ZNF425,155054
155061,155061,mapped,Entrez,155061,ZNF746,155061
155066,155066,mapped,Entrez,155066,ATP6V0E2,155066
155185,155185,mapped,Entrez,155185,AMZ1,155185
157313,157313,mapped,Entrez,157313,CDCA2,157313
157378,157378,mapped,Entrez,157378,TMEM65,157378
157567,157567,mapped,Entrez,157567,ANKRD46,157567
157695,157695,mapped,Entrez,157695,TDRP,157695
157753,157753,mapped,Entrez,157753,TMEM74,157753
157848,157848,mapped,Entrez,157848,NKX6-3,157848
157869,157869,mapped,Entrez,157869,SBSPON,157869
158046,158046,mapped,Entrez,158046,NXNL2,158046
158062,158062,mapped,Entrez,158062,LCN6,158062
158131,158131,mapped,Entrez,158131,OR1Q1,158131
158158,158158,mapped,Entrez,158158,RASEF,158158
158219,158219,mapped,Entrez,158219,TTC39B,158219
158234,158234,mapped,Entrez,158234,TRMT10B,158234
158471,158471,mapped,Entrez,158471,PRUNE2,158471
158506,158506,mapped,Entrez,158506,CBLL2,158506
158584,158584,mapped,Entrez,158584,FAAH2,158584
158586,158586,mapped,Entrez,158586,ZXDB,158586
158724,158724,mapped,Entrez,158724,FAM47A,158724
158747,158747,mapped,Entrez,158747,MOSPD2,158747
158763,158763,mapped,Entrez,158763,ARHGAP36,158763
158787,158787,mapped,Entrez,158787,RIBC1,158787
158798,158798,mapped,Entrez,158798,AKAP14,158798
158833,158833,mapped,Entrez,158833,AWAT1,158833
159119,159119,mapped,Entrez,159119,HSFY2,159119
159686,159686,mapped,Entrez,159686,CFAP58,159686
159989,159989,mapped,Entrez,159989,DEUP1,159989
160140,160140,mapped,Entrez,160140,C11orf65,160140
160335,160335,mapped,Entrez,160335,TMTC2,160335
160364,160364,mapped,Entrez,160364,CLEC12A,160364
160365,160365,mapped,Entrez,160365,CLECL1,160365
160419,160419,mapped,Entrez,160419,ZC3H11D,160419
161003,161003,mapped,Entrez,161003,STOML3,161003
161142,161142,mapped,Entrez,161142,GARIN2,161142
161253,161253,mapped,Entrez,161253,REM2,161253
161357,161357,mapped,Entrez,161357,MDGA2,161357
161394,161394,mapped,Entrez,161394,SAMD15,161394
161424,161424,mapped,Entrez,161424,NOP9,161424
161779,161779,mapped,Entrez,161779,PGBD4,161779
161823,161823,mapped,Entrez,161823,MAPDA,161823
162282,162282,mapped,Entrez,162282,ANKFN1,162282
162387,162387,mapped,Entrez,162387,MFSD6L,162387
162466,162466,mapped,Entrez,162466,PHOSPHO1,162466
162494,162494,mapped,Entrez,162494,RHBDL3,162494
162963,162963,mapped,Entrez,162963,ZNF610,162963
162966,162966,mapped,Entrez,162966,ZNF600,162966
162967,162967,mapped,Entrez,162967,ZNF320,162967
162989,162989,mapped,Entrez,162989,DEDD2,162989
163154,163154,mapped,Entrez,163154,PRR22,163154
163183,163183,mapped,Entrez,163183,SYNE4,163183
163479,163479,mapped,Entrez,163479,FNDC7,163479
163486,163486,mapped,Entrez,163486,DENND1B,163486
163688,163688,mapped,Entrez,163688,CALML6,163688
163782,163782,mapped,Entrez,163782,KANK4,163782
163786,163786,mapped,Entrez,163786,SASS6,163786
163933,163933,mapped,Entrez,163933,FAM43B,163933
164127,164127,mapped,Entrez,164127,CCDC185,164127
164153,164153,mapped,Entrez,164153,UBL4B,164153
164237,164237,mapped,Entrez,164237,WFDC13,164237
164284,164284,mapped,Entrez,164284,APCDD1L,164284
165186,165186,mapped,Entrez,165186,TOGARAM2,165186
165545,165545,mapped,Entrez,165545,DQX1,165545
165679,165679,mapped,Entrez,165679,SPTSSB,165679
165918,165918,mapped,Entrez,165918,RNF168,165918
166348,166348,mapped,Entrez,166348,KBTBD12,166348
166378,166378,mapped,Entrez,166378,AFG2A,166378
166785,166785,mapped,Entrez,166785,MMAA,166785
167555,167555,mapped,Entrez,167555,FAM151B,167555
167681,167681,mapped,Entrez,167681,PRSS35,167681
167838,167838,mapped,Entrez,167838,TXLNB,167838
168002,168002,mapped,Entrez,168002,DACT2,168002
168620,168620,mapped,Entrez,168620,BHLHA15,168620
168850,168850,mapped,Entrez,168850,ZNF800,168850
168975,168975,mapped,Entrez,168975,CNBD1,168975
169026,169026,mapped,Entrez,169026,SLC30A8,169026
169044,169044,mapped,Entrez,169044,COL22A1,169044
169436,169436,mapped,Entrez,169436,STKLD1,169436
169522,169522,mapped,Entrez,169522,KCNV2,169522
169693,169693,mapped,Entrez,169693,TMEM252,169693
169714,169714,mapped,Entrez,169714,QSOX2,169714
170302,170302,mapped,Entrez,170302,ARX,170302
170371,170371,mapped,Entrez,170371,TMEM273,170371
170392,170392,mapped,Entrez,170392,OIT3,170392
170463,170463,mapped,Entrez,170463,SSBP4,170463
170506,170506,mapped,Entrez,170506,DHX36,170506
170589,170589,mapped,Entrez,170589,GPHA2,170589
170591,170591,mapped,Entrez,170591,S100Z,170591
170627,170627,mapped,Entrez,170627,XAGE5,170627
170680,170680,mapped,Entrez,170680,PSORS1C2,170680
170692,170692,mapped,Entrez,170692,ADAMTS18,170692
170712,170712,mapped,Entrez,170712,COX7B2,170712
170825,170825,mapped,Entrez,170825,GSX2,170825
170958,170958,mapped,Entrez,170958,ZNF525,170958
170961,170961,mapped,Entrez,170961,ANKRD24,170961
171019,171019,mapped,Entrez,171019,ADAMTS19,171019
171169,171169,mapped,Entrez,171169,SPACA4,171169
171392,171392,mapped,Entrez,171392,ZNF675,171392
171482,171482,mapped,Entrez,171482,FAM9A,171482
171483,171483,mapped,Entrez,171483,FAM9B,171483
171586,171586,mapped,Entrez,171586,ABHD3,171586
192668,192668,mapped,Entrez,192668,CYS1,192668
192683,192683,mapped,Entrez,192683,SCAMP5,192683
195814,195814,mapped,Entrez,195814,SDR16C5,195814
195828,195828,mapped,Entrez,195828,ZNF367,195828
196074,196074,mapped,Entrez,196074,METTL15,196074
196383,196383,mapped,Entrez,196383,RILPL2,196383
196394,196394,mapped,Entrez,196394,AMN1,196394
196441,196441,mapped,Entrez,196441,ZFC3H1,196441
196500,196500,mapped,Entrez,196500,PIANP,196500
196528,196528,mapped,Entrez,196528,ARID2,196528
196541,196541,mapped,Entrez,196541,METTL21C,196541
196740,196740,mapped,Entrez,196740,VSTM4,196740
196743,196743,mapped,Entrez,196743,PAOX,196743
197021,197021,mapped,Entrez,197021,LCTL,197021
197135,197135,mapped,Entrez,197135,PATL2,197135
197358,197358,mapped,Entrez,197358,NLRC3,197358
199223,199223,mapped,Entrez,199223,TTC21A,199223
199675,199675,mapped,Entrez,199675,MCEMP1,199675
199704,199704,mapped,Entrez,199704,ZNF585A,199704
199731,199731,mapped,Entrez,199731,CADM4,199731
199777,199777,mapped,Entrez,199777,ZNF626,199777
199800,199800,mapped,Entrez,199800,ADM5,199800
199834,199834,mapped,Entrez,199834,LCE4A,199834
199920,199920,mapped,Entrez,199920,FYB2,199920
199990,199990,mapped,Entrez,199990,FAAP20,199990
200014,200014,mapped,Entrez,200014,CC2D1B,200014
200035,200035,mapped,Entrez,200035,NUDT17,200035
200132,200132,mapped,Entrez,200132,DYNLT5,200132
200150,200150,mapped,Entrez,200150,PLD5,200150
200159,200159,mapped,Entrez,200159,SPMIP3,200159
200162,200162,mapped,Entrez,200162,SPAG17,200162
200312,200312,mapped,Entrez,200312,RNF215,200312
200316,200316,mapped,Entrez,200316,APOBEC3F,200316
200523,200523,mapped,Entrez,200523,SPMIP9,200523
200558,200558,mapped,Entrez,200558,APLF,200558
200728,200728,mapped,Entrez,200728,TMEM17,200728
200734,200734,mapped,Entrez,200734,SPRED2,200734
200845,200845,mapped,Entrez,200845,KCTD6,200845
200909,200909,mapped,Entrez,200909,HTR3D,200909
200933,200933,mapped,Entrez,200933,FBXO45,200933
200942,200942,mapped,Entrez,200942,KLHDC8B,200942
201163,201163,mapped,Entrez,201163,FLCN,201163
201164,201164,mapped,Entrez,201164,PLD6,201164
201305,201305,mapped,Entrez,201305,SPNS3,201305
201475,201475,mapped,Entrez,201475,RAB12,201475
201501,201501,mapped,Entrez,201501,ZBTB7C,201501
201516,201516,mapped,Entrez,201516,ZSCAN4,201516
201595,201595,mapped,Entrez,201595,STT3B,201595
201725,201725,mapped,Entrez,201725,C4orf46,201725
201799,201799,mapped,Entrez,201799,TMEM154,201799
201895,201895,mapped,Entrez,201895,SMIM14,201895
201965,201965,mapped,Entrez,201965,RWDD4,201965
202051,202051,mapped,Entrez,202051,SPATA24,202051
202151,202151,mapped,Entrez,202151,RANBP3L,202151
202333,202333,mapped,Entrez,202333,CMYA5,202333
202915,202915,mapped,Entrez,202915,TMEM184A,202915
203062,203062,mapped,Entrez,203062,TSNARE1,203062
203068,203068,mapped,Entrez,203068,TUBB,203068
203074,203074,mapped,Entrez,203074,PRSS55,203074
203076,203076,mapped,Entrez,203076,C8orf74,203076
203102,203102,mapped,Entrez,203102,ADAM32,203102
203111,203111,mapped,Entrez,203111,ERICH5,203111
203197,203197,mapped,Entrez,203197,TMEM268,203197
203259,203259,mapped,Entrez,203259,FAM219A,203259
203286,203286,mapped,Entrez,203286,ANKS6,203286
203413,203413,mapped,Entrez,203413,CT83,203413
203430,203430,mapped,Entrez,203430,RTL3,203430
203447,203447,mapped,Entrez,203447,NRK,203447
203522,203522,mapped,Entrez,203522,INTS6L,203522
203523,203523,mapped,Entrez,203523,ZNF449,203523
203547,203547,mapped,Entrez,203547,VMA21,203547
203562,203562,mapped,Entrez,203562,TMEM31,203562
203569,203569,mapped,Entrez,203569,PAGE2,203569
204851,204851,mapped,Entrez,204851,HIPK1,204851
205251,205251,mapped,Entrez,205251,MTLN,205251
205717,205717,mapped,Entrez,205717,USF3,205717
205860,205860,mapped,Entrez,205860,TRIML2,205860
219348,219348,mapped,Entrez,219348,PLAC9,219348
219409,219409,mapped,Entrez,219409,GSX1,219409
219437,219437,mapped,Entrez,219437,OR5L1,219437
219438,219438,mapped,Entrez,219438,OR5D18,219438
219469,219469,mapped,Entrez,219469,OR8H1,219469
219473,219473,mapped,Entrez,219473,OR8K3,219473
219477,219477,mapped,Entrez,219477,OR8J1,219477
219479,219479,mapped,Entrez,219479,OR8U3,219479
219482,219482,mapped,Entrez,219482,OR5M3,219482
219493,219493,mapped,Entrez,219493,OR5AR1,219493
219537,219537,mapped,Entrez,219537,SMTNL1,219537
219539,219539,mapped,Entrez,219539,YPEL4,219539
219654,219654,mapped,Entrez,219654,ZCCHC24,219654
219770,219770,mapped,Entrez,219770,GJD4,219770
219771,219771,mapped,Entrez,219771,CCNY,219771
219790,219790,mapped,Entrez,219790,RTKN2,219790
219869,219869,mapped,Entrez,219869,OR10G8,219869
219875,219875,mapped,Entrez,219875,OR4D5,219875
219899,219899,mapped,Entrez,219899,TBCEL,219899
219954,219954,mapped,Entrez,219954,OR9I1,219954
219956,219956,mapped,Entrez,219956,OR9Q1,219956
219958,219958,mapped,Entrez,219958,OR1S2,219958
219959,219959,mapped,Entrez,219959,OR1S1,219959
219965,219965,mapped,Entrez,219965,OR5B17,219965
219988,219988,mapped,Entrez,219988,PATL1,219988
219995,219995,mapped,Entrez,219995,MS4A15,219995
220002,220002,mapped,Entrez,220002,CYB561A3,220002
220004,220004,mapped,Entrez,220004,SAXO4,220004
220042,220042,mapped,Entrez,220042,DDIAS,220042
220108,220108,mapped,Entrez,220108,FAM124A,220108
220323,220323,mapped,Entrez,220323,OAF,220323
220416,220416,mapped,Entrez,220416,LRRC63,220416
220441,220441,mapped,Entrez,220441,RNF152,220441
220869,220869,mapped,Entrez,220869,ZNG1E,220869
220963,220963,mapped,Entrez,220963,SLC16A9,220963
221035,221035,mapped,Entrez,221035,REEP3,221035
221037,221037,mapped,Entrez,221037,JMJD1C,221037
221044,221044,mapped,Entrez,221044,UCMA,221044
221078,221078,mapped,Entrez,221078,NSUN6,221078
221120,221120,mapped,Entrez,221120,ALKBH3,221120
221143,221143,mapped,Entrez,221143,EEF1AKMT1,221143
221154,221154,mapped,Entrez,221154,MICU2,221154
221223,221223,mapped,Entrez,221223,CES5A,221223
221264,221264,mapped,Entrez,221264,AK9,221264
221301,221301,mapped,Entrez,221301,CALHM4,221301
221322,221322,mapped,Entrez,221322,TBC1D32,221322
221336,221336,mapped,Entrez,221336,BEND6,221336
221424,221424,mapped,Entrez,221424,LRRC73,221424
221477,221477,mapped,Entrez,221477,C6orf89,221477
221806,221806,mapped,Entrez,221806,VWDE,221806
221895,221895,mapped,Entrez,221895,JAZF1,221895
222068,222068,mapped,Entrez,222068,TMED4,222068
222183,222183,mapped,Entrez,222183,SRRM3,222183
222223,222223,mapped,Entrez,222223,ELAPOR2,222223
222234,222234,mapped,Entrez,222234,FAM185A,222234
222235,222235,mapped,Entrez,222235,FBXL13,222235
222255,222255,mapped,Entrez,222255,ATXN7L1,222255
222545,222545,mapped,Entrez,222545,GPRC6A,222545
222546,222546,mapped,Entrez,222546,RFX6,222546
222553,222553,mapped,Entrez,222553,SLC35F1,222553
222584,222584,mapped,Entrez,222584,SACK1B,222584
222662,222662,mapped,Entrez,222662,LHFPL5,222662
222663,222663,mapped,Entrez,222663,SCUBE3,222663
222696,222696,mapped,Entrez,222696,ZSCAN23,222696
222826,222826,mapped,Entrez,222826,FAM217A,222826
222894,222894,mapped,Entrez,222894,FERD3L,222894
222967,222967,mapped,Entrez,222967,RSPH10B,222967
223075,223075,mapped,Entrez,223075,ITPRID1,223075
245711,245711,mapped,Entrez,245711,SPDYA,245711
245812,245812,mapped,Entrez,245812,CNPY4,245812
245909,245909,mapped,Entrez,245909,DEFB106A,245909
245915,245915,mapped,Entrez,245915,DEFB112,245915
245934,245934,mapped,Entrez,245934,DEFB121,245934
246184,246184,mapped,Entrez,246184,CDC26,246184
246744,246744,mapped,Entrez,246744,STH,246744
252884,252884,mapped,Entrez,252884,ZNF396,252884
253152,253152,mapped,Entrez,253152,EPHX4,253152
253430,253430,mapped,Entrez,253430,IPMK,253430
253461,253461,mapped,Entrez,253461,ZBTB38,253461
253559,253559,mapped,Entrez,253559,CADM2,253559
253635,253635,mapped,Entrez,253635,GPATCH11,253635
253639,253639,mapped,Entrez,253639,ZNF620,253639
253650,253650,mapped,Entrez,253650,ANKRD18A,253650
254122,254122,mapped,Entrez,254122,SNX32,254122
254240,254240,mapped,Entrez,254240,BPIFC,254240
254251,254251,mapped,Entrez,254251,LCORL,254251
254263,254263,mapped,Entrez,254263,CNIH2,254263
254295,254295,mapped,Entrez,254295,PHYHD1,254295
254359,254359,mapped,Entrez,254359,ZDHHC24,254359
254394,254394,mapped,Entrez,254394,MCM9,254394
254439,254439,mapped,Entrez,254439,C11orf86,254439
254528,254528,mapped,Entrez,254528,MEIOB,254528
254531,254531,mapped,Entrez,254531,LPCAT4,254531
254552,254552,mapped,Entrez,254552,NUDT8,254552
254950,254950,mapped,Entrez,254950,KRTAP15-1,254950
254973,254973,mapped,Entrez,254973,OR1L4,254973
255027,255027,mapped,Entrez,255027,MPV17L,255027
255061,255061,mapped,Entrez,255061,TAC4,255061
255101,255101,mapped,Entrez,255101,CFAP65,255101
255104,255104,mapped,Entrez,255104,TMCO4,255104
255275,255275,mapped,Entrez,255275,MYADML2,255275
255394,255394,mapped,Entrez,255394,TCP11L2,255394
255488,255488,mapped,Entrez,255488,RNF144B,255488
255520,255520,mapped,Entrez,255520,ELMOD2,255520
255762,255762,mapped,Entrez,255762,PDZD9,255762
255783,255783,mapped,Entrez,255783,INAFM1,255783
256076,256076,mapped,Entrez,256076,COL6A5,256076
256126,256126,mapped,Entrez,256126,SYCE2,256126
256223,256223,mapped,Entrez,256223,CDRT15L2,256223
256281,256281,mapped,Entrez,256281,NUDT14,256281
256297,256297,mapped,Entrez,256297,PTF1A,256297
256302,256302,mapped,Entrez,256302,NATD1,256302
256309,256309,mapped,Entrez,256309,CCDC110,256309
256380,256380,mapped,Entrez,256380,SCML4,256380
256394,256394,mapped,Entrez,256394,SERPINA11,256394
256435,256435,mapped,Entrez,256435,ST6GALNAC3,256435
256646,256646,mapped,Entrez,256646,NUTM1,256646
256691,256691,mapped,Entrez,256691,MAMDC2,256691
256949,256949,mapped,Entrez,256949,KANK3,256949
256979,256979,mapped,Entrez,256979,SUN3,256979
256987,256987,mapped,Entrez,256987,SERINC5,256987
257062,257062,mapped,Entrez,257062,CATSPERD,257062
257068,257068,mapped,Entrez,257068,PLCXD2,257068
257101,257101,mapped,Entrez,257101,ZNF683,257101
257106,257106,mapped,Entrez,257106,ARHGAP30,257106
257160,257160,mapped,Entrez,257160,RNF214,257160
257169,257169,mapped,Entrez,257169,C9orf43,257169
257236,257236,mapped,Entrez,257236,CFAP184,257236
257407,257407,mapped,Entrez,257407,C2orf72,257407
257629,257629,mapped,Entrez,257629,ANKS4B,257629
259215,259215,mapped,Entrez,259215,LY6G6F,259215
259217,259217,mapped,Entrez,259217,HSPA12A,259217
259230,259230,mapped,Entrez,259230,SGMS1,259230
259239,259239,mapped,Entrez,259239,WFDC11,259239
259282,259282,mapped,Entrez,259282,BOD1L1,259282
259287,259287,mapped,Entrez,259287,TAS2R41,259287
259291,259291,mapped,Entrez,259291,TAS2R45,259291
259295,259295,mapped,Entrez,259295,TAS2R20,259295
259307,259307,mapped,Entrez,259307,IL4I1,259307
260434,260434,mapped,Entrez,260434,PYDC1,260434
261729,261729,mapped,Entrez,261729,STEAP2,261729
266665,266665,mapped,Entrez,266665,TAS2R33,266665
266675,266675,mapped,Entrez,266675,BEST4,266675
267012,267012,mapped,Entrez,267012,DAOA,267012
280658,280658,mapped,Entrez,280658,SSX7,280658
282679,282679,mapped,Entrez,282679,AQP11,282679
282969,282969,mapped,Entrez,282969,FUOM,282969
282973,282973,mapped,Entrez,282973,JAKMIP3,282973
283093,283093,mapped,Entrez,283093,OR4C12,283093
283189,283189,mapped,Entrez,283189,OR9G4,283189
283209,283209,mapped,Entrez,283209,PGM2L1,283209
283212,283212,mapped,Entrez,283212,KLHL35,283212
283254,283254,mapped,Entrez,283254,HARBI1,283254
283284,283284,mapped,Entrez,283284,IGSF22,283284
283298,283298,mapped,Entrez,283298,OLFML1,283298
283310,283310,mapped,Entrez,283310,OTOGL,283310
283358,283358,mapped,Entrez,283358,B4GALNT3,283358
283373,283373,mapped,Entrez,283373,ANKRD52,283373
283375,283375,mapped,Entrez,283375,SLC39A5,283375
283377,283377,mapped,Entrez,283377,SPRYD4,283377
283417,283417,mapped,Entrez,283417,DPY19L2,283417
283446,283446,mapped,Entrez,283446,MYO1H,283446
283514,283514,mapped,Entrez,283514,SIAH3,283514
283571,283571,mapped,Entrez,283571,PROX2,283571
283617,283617,mapped,Entrez,283617,OR4K3,283617
283629,283629,mapped,Entrez,283629,TSSK4,283629
283635,283635,mapped,Entrez,283635,FAM177A1,283635
283685,283685,mapped,Entrez,283685,GOLGA6L2,283685
283694,283694,mapped,Entrez,283694,OR4N4,283694
283742,283742,mapped,Entrez,283742,TSLIG3B,283742
283748,283748,mapped,Entrez,283748,PLA2G4D,283748
283768,283768,mapped,Entrez,283768,GOLGA8G,283768
283847,283847,mapped,Entrez,283847,TERB1,283847
283849,283849,mapped,Entrez,283849,EXOC3L1,283849
283951,283951,mapped,Entrez,283951,UQCC4,283951
283953,283953,mapped,Entrez,283953,TMEM114,283953
283971,283971,mapped,Entrez,283971,CLEC18C,283971
283989,283989,mapped,Entrez,283989,TSEN54,283989
284001,284001,mapped,Entrez,284001,CCDC57,284001
284013,284013,mapped,Entrez,284013,VMO1,284013
284018,284018,mapped,Entrez,284018,C17orf58,284018
284058,284058,mapped,Entrez,284058,KANSL1,284058
284207,284207,mapped,Entrez,284207,METRNL,284207
284252,284252,mapped,Entrez,284252,KCTD1,284252
284325,284325,mapped,Entrez,284325,ACTMAP,284325
284346,284346,mapped,Entrez,284346,ZNF575,284346
284371,284371,mapped,Entrez,284371,ZNF841,284371
284382,284382,mapped,Entrez,284382,ACTL9,284382
284390,284390,mapped,Entrez,284390,ZNF763,284390
284403,284403,mapped,Entrez,284403,WDR62,284403
284406,284406,mapped,Entrez,284406,ZFP82,284406
284417,284417,mapped,Entrez,284417,TMEM150B,284417
284427,284427,mapped,Entrez,284427,SLC25A41,284427
284433,284433,mapped,Entrez,284433,OR10H5,284433
284451,284451,mapped,Entrez,284451,CIMAP1D,284451
284467,284467,mapped,Entrez,284467,TAFA3,284467
284485,284485,mapped,Entrez,284485,RIIAD1,284485
284541,284541,mapped,Entrez,284541,CYP4A22,284541
284613,284613,mapped,Entrez,284613,CYB561D1,284613
284680,284680,mapped,Entrez,284680,SPATA46,284680
284739,284739,mapped,Entrez,284739,C20orf204,284739
284827,284827,mapped,Entrez,284827,KRTAP13-4,284827
284904,284904,mapped,Entrez,284904,SEC14L4,284904
284958,284958,mapped,Entrez,284958,NT5DC4,284958
284992,284992,mapped,Entrez,284992,CCDC150,284992
284996,284996,mapped,Entrez,284996,RNF149,284996
285126,285126,mapped,Entrez,285126,DNAJC5G,285126
285141,285141,mapped,Entrez,285141,ERICH2,285141
285190,285190,mapped,Entrez,285190,RGPD4,285190
285220,285220,mapped,Entrez,285220,EPHA6,285220
285237,285237,mapped,Entrez,285237,C3orf38,285237
285282,285282,mapped,Entrez,285282,RABL3,285282
285331,285331,mapped,Entrez,285331,CCDC66,285331
285386,285386,mapped,Entrez,285386,TPRG1,285386
285440,285440,mapped,Entrez,285440,CYP4V2,285440
285498,285498,mapped,Entrez,285498,RNF212,285498
285601,285601,mapped,Entrez,285601,GPR150,285601
285676,285676,mapped,Entrez,285676,ZNF454,285676
285704,285704,mapped,Entrez,285704,RGMB,285704
285753,285753,mapped,Entrez,285753,CEP57L1,285753
285800,285800,mapped,Entrez,285800,PRR18,285800
285855,285855,mapped,Entrez,285855,RPL7L1,285855
285888,285888,mapped,Entrez,285888,CNPY1,285888
285971,285971,mapped,Entrez,285971,ZNF775,285971
286006,286006,mapped,Entrez,286006,LSMEM1,286006
286046,286046,mapped,Entrez,286046,XKR6,286046
286097,286097,mapped,Entrez,286097,MICU3,286097
286148,286148,mapped,Entrez,286148,DPY19L4,286148
286151,286151,mapped,Entrez,286151,FBXO43,286151
286234,286234,mapped,Entrez,286234,SPATA31E1,286234
286336,286336,mapped,Entrez,286336,FAM78A,286336
286343,286343,mapped,Entrez,286343,LURAP1L,286343
286362,286362,mapped,Entrez,286362,OR13C9,286362
286451,286451,mapped,Entrez,286451,YIPF6,286451
286826,286826,mapped,Entrez,286826,LIN9,286826
286887,286887,mapped,Entrez,286887,KRT6C,286887
287015,287015,mapped,Entrez,287015,TRIM42,287015
317649,317649,mapped,Entrez,317649,EIF4E3,317649
317749,317749,mapped,Entrez,317749,DHRS4L2,317749
317762,317762,mapped,Entrez,317762,CCDC85C,317762
319089,319089,mapped,Entrez,319089,TTC6,319089
326624,326624,mapped,Entrez,326624,RAB37,326624
326625,326625,mapped,Entrez,326625,MMAB,326625
333926,333926,mapped,Entrez,333926,PPM1J,333926
333929,333929,mapped,Entrez,333929,SNAI3,333929
337867,337867,mapped,Entrez,337867,UBAC2,337867
337878,337878,mapped,Entrez,337878,KRTAP7-1,337878
337879,337879,mapped,Entrez,337879,KRTAP8-1,337879
337880,337880,mapped,Entrez,337880,KRTAP11-1,337880
337959,337959,mapped,Entrez,337959,KRTAP13-2,337959
337967,337967,mapped,Entrez,337967,KRTAP6-2,337967
337978,337978,mapped,Entrez,337978,KRTAP21-2,337978
338321,338321,mapped,Entrez,338321,NLRP9,338321
338323,338323,mapped,Entrez,338323,NLRP14,338323
338324,338324,mapped,Entrez,338324,S100A7A,338324
338339,338339,mapped,Entrez,338339,CLEC4D,338339
338398,338398,mapped,Entrez,338398,TAS2R60,338398
338440,338440,mapped,Entrez,338440,ANO9,338440
338442,338442,mapped,Entrez,338442,HCAR2,338442
338557,338557,mapped,Entrez,338557,FFAR4,338557
338567,338567,mapped,Entrez,338567,KCNK18,338567
338645,338645,mapped,Entrez,338645,LUZP2,338645
338667,338667,mapped,Entrez,338667,VSIG10L2,338667
338692,338692,mapped,Entrez,338692,ANKRD13D,338692
338751,338751,mapped,Entrez,338751,OR52L1,338751
338755,338755,mapped,Entrez,338755,OR2AG2,338755
338761,338761,mapped,Entrez,338761,C1QL4,338761
338785,338785,mapped,Entrez,338785,KRT79,338785
338879,338879,mapped,Entrez,338879,RNASE10,338879
338949,338949,mapped,Entrez,338949,TMEM202,338949
339145,339145,mapped,Entrez,339145,CIBAR2,339145
339416,339416,mapped,Entrez,339416,ANKRD45,339416
339451,339451,mapped,Entrez,339451,KLHL17,339451
339487,339487,mapped,Entrez,339487,TSLIG1,339487
339488,339488,mapped,Entrez,339488,TFAP2E,339488
339500,339500,mapped,Entrez,339500,ZNF678,339500
339768,339768,mapped,Entrez,339768,ESPNL,339768
339804,339804,mapped,Entrez,339804,DEMA1,339804
339834,339834,mapped,Entrez,339834,IHO1,339834
339855,339855,mapped,Entrez,339855,KY,339855
339967,339967,mapped,Entrez,339967,TMPRSS11A,339967
339976,339976,mapped,Entrez,339976,TRIML1,339976
340146,340146,mapped,Entrez,340146,SLC35D3,340146
340156,340156,mapped,Entrez,340156,MYLK4,340156
340205,340205,mapped,Entrez,340205,TREML1,340205
340351,340351,mapped,Entrez,340351,AGBL3,340351
340419,340419,mapped,Entrez,340419,RSPO2,340419
340529,340529,mapped,Entrez,340529,PABPC1L2A,340529
340533,340533,mapped,Entrez,340533,NEXMIF,340533
340578,340578,mapped,Entrez,340578,DCAF12L2,340578
340596,340596,mapped,Entrez,340596,LHFPL1,340596
340602,340602,mapped,Entrez,340602,EZHIP,340602
340654,340654,mapped,Entrez,340654,LIPM,340654
340719,340719,mapped,Entrez,340719,NANOS1,340719
340980,340980,mapped,Entrez,340980,OR52B6,340980
341019,341019,mapped,Entrez,341019,DCDC1,341019
341350,341350,mapped,Entrez,341350,OVCH1,341350
341405,341405,mapped,Entrez,341405,ANKRD33,341405
341799,341799,mapped,Entrez,341799,OR6S1,341799
341883,341883,mapped,Entrez,341883,LRRC9,341883
342357,342357,mapped,Entrez,342357,ZKSCAN2,342357
342538,342538,mapped,Entrez,342538,NACA2,342538
342618,342618,mapped,Entrez,342618,SLFN14,342618
342865,342865,mapped,Entrez,342865,VSTM2B,342865
342908,342908,mapped,Entrez,342908,ZNF404,342908
343068,343068,mapped,Entrez,343068,PRAMEF5,343068
343069,343069,mapped,Entrez,343069,HNRNPCL1,343069
343171,343171,mapped,Entrez,343171,OR2W3,343171
343406,343406,mapped,Entrez,343406,OR10R2,343406
343563,343563,mapped,Entrez,343563,OR2T29,343563
343637,343637,mapped,Entrez,343637,RSPO4,343637
343930,343930,mapped,Entrez,343930,MSGN1,343930
344167,344167,mapped,Entrez,344167,FOXI3,344167
344561,344561,mapped,Entrez,344561,GPR148,344561
344752,344752,mapped,Entrez,344752,AADACL2,344752
344805,344805,mapped,Entrez,344805,TMPRSS7,344805
344892,344892,mapped,Entrez,344892,RTP2,344892
344901,344901,mapped,Entrez,344901,OSTN,344901
345611,345611,mapped,Entrez,345611,IRGM,345611
345630,345630,mapped,Entrez,345630,FBLL1,345630
345651,345651,mapped,Entrez,345651,ACTBL2,345651
345778,345778,mapped,Entrez,345778,MTX3,345778
345895,345895,mapped,Entrez,345895,RSPH4A,345895
346562,346562,mapped,Entrez,346562,GNAT3,346562
347344,347344,mapped,Entrez,347344,ZNF81,347344
347404,347404,mapped,Entrez,347404,LANCL3,347404
347411,347411,mapped,Entrez,347411,MPC1L,347411
347454,347454,mapped,Entrez,347454,SOWAHD,347454
347475,347475,mapped,Entrez,347475,CCDC160,347475
347516,347516,mapped,Entrez,347516,DGAT2L6,347516
347730,347730,mapped,Entrez,347730,LRRTM1,347730
347734,347734,mapped,Entrez,347734,SLC35B2,347734
347853,347853,mapped,Entrez,347853,TBX10,347853
347862,347862,mapped,Entrez,347862,GATD1,347862
348093,348093,mapped,Entrez,348093,RBPMS2,348093
348174,348174,mapped,Entrez,348174,CLEC18A,348174
348235,348235,mapped,Entrez,348235,SKA2,348235
348262,348262,mapped,Entrez,348262,MCRIP1,348262
348303,348303,mapped,Entrez,348303,SELENOV,348303
348801,348801,mapped,Entrez,348801,LNP1,348801
348807,348807,mapped,Entrez,348807,CFAP100,348807
348938,348938,mapped,Entrez,348938,NIPAL4,348938
349149,349149,mapped,Entrez,349149,GJC3,349149
349334,349334,mapped,Entrez,349334,FOXD4L4,349334
353116,353116,mapped,Entrez,353116,RILPL1,353116
353142,353142,mapped,Entrez,353142,LCE3A,353142
353143,353143,mapped,Entrez,353143,LCE3B,353143
353144,353144,mapped,Entrez,353144,LCE3C,353144
353267,353267,mapped,Entrez,353267,RAMACL,353267
353274,353274,mapped,Entrez,353274,ZNF445,353274
353299,353299,mapped,Entrez,353299,RGSL1,353299
353345,353345,mapped,Entrez,353345,GPR141,353345
353500,353500,mapped,Entrez,353500,BMP8A,353500
353513,353513,mapped,Entrez,353513,VCY1B,353513
353514,353514,mapped,Entrez,353514,LILRA5,353514
360200,360200,mapped,Entrez,360200,TMPRSS9,360200
360226,360226,mapped,Entrez,360226,PRSS41,360226
373863,373863,mapped,Entrez,373863,DND1,373863
374355,374355,mapped,Entrez,374355,CCDC172,374355
374383,374383,mapped,Entrez,374383,NCR3LG1,374383
374403,374403,mapped,Entrez,374403,TBC1D10C,374403
374654,374654,mapped,Entrez,374654,KIF7,374654
374768,374768,mapped,Entrez,374768,SPEM1,374768
374819,374819,mapped,Entrez,374819,LRRC37A3,374819
374860,374860,mapped,Entrez,374860,ANKRD30B,374860
374864,374864,mapped,Entrez,374864,CCDC178,374864
374882,374882,mapped,Entrez,374882,TMEM205,374882
374887,374887,mapped,Entrez,374887,YJEFN3,374887
374897,374897,mapped,Entrez,374897,SBSN,374897
374899,374899,mapped,Entrez,374899,ZNF829,374899
374918,374918,mapped,Entrez,374918,IGFL1,374918
374920,374920,mapped,Entrez,374920,ZSWIM9,374920
374977,374977,mapped,Entrez,374977,MROH7,374977
375190,375190,mapped,Entrez,375190,FAM228B,375190
375287,375287,mapped,Entrez,375287,RBM43,375287
375316,375316,mapped,Entrez,375316,RBM44,375316
375387,375387,mapped,Entrez,375387,NRROS,375387
375449,375449,mapped,Entrez,375449,MAST4,375449
375611,375611,mapped,Entrez,375611,SLC26A5,375611
375748,375748,mapped,Entrez,375748,ERCC6L2,375748
376132,376132,mapped,Entrez,376132,LRRC10,376132
376497,376497,mapped,Entrez,376497,SLC27A1,376497
377007,377007,mapped,Entrez,377007,KLHL30,377007
377630,377630,mapped,Entrez,377630,USP17L2,377630
378948,378948,mapped,Entrez,378948,RBMY1B,378948
386617,386617,mapped,Entrez,386617,KCTD8,386617
386676,386676,mapped,Entrez,386676,KRTAP10-9,386676
386679,386679,mapped,Entrez,386679,KRTAP10-2,386679
386681,386681,mapped,Entrez,386681,KRTAP10-8,386681
386685,386685,mapped,Entrez,386685,KRTAP10-12,386685
386724,386724,mapped,Entrez,386724,AMIGO3,386724
386746,386746,mapped,Entrez,386746,MRGPRG,386746
387266,387266,mapped,Entrez,387266,KRTAP5-3,387266
387338,387338,mapped,Entrez,387338,NSUN4,387338
387509,387509,mapped,Entrez,387509,GPR153,387509
387597,387597,mapped,Entrez,387597,ILDR2,387597
387601,387601,mapped,Entrez,387601,SLC22A25,387601
387700,387700,mapped,Entrez,387700,SLC16A12,387700
387733,387733,mapped,Entrez,387733,IFITM5,387733
387755,387755,mapped,Entrez,387755,INSC,387755
387815,387815,mapped,Entrez,387815,OR8G3,387815
387849,387849,mapped,Entrez,387849,REP15,387849
387856,387856,mapped,Entrez,387856,CCDC184,387856
387885,387885,mapped,Entrez,387885,CFAP73,387885
387890,387890,mapped,Entrez,387890,TMEM233,387890
387893,387893,mapped,Entrez,387893,KMT5A,387893
387923,387923,mapped,Entrez,387923,SERP2,387923
387990,387990,mapped,Entrez,387990,TOMM20L,387990
388021,388021,mapped,Entrez,388021,TMEM179,388021
388125,388125,mapped,Entrez,388125,C2CD4B,388125
388272,388272,mapped,Entrez,388272,HDIP1,388272
388325,388325,mapped,Entrez,388325,SCIMP,388325
388327,388327,mapped,Entrez,388327,C17orf100,388327
388336,388336,mapped,Entrez,388336,SHISA6,388336
388389,388389,mapped,Entrez,388389,DNAAF19,388389
388403,388403,mapped,Entrez,388403,YPEL2,388403
388419,388419,mapped,Entrez,388419,BTBD17,388419
388523,388523,mapped,Entrez,388523,ZNF728,388523
388524,388524,mapped,Entrez,388524,RPSA2,388524
388531,388531,mapped,Entrez,388531,RGS9BP,388531
388536,388536,mapped,Entrez,388536,ZNF790,388536
388552,388552,mapped,Entrez,388552,BLOC1S3,388552
388553,388553,mapped,Entrez,388553,MEIOSIN,388553
388566,388566,mapped,Entrez,388566,ZNF470,388566
388567,388567,mapped,Entrez,388567,ZNF749,388567
388611,388611,mapped,Entrez,388611,CD164L2,388611
388630,388630,mapped,Entrez,388630,TRABD2B,388630
388662,388662,mapped,Entrez,388662,SLC6A17,388662
388698,388698,mapped,Entrez,388698,FLG2,388698
388761,388761,mapped,Entrez,388761,OR14A2,388761
389015,389015,mapped,Entrez,389015,SLC9A4,389015
389072,389072,mapped,Entrez,389072,PLEKHM3,389072
389075,389075,mapped,Entrez,389075,RESP18,389075
389084,389084,mapped,Entrez,389084,SNORC,389084
389124,389124,mapped,Entrez,389124,IQCF5,389124
389152,389152,mapped,Entrez,389152,PRR23C,389152
389203,389203,mapped,Entrez,389203,SMIM20,389203
389289,389289,mapped,Entrez,389289,ANXA2R,389289
389332,389332,mapped,Entrez,389332,SMIM32,389332
389400,389400,mapped,Entrez,389400,GFRAL,389400
389432,389432,mapped,Entrez,389432,SAMD5,389432
389493,389493,mapped,Entrez,389493,NUPR2,389493
389558,389558,mapped,Entrez,389558,FAM180A,389558
389658,389658,mapped,Entrez,389658,ALKAL1,389658
389792,389792,mapped,Entrez,389792,IER5L,389792
389799,389799,mapped,Entrez,389799,CFAP77,389799
389813,389813,mapped,Entrez,389813,AJM1,389813
389827,389827,mapped,Entrez,389827,MYMK,389827
389840,389840,mapped,Entrez,389840,MAP3K15,389840
389857,389857,mapped,Entrez,389857,CENPVL1,389857
389903,389903,mapped,Entrez,389903,CSAG3,389903
389941,389941,mapped,Entrez,389941,C1QL3,389941
390031,390031,mapped,Entrez,390031,SSU72L2,390031
390033,390033,mapped,Entrez,390033,SSU72L1,390033
390064,390064,mapped,Entrez,390064,OR51I2,390064
390077,390077,mapped,Entrez,390077,OR52N2,390077
390082,390082,mapped,Entrez,390082,OR52E5,390082
390093,390093,mapped,Entrez,390093,OR10A6,390093
390110,390110,mapped,Entrez,390110,ACCSL,390110
390144,390144,mapped,Entrez,390144,OR5D16,390144
390154,390154,mapped,Entrez,390154,OR5T3,390154
390162,390162,mapped,Entrez,390162,OR5M9,390162
390181,390181,mapped,Entrez,390181,OR5AK2,390181
390197,390197,mapped,Entrez,390197,OR4D10,390197
390231,390231,mapped,Entrez,390231,TRIM77,390231
390245,390245,mapped,Entrez,390245,KDM4E,390245
390260,390260,mapped,Entrez,390260,OR6X1,390260
390265,390265,mapped,Entrez,390265,OR10G7,390265
390271,390271,mapped,Entrez,390271,OR8B3,390271
390313,390313,mapped,Entrez,390313,OR5BS1,390313
390437,390437,mapped,Entrez,390437,OR4N5,390437
390439,390439,mapped,Entrez,390439,OR11G2,390439
390443,390443,mapped,Entrez,390443,RNASE9,390443
390616,390616,mapped,Entrez,390616,ANKRD34C,390616
390882,390882,mapped,Entrez,390882,OR7G2,390882
390883,390883,mapped,Entrez,390883,OR7G3,390883
390937,390937,mapped,Entrez,390937,ERFL,390937
390999,390999,mapped,Entrez,390999,PRAMEF12,390999
391002,391002,mapped,Entrez,391002,PRAMEF8,391002
391059,391059,mapped,Entrez,391059,FRRS1,391059
391107,391107,mapped,Entrez,391107,OR10K2,391107
391114,391114,mapped,Entrez,391114,OR6K3,391114
391194,391194,mapped,Entrez,391194,OR2M2,391194
391195,391195,mapped,Entrez,391195,OR2T33,391195
391365,391365,mapped,Entrez,391365,SULT6B1,391365
391714,391714,mapped,Entrez,391714,TRIM75,391714
391723,391723,mapped,Entrez,391723,HELT,391723
391742,391742,mapped,Entrez,391742,TAF11L2,391742
391769,391769,mapped,Entrez,391769,H3Y1,391769
392255,392255,mapped,Entrez,392255,GDF6,392255
392307,392307,mapped,Entrez,392307,FAM221B,392307
392376,392376,mapped,Entrez,392376,OR13C2,392376
392391,392391,mapped,Entrez,392391,OR5C1,392391
392433,392433,mapped,Entrez,392433,MAGEB6B,392433
392509,392509,mapped,Entrez,392509,ARL13A,392509
392862,392862,mapped,Entrez,392862,GRID2IP,392862
399474,399474,mapped,Entrez,399474,TMEM200B,399474
399512,399512,mapped,Entrez,399512,SLC25A35,399512
399687,399687,mapped,Entrez,399687,MYO18A,399687
399694,399694,mapped,Entrez,399694,SHC4,399694
399818,399818,mapped,Entrez,399818,EEF1AKMT2,399818
399967,399967,mapped,Entrez,399967,PATE2,399967
399968,399968,mapped,Entrez,399968,PATE4,399968
399979,399979,mapped,Entrez,399979,SNX19,399979
400224,400224,mapped,Entrez,400224,PLEKHD1,400224
400258,400258,mapped,Entrez,400258,C14orf180,400258
400499,400499,mapped,Entrez,400499,APOLTP,400499
400506,400506,mapped,Entrez,400506,KNOP1,400506
400668,400668,mapped,Entrez,400668,PRSS57,400668
400818,400818,mapped,Entrez,400818,NBPF9,400818
400961,400961,mapped,Entrez,400961,PAIP2B,400961
400986,400986,mapped,Entrez,400986,ANKRD36C,400986
401036,401036,mapped,Entrez,401036,ASB18,401036
401067,401067,mapped,Entrez,401067,IQCF3,401067
401081,401081,mapped,Entrez,401081,C3orf85,401081
401115,401115,mapped,Entrez,401115,NICOL1,401115
401138,401138,mapped,Entrez,401138,AMTN,401138
401145,401145,mapped,Entrez,401145,CCSER1,401145
401207,401207,mapped,Entrez,401207,C5orf63,401207
401250,401250,mapped,Entrez,401250,MCCD1,401250
401399,401399,mapped,Entrez,401399,PRRT4,401399
401494,401494,mapped,Entrez,401494,HACD4,401494
401562,401562,mapped,Entrez,401562,LCNL1,401562
401613,401613,mapped,Entrez,401613,SERTM2,401613
401647,401647,mapped,Entrez,401647,GOLGA7B,401647
401665,401665,mapped,Entrez,401665,OR51T1,401665
401666,401666,mapped,Entrez,401666,OR51A4,401666
401934,401934,mapped,Entrez,401934,RNF223,401934
401944,401944,mapped,Entrez,401944,LDLRAD2,401944
401993,401993,mapped,Entrez,401993,OR2T5,401993
402055,402055,mapped,Entrez,402055,SRRD,402055
402117,402117,mapped,Entrez,402117,VWC2L,402117
402160,402160,mapped,Entrez,402160,CFAP99,402160
402573,402573,mapped,Entrez,402573,SPACDR,402573
403277,403277,mapped,Entrez,403277,OR5K3,403277
403313,403313,mapped,Entrez,403313,PLPP6,403313
403314,403314,mapped,Entrez,403314,APOBEC4,403314
404217,404217,mapped,Entrez,404217,CTXN1,404217
404552,404552,mapped,Entrez,404552,SCGB1D4,404552
405754,405754,mapped,Entrez,405754,ERVFRD-1,405754
407977,407977,mapped,Entrez,407977,TNFSF12-TNFSF13,407977
408187,408187,mapped,Entrez,408187,SPINK14,408187
408263,408263,mapped,Entrez,408263,FNDC9,408263
414059,414059,mapped,Entrez,414059,TBC1D3B,414059
414189,414189,mapped,Entrez,414189,AGAP6,414189
414918,414918,mapped,Entrez,414918,DENND6B,414918
414919,414919,mapped,Entrez,414919,C8orf82,414919
425054,425054,mapped,Entrez,425054,VCX3B,425054
440093,440093,mapped,Entrez,440093,H3-5,440093
440097,440097,mapped,Entrez,440097,DBX2,440097
440107,440107,mapped,Entrez,440107,PLEKHG7,440107
440163,440163,mapped,Entrez,440163,RNASE13,440163
440243,440243,mapped,Entrez,440243,GOLGA6L22,440243
440279,440279,mapped,Entrez,440279,UNC13C,440279
440353,440353,mapped,Entrez,440353,NPIPB12,440353
440498,440498,mapped,Entrez,440498,HSBP1L1,440498
440519,440519,mapped,Entrez,440519,ZNF724,440519
440561,440561,mapped,Entrez,440561,PRAMEF6,440561
440603,440603,mapped,Entrez,440603,BCL2L15,440603
440686,440686,mapped,Entrez,440686,H3-7,440686
440738,440738,mapped,Entrez,440738,MAP1LC3C,440738
440854,440854,mapped,Entrez,440854,CAPN14,440854
440955,440955,mapped,Entrez,440955,TMEM89,440955
440956,440956,mapped,Entrez,440956,IQCF6,440956
441027,441027,mapped,Entrez,441027,TMEM150C,441027
441250,441250,mapped,Entrez,441250,TYW1B,441250
441273,441273,mapped,Entrez,441273,SPDYE2,441273
441308,441308,mapped,Entrez,441308,OR4F21,441308
441314,441314,mapped,Entrez,441314,FAM90A13,441314
441315,441315,mapped,Entrez,441315,FAM90A5,441315
441323,441323,mapped,Entrez,441323,FAM90A16,441323
441376,441376,mapped,Entrez,441376,AARD,441376
441381,441381,mapped,Entrez,441381,LRRC24,441381
441452,441452,mapped,Entrez,441452,SPATA31C1,441452
441495,441495,mapped,Entrez,441495,CENPVL2,441495
441519,441519,mapped,Entrez,441519,CT45A3,441519
441521,441521,mapped,Entrez,441521,CT45A5,441521
441608,441608,mapped,Entrez,441608,OR5B3,441608
441669,441669,mapped,Entrez,441669,OR4Q3,441669
441670,441670,mapped,Entrez,441670,OR4M1,441670
441873,441873,mapped,Entrez,441873,PRAMEF25,441873
441925,441925,mapped,Entrez,441925,BECN2,441925
442038,442038,mapped,Entrez,442038,SULT1C3,442038
442197,442197,mapped,Entrez,442197,OR2I1,442197
442590,442590,mapped,Entrez,442590,SPDYE5,442590
445372,445372,mapped,Entrez,445372,TRIM6-TRIM34,445372
448834,448834,mapped,Entrez,448834,KPRP,448834
474343,474343,mapped,Entrez,474343,SPIN2B,474343
474344,474344,mapped,Entrez,474344,GIMAP6,474344
474384,474384,mapped,Entrez,474384,F8A3,474384
494143,494143,mapped,Entrez,494143,CHAC2,494143
497189,497189,mapped,Entrez,497189,TIFAB,497189
497190,497190,mapped,Entrez,497190,CLEC18B,497190
497661,497661,mapped,Entrez,497661,C18orf32,497661
503614,503614,mapped,Entrez,503614,DEFB107B,503614
503618,503618,mapped,Entrez,503618,DEFB104B,503618
503627,503627,mapped,Entrez,503627,TPRX2,503627
541578,541578,mapped,Entrez,541578,EOLA2,541578
548644,548644,mapped,Entrez,548644,POLR2J3,548644
552891,552891,mapped,Entrez,552891,DNAJC25-GNG10,552891
553115,553115,mapped,Entrez,553115,PEF1,553115
594857,594857,mapped,Entrez,594857,NPS,594857
606495,606495,mapped,Entrez,606495,CYB5RL,606495
619189,619189,mapped,Entrez,619189,SERINC4,619189
619207,619207,mapped,Entrez,619207,SCART1,619207
619208,619208,mapped,Entrez,619208,FAM229B,619208
619373,619373,mapped,Entrez,619373,MBOAT4,619373
641372,641372,mapped,Entrez,641372,ACOT6,641372
641517,641517,mapped,Entrez,641517,DEFB109B,641517
642475,642475,mapped,Entrez,642475,MROH6,642475
642574,642574,mapped,Entrez,642574,IQANK1,642574
642636,642636,mapped,Entrez,642636,RAD21L1,642636
642799,642799,mapped,Entrez,642799,NPIPA2,642799
642938,642938,mapped,Entrez,642938,INSYN2A,642938
642968,642968,mapped,Entrez,642968,FAM163B,642968
643136,643136,mapped,Entrez,643136,ZC3H11B,643136
643311,643311,mapped,Entrez,643311,CT47B1,643311
643382,643382,mapped,Entrez,643382,TMEM253,643382
643641,643641,mapped,Entrez,643641,ZNF862,643641
643669,643669,mapped,Entrez,643669,CCER2,643669
643677,643677,mapped,Entrez,643677,LRTM3,643677
643707,643707,mapped,Entrez,643707,GOLGA6L4,643707
643812,643812,mapped,Entrez,643812,KRTAP27-1,643812
643836,643836,mapped,Entrez,643836,ZFP62,643836
643853,643853,mapped,Entrez,643853,TMPPE,643853
643905,643905,mapped,Entrez,643905,PRR21,643905
644070,644070,mapped,Entrez,644070,GSG1L2,644070
644139,644139,mapped,Entrez,644139,PIRT,644139
644168,644168,mapped,Entrez,644168,DRGX,644168
644538,644538,mapped,Entrez,644538,SMIM10,644538
645027,645027,mapped,Entrez,645027,EVPLL,645027
645104,645104,mapped,Entrez,645104,CLRN2,645104
645121,645121,mapped,Entrez,645121,CCNI2,645121
645359,645359,mapped,Entrez,645359,PRAMEF26,645359
645402,645402,mapped,Entrez,645402,USP17L4,645402
645545,645545,mapped,Entrez,645545,IGBP1C,645545
645811,645811,mapped,Entrez,645811,CCDC154,645811
646066,646066,mapped,Entrez,646066,TAF11L5,646066
646424,646424,mapped,Entrez,646424,SPINK8,646424
646457,646457,mapped,Entrez,646457,C19orf67,646457
646486,646486,mapped,Entrez,646486,FABP12,646486
646627,646627,mapped,Entrez,646627,LYPD8,646627
646658,646658,mapped,Entrez,646658,SYNDIG1L,646658
646754,646754,mapped,Entrez,646754,TRIM64C,646754
647060,647060,mapped,Entrez,647060,SPATA31A1,647060
647087,647087,mapped,Entrez,647087,STMP1,647087
647166,647166,mapped,Entrez,647166,C13orf42,647166
647174,647174,mapped,Entrez,647174,SERPINE3,647174
647219,647219,mapped,Entrez,647219,ASCL5,647219
647286,647286,mapped,Entrez,647286,RD3L,647286
647309,647309,mapped,Entrez,647309,GMNC,647309
647310,647310,mapped,Entrez,647310,TEX22,647310
648791,648791,mapped,Entrez,648791,PPP1R3G,648791
649238,649238,mapped,Entrez,649238,PNMA6E,649238
653121,653121,mapped,Entrez,653121,ZBTB8A,653121
653192,653192,mapped,Entrez,653192,TRIM43B,653192
653269,653269,mapped,Entrez,653269,POTEI,653269
653282,653282,mapped,Entrez,653282,CT47A7,653282
653404,653404,mapped,Entrez,653404,FOXD4L6,653404
653464,653464,mapped,Entrez,653464,SRGAP2C,653464
653486,653486,mapped,Entrez,653486,SCGB1C2,653486
653505,653505,mapped,Entrez,653505,PPIAL4A,653505
653509,653509,mapped,Entrez,653509,SFTPA1,653509
653519,653519,mapped,Entrez,653519,GPHRA,653519
653657,653657,mapped,Entrez,653657,MBD3L3,653657
653808,653808,mapped,Entrez,653808,ZG16,653808
654254,654254,mapped,Entrez,654254,ZNF732,654254
654364,654364,mapped,Entrez,654364,NME1-NME2,654364
692094,692094,mapped,Entrez,692094,MSMP,692094
723790,723790,mapped,Entrez,723790,H2AC19,723790
724066,724066,mapped,Entrez,724066,ATXN8,724066
727832,727832,mapped,Entrez,727832,GOLGA6L6,727832
727837,727837,mapped,Entrez,727837,SSX2B,727837
727866,727866,mapped,Entrez,727866,FAM156B,727866
727897,727897,mapped,Entrez,727897,MUC5B,727897
727910,727910,mapped,Entrez,727910,TLCD2,727910
727936,727936,mapped,Entrez,727936,GXYLT2,727936
728049,728049,mapped,Entrez,728049,CT47A8,728049
728072,728072,mapped,Entrez,728072,CT47A5,728072
728082,728082,mapped,Entrez,728082,CT47A3,728082
728116,728116,mapped,Entrez,728116,ZBTB8B,728116
728132,728132,mapped,Entrez,728132,TSPY9,728132
728226,728226,mapped,Entrez,728226,GGTLC3,728226
728279,728279,mapped,Entrez,728279,KRTAP2-2,728279
728294,728294,mapped,Entrez,728294,D2HGDH,728294
728317,728317,mapped,Entrez,728317,PWWP4,728317
728340,728340,mapped,Entrez,728340,GTF2H2C,728340
728358,728358,mapped,Entrez,728358,DEFA1B,728358
728419,728419,mapped,Entrez,728419,USP17L30,728419
728524,728524,mapped,Entrez,728524,SPDYE8,728524
728588,728588,mapped,Entrez,728588,MS4A18,728588
728597,728597,mapped,Entrez,728597,DCDC2C,728597
728695,728695,mapped,Entrez,728695,SPANXB1,728695
728743,728743,mapped,Entrez,728743,LOC728743,728743
728753,728753,mapped,Entrez,728753,FAM90A19,728753
728911,728911,mapped,Entrez,728911,CT45A2,728911
729020,729020,mapped,Entrez,729020,RPEL1,729020
729025,729025,mapped,Entrez,729025,SLC15A5,729025
729059,729059,mapped,Entrez,729059,TEX46,729059
729233,729233,mapped,Entrez,729233,PRR20B,729233
729246,729246,mapped,Entrez,729246,PRR20D,729246
729431,729431,mapped,Entrez,729431,GAGE12E,729431
729440,729440,mapped,Entrez,729440,CCDC61,729440
729442,729442,mapped,Entrez,729442,GAGE12H,729442
729447,729447,mapped,Entrez,729447,GAGE2A,729447
729458,729458,mapped,Entrez,729458,MBD3L2B,729458
729528,729528,mapped,Entrez,729528,PRAMEF14,729528
729665,729665,mapped,Entrez,729665,CCDC175,729665
729830,729830,mapped,Entrez,729830,FHIP1A,729830
729852,729852,mapped,Entrez,729852,UMAD1,729852
729857,729857,mapped,Entrez,729857,RGPD2,729857
729873,729873,mapped,Entrez,729873,TBC1D3,729873
729956,729956,mapped,Entrez,729956,SHISA7,729956
729967,729967,mapped,Entrez,729967,MORN2,729967
729974,729974,mapped,Entrez,729974,RFPL4AL1,729974
729991,729991,mapped,Entrez,729991,BORCS8,729991
730005,730005,mapped,Entrez,730005,SEC14L6,730005
730094,730094,mapped,Entrez,730094,MOSMO,730094
730098,730098,mapped,Entrez,730098,LOC730098,730098
730291,730291,mapped,Entrez,730291,ZNF735,730291
731220,731220,mapped,Entrez,731220,RFX8,731220
768211,768211,mapped,Entrez,768211,RELL1,768211
780776,780776,mapped,Entrez,780776,TVP23A,780776
100033411,100033411,mapped,Entrez,100033411,DUXB,100033411
100049587,100049587,mapped,Entrez,100049587,SIGLEC14,100049587
100101267,100101267,mapped,Entrez,100101267,POM121C,100101267
100101467,100101467,mapped,Entrez,100101467,ZSCAN30,100101467
100101490,100101490,mapped,Entrez,100101490,MCTS2,100101490
100101629,100101629,mapped,Entrez,100101629,GAGE8,100101629
100125288,100125288,mapped,Entrez,100125288,ZGLP1,100125288
100127206,100127206,mapped,Entrez,100127206,MINAR2,100127206
100128569,100128569,mapped,Entrez,100128569,TEKTIP1,100128569
100128908,100128908,mapped,Entrez,100128908,CIROP,100128908
100129128,100129128,mapped,Entrez,100129128,KHDC1L,100129128
100129278,100129278,mapped,Entrez,100129278,TDRD15,100129278
100129407,100129407,mapped,Entrez,100129407,FAM236A,100129407
100129480,100129480,mapped,Entrez,100129480,MKRN2OS,100129480
100129669,100129669,mapped,Entrez,100129669,IZUMO3,100129669
100129842,100129842,mapped,Entrez,100129842,ZNF737,100129842
100130301,100130301,mapped,Entrez,100130301,C8orf89,100130301
100130302,100130302,mapped,Entrez,100130302,SUPT20HL1,100130302
100130311,100130311,mapped,Entrez,100130311,C17orf107,100130311
100130348,100130348,mapped,Entrez,100130348,CATSPERH,100130348
100130733,100130733,mapped,Entrez,100130733,LRRC70,100130733
100130771,100130771,mapped,Entrez,100130771,EFCAB10,100130771
100130933,100130933,mapped,Entrez,100130933,ERLN,100130933
100130958,100130958,mapped,Entrez,100130958,SYCE1L,100130958
100131137,100131137,mapped,Entrez,100131137,BSPH1,100131137
100131187,100131187,mapped,Entrez,100131187,TSTD1,100131187
100131439,100131439,mapped,Entrez,100131439,CD300LD,100131439
100131801,100131801,mapped,Entrez,100131801,PET100,100131801
100131902,100131902,mapped,Entrez,100131902,KRTAP25-1,100131902
100132304,100132304,mapped,Entrez,100132304,FAM236B,100132304
100132386,100132386,mapped,Entrez,100132386,KRTAP4-9,100132386
100132463,100132463,mapped,Entrez,100132463,CLDN24,100132463
100132565,100132565,mapped,Entrez,100132565,GOLGA8F,100132565
100132994,100132994,mapped,Entrez,100132994,CXorf49B,100132994
100133053,100133053,mapped,Entrez,100133053,CXorf51B,100133053
100133267,100133267,mapped,Entrez,100133267,DEFB130B,100133267
100133941,100133941,mapped,Entrez,100133941,CD24,100133941
100134938,100134938,mapped,Entrez,100134938,UPK3BL1,100134938
100169851,100169851,mapped,Entrez,100169851,PATE3,100169851
100170841,100170841,mapped,Entrez,100170841,EPOP,100170841
100271846,100271846,mapped,Entrez,100271846,ERVV-2,100271846
100287045,100287045,mapped,Entrez,100287045,FAM90A26,100287045
100287144,100287144,mapped,Entrez,100287144,USP17L10,100287144
100287441,100287441,mapped,Entrez,100287441,USP17L20,100287441
100287520,100287520,mapped,Entrez,100287520,GLYATL1B,100287520
100287898,100287898,mapped,Entrez,100287898,TTC34,100287898
100287932,100287932,mapped,Entrez,100287932,TIMM23,100287932
100288520,100288520,mapped,Entrez,100288520,USP17L15,100288520
100288695,100288695,mapped,Entrez,100288695,LIMS4,100288695
100288842,100288842,mapped,Entrez,100288842,B3GALT9,100288842
100288966,100288966,mapped,Entrez,100288966,LOC100288966,100288966
100289087,100289087,mapped,Entrez,100289087,TSPY10,100289087
100302652,100302652,mapped,Entrez,100302652,GPR75-ASB3,100302652
100302736,100302736,mapped,Entrez,100302736,TMED7-TICAM2,100302736
100303755,100303755,mapped,Entrez,100303755,PET117,100303755
100310812,100310812,mapped,Entrez,100310812,SPDYE2B,100310812
100329135,100329135,mapped,Entrez,100329135,TRPC5OS,100329135
100381270,100381270,mapped,Entrez,100381270,ZBED6,100381270
100419008,100419008,mapped,Entrez,100419008,PRR20G,100419008
100419780,100419780,mapped,Entrez,100419780,ZNF722,100419780
100421372,100421372,mapped,Entrez,100421372,MSANTD7,100421372
100423062,100423062,mapped,Entrez,100423062,IGLL5,100423062
100505385,100505385,mapped,Entrez,100505385,IQCJ-SCHIP1,100505385
100505478,100505478,mapped,Entrez,100505478,TEX48,100505478
100505841,100505841,mapped,Entrez,100505841,ZNF475,100505841
100505989,100505989,mapped,Entrez,100505989,SMIM31,100505989
100506084,100506084,mapped,Entrez,100506084,ARL17B,100506084
100506243,100506243,mapped,Entrez,100506243,KRABD1,100506243
100506564,100506564,mapped,Entrez,100506564,SPMAP2L,100506564
100506658,100506658,mapped,Entrez,100506658,OCLN,100506658
100506736,100506736,mapped,Entrez,100506736,SLFN12L,100506736
100507055,100507055,mapped,Entrez,100507055,LRCOL1,100507055
100507096,100507096,mapped,Entrez,100507096,GIMD1,100507096
100507170,100507170,mapped,Entrez,100507170,CT47A12,100507170
100507221,100507221,mapped,Entrez,100507221,LOC100507221,100507221
100507290,100507290,mapped,Entrez,100507290,ZNF865,100507290
100507421,100507421,mapped,Entrez,100507421,TMEM178B,100507421
100507537,100507537,mapped,Entrez,100507537,STRIT1,100507537
100507588,100507588,mapped,Entrez,100507588,TGFBR3L,100507588
100507607,100507607,mapped,Entrez,100507607,NPIPB9,100507607
100507608,100507608,mapped,Entrez,100507608,KRTAP9-6,100507608
100526693,100526693,mapped,Entrez,100526693,ARPC4-TTLL3,100526693
100526739,100526739,mapped,Entrez,100526739,CENPS-CORT,100526739
100526740,100526740,mapped,Entrez,100526740,ATP5MF-PTCD1,100526740
100526771,100526771,mapped,Entrez,100526771,SMIM35,100526771
100526772,100526772,mapped,Entrez,100526772,STIMATE-MUSTN1,100526772
100526783,100526783,mapped,Entrez,100526783,ARPIN-AP3S2,100526783
100527943,100527943,mapped,Entrez,100527943,TGIF2-RAB5IF,100527943
100528021,100528021,mapped,Entrez,100528021,ST20-MTHFS,100528021
100529097,100529097,mapped,Entrez,100529097,RPL36A-HNRNPH2,100529097
100529241,100529241,mapped,Entrez,100529241,HSPE1-MOB4,100529241
100529257,100529257,mapped,Entrez,100529257,SYNJ2BP-COX16,100529257
100529261,100529261,mapped,Entrez,100529261,CHURC1-FNTB,100529261
100532731,100532731,mapped,Entrez,100532731,COMMD3-BMI1,100532731
100533467,100533467,mapped,Entrez,100533467,BIVM-ERCC5,100533467
100533952,100533952,mapped,Entrez,100533952,RBAK-RBAKDN,100533952
100652748,100652748,mapped,Entrez,100652748,TIMM23B,100652748
100652824,100652824,mapped,Entrez,100652824,KIAA2012,100652824
100653133,100653133,mapped,Entrez,100653133,LOC100653133,100653133
100820829,100820829,mapped,Entrez,100820829,MYZAP,100820829
100996521,100996521,mapped,Entrez,100996521,CTXND2,100996521
100996709,100996709,mapped,Entrez,100996709,LOC100996709,100996709
100996746,100996746,mapped,Entrez,100996746,SPDYE11,100996746
100996750,100996750,mapped,Entrez,100996750,LOC100996750,100996750
100996763,100996763,mapped,Entrez,100996763,NOTCH2NLB,100996763
101059918,101059918,mapped,Entrez,101059918,GOLGA8R,101059918
101059938,101059938,mapped,Entrez,101059938,NPIPA7,101059938
101060200,101060200,mapped,Entrez,101060200,ZNF891,101060200
101060301,101060301,mapped,Entrez,101060301,HNRNPCL4,101060301
101060351,101060351,mapped,Entrez,101060351,TBC1D3K,101060351
101060389,101060389,mapped,Entrez,101060389,TBC1D3D,101060389
101060684,101060684,mapped,Entrez,101060684,NBPF26,101060684
101927180,101927180,mapped,Entrez,101927180,LOC101927180,101927180
101927685,101927685,mapped,Entrez,101927685,HSFX4,101927685
101928527,101928527,mapped,Entrez,101928527,PIGBOS1,101928527
101928601,101928601,mapped,Entrez,101928601,MEI4,101928601
101929469,101929469,mapped,Entrez,101929469,TEX52,101929469
101929775,101929775,mapped,Entrez,101929775,LOC101929775,101929775
101929926,101929926,mapped,Entrez,101929926,TEX51,101929926
101929937,101929937,mapped,Entrez,101929937,LOC101929937,101929937
102288414,102288414,mapped,Entrez,102288414,C11orf98,102288414
102723532,102723532,mapped,Entrez,102723532,LOC102723532,102723532
102723547,102723547,mapped,Entrez,102723547,CSAG2,102723547
102723553,102723553,mapped,Entrez,102723553,LOC102723553,102723553
102723564,102723564,mapped,Entrez,102723564,LOC102723564,102723564
102723631,102723631,mapped,Entrez,102723631,CT45A10,102723631
102723680,102723680,mapped,Entrez,102723680,CT45A9,102723680
102723713,102723713,mapped,Entrez,102723713,LOC102723713,102723713
102723737,102723737,mapped,Entrez,102723737,CT45A8,102723737
102724023,102724023,mapped,Entrez,102724023,LOC102724023,102724023
102724127,102724127,mapped,Entrez,102724127,TP53TG3F,102724127
102724197,102724197,mapped,Entrez,102724197,LOC102724197,102724197
102724250,102724250,mapped,Entrez,102724250,LOC102724250,102724250
102724334,102724334,mapped,Entrez,102724334,LOC102724334,102724334
102724536,102724536,mapped,Entrez,102724536,PRR33,102724536
102724652,102724652,mapped,Entrez,102724652,LOC102724652,102724652
102724877,102724877,mapped,Entrez,102724877,LOC102724877,102724877
102725035,102725035,mapped,Entrez,102725035,LOC102725035,102725035
102800317,102800317,mapped,Entrez,102800317,TPTEP2-CSNK1E,102800317
105369274,105369274,mapped,Entrez,105369274,OR4N4C,105369274
105369591,105369591,mapped,Entrez,105369591,LOC105369591,105369591
105369787,105369787,mapped,Entrez,105369787,LOC105369787,105369787
105370706,105370706,mapped,Entrez,105370706,LOC105370706,105370706
105371045,105371045,mapped,Entrez,105371045,PERCC1,105371045
105371216,105371216,mapped,Entrez,105371216,LOC105371216,105371216
105371253,105371253,mapped,Entrez,105371253,LOC105371253,105371253
105372280,105372280,mapped,Entrez,105372280,GNG14,105372280
105373091,105373091,mapped,Entrez,105373091,LOC105373091,105373091
105373377,105373377,mapped,Entrez,105373377,PNMA6F,105373377
105373989,105373989,mapped,Entrez,105373989,LOC105373989,105373989
105374298,105374298,mapped,Entrez,105374298,LOC105374298,105374298
105375107,105375107,mapped,Entrez,105375107,LOC105375107,105375107
105375816,105375816,mapped,Entrez,105375816,LOC105375816,105375816
105375817,105375817,mapped,Entrez,105375817,LOC105375817,105375817
105375947,105375947,mapped,Entrez,105375947,LOC105375947,105375947
105376714,105376714,mapped,Entrez,105376714,SLC30A4-AS1,105376714
105377015,105377015,mapped,Entrez,105377015,LOC105377015,105377015
105377321,105377321,mapped,Entrez,105377321,SCPPPQ1,105377321
105378220,105378220,mapped,Entrez,105378220,MARCOL,105378220
105378696,105378696,mapped,Entrez,105378696,TMEM275,105378696
105378952,105378952,mapped,Entrez,105378952,KLF18,105378952
105379417,105379417,mapped,Entrez,105379417,LOC105379417,105379417
105379522,105379522,mapped,Entrez,105379522,LOC105379522,105379522
105379554,105379554,mapped,Entrez,105379554,LOC105379554,105379554
106821730,106821730,mapped,Entrez,106821730,BUB1B-PAK6,106821730
107080644,107080644,mapped,Entrez,107080644,CNPY3-GNMT,107080644
107983958,107983958,mapped,Entrez,107983958,LOC107983958,107983958
107983983,107983983,mapped,Entrez,107983983,LOC107983983,107983983
107983987,107983987,mapped,Entrez,107983987,LOC107983987,107983987
107983993,107983993,mapped,Entrez,107983993,UPK3BL2,107983993
107984876,107984876,mapped,Entrez,107984876,LOC107984876,107984876
107985876,107985876,mapped,Entrez,107985876,LOC107985876,107985876
107986373,107986373,mapped,Entrez,107986373,LOC107986373,107986373
107986800,107986800,mapped,Entrez,107986800,LOC107986800,107986800
107987004,107987004,mapped,Entrez,107987004,LOC107987004,107987004
107987020,107987020,mapped,Entrez,107987020,LOC107987020,107987020
107987269,107987269,mapped,Entrez,107987269,LOC107987269,107987269
107987292,107987292,mapped,Entrez,107987292,LOC107987292,107987292
107987425,107987425,mapped,Entrez,107987425,LOC107987425,107987425
107987457,107987457,mapped,Entrez,107987457,LOC107987457,107987457
110117498,110117498,mapped,Entrez,110117498,P3R3URF,110117498
110806280,110806280,mapped,Entrez,110806280,CCDC194,110806280
110806290,110806290,mapped,Entrez,110806290,MYOCOS,110806290
110806296,110806296,mapped,Entrez,110806296,C1orf232,110806296
111064647,111064647,mapped,Entrez,111064647,CSNK2A2IP,111064647
111188157,111188157,mapped,Entrez,111188157,LYNX1-SLURP2,111188157
111216276,111216276,mapped,Entrez,111216276,PMIS2,111216276
112267897,112267897,mapped,Entrez,112267897,LOC112267897,112267897
112267968,112267968,mapped,Entrez,112267968,LOC112267968,112267968
112268016,112268016,mapped,Entrez,112268016,LOC112268016,112268016
112268044,112268044,mapped,Entrez,112268044,LOC112268044,112268044
112268067,112268067,mapped,Entrez,112268067,LOC112268067,112268067
112268070,112268070,mapped,Entrez,112268070,LOC112268070,112268070
112268080,112268080,mapped,Entrez,112268080,LOC112268080,112268080
112268260,112268260,mapped,Entrez,112268260,LOC112268260,112268260
112268293,112268293,mapped,Entrez,112268293,TMA7B,112268293
112268307,112268307,mapped,Entrez,112268307,LOC112268307,112268307
112268330,112268330,mapped,Entrez,112268330,LOC112268330,112268330
112268342,112268342,mapped,Entrez,112268342,LOC112268342,112268342
112268355,112268355,mapped,Entrez,112268355,LOC112268355,112268355
112268362,112268362,mapped,Entrez,112268362,LOC112268362,112268362
112268458,112268458,mapped,Entrez,112268458,LOC112268458,112268458
112441429,112441429,mapped,Entrez,112441429,SCYGR3,112441429
112441431,112441431,mapped,Entrez,112441431,SCYGR6,112441431
112488740,112488740,mapped,Entrez,112488740,TAF11L14,112488740
112488747,112488747,mapped,Entrez,112488747,TAF11L13,112488747
112577461,112577461,mapped,Entrez,112577461,OOSP3,112577461
112577462,112577462,mapped,Entrez,112577462,OOSP4A,112577462
112577516,112577516,mapped,Entrez,112577516,SPADH,112577516
114483833,114483833,mapped,Entrez,114483833,H2BK1,114483833
115253422,115253422,mapped,Entrez,115253422,DUS4L-BCAP29,115253422
116033993,116033993,mapped,Entrez,116033993,FOXL3,116033993
117134596,117134596,mapped,Entrez,117134596,FAM246C,117134596
117134598,117134598,mapped,Entrez,117134598,FAM246A,117134598
118142757,118142757,mapped,Entrez,118142757,GUCA1ANB-GUCA1A,118142757
120356739,120356739,mapped,Entrez,120356739,LRRC51,120356739
120766137,120766137,mapped,Entrez,120766137,HRURF,120766137
122394732,122394732,mapped,Entrez,122394732,LOC122394732,122394732
124188259,124188259,mapped,Entrez,124188259,TPD52-MRPS28,124188259
124900173,124900173,mapped,Entrez,124900173,LOC124900173,124900173
124900275,124900275,mapped,Entrez,124900275,LOC124900275,124900275
124900276,124900276,mapped,Entrez,124900276,LOC124900276,124900276
124900301,124900301,mapped,Entrez,124900301,LOC124900301,124900301
124900388,124900388,mapped,Entrez,124900388,LOC124900388,124900388
124900418,124900418,mapped,Entrez,124900418,LOC124900418,124900418
124900569,124900569,mapped,Entrez,124900569,LOC124900569,124900569
124900571,124900571,mapped,Entrez,124900571,LOC124900571,124900571
124900597,124900597,mapped,Entrez,124900597,LOC124900597,124900597
124900628,124900628,mapped,Entrez,124900628,LOC124900628,124900628
124900630,124900630,mapped,Entrez,124900630,LOC124900630,124900630
124900641,124900641,mapped,Entrez,124900641,LOC124900641,124900641
124900642,124900642,mapped,Entrez,124900642,LOC124900642,124900642
124900752,124900752,mapped,Entrez,124900752,LOC124900752,124900752
124900839,124900839,mapped,Entrez,124900839,LOC124900839,124900839
124900986,124900986,mapped,Entrez,124900986,LOC124900986,124900986
124900992,124900992,mapped,Entrez,124900992,LOC124900992,124900992
124900994,124900994,mapped,Entrez,124900994,LOC124900994,124900994
124900997,124900997,mapped,Entrez,124900997,LOC124900997,124900997
124900998,124900998,mapped,Entrez,124900998,LOC124900998,124900998
124901001,124901001,mapped,Entrez,124901001,LOC124901001,124901001
124901030,124901030,mapped,Entrez,124901030,LOC124901030,124901030
124901105,124901105,mapped,Entrez,124901105,LOC124901105,124901105
124901229,124901229,mapped,Entrez,124901229,LOC124901229,124901229
124901299,124901299,mapped,Entrez,124901299,LOC124901299,124901299
124901350,124901350,mapped,Entrez,124901350,LOC124901350,124901350
124901418,124901418,mapped,Entrez,124901418,LOC124901418,124901418
124901446,124901446,mapped,Entrez,124901446,LOC124901446,124901446
124901449,124901449,mapped,Entrez,124901449,LOC124901449,124901449
124901644,124901644,mapped,Entrez,124901644,LOC124901644,124901644
124901646,124901646,mapped,Entrez,124901646,LOC124901646,124901646
124901649,124901649,mapped,Entrez,124901649,LOC124901649,124901649
124901797,124901797,mapped,Entrez,124901797,LOC124901797,124901797
124901818,124901818,mapped,Entrez,124901818,LOC124901818,124901818
124901866,124901866,mapped,Entrez,124901866,LOC124901866,124901866
124901868,124901868,mapped,Entrez,124901868,LOC124901868,124901868
124902050,124902050,mapped,Entrez,124902050,LOC124902050,124902050
124902135,124902135,mapped,Entrez,124902135,LOC124902135,124902135
124902361,124902361,mapped,Entrez,124902361,LOC124902361,124902361
124902392,124902392,mapped,Entrez,124902392,LOC124902392,124902392
124902393,124902393,mapped,Entrez,124902393,LOC124902393,124902393
124902420,124902420,mapped,Entrez,124902420,LOC124902420,124902420
124902436,124902436,mapped,Entrez,124902436,LOC124902436,124902436
124902528,124902528,mapped,Entrez,124902528,LOC124902528,124902528
124902531,124902531,mapped,Entrez,124902531,LOC124902531,124902531
124902601,124902601,mapped,Entrez,124902601,LOC124902601,124902601
124902602,124902602,mapped,Entrez,124902602,LOC124902602,124902602
124902693,124902693,mapped,Entrez,124902693,LOC124902693,124902693
124902738,124902738,mapped,Entrez,124902738,LOC124902738,124902738
124902928,124902928,mapped,Entrez,124902928,LOC124902928,124902928
124902942,124902942,mapped,Entrez,124902942,LOC124902942,124902942
124903130,124903130,mapped,Entrez,124903130,LOC124903130,124903130
124903164,124903164,mapped,Entrez,124903164,LOC124903164,124903164
124903206,124903206,mapped,Entrez,124903206,LOC124903206,124903206
124903229,124903229,mapped,Entrez,124903229,LOC124903229,124903229
124903233,124903233,mapped,Entrez,124903233,LOC124903233,124903233
124903276,124903276,mapped,Entrez,124903276,LOC124903276,124903276
124903319,124903319,mapped,Entrez,124903319,LOC124903319,124903319
124903372,124903372,mapped,Entrez,124903372,LOC124903372,124903372
124903377,124903377,mapped,Entrez,124903377,LOC124903377,124903377
124903391,124903391,mapped,Entrez,124903391,LOC124903391,124903391
124903441,124903441,mapped,Entrez,124903441,LOC124903441,124903441
124903442,124903442,mapped,Entrez,124903442,LOC124903442,124903442
124903470,124903470,mapped,Entrez,124903470,LOC124903470,124903470
124903496,124903496,mapped,Entrez,124903496,LOC124903496,124903496
124903544,124903544,mapped,Entrez,124903544,LOC124903544,124903544
124903566,124903566,mapped,Entrez,124903566,LOC124903566,124903566
124903573,124903573,mapped,Entrez,124903573,LOC124903573,124903573
124903621,124903621,mapped,Entrez,124903621,LOC124903621,124903621
124903680,124903680,mapped,Entrez,124903680,LOC124903680,124903680
124903723,124903723,mapped,Entrez,124903723,LOC124903723,124903723
124903725,124903725,mapped,Entrez,124903725,LOC124903725,124903725
124903734,124903734,mapped,Entrez,124903734,LOC124903734,124903734
124903754,124903754,mapped,Entrez,124903754,LOC124903754,124903754
124903766,124903766,mapped,Entrez,124903766,LOC124903766,124903766
124903828,124903828,mapped,Entrez,124903828,LOC124903828,124903828
124903857,124903857,mapped,Entrez,124903857,LOC124903857,124903857
124903972,124903972,mapped,Entrez,124903972,LOC124903972,124903972
124904200,124904200,mapped,Entrez,124904200,LOC124904200,124904200
124904228,124904228,mapped,Entrez,124904228,LOC124904228,124904228
124904253,124904253,mapped,Entrez,124904253,LOC124904253,124904253
124904396,124904396,mapped,Entrez,124904396,LOC124904396,124904396
124904411,124904411,mapped,Entrez,124904411,LOC124904411,124904411
124904581,124904581,mapped,Entrez,124904581,LOC124904581,124904581
124904660,124904660,mapped,Entrez,124904660,LOC124904660,124904660
124904708,124904708,mapped,Entrez,124904708,LOC124904708,124904708
124904770,124904770,mapped,Entrez,124904770,LOC124904770,124904770
124904792,124904792,mapped,Entrez,124904792,LOC124904792,124904792
124904903,124904903,mapped,Entrez,124904903,LOC124904903,124904903
124904927,124904927,mapped,Entrez,124904927,LOC124904927,124904927
124904942,124904942,mapped,Entrez,124904942,LOC124904942,124904942
124904950,124904950,mapped,Entrez,124904950,LOC124904950,124904950
124905051,124905051,mapped,Entrez,124905051,LOC124905051,124905051
124905139,124905139,mapped,Entrez,124905139,LOC124905139,124905139
124905153,124905153,mapped,Entrez,124905153,LOC124905153,124905153
124905155,124905155,mapped,Entrez,124905155,LOC124905155,124905155
124905230,124905230,mapped,Entrez,124905230,LOC124905230,124905230
124905300,124905300,mapped,Entrez,124905300,LOC124905300,124905300
124905330,124905330,mapped,Entrez,124905330,LOC124905330,124905330
124905344,124905344,mapped,Entrez,124905344,LOC124905344,124905344
124905345,124905345,mapped,Entrez,124905345,LOC124905345,124905345
124905352,124905352,mapped,Entrez,124905352,LOC124905352,124905352
124905357,124905357,mapped,Entrez,124905357,LOC124905357,124905357
124905372,124905372,mapped,Entrez,124905372,LOC124905372,124905372
124905377,124905377,mapped,Entrez,124905377,LOC124905377,124905377
124905411,124905411,mapped,Entrez,124905411,LOC124905411,124905411
124905413,124905413,mapped,Entrez,124905413,LOC124905413,124905413
124905416,124905416,mapped,Entrez,124905416,LOC124905416,124905416
124905442,124905442,mapped,Entrez,124905442,LOC124905442,124905442
124905466,124905466,mapped,Entrez,124905466,LOC124905466,124905466
124905476,124905476,mapped,Entrez,124905476,LOC124905476,124905476
124905539,124905539,mapped,Entrez,124905539,LOC124905539,124905539
124905565,124905565,mapped,Entrez,124905565,LOC124905565,124905565
124905566,124905566,mapped,Entrez,124905566,LOC124905566,124905566
124905618,124905618,mapped,Entrez,124905618,LOC124905618,124905618
124905623,124905623,mapped,Entrez,124905623,LOC124905623,124905623
124905664,124905664,mapped,Entrez,124905664,LOC124905664,124905664
124905666,124905666,mapped,Entrez,124905666,LOC124905666,124905666
124905682,124905682,mapped,Entrez,124905682,LOC124905682,124905682
124905733,124905733,mapped,Entrez,124905733,LOC124905733,124905733
124905939,124905939,mapped,Entrez,124905939,LOC124905939,124905939
124905977,124905977,mapped,Entrez,124905977,LOC124905977,124905977
124906005,124906005,mapped,Entrez,124906005,LOC124906005,124906005
124906086,124906086,mapped,Entrez,124906086,LOC124906086,124906086
124906092,124906092,mapped,Entrez,124906092,LOC124906092,124906092
124906241,124906241,mapped,Entrez,124906241,LOC124906241,124906241
124906262,124906262,mapped,Entrez,124906262,LOC124906262,124906262
124906399,124906399,mapped,Entrez,124906399,LOC124906399,124906399
124906409,124906409,mapped,Entrez,124906409,LOC124906409,124906409
124906411,124906411,mapped,Entrez,124906411,LOC124906411,124906411
124906416,124906416,mapped,Entrez,124906416,LOC124906416,124906416
124906479,124906479,mapped,Entrez,124906479,LOC124906479,124906479
124906482,124906482,mapped,Entrez,124906482,LOC124906482,124906482
124906484,124906484,mapped,Entrez,124906484,LOC124906484,124906484
124906485,124906485,mapped,Entrez,124906485,LOC124906485,124906485
124906488,124906488,mapped,Entrez,124906488,LOC124906488,124906488
124906491,124906491,mapped,Entrez,124906491,LOC124906491,124906491
124906493,124906493,mapped,Entrez,124906493,LOC124906493,124906493
124906495,124906495,mapped,Entrez,124906495,LOC124906495,124906495
124906497,124906497,mapped,Entrez,124906497,LOC124906497,124906497
124906603,124906603,mapped,Entrez,124906603,LOC124906603,124906603
124906620,124906620,mapped,Entrez,124906620,LOC124906620,124906620
124906625,124906625,mapped,Entrez,124906625,LOC124906625,124906625
124906629,124906629,mapped,Entrez,124906629,LOC124906629,124906629
124906635,124906635,mapped,Entrez,124906635,LOC124906635,124906635
124906636,124906636,mapped,Entrez,124906636,LOC124906636,124906636
124906649,124906649,mapped,Entrez,124906649,LOC124906649,124906649
124906654,124906654,mapped,Entrez,124906654,LOC124906654,124906654
124906663,124906663,mapped,Entrez,124906663,LOC124906663,124906663
124906668,124906668,mapped,Entrez,124906668,LOC124906668,124906668
124906671,124906671,mapped,Entrez,124906671,LOC124906671,124906671
124906675,124906675,mapped,Entrez,124906675,LOC124906675,124906675
124906701,124906701,mapped,Entrez,124906701,LOC124906701,124906701
124906702,124906702,mapped,Entrez,124906702,LOC124906702,124906702
124906703,124906703,mapped,Entrez,124906703,LOC124906703,124906703
124906704,124906704,mapped,Entrez,124906704,LOC124906704,124906704
124906711,124906711,mapped,Entrez,124906711,LOC124906711,124906711
124906717,124906717,mapped,Entrez,124906717,LOC124906717,124906717
124906721,124906721,mapped,Entrez,124906721,LOC124906721,124906721
124906729,124906729,mapped,Entrez,124906729,LOC124906729,124906729
124906740,124906740,mapped,Entrez,124906740,LOC124906740,124906740
124906746,124906746,mapped,Entrez,124906746,LOC124906746,124906746
124906760,124906760,mapped,Entrez,124906760,LOC124906760,124906760
124906767,124906767,mapped,Entrez,124906767,LOC124906767,124906767
124906780,124906780,mapped,Entrez,124906780,LOC124906780,124906780
124906782,124906782,mapped,Entrez,124906782,LOC124906782,124906782
124906791,124906791,mapped,Entrez,124906791,LOC124906791,124906791
124906793,124906793,mapped,Entrez,124906793,LOC124906793,124906793
124906796,124906796,mapped,Entrez,124906796,LOC124906796,124906796
124906837,124906837,mapped,Entrez,124906837,LOC124906837,124906837
124906857,124906857,mapped,Entrez,124906857,LOC124906857,124906857
124906875,124906875,mapped,Entrez,124906875,LOC124906875,124906875
124906931,124906931,mapped,Entrez,124906931,LOC124906931,124906931
124906938,124906938,mapped,Entrez,124906938,LOC124906938,124906938
124906954,124906954,mapped,Entrez,124906954,LOC124906954,124906954
124906959,124906959,mapped,Entrez,124906959,LOC124906959,124906959
124906971,124906971,mapped,Entrez,124906971,LOC124906971,124906971
124906987,124906987,mapped,Entrez,124906987,LOC124906987,124906987
124906991,124906991,mapped,Entrez,124906991,LOC124906991,124906991
124907096,124907096,mapped,Entrez,124907096,LOC124907096,124907096
124907100,124907100,mapped,Entrez,124907100,LOC124907100,124907100
124907352,124907352,mapped,Entrez,124907352,LOC124907352,124907352
124907405,124907405,mapped,Entrez,124907405,LOC124907405,124907405
124907420,124907420,mapped,Entrez,124907420,LOC124907420,124907420
124907423,124907423,mapped,Entrez,124907423,LOC124907423,124907423
124907501,124907501,mapped,Entrez,124907501,LOC124907501,124907501
124907512,124907512,mapped,Entrez,124907512,LOC124907512,124907512
124907524,124907524,mapped,Entrez,124907524,LOC124907524,124907524
124907566,124907566,mapped,Entrez,124907566,LOC124907566,124907566
124907780,124907780,mapped,Entrez,124907780,LOC124907780,124907780
124907789,124907789,mapped,Entrez,124907789,LOC124907789,124907789
124907808,124907808,mapped,Entrez,124907808,LOC124907808,124907808
124907837,124907837,mapped,Entrez,124907837,LOC124907837,124907837
124907846,124907846,mapped,Entrez,124907846,LOC124907846,124907846
124907867,124907867,mapped,Entrez,124907867,LOC124907867,124907867
124907928,124907928,mapped,Entrez,124907928,LOC124907928,124907928
124908013,124908013,mapped,Entrez,124908013,LOC124908013,124908013
124908015,124908015,mapped,Entrez,124908015,LOC124908015,124908015
124908044,124908044,mapped,Entrez,124908044,LOC124908044,124908044
124908046,124908046,mapped,Entrez,124908046,LOC124908046,124908046
124908066,124908066,mapped,Entrez,124908066,LOC124908066,124908066
124908082,124908082,mapped,Entrez,124908082,LOC124908082,124908082
124908083,124908083,mapped,Entrez,124908083,LOC124908083,124908083
124908089,124908089,mapped,Entrez,124908089,LOC124908089,124908089
124908130,124908130,mapped,Entrez,124908130,LOC124908130,124908130
124908143,124908143,mapped,Entrez,124908143,LOC124908143,124908143
124908169,124908169,mapped,Entrez,124908169,LOC124908169,124908169
124908444,124908444,mapped,Entrez,124908444,LOC124908444,124908444
124908534,124908534,mapped,Entrez,124908534,LOC124908534,124908534
124908558,124908558,mapped,Entrez,124908558,LOC124908558,124908558
124908978,124908978,mapped,Entrez,124908978,LOC124908978,124908978
124908979,124908979,mapped,Entrez,124908979,LOC124908979,124908979
124908980,124908980,mapped,Entrez,124908980,LOC124908980,124908980
124909015,124909015,mapped,Entrez,124909015,LOC124909015,124909015
124909093,124909093,mapped,Entrez,124909093,LOC124909093,124909093
124909293,124909293,mapped,Entrez,124909293,LOC124909293,124909293
124909294,124909294,mapped,Entrez,124909294,LOC124909294,124909294
124909439,124909439,mapped,Entrez,124909439,LOC124909439,124909439
124909461,124909461,mapped,Entrez,124909461,LOC124909461,124909461
125316803,125316803,mapped,Entrez,125316803,POLGARF,125316803
125467750,125467750,mapped,Entrez,125467750,EFNA4-EFNA3,125467750
127739546,127739546,mapped,Entrez,127739546,KYAT1-SPOUT1,127739546
127898555,127898555,mapped,Entrez,127898555,MPV17L-BMERB1,127898555
127903862,127903862,mapped,Entrez,127903862,LOC127903862,127903862
128092247,128092247,mapped,Entrez,128092247,LOC128092247,128092247
128125816,128125816,mapped,Entrez,128125816,LOC128125816,128125816
128462377,128462377,mapped,Entrez,128462377,LOC128462377,128462377
128966555,128966555,mapped,Entrez,128966555,LOC128966555,128966555
128966568,128966568,mapped,Entrez,128966568,LOC128966568,128966568
128966581,128966581,mapped,Entrez,128966581,LOC128966581,128966581
128966597,128966597,mapped,Entrez,128966597,LOC128966597,128966597
128966598,128966598,mapped,Entrez,128966598,LOC128966598,128966598
128966604,128966604,mapped,Entrez,128966604,LOC128966604,128966604
128966607,128966607,mapped,Entrez,128966607,LOC128966607,128966607
128966625,128966625,mapped,Entrez,128966625,LOC128966625,128966625
128966634,128966634,mapped,Entrez,128966634,LOC128966634,128966634
128966637,128966637,mapped,Entrez,128966637,LOC128966637,128966637
128966655,128966655,mapped,Entrez,128966655,LOC128966655,128966655
128966672,128966672,mapped,Entrez,128966672,LOC128966672,128966672
128966673,128966673,mapped,Entrez,128966673,LOC128966673,128966673
128966677,128966677,mapped,Entrez,128966677,LOC128966677,128966677
128966688,128966688,mapped,Entrez,128966688,LOC128966688,128966688
128966691,128966691,mapped,Entrez,128966691,LOC128966691,128966691
128966709,128966709,mapped,Entrez,128966709,LOC128966709,128966709
128966723,128966723,mapped,Entrez,128966723,LOC128966723,128966723
128966727,128966727,mapped,Entrez,128966727,LOC128966727,128966727
128966728,128966728,mapped,Entrez,128966728,LOC128966728,128966728
128966729,128966729,mapped,Entrez,128966729,LOC128966729,128966729
128966733,128966733,mapped,Entrez,128966733,LOC128966733,128966733
128966736,128966736,mapped,Entrez,128966736,LOC128966736,128966736
128966742,128966742,mapped,Entrez,128966742,LOC128966742,128966742
128966759,128966759,mapped,Entrez,128966759,LOC128966759,128966759
128966772,128966772,mapped,Entrez,128966772,LOC128966772,128966772
128966781,128966781,mapped,Entrez,128966781,LOC128966781,128966781
128966784,128966784,mapped,Entrez,128966784,LOC128966784,128966784
130160541,130160541,mapped,Entrez,130160541,LOC130160541,130160541
130160543,130160543,mapped,Entrez,130160543,LOC130160543,130160543
130160548,130160548,mapped,Entrez,130160548,LOC130160548,130160548
133039973,133039973,mapped,Entrez,133039973,LYPLA1-TCEA1,133039973
133834869,133834869,mapped,Entrez,133834869,MLDHR,133834869
134826889,134826889,mapped,Entrez,134826889,SPESP1-NOX5,134826889
139355219,139355219,mapped,Entrez,139355219,KIAA1191-AS1,139355219
144093364,144093364,mapped,Entrez,144093364,LOC144093364,144093364
144667540,144667540,mapped,Entrez,144667540,OPA3-RTN2,144667540
