list,source,GO_ID,description,p_value,p_adjust_BH,significant,Count,query_size,background_term_size,effective_background_size,GeneRatio,BgRatio,FoldEnrichment,overlap_entrez_ids,overlap_input_ids
dna_repair_biased,MF,GO:0140097,"catalytic activity, acting on DNA",2.4318157533411493e-38,1.500430319811489e-35,True,34,120,80,6000,0.2833333333333333,0.013333333333333334,21.249999999999996,328;1108;1408;1763;2067;2072;2073;2074;4171;4438;5378;5426;5429;5889;5932;5980;5982;7486;8091;9401;10856;11144;25788;25836;27301;51750;54821;84083;92667;126549;200558;221120;254394;254528,10856;1108;11144;126549;1408;1763;200558;2067;2072;2073;2074;221120;254394;254528;25788;25836;27301;328;4171;4438;51750;5378;5426;5429;54821;5889;5932;5980;5982;7486;8091;84083;92667;9401
dna_repair_biased,MF,GO:0140640,"catalytic activity, acting on a nucleic acid",1.702333981965348e-25,5.251700334363098e-23,True,36,120,201,6000,0.3,0.0335,8.955223880597014,328;1108;1408;1763;2067;2072;2073;2074;4171;4438;5378;5426;5429;5438;5889;5932;5980;5982;7486;8091;9401;10535;10856;11144;25788;25836;27301;51750;54821;84083;92667;126549;200558;221120;254394;254528,10535;10856;1108;11144;126549;1408;1763;200558;2067;2072;2073;2074;221120;254394;254528;25788;25836;27301;328;4171;4438;51750;5378;5426;5429;5438;54821;5889;5932;5980;5982;7486;8091;84083;92667;9401
dna_repair_biased,MF,GO:0003684,damaged DNA binding,1.5874471089843665e-23,3.2648495541445136e-21,True,16,120,22,6000,0.13333333333333333,0.0036666666666666666,36.36363636363637,328;1408;1643;2067;2072;2073;3146;4683;5429;5810;5932;6119;7486;9401;54840;78996,1408;1643;2067;2072;2073;3146;328;4683;5429;54840;5810;5932;6119;7486;78996;9401
dna_repair_biased,MF,GO:0004536,DNA nuclease activity,2.711197164128541e-20,4.182021625668274e-18,True,16,120,30,6000,0.13333333333333333,0.005,26.666666666666664,328;1763;2067;2072;2073;5378;5426;5889;5932;8091;27301;84083;92667;126549;200558;254528,126549;1763;200558;2067;2072;2073;254528;27301;328;5378;5426;5889;5932;8091;84083;92667
dna_repair_biased,MF,GO:0008094,"ATP-dependent activity, acting on DNA",4.676562778252012e-20,5.7708784683629826e-18,True,17,120,37,6000,0.14166666666666666,0.006166666666666667,22.972972972972972,1108;1763;2074;4171;4438;5378;5889;5982;7486;9401;10856;11144;25788;51750;54821;84083;254394,10856;1108;11144;1763;2074;254394;25788;4171;4438;51750;5378;54821;5889;5982;7486;84083;9401
dna_repair_biased,MF,GO:0003697,single-stranded DNA binding,6.969102582211869e-19,7.166560488707873e-17,True,16,120,35,6000,0.13333333333333333,0.005833333333333334,22.857142857142854,1408;2067;2072;2073;3146;4171;6119;9401;11144;54840;55732;64859;83932;84083;254394;254528,11144;1408;2067;2072;2073;254394;254528;3146;4171;54840;55732;6119;64859;83932;84083;9401
dna_repair_biased,MF,GO:0004520,DNA endonuclease activity,1.2551835841909885e-18,1.1063546734940571e-16,True,14,120,24,6000,0.11666666666666667,0.004,29.166666666666668,328;1763;2067;2072;2073;5378;5889;5932;8091;27301;84083;92667;126549;200558,126549;1763;200558;2067;2072;2073;27301;328;5378;5889;5932;8091;84083;92667
dna_repair_biased,MF,GO:0003677,DNA binding,1.1592251586835333e-17,8.94052403634675e-16,True,49,120,657,6000,0.4083333333333333,0.1095,3.7290715372907153,328;1108;1408;1643;1763;2067;2072;2073;2074;3146;4171;4438;4683;4869;5378;5426;5429;5810;5889;5932;5980;5982;6119;6421;7486;8091;9112;9401;10856;11144;11169;22992;23126;25988;27301;51750;54840;55732;55734;64859;78996;83932;84083;84464;92815;254394;254528;342908;388536,10856;1108;11144;11169;1408;1643;1763;2067;2072;2073;2074;22992;23126;254394;254528;25988;27301;3146;328;342908;388536;4171;4438;4683;4869;51750;5378;5426;5429;54840;55732;55734;5810;5889;5932;5980;5982;6119;6421;64859;7486;78996;8091;83932;84083;84464;9112;92815;9401
dna_repair_biased,MF,GO:0004518,nuclease activity,1.6461981309933918e-17,1.1285602742476918e-15,True,18,120,58,6000,0.15,0.009666666666666667,15.517241379310343,328;1763;2067;2072;2073;5378;5426;5889;5932;7486;8091;10535;27301;84083;92667;126549;200558;254528,10535;126549;1763;200558;2067;2072;2073;254528;27301;328;5378;5426;5889;5932;7486;8091;84083;92667
dna_repair_biased,MF,GO:0004519,endonuclease activity,3.120193761290691e-17,1.9251595507163563e-15,True,15,120,35,6000,0.125,0.005833333333333334,21.428571428571427,328;1763;2067;2072;2073;5378;5889;5932;8091;10535;27301;84083;92667;126549;200558,10535;126549;1763;200558;2067;2072;2073;27301;328;5378;5889;5932;8091;84083;92667
dna_repair_biased,MF,GO:0003678,DNA helicase activity,5.175299384934138e-16,2.902872473185785e-14,True,11,120,16,6000,0.09166666666666666,0.0026666666666666666,34.375,1763;2074;4171;5982;7486;9401;10856;51750;54821;84083;254394,10856;1763;2074;254394;4171;51750;54821;5982;7486;84083;9401
dna_repair_biased,MF,GO:0003682,chromatin binding,2.4075842633090763e-13,1.23789957538475e-11,True,24,120,192,6000,0.2,0.032,6.25,328;1108;1647;2067;2072;2074;4869;5426;6418;6421;8091;9112;9985;10463;10856;11169;25836;25988;54840;55170;84787;165918;254394;254528,10463;10856;1108;11169;1647;165918;2067;2072;2074;254394;254528;25836;25988;328;4869;5426;54840;55170;6418;6421;8091;84787;9112;9985
dna_repair_biased,MF,GO:0003676,nucleic acid binding,1.1889298248185188e-12,5.6428438608694324e-11,True,55,120,1079,6000,0.4583333333333333,0.17983333333333335,2.548656163113994,328;1108;1408;1643;1763;2067;2072;2073;2074;3146;4171;4438;4683;4869;5378;5426;5429;5438;5810;5889;5932;5980;5982;6119;6421;7486;8091;9112;9401;10535;10856;11144;11169;22992;23126;23174;25988;27301;29890;29997;51366;51750;54840;55732;55734;64859;78996;83932;84083;84464;92815;254394;254528;342908;388536,10535;10856;1108;11144;11169;1408;1643;1763;2067;2072;2073;2074;22992;23126;23174;254394;254528;25988;27301;29890;29997;3146;328;342908;388536;4171;4438;4683;4869;51366;51750;5378;5426;5429;5438;54840;55732;55734;5810;5889;5932;5980;5982;6119;6421;64859;7486;78996;8091;83932;84083;84464;9112;92815;9401
dna_repair_biased,MF,GO:0140657,ATP-dependent activity,5.355319783592412e-11,2.360165933197513e-09,True,20,120,165,6000,0.16666666666666666,0.0275,6.0606060606060606,58;1108;1763;2074;4171;4438;5378;5706;5889;5982;7486;9401;10856;11144;25788;51750;54821;81570;84083;254394,10856;1108;11144;1763;2074;254394;25788;4171;4438;51750;5378;54821;5706;58;5889;5982;7486;81570;84083;9401
dna_repair_biased,MF,GO:0004386,helicase activity,9.844816999053878e-11,4.049501392277495e-09,True,11,120,38,6000,0.09166666666666666,0.006333333333333333,14.473684210526315,1763;2074;4171;5982;7486;9401;10856;51750;54821;84083;254394,10856;1763;2074;254394;4171;51750;54821;5982;7486;84083;9401
dna_repair_biased,MF,GO:0016887,ATP hydrolysis activity,1.0798475498707001e-10,4.164162114188888e-09,True,17,120,118,6000,0.14166666666666666,0.019666666666666666,7.203389830508475,58;1108;1763;2074;4171;5378;5706;5982;7486;9401;10856;25788;51750;54821;81570;84083;254394,10856;1108;1763;2074;254394;25788;4171;51750;5378;54821;5706;58;5982;7486;81570;84083;9401
dna_repair_biased,MF,GO:0120545,nucleic acid conformation isomerase activity,1.3483462683276228e-10,4.893703809165549e-09,True,11,120,39,6000,0.09166666666666666,0.0065,14.102564102564102,1763;2074;4171;5982;7486;9401;10856;51750;54821;84083;254394,10856;1763;2074;254394;4171;51750;54821;5982;7486;84083;9401
dna_repair_biased,MF,GO:0003824,catalytic activity,3.1533673034519812e-09,1.0240145401209855e-07,True,63,120,1637,6000,0.525,0.2728333333333333,1.9242516799022604,58;328;1108;1408;1643;1763;2067;2072;2073;2074;2138;3146;4171;4438;5378;5426;5429;5438;5706;5889;5932;5980;5982;7320;7486;8091;8505;9149;9401;9874;10039;10535;10856;11044;11144;22992;25788;25836;27301;27339;30849;51366;51750;54778;54821;54840;55120;55159;55170;81570;83932;84083;84787;84954;85015;92667;126549;151636;165918;200558;221120;254394;254528,10039;10535;10856;11044;1108;11144;126549;1408;151636;1643;165918;1763;200558;2067;2072;2073;2074;2138;221120;22992;254394;254528;25788;25836;27301;27339;30849;3146;328;4171;4438;51366;51750;5378;5426;5429;5438;54778;54821;54840;55120;55159;55170;5706;58;5889;5932;5980;5982;7320;7486;8091;81570;83932;84083;84787;84954;85015;8505;9149;92667;9401;9874
dna_repair_biased,MF,GO:0042393,histone binding,3.130324529721677e-09,1.0240145401209855e-07,True,11,120,51,6000,0.09166666666666666,0.0085,10.784313725490195,1108;4171;4683;4869;6418;25988;55170;84787;151636;165918;200558,1108;151636;165918;200558;25988;4171;4683;4869;55170;6418;84787
dna_repair_biased,MF,GO:0120543,macromolecular conformation isomerase activity,1.3141014395677787e-08,4.0540029410665974e-07,True,12,120,72,6000,0.1,0.012,8.333333333333334,1763;2074;4171;5706;5982;7486;9401;10856;51750;54821;84083;254394,10856;1763;2074;254394;4171;51750;54821;5706;5982;7486;84083;9401
dna_repair_biased,MF,GO:0016787,hydrolase activity,3.5181665134572954e-08,1.0336708280015007e-06,True,35,120,664,6000,0.2916666666666667,0.11066666666666666,2.635542168674699,58;328;1108;1763;2067;2072;2073;2074;2138;4171;5378;5426;5706;5889;5932;5982;7486;8505;9401;10535;10856;25788;27301;51750;54821;54840;81570;83932;84083;84954;85015;92667;200558;254394;254528,10535;10856;1108;1763;200558;2067;2072;2073;2074;2138;254394;254528;25788;27301;328;4171;51750;5378;5426;54821;54840;5706;58;5889;5932;5982;7486;81570;83932;84083;84954;85015;8505;92667;9401
dna_repair_biased,MF,GO:0000217,DNA secondary structure binding,4.731456697461008e-08,1.3269585374242917e-06,True,6,120,12,6000,0.05,0.002,25.0,2073;3146;5889;7486;8091;9401,2073;3146;5889;7486;8091;9401
dna_repair_biased,MF,GO:0032559,adenyl ribonucleotide binding,8.574983507632507e-08,2.3003325322648944e-06,True,24,120,354,6000,0.2,0.059,3.3898305084745766,58;1108;2074;4171;4438;5378;5706;5889;5982;7486;9149;9401;9874;10856;11069;11144;25788;30849;51750;54821;81570;84083;254394;375748,10856;11069;1108;11144;2074;254394;25788;30849;375748;4171;4438;51750;5378;54821;5706;58;5889;5982;7486;81570;84083;9149;9401;9874
dna_repair_biased,MF,GO:0005524,ATP binding,1.5639074981472754e-07,4.020545526486954e-06,True,23,120,338,6000,0.19166666666666668,0.05633333333333333,3.4023668639053257,58;1108;2074;4171;4438;5378;5706;5889;5982;7486;9149;9401;9874;10856;11144;25788;30849;51750;54821;81570;84083;254394;375748,10856;1108;11144;2074;254394;25788;30849;375748;4171;4438;51750;5378;54821;5706;58;5889;5982;7486;81570;84083;9149;9401;9874
dna_repair_biased,MF,GO:0000166,nucleotide binding,2.234262264582436e-07,5.514159268989453e-06,True,29,120,520,6000,0.24166666666666667,0.08666666666666667,2.7884615384615383,58;1108;1408;2074;4171;4438;5378;5426;5706;5889;5980;5982;7486;9149;9401;9874;10856;11069;11144;25788;30849;51750;54821;80010;81570;84083;200558;254394;375748,10856;11069;1108;11144;1408;200558;2074;254394;25788;30849;375748;4171;4438;51750;5378;5426;54821;5706;58;5889;5980;5982;7486;80010;81570;84083;9149;9401;9874
dna_repair_biased,MF,GO:0004527,exonuclease activity,2.804291666780399e-07,6.408325771864837e-06,True,7,120,24,6000,0.058333333333333334,0.004,14.583333333333334,328;5426;7486;27301;92667;200558;254528,200558;254528;27301;328;5426;7486;92667
dna_repair_biased,MF,GO:1901265,nucleoside phosphate binding,2.7441204957391205e-07,6.408325771864837e-06,True,29,120,525,6000,0.24166666666666667,0.0875,2.7619047619047623,58;1108;1408;2074;4171;4438;5378;5426;5706;5889;5980;5982;7486;9149;9401;9874;10856;11069;11144;25788;30849;51750;54821;80010;81570;84083;200558;254394;375748,10856;11069;1108;11144;1408;200558;2074;254394;25788;30849;375748;4171;4438;51750;5378;5426;54821;5706;58;5889;5980;5982;7486;80010;81570;84083;9149;9401;9874
dna_repair_biased,MF,GO:0030554,adenyl nucleotide binding,3.255298785095974e-07,7.173283394300771e-06,True,24,120,380,6000,0.2,0.06333333333333334,3.1578947368421053,58;1108;2074;4171;4438;5378;5706;5889;5982;7486;9149;9401;9874;10856;11069;11144;25788;30849;51750;54821;81570;84083;254394;375748,10856;11069;1108;11144;2074;254394;25788;30849;375748;4171;4438;51750;5378;54821;5706;58;5889;5982;7486;81570;84083;9149;9401;9874
dna_repair_biased,MF,GO:0016895,"DNA exonuclease activity, producing 5'-phosphomonoesters",6.849400677085296e-07,1.4572690406074577e-05,True,5,120,10,6000,0.041666666666666664,0.0016666666666666668,24.999999999999996,328;5426;27301;92667;254528,254528;27301;328;5426;92667
dna_repair_biased,MF,GO:0008408,3'-5' exonuclease activity,8.614702688842749e-07,1.6976906143206356e-05,True,6,120,18,6000,0.05,0.003,16.666666666666668,328;5426;7486;27301;200558;254528,200558;254528;27301;328;5426;7486
dna_repair_biased,MF,GO:0016462,pyrophosphatase activity,9.080030838343757e-07,1.6976906143206356e-05,True,18,120,238,6000,0.15,0.03966666666666667,3.7815126050420163,58;1108;1763;2074;4171;5378;5706;5982;7486;9401;10856;25788;51750;54821;54840;81570;84083;254394,10856;1108;1763;2074;254394;25788;4171;51750;5378;54821;54840;5706;58;5982;7486;81570;84083;9401
dna_repair_biased,MF,GO:0016817,"hydrolase activity, acting on acid anhydrides",9.080030838343757e-07,1.6976906143206356e-05,True,18,120,238,6000,0.15,0.03966666666666667,3.7815126050420163,58;1108;1763;2074;4171;5378;5706;5982;7486;9401;10856;25788;51750;54821;54840;81570;84083;254394,10856;1108;1763;2074;254394;25788;4171;51750;5378;54821;54840;5706;58;5982;7486;81570;84083;9401
dna_repair_biased,MF,GO:0016818,"hydrolase activity, acting on acid anhydrides, in phosphorus-containing anhydrides",9.080030838343757e-07,1.6976906143206356e-05,True,18,120,238,6000,0.15,0.03966666666666667,3.7815126050420163,58;1108;1763;2074;4171;5378;5706;5982;7486;9401;10856;25788;51750;54821;54840;81570;84083;254394,10856;1108;1763;2074;254394;25788;4171;51750;5378;54821;54840;5706;58;5982;7486;81570;84083;9401
dna_repair_biased,MF,GO:1901363,heterocyclic compound binding,1.0717221410190083e-06,1.9448604735550824e-05,True,29,120,560,6000,0.24166666666666667,0.09333333333333334,2.589285714285714,58;1108;1408;2074;4171;4438;5378;5426;5706;5889;5980;5982;7486;9149;9401;9874;10856;11069;11144;25788;30849;51750;54821;80010;81570;84083;200558;254394;375748,10856;11069;1108;11144;1408;200558;2074;254394;25788;30849;375748;4171;4438;51750;5378;5426;54821;5706;58;5889;5980;5982;7486;80010;81570;84083;9149;9401;9874
dna_repair_biased,MF,GO:0004529,DNA exonuclease activity,1.2356826798253259e-06,2.1228184196806205e-05,True,5,120,11,6000,0.041666666666666664,0.0018333333333333333,22.727272727272727,328;5426;27301;92667;254528,254528;27301;328;5426;92667
dna_repair_biased,MF,GO:0140030,modification-dependent protein binding,1.2385974571880444e-06,2.1228184196806205e-05,True,6,120,19,6000,0.05,0.0031666666666666666,15.789473684210527,4683;11073;83932;84083;165918;200558,11073;165918;200558;4683;83932;84083
dna_repair_biased,MF,GO:0017111,ribonucleoside triphosphate phosphatase activity,1.398143918747942e-06,2.3314994536958925e-05,True,17,120,220,6000,0.14166666666666666,0.03666666666666667,3.8636363636363633,58;1108;1763;2074;4171;5378;5706;5982;7486;9401;10856;25788;51750;54821;81570;84083;254394,10856;1108;1763;2074;254394;25788;4171;51750;5378;54821;5706;58;5982;7486;81570;84083;9401
dna_repair_biased,MF,GO:0008134,transcription factor binding,1.815452801171566e-06,2.9477220482180425e-05,True,15,120,176,6000,0.125,0.029333333333333333,4.261363636363637,1108;1408;2067;2072;3146;4683;4792;4869;5932;8091;9112;9325;10463;10856;151636,10463;10856;1108;1408;151636;2067;2072;3146;4683;4792;4869;5932;8091;9112;9325
dna_repair_biased,MF,GO:0140299,molecular sensor activity,3.242732635369241e-06,5.13016932313544e-05,True,6,120,22,6000,0.05,0.0036666666666666666,13.636363636363637,2074;4438;5378;5889;6861;11144,11144;2074;4438;5378;5889;6861
dna_repair_biased,MF,GO:0016853,isomerase activity,3.3619909325514526e-06,5.185871013460616e-05,True,12,120,118,6000,0.1,0.019666666666666666,5.084745762711865,1763;2074;4171;5706;5982;7486;9401;10856;51750;54821;84083;254394,10856;1763;2074;254394;4171;51750;54821;5706;5982;7486;84083;9401
dna_repair_biased,MF,GO:0016788,"hydrolase activity, acting on ester bonds",4.812271435139504e-06,7.241881647514815e-05,True,16,120,215,6000,0.13333333333333333,0.035833333333333335,3.7209302325581395,328;1763;2067;2072;2073;2138;5426;5889;5932;7486;10535;27301;54840;92667;200558;254528,10535;1763;200558;2067;2072;2073;2138;254528;27301;328;5426;54840;5889;5932;7486;92667
dna_repair_biased,MF,GO:0097367,carbohydrate derivative binding,5.04564000540413e-06,7.412285436510353e-05,True,27,120,538,6000,0.225,0.08966666666666667,2.5092936802973975,58;1108;2074;3146;4171;4438;5378;5692;5706;5889;5982;7486;9149;9401;9874;10856;11069;11144;25788;30849;51750;54821;81570;84083;200558;254394;375748,10856;11069;1108;11144;200558;2074;254394;25788;30849;3146;375748;4171;4438;51750;5378;54821;5692;5706;58;5889;5982;7486;81570;84083;9149;9401;9874
dna_repair_biased,MF,GO:0032555,purine ribonucleotide binding,6.242571390041619e-06,8.957364064315532e-05,True,24,120,448,6000,0.2,0.07466666666666667,2.6785714285714284,58;1108;2074;4171;4438;5378;5706;5889;5982;7486;9149;9401;9874;10856;11069;11144;25788;30849;51750;54821;81570;84083;254394;375748,10856;11069;1108;11144;2074;254394;25788;30849;375748;4171;4438;51750;5378;54821;5706;58;5889;5982;7486;81570;84083;9149;9401;9874
dna_repair_biased,MF,GO:0032553,ribonucleotide binding,7.276806388346257e-06,0.00010204067140021912,True,24,120,452,6000,0.2,0.07533333333333334,2.6548672566371683,58;1108;2074;4171;4438;5378;5706;5889;5982;7486;9149;9401;9874;10856;11069;11144;25788;30849;51750;54821;81570;84083;254394;375748,10856;11069;1108;11144;2074;254394;25788;30849;375748;4171;4438;51750;5378;54821;5706;58;5889;5982;7486;81570;84083;9149;9401;9874
dna_repair_biased,MF,GO:0035639,purine ribonucleoside triphosphate binding,1.0774375980670517e-05,0.0001477286662238602,True,23,120,431,6000,0.19166666666666668,0.07183333333333333,2.6682134570765665,58;1108;2074;4171;4438;5378;5706;5889;5982;7486;9149;9401;9874;10856;11144;25788;30849;51750;54821;81570;84083;254394;375748,10856;1108;11144;2074;254394;25788;30849;375748;4171;4438;51750;5378;54821;5706;58;5889;5982;7486;81570;84083;9149;9401;9874
dna_repair_biased,MF,GO:0017076,purine nucleotide binding,1.7522219348211665e-05,0.0002350262899531869,True,24,120,476,6000,0.2,0.07933333333333334,2.5210084033613445,58;1108;2074;4171;4438;5378;5706;5889;5982;7486;9149;9401;9874;10856;11069;11144;25788;30849;51750;54821;81570;84083;254394;375748,10856;11069;1108;11144;2074;254394;25788;30849;375748;4171;4438;51750;5378;54821;5706;58;5889;5982;7486;81570;84083;9149;9401;9874
dna_repair_biased,MF,GO:0019899,enzyme binding,1.9013023410563265e-05,0.00024439657175661533,True,28,120,612,6000,0.23333333333333334,0.102,2.2875816993464055,1108;1408;1647;2067;2072;2073;2074;3146;4171;4792;4869;5378;5982;6421;7320;8091;9112;9325;10856;11069;25836;25988;51750;55120;55732;151636;254394;375748,10856;11069;1108;1408;151636;1647;2067;2072;2073;2074;254394;25836;25988;3146;375748;4171;4792;4869;51750;5378;55120;55732;5982;6421;7320;8091;9112;9325
dna_repair_biased,MF,GO:0061629,RNA polymerase II-specific DNA-binding transcription factor binding,1.8753180340332743e-05,0.00024439657175661533,True,11,120,117,6000,0.09166666666666666,0.0195,4.7008547008547,1108;1408;3146;4792;4869;5932;8091;9112;9325;10463;151636,10463;1108;1408;151636;3146;4792;4869;5932;8091;9112;9325
dna_repair_biased,MF,GO:0140297,DNA-binding transcription factor binding,3.7059253666851784e-05,0.00046664407168260305,True,12,120,149,6000,0.1,0.024833333333333332,4.026845637583893,1108;1408;3146;4683;4792;4869;5932;8091;9112;9325;10463;151636,10463;1108;1408;151636;3146;4683;4792;4869;5932;8091;9112;9325
dna_repair_biased,MF,GO:0003714,transcription corepressor activity,3.9440679648481864e-05,0.0004866979868622662,True,8,120,65,6000,0.06666666666666667,0.010833333333333334,6.153846153846153,328;1108;3146;5932;8091;9112;10856;25836,10856;1108;25836;3146;328;5932;8091;9112
dna_repair_biased,MF,GO:0036094,small molecule binding,5.356971076936817e-05,0.0006480884616607874,True,44,120,1264,6000,0.36666666666666664,0.21066666666666667,1.740506329113924,58;328;1108;1137;1408;2074;3146;4171;4438;5378;5426;5438;5706;5889;5980;5982;6861;7486;9149;9325;9401;9874;10856;11069;11144;22992;23174;25788;27301;30849;51366;51750;54821;80010;81570;84083;84787;85015;126549;200558;221120;254394;375748;728340,10856;11069;1108;11144;1137;126549;1408;200558;2074;221120;22992;23174;254394;25788;27301;30849;3146;328;375748;4171;4438;51366;51750;5378;5426;5438;54821;5706;58;5889;5980;5982;6861;728340;7486;80010;81570;84083;84787;85015;9149;9325;9401;9874
dna_repair_biased,MF,GO:0070063,RNA polymerase binding,7.422980478698679e-05,0.0008807651837225163,True,5,120,23,6000,0.041666666666666664,0.003833333333333333,10.869565217391305,2067;2072;2073;2074;10856,10856;2067;2072;2073;2074
dna_repair_biased,MF,GO:0003712,transcription coregulator activity,8.430432568381253e-05,0.0009632549804983765,True,12,120,162,6000,0.1,0.027,3.703703703703704,328;1108;3146;4869;5932;8091;9112;9149;9325;10463;10856;25836,10463;10856;1108;25836;3146;328;4869;5932;8091;9112;9149;9325
dna_repair_biased,MF,GO:0043168,anion binding,8.391619590461373e-05,0.0009632549804983765,True,28,120,664,6000,0.23333333333333334,0.11066666666666666,2.108433734939759,58;1108;1408;2074;3146;4171;4438;5378;5706;5889;5982;6861;7486;9149;9401;9874;10856;11069;11144;23174;25788;30849;51750;54821;81570;84083;254394;375748,10856;11069;1108;11144;1408;2074;23174;254394;25788;30849;3146;375748;4171;4438;51750;5378;54821;5706;58;5889;5982;6861;7486;81570;84083;9149;9401;9874
dna_repair_biased,MF,GO:0043167,ion binding,0.00015891478488006816,0.0017827349503818555,True,41,120,1196,6000,0.3416666666666667,0.19933333333333333,1.714046822742475,58;328;1108;1137;1408;2074;3146;4171;4438;5378;5426;5438;5706;5889;5982;6861;7486;9149;9325;9401;9874;10856;11069;11144;22992;23174;25788;27301;30849;51366;51750;54821;81570;84083;84787;85015;126549;221120;254394;375748;728340,10856;11069;1108;11144;1137;126549;1408;2074;221120;22992;23174;254394;25788;27301;30849;3146;328;375748;4171;4438;51366;51750;5378;5426;5438;54821;5706;58;5889;5982;6861;728340;7486;81570;84083;84787;85015;9149;9325;9401;9874
dna_repair_biased,MF,GO:0000993,RNA polymerase II complex binding,0.0003748319408459342,0.004129844776820382,True,4,120,18,6000,0.03333333333333333,0.003,11.11111111111111,2067;2072;2073;10856,10856;2067;2072;2073
dna_repair_biased,MF,GO:0043175,RNA polymerase core enzyme binding,0.00046749376838947003,0.005060415001689526,True,4,120,19,6000,0.03333333333333333,0.0031666666666666666,10.526315789473685,2067;2072;2073;10856,10856;2067;2072;2073
dna_repair_biased,MF,GO:0003690,double-stranded DNA binding,0.0008758181519616232,0.009316893099315887,True,20,120,468,6000,0.16666666666666666,0.078,2.1367521367521367,328;1408;2073;3146;4171;4438;4869;5378;6421;8091;9112;10856;11144;23126;25988;54840;55734;83932;342908;388536,10856;11144;1408;2073;23126;25988;3146;328;342908;388536;4171;4438;4869;5378;54840;55734;6421;8091;83932;9112
dna_repair_biased,MF,GO:0032182,ubiquitin-like protein binding,0.0010039826242846377,0.010499275918366465,True,4,120,23,6000,0.03333333333333333,0.003833333333333333,8.695652173913043,51366;54778;83932;165918,165918;51366;54778;83932
dna_repair_biased,MF,GO:0004842,ubiquitin-protein transferase activity,0.0010960009482524219,0.011191699565937543,True,9,120,130,6000,0.075,0.021666666666666667,3.4615384615384612,1643;7320;27339;51366;54778;55120;55159;151636;165918,151636;1643;165918;27339;51366;54778;55120;55159;7320
dna_repair_biased,MF,GO:0016779,nucleotidyltransferase activity,0.001106472728561086,0.011191699565937543,True,5,120,40,6000,0.041666666666666664,0.006666666666666667,6.249999999999999,5426;5429;5438;5980;11044,11044;5426;5429;5438;5980
dna_repair_biased,MF,GO:0031593,polyubiquitin modification-dependent protein binding,0.0011449862980844126,0.011213595966953692,True,3,120,11,6000,0.025,0.0018333333333333333,13.636363636363637,83932;84083;165918,165918;83932;84083
dna_repair_biased,MF,GO:0034061,DNA polymerase activity,0.0011449862980844126,0.011213595966953692,True,3,120,11,6000,0.025,0.0018333333333333333,13.636363636363637,5426;5429;5980,5426;5429;5980
dna_repair_biased,MF,GO:0140993,histone modifying activity,0.0015135276189924517,0.014591352201849104,True,6,120,63,6000,0.05,0.0105,4.761904761904762,2138;22992;55170;84787;151636;165918,151636;165918;2138;22992;55170;84787
dna_repair_biased,MF,GO:0016251,RNA polymerase II general transcription initiation factor activity,0.0019274121092001985,0.01829558879040804,True,3,120,13,6000,0.025,0.0021666666666666666,11.53846153846154,2967;2968;728340,2967;2968;728340
dna_repair_biased,MF,GO:0019787,ubiquitin-like protein transferase activity,0.0020349166039000215,0.019023387039489595,True,9,120,142,6000,0.075,0.023666666666666666,3.1690140845070425,1643;7320;27339;51366;54778;55120;55159;151636;165918,151636;1643;165918;27339;51366;54778;55120;55159;7320
dna_repair_biased,MF,GO:0003713,transcription coactivator activity,0.0021691605038901196,0.019975701953734385,True,7,120,91,6000,0.058333333333333334,0.015166666666666667,3.8461538461538463,328;3146;4869;9112;9149;9325;10463,10463;3146;328;4869;9112;9149;9325
dna_repair_biased,MF,GO:0016755,aminoacyltransferase activity,0.002462071539898947,0.022339678531141913,True,9,120,146,6000,0.075,0.024333333333333332,3.0821917808219177,1643;7320;27339;51366;54778;55120;55159;151636;165918,151636;1643;165918;27339;51366;54778;55120;55159;7320
dna_repair_biased,MF,GO:1990841,promoter-specific chromatin binding,0.003153862993540612,0.028201934304558807,True,4,120,31,6000,0.03333333333333333,0.005166666666666667,6.451612903225806,1647;2067;2072;25836,1647;2067;2072;25836
dna_repair_biased,MF,GO:0140223,general transcription initiation factor activity,0.0036122524471382017,0.031390982533581274,True,3,120,16,6000,0.025,0.0026666666666666666,9.375,2967;2968;728340,2967;2968;728340
dna_repair_biased,MF,GO:0140296,general transcription initiation factor binding,0.0036122524471382017,0.031390982533581274,True,3,120,16,6000,0.025,0.0026666666666666666,9.375,2067;2072;10856,10856;2067;2072
dna_repair_biased,MF,GO:0140463,chromatin-protein adaptor activity,0.006037830518409968,0.05174085319248542,False,4,120,37,6000,0.03333333333333333,0.006166666666666667,5.405405405405405,2074;4683;11073;83695,11073;2074;4683;83695
dna_repair_biased,MF,GO:0061630,ubiquitin protein ligase activity,0.0068842356453770156,0.05818593689311806,False,7,120,112,6000,0.058333333333333334,0.018666666666666668,3.125,27339;51366;54778;55120;55159;151636;165918,151636;165918;27339;51366;54778;55120;55159
dna_repair_biased,MF,GO:0060090,molecular adaptor activity,0.007382156873354738,0.0615512269035118,False,14,120,339,6000,0.11666666666666667,0.0565,2.0648967551622417,2072;2074;4068;4683;4869;5706;9306;10856;11069;11073;25788;78996;83695;151636,10856;11069;11073;151636;2072;2074;25788;4068;4683;4869;5706;78996;83695;9306
dna_repair_biased,MF,GO:0030295,protein kinase activator activity,0.008708725034893984,0.07035681235874827,False,4,120,41,6000,0.03333333333333333,0.006833333333333334,4.878048780487805,2074;3146;4683;11073,11073;2074;3146;4683
dna_repair_biased,MF,GO:0046914,transition metal ion binding,0.00878034773358771,0.07035681235874827,False,14,120,346,6000,0.11666666666666667,0.057666666666666665,2.023121387283237,1108;5426;5438;7486;9325;22992;23174;27301;51366;84083;85015;126549;221120;728340,1108;126549;221120;22992;23174;27301;51366;5426;5438;728340;7486;84083;85015;9325
dna_repair_biased,MF,GO:0061659,ubiquitin-like protein ligase activity,0.008685706775489627,0.07035681235874827,False,7,120,117,6000,0.058333333333333334,0.0195,2.9914529914529915,27339;51366;54778;55120;55159;151636;165918,151636;165918;27339;51366;54778;55120;55159
dna_repair_biased,MF,GO:0043130,ubiquitin binding,0.0091039919517848,0.07201491069552848,False,3,120,22,6000,0.025,0.0036666666666666666,6.818181818181818,51366;83932;165918,165918;51366;83932
dna_repair_biased,MF,GO:0042826,histone deacetylase binding,0.009479576249161022,0.07403669045230823,False,4,120,42,6000,0.03333333333333333,0.007,4.761904761904762,1108;6421;9112;25836,1108;25836;6421;9112
dna_repair_biased,MF,GO:0019209,kinase activator activity,0.011151555286755157,0.08600637014909915,False,4,120,44,6000,0.03333333333333333,0.007333333333333333,4.545454545454546,2074;3146;4683;11073,11073;2074;3146;4683
dna_repair_biased,MF,GO:0044389,ubiquitin-like protein ligase binding,0.013409434756703973,0.10214347215909075,False,5,120,71,6000,0.041666666666666664,0.011833333333333333,3.52112676056338,4792;7320;9325;55120;151636,151636;4792;55120;7320;9325
dna_repair_biased,MF,GO:0043565,sequence-specific DNA binding,0.01369285348592497,0.10303037318067934,False,17,120,478,6000,0.14166666666666666,0.07966666666666666,1.7782426778242677,328;1408;2074;3146;4171;4869;6421;7486;8091;9112;10856;22992;23126;25988;55734;342908;388536,10856;1408;2074;22992;23126;25988;3146;328;342908;388536;4171;4869;55734;6421;7486;8091;9112
dna_repair_biased,MF,GO:0008270,zinc ion binding,0.014867440722543566,0.11047085612854557,False,11,120,261,6000,0.09166666666666666,0.0435,2.10727969348659,1108;5426;5438;9325;22992;23174;27301;51366;84083;85015;728340,1108;22992;23174;27301;51366;5426;5438;728340;84083;85015;9325
dna_repair_biased,MF,GO:0031490,chromatin DNA binding,0.015039792406479463,0.11047085612854557,False,4,120,48,6000,0.03333333333333333,0.008,4.166666666666667,328;1108;8091;10856,10856;1108;328;8091
dna_repair_biased,MF,GO:0140658,ATP-dependent chromatin remodeler activity,0.016072793960387157,0.1166695749830456,False,2,120,10,6000,0.016666666666666666,0.0016666666666666668,10.0,1108;2074,1108;2074
dna_repair_biased,MF,GO:0019887,protein kinase regulator activity,0.017592136176352243,0.12593814343424795,False,5,120,76,6000,0.041666666666666664,0.012666666666666666,3.289473684210526,2074;3146;4683;4869;11073,11073;2074;3146;4683;4869
dna_repair_biased,MF,GO:0031491,nucleosome binding,0.017757890565282937,0.12593814343424795,False,3,120,28,6000,0.025,0.004666666666666667,5.357142857142857,1108;8091;165918,1108;165918;8091
dna_repair_biased,MF,GO:0004864,protein phosphatase inhibitor activity,0.019390084552009995,0.1344233951526985,False,2,120,11,6000,0.016666666666666666,0.0018333333333333333,9.090909090909092,1408;6418,1408;6418
dna_repair_biased,MF,GO:0019212,phosphatase inhibitor activity,0.019390084552009995,0.1344233951526985,False,2,120,11,6000,0.016666666666666666,0.0018333333333333333,9.090909090909092,1408;6418,1408;6418
dna_repair_biased,MF,GO:0016746,acyltransferase activity,0.026976079888958133,0.18091566621181707,False,9,120,214,6000,0.075,0.035666666666666666,2.102803738317757,1643;7320;27339;51366;54778;55120;55159;151636;165918,151636;1643;165918;27339;51366;54778;55120;55159;7320
dna_repair_biased,MF,GO:0043531,ADP binding,0.026792625837197194,0.18091566621181707,False,2,120,13,6000,0.016666666666666666,0.0021666666666666666,7.6923076923076925,58;10856,10856;58
dna_repair_biased,MF,GO:0051059,NF-kappaB binding,0.026792625837197194,0.18091566621181707,False,2,120,13,6000,0.016666666666666666,0.0021666666666666666,7.6923076923076925,4792;4869,4792;4869
dna_repair_biased,MF,GO:0019207,kinase regulator activity,0.029627761069859468,0.19656267290433646,False,5,120,87,6000,0.041666666666666664,0.0145,2.8735632183908044,2074;3146;4683;4869;11073,11073;2074;3146;4683;4869
dna_repair_biased,MF,GO:0001530,lipopolysaccharide binding,0.0308551485076948,0.20252794286433712,False,2,120,14,6000,0.016666666666666666,0.0023333333333333335,7.142857142857142,3146;5692,3146;5692
dna_repair_biased,MF,GO:0030674,protein-macromolecule adaptor activity,0.03181999075596366,0.2066624662782061,False,11,120,293,6000,0.09166666666666666,0.04883333333333333,1.8771331058020477,2072;2074;4068;4683;5706;9306;11069;11073;25788;83695;151636,11069;11073;151636;2072;2074;25788;4068;4683;5706;83695;9306
dna_repair_biased,MF,GO:0001046,core promoter sequence-specific DNA binding,0.03514392954070408,0.22354437656303525,False,2,120,15,6000,0.016666666666666666,0.0025,6.666666666666666,4869;10856,10856;4869
dna_repair_biased,MF,GO:0004521,RNA endonuclease activity,0.03514392954070408,0.22354437656303525,False,2,120,15,6000,0.016666666666666666,0.0025,6.666666666666666,328;10535,10535;328
dna_repair_biased,MF,GO:0140096,"catalytic activity, acting on a protein",0.03564512044459006,0.22441876851338843,False,20,120,657,6000,0.16666666666666666,0.1095,1.5220700152207,1643;2138;7320;9149;9874;10039;22992;27339;30849;51366;54778;55120;55159;55170;83932;84787;84954;85015;151636;165918,10039;151636;1643;165918;2138;22992;27339;30849;51366;54778;55120;55159;55170;7320;83932;84787;84954;85015;9149;9874
dna_repair_biased,MF,GO:0032451,demethylase activity,0.03964845483978493,0.24710198622371013,False,2,120,16,6000,0.016666666666666666,0.0026666666666666666,6.25,22992;221120,221120;22992
dna_repair_biased,MF,GO:0016740,transferase activity,0.04197514901991681,0.25898666945288673,False,20,120,669,6000,0.16666666666666666,0.1115,1.4947683109118086,1643;5426;5429;5438;5980;7320;9149;9874;10039;11044;27339;30849;51366;54778;55120;55159;55170;84787;151636;165918,10039;11044;151636;1643;165918;27339;30849;51366;5426;5429;5438;54778;55120;55159;55170;5980;7320;84787;9149;9874
dna_repair_biased,MF,GO:0031492,nucleosomal DNA binding,0.05435616301807822,0.3320569562589531,False,2,120,19,6000,0.016666666666666666,0.0031666666666666666,5.2631578947368425,1108;8091,1108;8091
dna_repair_biased,MF,GO:0016922,nuclear receptor binding,0.05711157153047462,0.3454690160225769,False,3,120,44,6000,0.025,0.007333333333333333,3.409090909090909,1408;9325;10463,10463;1408;9325
dna_repair_biased,MF,GO:0140110,transcription regulator activity,0.060192285615290456,0.36056932256926416,False,17,120,570,6000,0.14166666666666666,0.095,1.4912280701754386,328;1108;3146;4869;5932;8091;9112;9149;9325;10463;10856;23126;25836;25988;55734;342908;388536,10463;10856;1108;23126;25836;25988;3146;328;342908;388536;4869;55734;5932;8091;9112;9149;9325
dna_repair_biased,MF,GO:0043539,protein serine/threonine kinase activator activity,0.06506145238298199,0.3859895780798066,False,2,120,21,6000,0.016666666666666666,0.0035,4.761904761904762,4683;11073,11073;4683
dna_repair_biased,MF,GO:0001786,phosphatidylserine binding,0.0706571984261017,0.40468093469730654,False,2,120,22,6000,0.016666666666666666,0.0036666666666666666,4.545454545454546,3146;6861,3146;6861
dna_repair_biased,MF,GO:0019843,rRNA binding,0.0706571984261017,0.40468093469730654,False,2,120,22,6000,0.016666666666666666,0.0036666666666666666,4.545454545454546,4869;29997,29997;4869
dna_repair_biased,MF,GO:0042054,histone methyltransferase activity,0.0706571984261017,0.40468093469730654,False,2,120,22,6000,0.016666666666666666,0.0036666666666666666,4.545454545454546,55170;84787,55170;84787
dna_repair_biased,MF,GO:0043169,cation binding,0.07083556069255932,0.40468093469730654,False,19,120,668,6000,0.15833333333333333,0.11133333333333334,1.4221556886227544,328;1108;1137;5426;5438;6861;7486;9325;22992;23174;27301;51366;51750;84083;84787;85015;126549;221120;728340,1108;1137;126549;221120;22992;23174;27301;328;51366;51750;5426;5438;6861;728340;7486;84083;84787;85015;9325
dna_repair_biased,MF,GO:0019888,protein phosphatase regulator activity,0.07640369414754856,0.43248696595447217,False,2,120,23,6000,0.016666666666666666,0.003833333333333333,4.3478260869565215,1408;6418,1408;6418
dna_repair_biased,MF,GO:0003725,double-stranded RNA binding,0.08229278812852872,0.4493331882770108,False,2,120,24,6000,0.016666666666666666,0.004,4.166666666666667,3146;54840,3146;54840
dna_repair_biased,MF,GO:0016706,2-oxoglutarate-dependent dioxygenase activity,0.08229278812852872,0.4493331882770108,False,2,120,24,6000,0.016666666666666666,0.004,4.166666666666667,22992;221120,221120;22992
dna_repair_biased,MF,GO:0046332,SMAD binding,0.08229278812852872,0.4493331882770108,False,2,120,24,6000,0.016666666666666666,0.004,4.166666666666667,8091;54778,54778;8091
dna_repair_biased,MF,GO:0101005,deubiquitinase activity,0.08229278812852872,0.4493331882770108,False,2,120,24,6000,0.016666666666666666,0.004,4.166666666666667,84954;85015,84954;85015
dna_repair_biased,MF,GO:0002039,p53 binding,0.08831658986426864,0.4779941749671382,False,2,120,25,6000,0.016666666666666666,0.004166666666666667,4.0,29997;55159,29997;55159
dna_repair_biased,MF,GO:0019783,ubiquitin-like protein peptidase activity,0.09446746273146321,0.5068384739592418,False,2,120,26,6000,0.016666666666666666,0.004333333333333333,3.8461538461538463,84954;85015,84954;85015
dna_repair_biased,MF,GO:0004857,enzyme inhibitor activity,0.09682992536385979,0.5150350340474266,False,5,120,122,6000,0.041666666666666664,0.02033333333333333,2.0491803278688523,1408;2072;4869;6418;151636,1408;151636;2072;4869;6418
dna_repair_biased,MF,GO:1990837,sequence-specific double-stranded DNA binding,0.10368113350687536,0.5467629006302743,False,13,120,443,6000,0.10833333333333334,0.07383333333333333,1.4672686230248306,1408;3146;4171;4869;6421;8091;9112;10856;23126;25988;55734;342908;388536,10856;1408;23126;25988;3146;342908;388536;4171;4869;55734;6421;8091;9112
dna_repair_biased,MF,GO:0019208,phosphatase regulator activity,0.10712110378771475,0.5601162799747458,False,2,120,28,6000,0.016666666666666666,0.004666666666666667,3.571428571428571,1408;6418,1408;6418
dna_repair_biased,MF,GO:0016829,lyase activity,0.10926690694844134,0.5665351393881369,False,3,120,58,6000,0.025,0.009666666666666667,2.586206896551724,1408;3146;8091,1408;3146;8091
dna_repair_biased,MF,GO:0008081,phosphoric diester hydrolase activity,0.12019743948550393,0.6078066719591293,False,2,120,30,6000,0.016666666666666666,0.005,3.333333333333333,328;27301,27301;328
dna_repair_biased,MF,GO:0030145,manganese ion binding,0.12019743948550393,0.6078066719591293,False,2,120,30,6000,0.016666666666666666,0.005,3.333333333333333,7486;126549,126549;7486
dna_repair_biased,MF,GO:0046872,metal ion binding,0.12116729441000469,0.6078066719591293,False,17,120,629,6000,0.14166666666666666,0.10483333333333333,1.3513513513513513,328;1108;5426;5438;6861;7486;9325;22992;23174;27301;51366;51750;84083;85015;126549;221120;728340,1108;126549;221120;22992;23174;27301;328;51366;51750;5426;5438;6861;728340;7486;84083;85015;9325
dna_repair_biased,MF,GO:0072341,modified amino acid binding,0.12019743948550393,0.6078066719591293,False,2,120,30,6000,0.016666666666666666,0.005,3.333333333333333,3146;6861,3146;6861
dna_repair_biased,MF,GO:0004540,RNA nuclease activity,0.1268775337267594,0.6262675064752843,False,2,120,31,6000,0.016666666666666666,0.005166666666666667,3.225806451612903,328;10535,10535;328
dna_repair_biased,MF,GO:0016798,"hydrolase activity, acting on glycosyl bonds",0.1268775337267594,0.6262675064752843,False,2,120,31,6000,0.016666666666666666,0.005166666666666667,3.225806451612903,328;8505,328;8505
dna_repair_biased,MF,GO:0044877,protein-containing complex binding,0.1302700043530606,0.6379094657606221,False,11,120,376,6000,0.09166666666666666,0.06266666666666666,1.4627659574468086,1108;1643;2073;3146;4869;7486;8091;11034;25836;165918;254394,11034;1108;1643;165918;2073;254394;25836;3146;4869;7486;8091
dna_repair_biased,MF,GO:0016772,"transferase activity, transferring phosphorus-containing groups",0.13306256522585463,0.6392112269620769,False,8,120,253,6000,0.06666666666666667,0.042166666666666665,1.5810276679841897,5426;5429;5438;5980;9149;9874;11044;30849,11044;30849;5426;5429;5438;5980;9149;9874
dna_repair_biased,MF,GO:0030234,enzyme regulator activity,0.13281597303524129,0.6392112269620769,False,12,120,420,6000,0.1,0.07,1.4285714285714286,1408;2072;2073;2074;3146;4683;4869;6418;11069;11073;84464;151636,11069;11073;1408;151636;2072;2073;2074;3146;4683;4869;6418;84464
dna_repair_biased,MF,GO:0051213,dioxygenase activity,0.13364383837618787,0.6392112269620769,False,2,120,32,6000,0.016666666666666666,0.005333333333333333,3.125,22992;221120,221120;22992
dna_repair_biased,MF,GO:0042802,identical protein binding,0.13701275133155952,0.6502835967044016,False,17,120,641,6000,0.14166666666666666,0.10683333333333334,1.3260530421216847,1647;2072;2073;4792;4869;5688;5706;5932;6091;6421;7486;10856;11073;11144;27339;29997;56262,10856;11073;11144;1647;2072;2073;27339;29997;4792;4869;56262;5688;5706;5932;6091;6421;7486
dna_repair_biased,MF,GO:0000976,transcription cis-regulatory region binding,0.14119106774309423,0.6549991638908959,False,12,120,425,6000,0.1,0.07083333333333333,1.411764705882353,1408;3146;4869;6421;8091;9112;10856;23126;25988;55734;342908;388536,10856;1408;23126;25988;3146;342908;388536;4869;55734;6421;8091;9112
dna_repair_biased,MF,GO:0001067,transcription regulatory region nucleic acid binding,0.14119106774309423,0.6549991638908959,False,12,120,425,6000,0.1,0.07083333333333333,1.411764705882353,1408;3146;4869;6421;8091;9112;10856;23126;25988;55734;342908;388536,10856;1408;23126;25988;3146;342908;388536;4869;55734;6421;8091;9112
dna_repair_biased,MF,GO:0140678,molecular function inhibitor activity,0.140038241463346,0.6549991638908959,False,6,120,176,6000,0.05,0.029333333333333333,1.7045454545454546,1408;2072;4792;4869;6418;151636,1408;151636;2072;4792;4869;6418
dna_repair_biased,MF,GO:0031625,ubiquitin protein ligase binding,0.14499314829369075,0.6676177052030389,False,3,120,66,6000,0.025,0.011,2.272727272727273,4792;7320;55120,4792;55120;7320
dna_repair_biased,MF,GO:0098772,molecular function regulator activity,0.14716286087978034,0.6725887789838849,False,19,120,738,6000,0.15833333333333333,0.123,1.2872628726287263,1408;2072;2073;2074;2968;3146;4438;4683;4792;4869;5378;5889;6418;6861;11069;11073;11144;84464;151636,11069;11073;11144;1408;151636;2072;2073;2074;2968;3146;4438;4683;4792;4869;5378;5889;6418;6861;84464
dna_repair_biased,MF,GO:0008170,N-methyltransferase activity,0.16145333431713965,0.7324757887770232,False,2,120,36,6000,0.016666666666666666,0.006,2.7777777777777777,55170;84787,55170;84787
dna_repair_biased,MF,GO:0008276,protein methyltransferase activity,0.1685640436608267,0.7585136477929693,False,2,120,37,6000,0.016666666666666666,0.006166666666666667,2.7027027027027026,55170;84787,55170;84787
dna_repair_biased,MF,GO:0042578,phosphoric ester hydrolase activity,0.1696513507219283,0.7585136477929693,False,4,120,108,6000,0.03333333333333333,0.018,1.8518518518518519,328;2138;27301;54840,2138;27301;328;54840
dna_repair_biased,MF,GO:0008047,enzyme activator activity,0.18269500153427673,0.7843285969999373,False,6,120,191,6000,0.05,0.03183333333333333,1.5706806282722514,2073;2074;3146;4683;11073;84464,11073;2073;2074;3146;4683;84464
dna_repair_biased,MF,GO:0030551,cyclic nucleotide binding,0.18305237920257855,0.7843285969999373,False,1,120,10,6000,0.008333333333333333,0.0016666666666666668,5.0,11069,11069
dna_repair_biased,MF,GO:0046915,transition metal ion transmembrane transporter activity,0.18305237920257855,0.7843285969999373,False,1,120,10,6000,0.008333333333333333,0.0016666666666666668,5.0,10463,10463
dna_repair_biased,MF,GO:0051536,iron-sulfur cluster binding,0.18305237920257855,0.7843285969999373,False,1,120,10,6000,0.008333333333333333,0.0016666666666666668,5.0,51750,51750
dna_repair_biased,MF,GO:0051540,metal cluster binding,0.18305237920257855,0.7843285969999373,False,1,120,10,6000,0.008333333333333333,0.0016666666666666668,5.0,51750,51750
dna_repair_biased,MF,GO:0141052,histone H3 demethylase activity,0.18305237920257855,0.7843285969999373,False,1,120,10,6000,0.008333333333333333,0.0016666666666666668,5.0,22992,22992
dna_repair_biased,MF,GO:0046983,protein dimerization activity,0.1919104134597965,0.8166118972737547,False,9,120,321,6000,0.075,0.0535,1.4018691588785046,1647;2073;4869;6421;6861;7486;10856;56160;92815,10856;1647;2073;4869;56160;6421;6861;7486;92815
dna_repair_biased,MF,GO:0000295,adenine nucleotide transmembrane transporter activity,0.1994186086676354,0.8202752103195402,False,1,120,11,6000,0.008333333333333333,0.0018333333333333333,4.545454545454546,56262,56262
dna_repair_biased,MF,GO:0016763,pentosyltransferase activity,0.1994186086676354,0.8202752103195402,False,1,120,11,6000,0.008333333333333333,0.0018333333333333333,4.545454545454546,10039,10039
dna_repair_biased,MF,GO:0030331,nuclear estrogen receptor binding,0.1994186086676354,0.8202752103195402,False,1,120,11,6000,0.008333333333333333,0.0018333333333333333,4.545454545454546,9325,9325
dna_repair_biased,MF,GO:0032452,histone demethylase activity,0.1994186086676354,0.8202752103195402,False,1,120,11,6000,0.008333333333333333,0.0018333333333333333,4.545454545454546,22992,22992
dna_repair_biased,MF,GO:0140457,protein demethylase activity,0.1994186086676354,0.8202752103195402,False,1,120,11,6000,0.008333333333333333,0.0018333333333333333,4.545454545454546,22992,22992
dna_repair_biased,MF,GO:0003899,DNA-directed RNA polymerase activity,0.2154596450610039,0.8413835506496166,False,1,120,12,6000,0.008333333333333333,0.002,4.166666666666667,5438,5438
dna_repair_biased,MF,GO:0005346,purine ribonucleotide transmembrane transporter activity,0.2154596450610039,0.8413835506496166,False,1,120,12,6000,0.008333333333333333,0.002,4.166666666666667,56262,56262
dna_repair_biased,MF,GO:0015216,purine nucleotide transmembrane transporter activity,0.2154596450610039,0.8413835506496166,False,1,120,12,6000,0.008333333333333333,0.002,4.166666666666667,56262,56262
dna_repair_biased,MF,GO:0030276,clathrin binding,0.2154596450610039,0.8413835506496166,False,1,120,12,6000,0.008333333333333333,0.002,4.166666666666667,6861,6861
dna_repair_biased,MF,GO:0030296,protein tyrosine kinase activator activity,0.2154596450610039,0.8413835506496166,False,1,120,12,6000,0.008333333333333333,0.002,4.166666666666667,2074,2074
dna_repair_biased,MF,GO:0034062,5'-3' RNA polymerase activity,0.2154596450610039,0.8413835506496166,False,1,120,12,6000,0.008333333333333333,0.002,4.166666666666667,5438,5438
dna_repair_biased,MF,GO:0097747,RNA polymerase activity,0.2154596450610039,0.8413835506496166,False,1,120,12,6000,0.008333333333333333,0.002,4.166666666666667,5438,5438
dna_repair_biased,MF,GO:1904315,transmitter-gated monoatomic ion channel activity involved in regulation of postsynaptic membrane potential,0.2154596450610039,0.8413835506496166,False,1,120,12,6000,0.008333333333333333,0.002,4.166666666666667,1137,1137
dna_repair_biased,MF,GO:0140828,metal cation:monoatomic cation antiporter activity,0.23118189666298758,0.8971020769878197,False,1,120,13,6000,0.008333333333333333,0.0021666666666666666,3.8461538461538463,10463,10463
dna_repair_biased,MF,GO:0042803,protein homodimerization activity,0.23315383780843058,0.8990994870487604,False,6,120,207,6000,0.05,0.0345,1.4492753623188406,1647;2073;4869;6421;7486;10856,10856;1647;2073;4869;6421;7486
dna_repair_biased,MF,GO:0015215,nucleotide transmembrane transporter activity,0.24659164652108712,0.9221033085061258,False,1,120,14,6000,0.008333333333333333,0.0023333333333333335,3.571428571428571,56262,56262
dna_repair_biased,MF,GO:0022824,transmitter-gated monoatomic ion channel activity,0.24659164652108712,0.9221033085061258,False,1,120,14,6000,0.008333333333333333,0.0023333333333333335,3.571428571428571,1137,1137
dna_repair_biased,MF,GO:0022835,transmitter-gated channel activity,0.24659164652108712,0.9221033085061258,False,1,120,14,6000,0.008333333333333333,0.0023333333333333335,3.571428571428571,1137,1137
dna_repair_biased,MF,GO:0071949,FAD binding,0.24659164652108712,0.9221033085061258,False,1,120,14,6000,0.008333333333333333,0.0023333333333333335,3.571428571428571,1408,1408
dna_repair_biased,MF,GO:0140938,histone H3 methyltransferase activity,0.24659164652108712,0.9221033085061258,False,1,120,14,6000,0.008333333333333333,0.0023333333333333335,3.571428571428571,55170,55170
dna_repair_biased,MF,GO:0004712,protein serine/threonine/tyrosine kinase activity,0.2616950548768287,0.9568334750248533,False,1,120,15,6000,0.008333333333333333,0.0025,3.333333333333333,9149,9149
dna_repair_biased,MF,GO:0019956,chemokine binding,0.2616950548768287,0.9568334750248533,False,1,120,15,6000,0.008333333333333333,0.0025,3.333333333333333,3146,3146
dna_repair_biased,MF,GO:0140098,"catalytic activity, acting on RNA",0.2620824267085903,0.9568334750248533,False,4,120,130,6000,0.03333333333333333,0.021666666666666667,1.5384615384615383,328;5438;10535;221120,10535;221120;328;5438
dna_repair_biased,MF,GO:0140416,transcription regulator inhibitor activity,0.2616950548768287,0.9568334750248533,False,1,120,15,6000,0.008333333333333333,0.0025,3.333333333333333,4792,4792
dna_repair_biased,MF,GO:0000049,tRNA binding,1.0,1.0,False,0,120,19,6000,0.0,0.0031666666666666666,0.0,,
dna_repair_biased,MF,GO:0000149,SNARE binding,0.46627310055397503,1.0,False,1,120,31,6000,0.008333333333333333,0.005166666666666667,1.6129032258064515,6861,6861
dna_repair_biased,MF,GO:0000287,magnesium ion binding,0.279119937593171,1.0,False,2,120,52,6000,0.016666666666666666,0.008666666666666666,1.9230769230769231,7486;126549,126549;7486
dna_repair_biased,MF,GO:0000977,RNA polymerase II transcription regulatory region sequence-specific DNA binding,0.797712889361932,1.0,False,6,120,388,6000,0.05,0.06466666666666666,0.7731958762886598,8091;9112;10856;25988;342908;388536,10856;25988;342908;388536;8091;9112
dna_repair_biased,MF,GO:0000978,RNA polymerase II cis-regulatory region sequence-specific DNA binding,0.8106652280432851,1.0,False,5,120,336,6000,0.041666666666666664,0.056,0.744047619047619,8091;9112;10856;25988;388536,10856;25988;388536;8091;9112
dna_repair_biased,MF,GO:0000981,"DNA-binding transcription factor activity, RNA polymerase II-specific",0.9857195264248741,1.0,False,3,120,385,6000,0.025,0.06416666666666666,0.38961038961038963,25988;342908;388536,25988;342908;388536
dna_repair_biased,MF,GO:0000987,cis-regulatory region sequence-specific DNA binding,0.8147592056550023,1.0,False,5,120,338,6000,0.041666666666666664,0.05633333333333333,0.7396449704142012,8091;9112;10856;25988;388536,10856;25988;388536;8091;9112
dna_repair_biased,MF,GO:0001216,DNA-binding transcription activator activity,0.9236716036031679,1.0,False,1,120,126,6000,0.008333333333333333,0.021,0.3968253968253968,25988,25988
dna_repair_biased,MF,GO:0001217,DNA-binding transcription repressor activity,0.8494643982192128,1.0,False,1,120,93,6000,0.008333333333333333,0.0155,0.5376344086021505,25988,25988
dna_repair_biased,MF,GO:0001221,transcription coregulator binding,0.49782540333012903,1.0,False,1,120,34,6000,0.008333333333333333,0.005666666666666667,1.4705882352941175,1108,1108
dna_repair_biased,MF,GO:0001223,transcription coactivator binding,1.0,1.0,False,0,120,14,6000,0.0,0.0023333333333333335,0.0,,
dna_repair_biased,MF,GO:0001227,"DNA-binding transcription repressor activity, RNA polymerase II-specific",0.8399076628600162,1.0,False,1,120,90,6000,0.008333333333333333,0.015,0.5555555555555556,25988,25988
dna_repair_biased,MF,GO:0001228,"DNA-binding transcription activator activity, RNA polymerase II-specific",0.9204555866695596,1.0,False,1,120,124,6000,0.008333333333333333,0.020666666666666667,0.4032258064516129,25988,25988
dna_repair_biased,MF,GO:0001540,amyloid-beta binding,1.0,1.0,False,0,120,27,6000,0.0,0.0045,0.0,,
dna_repair_biased,MF,GO:0001637,G protein-coupled chemoattractant receptor activity,1.0,1.0,False,0,120,13,6000,0.0,0.0021666666666666666,0.0,,
dna_repair_biased,MF,GO:0001653,peptide receptor activity,1.0,1.0,False,0,120,39,6000,0.0,0.0065,0.0,,
dna_repair_biased,MF,GO:0001664,G protein-coupled receptor binding,1.0,1.0,False,0,120,102,6000,0.0,0.017,0.0,,
dna_repair_biased,MF,GO:0001727,lipid kinase activity,1.0,1.0,False,0,120,10,6000,0.0,0.0016666666666666668,0.0,,
dna_repair_biased,MF,GO:0001784,phosphotyrosine residue binding,1.0,1.0,False,0,120,22,6000,0.0,0.0036666666666666666,0.0,,
dna_repair_biased,MF,GO:0001968,fibronectin binding,1.0,1.0,False,0,120,10,6000,0.0,0.0016666666666666668,0.0,,
dna_repair_biased,MF,GO:0002020,protease binding,0.5370351507111182,1.0,False,1,120,38,6000,0.008333333333333333,0.006333333333333333,1.3157894736842106,9325,9325
dna_repair_biased,MF,GO:0003700,DNA-binding transcription factor activity,0.9257027733006541,1.0,False,5,120,415,6000,0.041666666666666664,0.06916666666666667,0.6024096385542168,23126;25988;55734;342908;388536,23126;25988;342908;388536;55734
dna_repair_biased,MF,GO:0003723,RNA binding,0.3153799649374072,1.0,False,11,120,461,6000,0.09166666666666666,0.07683333333333334,1.193058568329718,328;1763;3146;4869;6421;10535;29890;29997;51366;54840;64859,10535;1763;29890;29997;3146;328;4869;51366;54840;6421;64859
dna_repair_biased,MF,GO:0003724,RNA helicase activity,1.0,1.0,False,0,120,21,6000,0.0,0.0035,0.0,,
dna_repair_biased,MF,GO:0003727,single-stranded RNA binding,0.3052270409204303,1.0,False,1,120,18,6000,0.008333333333333333,0.003,2.7777777777777777,3146,3146
dna_repair_biased,MF,GO:0003729,mRNA binding,0.8669130693071259,1.0,False,1,120,99,6000,0.008333333333333333,0.0165,0.505050505050505,29890,29890
dna_repair_biased,MF,GO:0003730,mRNA 3'-UTR binding,1.0,1.0,False,0,120,40,6000,0.0,0.006666666666666667,0.0,,
dna_repair_biased,MF,GO:0003735,structural constituent of ribosome,1.0,1.0,False,0,120,49,6000,0.0,0.008166666666666666,0.0,,
dna_repair_biased,MF,GO:0003743,translation initiation factor activity,1.0,1.0,False,0,120,19,6000,0.0,0.0031666666666666666,0.0,,
dna_repair_biased,MF,GO:0003774,cytoskeletal motor activity,1.0,1.0,False,0,120,32,6000,0.0,0.005333333333333333,0.0,,
dna_repair_biased,MF,GO:0003777,microtubule motor activity,1.0,1.0,False,0,120,22,6000,0.0,0.0036666666666666666,0.0,,
dna_repair_biased,MF,GO:0003779,actin binding,0.8494643982192128,1.0,False,1,120,93,6000,0.008333333333333333,0.0155,0.5376344086021505,11034,11034
dna_repair_biased,MF,GO:0003823,antigen binding,1.0,1.0,False,0,120,25,6000,0.0,0.004166666666666667,0.0,,
dna_repair_biased,MF,GO:0003924,GTPase activity,1.0,1.0,False,0,120,102,6000,0.0,0.017,0.0,,
dna_repair_biased,MF,GO:0003925,G protein activity,1.0,1.0,False,0,120,42,6000,0.0,0.007,0.0,,
dna_repair_biased,MF,GO:0003954,NADH dehydrogenase activity,1.0,1.0,False,0,120,12,6000,0.0,0.002,0.0,,
dna_repair_biased,MF,GO:0004112,cyclic-nucleotide phosphodiesterase activity,1.0,1.0,False,0,120,10,6000,0.0,0.0016666666666666668,0.0,,
dna_repair_biased,MF,GO:0004175,endopeptidase activity,0.8870954523667359,1.0,False,1,120,107,6000,0.008333333333333333,0.017833333333333333,0.4672897196261682,83932,83932
dna_repair_biased,MF,GO:0004180,carboxypeptidase activity,1.0,1.0,False,0,120,18,6000,0.0,0.003,0.0,,
dna_repair_biased,MF,GO:0004181,metallocarboxypeptidase activity,1.0,1.0,False,0,120,15,6000,0.0,0.0025,0.0,,
dna_repair_biased,MF,GO:0004197,cysteine-type endopeptidase activity,1.0,1.0,False,0,120,24,6000,0.0,0.004,0.0,,
dna_repair_biased,MF,GO:0004222,metalloendopeptidase activity,0.4770030767532584,1.0,False,1,120,32,6000,0.008333333333333333,0.005333333333333333,1.5625,83932,83932
dna_repair_biased,MF,GO:0004252,serine-type endopeptidase activity,1.0,1.0,False,0,120,40,6000,0.0,0.006666666666666667,0.0,,
dna_repair_biased,MF,GO:0004364,glutathione transferase activity,1.0,1.0,False,0,120,11,6000,0.0,0.0018333333333333333,0.0,,
dna_repair_biased,MF,GO:0004402,histone acetyltransferase activity,1.0,1.0,False,0,120,10,6000,0.0,0.0016666666666666668,0.0,,
dna_repair_biased,MF,GO:0004497,monooxygenase activity,1.0,1.0,False,0,120,33,6000,0.0,0.0055,0.0,,
dna_repair_biased,MF,GO:0004532,RNA exonuclease activity,1.0,1.0,False,0,120,10,6000,0.0,0.0016666666666666668,0.0,,
dna_repair_biased,MF,GO:0004553,"hydrolase activity, hydrolyzing O-glycosyl compounds",0.4441539425635324,1.0,False,1,120,29,6000,0.008333333333333333,0.004833333333333334,1.7241379310344827,8505,8505
dna_repair_biased,MF,GO:0004601,peroxidase activity,1.0,1.0,False,0,120,19,6000,0.0,0.0031666666666666666,0.0,,
dna_repair_biased,MF,GO:0004620,glycerophospholipase activity,1.0,1.0,False,0,120,41,6000,0.0,0.006833333333333334,0.0,,
dna_repair_biased,MF,GO:0004623,A2-type glycerophospholipase activity,1.0,1.0,False,0,120,10,6000,0.0,0.0016666666666666668,0.0,,
dna_repair_biased,MF,GO:0004629,C-type glycerophospholipase activity,1.0,1.0,False,0,120,11,6000,0.0,0.0018333333333333333,0.0,,
dna_repair_biased,MF,GO:0004672,protein kinase activity,0.6629089463681099,1.0,False,3,120,169,6000,0.025,0.028166666666666666,0.8875739644970415,9149;9874;30849,30849;9149;9874
dna_repair_biased,MF,GO:0004674,protein serine/threonine kinase activity,0.4847033205397823,1.0,False,3,120,130,6000,0.025,0.021666666666666667,1.153846153846154,9149;9874;30849,30849;9149;9874
dna_repair_biased,MF,GO:0004713,protein tyrosine kinase activity,0.5463534636790258,1.0,False,1,120,39,6000,0.008333333333333333,0.0065,1.2820512820512822,9149,9149
dna_repair_biased,MF,GO:0004714,transmembrane receptor protein tyrosine kinase activity,1.0,1.0,False,0,120,17,6000,0.0,0.0028333333333333335,0.0,,
dna_repair_biased,MF,GO:0004715,non-membrane spanning protein tyrosine kinase activity,1.0,1.0,False,0,120,12,6000,0.0,0.002,0.0,,
dna_repair_biased,MF,GO:0004721,phosphoprotein phosphatase activity,0.6298898327348624,1.0,False,1,120,49,6000,0.008333333333333333,0.008166666666666666,1.0204081632653061,2138,2138
dna_repair_biased,MF,GO:0004722,protein serine/threonine phosphatase activity,0.42112605589102525,1.0,False,1,120,27,6000,0.008333333333333333,0.0045,1.8518518518518519,2138,2138
dna_repair_biased,MF,GO:0004725,protein tyrosine phosphatase activity,0.397152433406183,1.0,False,1,120,25,6000,0.008333333333333333,0.004166666666666667,2.0,2138,2138
dna_repair_biased,MF,GO:0004806,triacylglycerol lipase activity,1.0,1.0,False,0,120,10,6000,0.0,0.0016666666666666668,0.0,,
dna_repair_biased,MF,GO:0004812,aminoacyl-tRNA ligase activity,1.0,1.0,False,0,120,12,6000,0.0,0.002,0.0,,
dna_repair_biased,MF,GO:0004843,cysteine-type deubiquitinase activity,0.3328242822494307,1.0,False,1,120,20,6000,0.008333333333333333,0.0033333333333333335,2.5,85015,85015
dna_repair_biased,MF,GO:0004860,protein kinase inhibitor activity,0.40925983223317164,1.0,False,1,120,26,6000,0.008333333333333333,0.004333333333333333,1.9230769230769231,4869,4869
dna_repair_biased,MF,GO:0004866,endopeptidase inhibitor activity,1.0,1.0,False,0,120,45,6000,0.0,0.0075,0.0,,
dna_repair_biased,MF,GO:0004867,serine-type endopeptidase inhibitor activity,1.0,1.0,False,0,120,21,6000,0.0,0.0035,0.0,,
dna_repair_biased,MF,GO:0004869,cysteine-type endopeptidase inhibitor activity,1.0,1.0,False,0,120,12,6000,0.0,0.002,0.0,,
dna_repair_biased,MF,GO:0004879,nuclear receptor activity,1.0,1.0,False,0,120,19,6000,0.0,0.0031666666666666666,0.0,,
dna_repair_biased,MF,GO:0004888,transmembrane signaling receptor activity,0.9888993838837178,1.0,False,3,120,400,6000,0.025,0.06666666666666667,0.375,1137;6091;219875,1137;219875;6091
dna_repair_biased,MF,GO:0004896,cytokine receptor activity,1.0,1.0,False,0,120,37,6000,0.0,0.006166666666666667,0.0,,
dna_repair_biased,MF,GO:0004930,G protein-coupled receptor activity,0.9955414674938909,1.0,False,1,120,262,6000,0.008333333333333333,0.043666666666666666,0.19083969465648856,219875,219875
dna_repair_biased,MF,GO:0004950,chemokine receptor activity,1.0,1.0,False,0,120,13,6000,0.0,0.0021666666666666666,0.0,,
dna_repair_biased,MF,GO:0004984,olfactory receptor activity,0.9220800471187858,1.0,False,1,120,125,6000,0.008333333333333333,0.020833333333333332,0.4,219875,219875
dna_repair_biased,MF,GO:0005044,scavenger receptor activity,1.0,1.0,False,0,120,11,6000,0.0,0.0018333333333333333,0.0,,
dna_repair_biased,MF,GO:0005080,protein kinase C binding,1.0,1.0,False,0,120,13,6000,0.0,0.0021666666666666666,0.0,,
dna_repair_biased,MF,GO:0005085,guanyl-nucleotide exchange factor activity,0.7274354142638543,1.0,False,1,120,64,6000,0.008333333333333333,0.010666666666666666,0.78125,11069,11069
dna_repair_biased,MF,GO:0005096,GTPase activator activity,1.0,1.0,False,0,120,74,6000,0.0,0.012333333333333333,0.0,,
dna_repair_biased,MF,GO:0005102,signaling receptor binding,0.9987299986596301,1.0,False,2,120,430,6000,0.016666666666666666,0.07166666666666667,0.23255813953488372,3146;26033,26033;3146
dna_repair_biased,MF,GO:0005104,fibroblast growth factor receptor binding,1.0,1.0,False,0,120,13,6000,0.0,0.0021666666666666666,0.0,,
dna_repair_biased,MF,GO:0005109,frizzled binding,1.0,1.0,False,0,120,14,6000,0.0,0.0023333333333333335,0.0,,
dna_repair_biased,MF,GO:0005125,cytokine activity,0.777819223557416,1.0,False,1,120,74,6000,0.008333333333333333,0.012333333333333333,0.6756756756756757,3146,3146
dna_repair_biased,MF,GO:0005126,cytokine receptor binding,1.0,1.0,False,0,120,95,6000,0.0,0.015833333333333335,0.0,,
dna_repair_biased,MF,GO:0005154,epidermal growth factor receptor binding,1.0,1.0,False,0,120,17,6000,0.0,0.0028333333333333335,0.0,,
dna_repair_biased,MF,GO:0005160,transforming growth factor beta receptor binding,1.0,1.0,False,0,120,11,6000,0.0,0.0018333333333333333,0.0,,
dna_repair_biased,MF,GO:0005164,tumor necrosis factor receptor binding,1.0,1.0,False,0,120,12,6000,0.0,0.002,0.0,,
dna_repair_biased,MF,GO:0005178,integrin binding,0.5554857542944451,1.0,False,1,120,40,6000,0.008333333333333333,0.006666666666666667,1.25,3146,3146
dna_repair_biased,MF,GO:0005179,hormone activity,1.0,1.0,False,0,120,45,6000,0.0,0.0075,0.0,,
dna_repair_biased,MF,GO:0005184,neuropeptide hormone activity,1.0,1.0,False,0,120,11,6000,0.0,0.0018333333333333333,0.0,,
dna_repair_biased,MF,GO:0005198,structural molecule activity,0.7408894662517787,1.0,False,4,120,249,6000,0.03333333333333333,0.0415,0.8032128514056225,58;5688;5692;92815,5688;5692;58;92815
dna_repair_biased,MF,GO:0005200,structural constituent of cytoskeleton,0.5818029618000387,1.0,False,1,120,43,6000,0.008333333333333333,0.007166666666666667,1.1627906976744187,58,58
dna_repair_biased,MF,GO:0005201,extracellular matrix structural constituent,1.0,1.0,False,0,120,53,6000,0.0,0.008833333333333334,0.0,,
dna_repair_biased,MF,GO:0005215,transporter activity,0.983955410348895,1.0,False,3,120,378,6000,0.025,0.063,0.39682539682539686,1137;10463;56262,10463;1137;56262
dna_repair_biased,MF,GO:0005216,monoatomic ion channel activity,0.7390871928009424,1.0,False,2,120,130,6000,0.016666666666666666,0.021666666666666667,0.7692307692307692,1137;56262,1137;56262
dna_repair_biased,MF,GO:0005230,extracellular ligand-gated monoatomic ion channel activity,0.3052270409204303,1.0,False,1,120,18,6000,0.008333333333333333,0.003,2.7777777777777777,1137,1137
dna_repair_biased,MF,GO:0005242,inward rectifier potassium channel activity,1.0,1.0,False,0,120,12,6000,0.0,0.002,0.0,,
dna_repair_biased,MF,GO:0005243,gap junction channel activity,1.0,1.0,False,0,120,10,6000,0.0,0.0016666666666666668,0.0,,
dna_repair_biased,MF,GO:0005244,voltage-gated monoatomic ion channel activity,1.0,1.0,False,0,120,60,6000,0.0,0.01,0.0,,
dna_repair_biased,MF,GO:0005245,voltage-gated calcium channel activity,1.0,1.0,False,0,120,14,6000,0.0,0.0023333333333333335,0.0,,
dna_repair_biased,MF,GO:0005246,calcium channel regulator activity,1.0,1.0,False,0,120,19,6000,0.0,0.0031666666666666666,0.0,,
dna_repair_biased,MF,GO:0005249,voltage-gated potassium channel activity,1.0,1.0,False,0,120,30,6000,0.0,0.005,0.0,,
dna_repair_biased,MF,GO:0005253,monoatomic anion channel activity,0.42112605589102525,1.0,False,1,120,27,6000,0.008333333333333333,0.0045,1.8518518518518519,56262,56262
dna_repair_biased,MF,GO:0005254,chloride channel activity,1.0,1.0,False,0,120,17,6000,0.0,0.0028333333333333335,0.0,,
dna_repair_biased,MF,GO:0005261,monoatomic cation channel activity,0.8799099852513991,1.0,False,1,120,104,6000,0.008333333333333333,0.017333333333333333,0.4807692307692308,1137,1137
dna_repair_biased,MF,GO:0005262,calcium channel activity,1.0,1.0,False,0,120,41,6000,0.0,0.006833333333333334,0.0,,
dna_repair_biased,MF,GO:0005267,potassium channel activity,1.0,1.0,False,0,120,36,6000,0.0,0.006,0.0,,
dna_repair_biased,MF,GO:0005272,sodium channel activity,1.0,1.0,False,0,120,14,6000,0.0,0.0023333333333333335,0.0,,
dna_repair_biased,MF,GO:0005310,dicarboxylic acid transmembrane transporter activity,1.0,1.0,False,0,120,17,6000,0.0,0.0028333333333333335,0.0,,
dna_repair_biased,MF,GO:0005319,lipid carrier activity,1.0,1.0,False,0,120,41,6000,0.0,0.006833333333333334,0.0,,
dna_repair_biased,MF,GO:0005452,solute:inorganic anion antiporter activity,1.0,1.0,False,0,120,12,6000,0.0,0.002,0.0,,
dna_repair_biased,MF,GO:0005484,SNAP receptor activity,1.0,1.0,False,0,120,10,6000,0.0,0.0016666666666666668,0.0,,
dna_repair_biased,MF,GO:0005496,steroid binding,1.0,1.0,False,0,120,32,6000,0.0,0.005333333333333333,0.0,,
dna_repair_biased,MF,GO:0005501,retinoid binding,1.0,1.0,False,0,120,10,6000,0.0,0.0016666666666666668,0.0,,
dna_repair_biased,MF,GO:0005504,fatty acid binding,1.0,1.0,False,0,120,13,6000,0.0,0.0021666666666666666,0.0,,
dna_repair_biased,MF,GO:0005506,iron ion binding,0.6065742923968529,1.0,False,1,120,46,6000,0.008333333333333333,0.007666666666666666,1.0869565217391304,221120,221120
dna_repair_biased,MF,GO:0005507,copper ion binding,1.0,1.0,False,0,120,11,6000,0.0,0.0018333333333333333,0.0,,
dna_repair_biased,MF,GO:0005509,calcium ion binding,0.9866870020239316,1.0,False,1,120,210,6000,0.008333333333333333,0.035,0.23809523809523808,6861,6861
dna_repair_biased,MF,GO:0005516,calmodulin binding,1.0,1.0,False,0,120,40,6000,0.0,0.006666666666666667,0.0,,
dna_repair_biased,MF,GO:0005518,collagen binding,1.0,1.0,False,0,120,19,6000,0.0,0.0031666666666666666,0.0,,
dna_repair_biased,MF,GO:0005525,GTP binding,1.0,1.0,False,0,120,96,6000,0.0,0.016,0.0,,
dna_repair_biased,MF,GO:0005539,glycosaminoglycan binding,1.0,1.0,False,0,120,50,6000,0.0,0.008333333333333333,0.0,,
dna_repair_biased,MF,GO:0005540,hyaluronic acid binding,1.0,1.0,False,0,120,11,6000,0.0,0.0018333333333333333,0.0,,
dna_repair_biased,MF,GO:0005543,phospholipid binding,0.731210685006952,1.0,False,2,120,128,6000,0.016666666666666666,0.021333333333333333,0.78125,3146;6861,3146;6861
dna_repair_biased,MF,GO:0005544,calcium-dependent phospholipid binding,0.3191643119150053,1.0,False,1,120,19,6000,0.008333333333333333,0.0031666666666666666,2.6315789473684212,6861,6861
dna_repair_biased,MF,GO:0005546,"phosphatidylinositol-4,5-bisphosphate binding",0.3847989996645063,1.0,False,1,120,24,6000,0.008333333333333333,0.004,2.0833333333333335,6861,6861
dna_repair_biased,MF,GO:0005547,"phosphatidylinositol-3,4,5-trisphosphate binding",1.0,1.0,False,0,120,10,6000,0.0,0.0016666666666666668,0.0,,
dna_repair_biased,MF,GO:0005549,odorant binding,1.0,1.0,False,0,120,10,6000,0.0,0.0016666666666666668,0.0,,
dna_repair_biased,MF,GO:0008009,chemokine activity,1.0,1.0,False,0,120,17,6000,0.0,0.0028333333333333335,0.0,,
dna_repair_biased,MF,GO:0008013,beta-catenin binding,0.3721945741838406,1.0,False,1,120,23,6000,0.008333333333333333,0.003833333333333333,2.1739130434782608,10856,10856
dna_repair_biased,MF,GO:0008017,microtubule binding,1.0,1.0,False,0,120,87,6000,0.0,0.0145,0.0,,
dna_repair_biased,MF,GO:0008028,monocarboxylic acid transmembrane transporter activity,1.0,1.0,False,0,120,19,6000,0.0,0.0031666666666666666,0.0,,
dna_repair_biased,MF,GO:0008080,N-acetyltransferase activity,1.0,1.0,False,0,120,19,6000,0.0,0.0031666666666666666,0.0,,
dna_repair_biased,MF,GO:0008083,growth factor activity,1.0,1.0,False,0,120,50,6000,0.0,0.008333333333333333,0.0,,
dna_repair_biased,MF,GO:0008092,cytoskeletal protein binding,0.9766792321106643,1.0,False,2,120,275,6000,0.016666666666666666,0.04583333333333333,0.36363636363636365,58;11034,11034;58
dna_repair_biased,MF,GO:0008093,cytoskeletal adaptor activity,1.0,1.0,False,0,120,12,6000,0.0,0.002,0.0,,
dna_repair_biased,MF,GO:0008106,alcohol dehydrogenase (NADP+) activity,1.0,1.0,False,0,120,14,6000,0.0,0.0023333333333333335,0.0,,
dna_repair_biased,MF,GO:0008137,NADH dehydrogenase (ubiquinone) activity,1.0,1.0,False,0,120,12,6000,0.0,0.002,0.0,,
dna_repair_biased,MF,GO:0008146,sulfotransferase activity,1.0,1.0,False,0,120,13,6000,0.0,0.0021666666666666666,0.0,,
dna_repair_biased,MF,GO:0008157,protein phosphatase 1 binding,1.0,1.0,False,0,120,13,6000,0.0,0.0021666666666666666,0.0,,
dna_repair_biased,MF,GO:0008168,methyltransferase activity,0.45166262380092165,1.0,False,2,120,76,6000,0.016666666666666666,0.012666666666666666,1.3157894736842106,55170;84787,55170;84787
dna_repair_biased,MF,GO:0008171,O-methyltransferase activity,1.0,1.0,False,0,120,10,6000,0.0,0.0016666666666666668,0.0,,
dna_repair_biased,MF,GO:0008173,RNA methyltransferase activity,1.0,1.0,False,0,120,32,6000,0.0,0.005333333333333333,0.0,,
dna_repair_biased,MF,GO:0008175,tRNA methyltransferase activity,1.0,1.0,False,0,120,11,6000,0.0,0.0018333333333333333,0.0,,
dna_repair_biased,MF,GO:0008186,"ATP-dependent activity, acting on RNA",1.0,1.0,False,0,120,21,6000,0.0,0.0035,0.0,,
dna_repair_biased,MF,GO:0008188,neuropeptide receptor activity,1.0,1.0,False,0,120,15,6000,0.0,0.0025,0.0,,
dna_repair_biased,MF,GO:0008194,UDP-glycosyltransferase activity,1.0,1.0,False,0,120,43,6000,0.0,0.007166666666666667,0.0,,
dna_repair_biased,MF,GO:0008200,ion channel inhibitor activity,1.0,1.0,False,0,120,17,6000,0.0,0.0028333333333333335,0.0,,
dna_repair_biased,MF,GO:0008201,heparin binding,1.0,1.0,False,0,120,34,6000,0.0,0.005666666666666667,0.0,,
dna_repair_biased,MF,GO:0008227,G protein-coupled amine receptor activity,1.0,1.0,False,0,120,10,6000,0.0,0.0016666666666666668,0.0,,
dna_repair_biased,MF,GO:0008233,peptidase activity,0.6130928976874555,1.0,False,3,120,157,6000,0.025,0.026166666666666668,0.9554140127388535,83932;84954;85015,83932;84954;85015
dna_repair_biased,MF,GO:0008234,cysteine-type peptidase activity,0.5644357055502625,1.0,False,1,120,41,6000,0.008333333333333333,0.006833333333333334,1.2195121951219512,85015,85015
dna_repair_biased,MF,GO:0008235,metalloexopeptidase activity,1.0,1.0,False,0,120,24,6000,0.0,0.004,0.0,,
dna_repair_biased,MF,GO:0008236,serine-type peptidase activity,1.0,1.0,False,0,120,43,6000,0.0,0.007166666666666667,0.0,,
dna_repair_biased,MF,GO:0008237,metallopeptidase activity,0.3088921479288008,1.0,False,2,120,56,6000,0.016666666666666666,0.009333333333333334,1.7857142857142856,83932;84954,83932;84954
dna_repair_biased,MF,GO:0008238,exopeptidase activity,1.0,1.0,False,0,120,31,6000,0.0,0.005166666666666667,0.0,,
dna_repair_biased,MF,GO:0008289,lipid binding,0.8300104037368834,1.0,False,3,120,223,6000,0.025,0.03716666666666667,0.672645739910314,3146;5692;6861,3146;5692;6861
dna_repair_biased,MF,GO:0008307,structural constituent of muscle,1.0,1.0,False,0,120,10,6000,0.0,0.0016666666666666668,0.0,,
dna_repair_biased,MF,GO:0008324,monoatomic cation transmembrane transporter activity,0.9128124709237482,1.0,False,2,120,199,6000,0.016666666666666666,0.033166666666666664,0.5025125628140704,1137;10463,10463;1137
dna_repair_biased,MF,GO:0008376,acetylgalactosaminyltransferase activity,1.0,1.0,False,0,120,11,6000,0.0,0.0018333333333333333,0.0,,
dna_repair_biased,MF,GO:0008378,galactosyltransferase activity,1.0,1.0,False,0,120,13,6000,0.0,0.0021666666666666666,0.0,,
dna_repair_biased,MF,GO:0008509,monoatomic anion transmembrane transporter activity,0.5644357055502625,1.0,False,1,120,41,6000,0.008333333333333333,0.006833333333333334,1.2195121951219512,56262,56262
dna_repair_biased,MF,GO:0008527,taste receptor activity,1.0,1.0,False,0,120,12,6000,0.0,0.002,0.0,,
dna_repair_biased,MF,GO:0008528,G protein-coupled peptide receptor activity,1.0,1.0,False,0,120,38,6000,0.0,0.006333333333333333,0.0,,
dna_repair_biased,MF,GO:0008649,rRNA methyltransferase activity,1.0,1.0,False,0,120,14,6000,0.0,0.0023333333333333335,0.0,,
dna_repair_biased,MF,GO:0008757,S-adenosylmethionine-dependent methyltransferase activity,0.3747912063033416,1.0,False,2,120,65,6000,0.016666666666666666,0.010833333333333334,1.5384615384615383,55170;84787,55170;84787
dna_repair_biased,MF,GO:0008970,glycerophospholipid phospholipase A1 activity,1.0,1.0,False,0,120,10,6000,0.0,0.0016666666666666668,0.0,,
dna_repair_biased,MF,GO:0009055,electron transfer activity,1.0,1.0,False,0,120,32,6000,0.0,0.005333333333333333,0.0,,
dna_repair_biased,MF,GO:0010314,phosphatidylinositol-5-phosphate binding,1.0,1.0,False,0,120,10,6000,0.0,0.0016666666666666668,0.0,,
dna_repair_biased,MF,GO:0015020,glucuronosyltransferase activity,1.0,1.0,False,0,120,12,6000,0.0,0.002,0.0,,
dna_repair_biased,MF,GO:0015026,coreceptor activity,1.0,1.0,False,0,120,26,6000,0.0,0.004333333333333333,0.0,,
dna_repair_biased,MF,GO:0015036,disulfide oxidoreductase activity,1.0,1.0,False,0,120,11,6000,0.0,0.0018333333333333333,0.0,,
dna_repair_biased,MF,GO:0015075,monoatomic ion transmembrane transporter activity,0.8367897067912426,1.0,False,3,120,226,6000,0.025,0.03766666666666667,0.6637168141592921,1137;10463;56262,10463;1137;56262
dna_repair_biased,MF,GO:0015078,proton transmembrane transporter activity,0.7160748336917495,1.0,False,1,120,62,6000,0.008333333333333333,0.010333333333333333,0.8064516129032258,10463,10463
dna_repair_biased,MF,GO:0015079,potassium ion transmembrane transporter activity,1.0,1.0,False,0,120,48,6000,0.0,0.008,0.0,,
dna_repair_biased,MF,GO:0015081,sodium ion transmembrane transporter activity,1.0,1.0,False,0,120,49,6000,0.0,0.008166666666666666,0.0,,
dna_repair_biased,MF,GO:0015085,calcium ion transmembrane transporter activity,1.0,1.0,False,0,120,48,6000,0.0,0.008,0.0,,
dna_repair_biased,MF,GO:0015108,chloride transmembrane transporter activity,1.0,1.0,False,0,120,29,6000,0.0,0.004833333333333334,0.0,,
dna_repair_biased,MF,GO:0015144,carbohydrate transmembrane transporter activity,1.0,1.0,False,0,120,12,6000,0.0,0.002,0.0,,
dna_repair_biased,MF,GO:0015171,amino acid transmembrane transporter activity,1.0,1.0,False,0,120,28,6000,0.0,0.004666666666666667,0.0,,
dna_repair_biased,MF,GO:0015175,neutral L-amino acid transmembrane transporter activity,1.0,1.0,False,0,120,10,6000,0.0,0.0016666666666666668,0.0,,
dna_repair_biased,MF,GO:0015179,L-amino acid transmembrane transporter activity,1.0,1.0,False,0,120,16,6000,0.0,0.0026666666666666666,0.0,,
dna_repair_biased,MF,GO:0015245,fatty acid transmembrane transporter activity,1.0,1.0,False,0,120,10,6000,0.0,0.0016666666666666668,0.0,,
dna_repair_biased,MF,GO:0015252,proton channel activity,1.0,1.0,False,0,120,10,6000,0.0,0.0016666666666666668,0.0,,
dna_repair_biased,MF,GO:0015267,channel activity,0.819232286243732,1.0,False,2,120,154,6000,0.016666666666666666,0.025666666666666667,0.6493506493506493,1137;56262,1137;56262
dna_repair_biased,MF,GO:0015276,ligand-gated monoatomic ion channel activity,0.6446668745332489,1.0,False,1,120,51,6000,0.008333333333333333,0.0085,0.9803921568627451,1137,1137
dna_repair_biased,MF,GO:0015291,secondary active transmembrane transporter activity,0.7910472516405787,1.0,False,1,120,77,6000,0.008333333333333333,0.012833333333333334,0.6493506493506493,10463,10463
dna_repair_biased,MF,GO:0015293,symporter activity,1.0,1.0,False,0,120,35,6000,0.0,0.005833333333333334,0.0,,
dna_repair_biased,MF,GO:0015294,solute:monoatomic cation symporter activity,1.0,1.0,False,0,120,34,6000,0.0,0.005666666666666667,0.0,,
dna_repair_biased,MF,GO:0015297,antiporter activity,0.5818029618000387,1.0,False,1,120,43,6000,0.008333333333333333,0.007166666666666667,1.1627906976744187,10463,10463
dna_repair_biased,MF,GO:0015370,solute:sodium symporter activity,1.0,1.0,False,0,120,25,6000,0.0,0.004166666666666667,0.0,,
dna_repair_biased,MF,GO:0015399,primary active transmembrane transporter activity,1.0,1.0,False,0,120,54,6000,0.0,0.009,0.0,,
dna_repair_biased,MF,GO:0015453,oxidoreduction-driven active transmembrane transporter activity,1.0,1.0,False,0,120,24,6000,0.0,0.004,0.0,,
dna_repair_biased,MF,GO:0015459,potassium channel regulator activity,1.0,1.0,False,0,120,17,6000,0.0,0.0028333333333333335,0.0,,
dna_repair_biased,MF,GO:0015485,cholesterol binding,1.0,1.0,False,0,120,16,6000,0.0,0.0026666666666666666,0.0,,
dna_repair_biased,MF,GO:0015605,organophosphate ester transmembrane transporter activity,0.3593341011387844,1.0,False,1,120,22,6000,0.008333333333333333,0.0036666666666666666,2.272727272727273,56262,56262
dna_repair_biased,MF,GO:0015631,tubulin binding,1.0,1.0,False,0,120,115,6000,0.0,0.019166666666666665,0.0,,
dna_repair_biased,MF,GO:0015645,fatty acid ligase activity,1.0,1.0,False,0,120,10,6000,0.0,0.0016666666666666668,0.0,,
dna_repair_biased,MF,GO:0015932,nucleobase-containing compound transmembrane transporter activity,0.3462124237427534,1.0,False,1,120,21,6000,0.008333333333333333,0.0035,2.380952380952381,56262,56262
dna_repair_biased,MF,GO:0016209,antioxidant activity,1.0,1.0,False,0,120,26,6000,0.0,0.004333333333333333,0.0,,
dna_repair_biased,MF,GO:0016229,steroid dehydrogenase activity,1.0,1.0,False,0,120,14,6000,0.0,0.0023333333333333335,0.0,,
dna_repair_biased,MF,GO:0016247,channel regulator activity,1.0,1.0,False,0,120,59,6000,0.0,0.009833333333333333,0.0,,
dna_repair_biased,MF,GO:0016248,channel inhibitor activity,1.0,1.0,False,0,120,17,6000,0.0,0.0028333333333333335,0.0,,
dna_repair_biased,MF,GO:0016278,lysine N-methyltransferase activity,0.3191643119150053,1.0,False,1,120,19,6000,0.008333333333333333,0.0031666666666666666,2.6315789473684212,84787,84787
dna_repair_biased,MF,GO:0016279,protein-lysine N-methyltransferase activity,0.3052270409204303,1.0,False,1,120,18,6000,0.008333333333333333,0.003,2.7777777777777777,84787,84787
dna_repair_biased,MF,GO:0016298,lipase activity,1.0,1.0,False,0,120,51,6000,0.0,0.0085,0.0,,
dna_repair_biased,MF,GO:0016301,kinase activity,0.7869641850165698,1.0,False,3,120,206,6000,0.025,0.034333333333333334,0.7281553398058253,9149;9874;30849,30849;9149;9874
dna_repair_biased,MF,GO:0016405,CoA-ligase activity,1.0,1.0,False,0,120,11,6000,0.0,0.0018333333333333333,0.0,,
dna_repair_biased,MF,GO:0016407,acetyltransferase activity,1.0,1.0,False,0,120,27,6000,0.0,0.0045,0.0,,
dna_repair_biased,MF,GO:0016409,palmitoyltransferase activity,1.0,1.0,False,0,120,10,6000,0.0,0.0016666666666666668,0.0,,
dna_repair_biased,MF,GO:0016491,oxidoreductase activity,0.8322962307066551,1.0,False,3,120,224,6000,0.025,0.037333333333333336,0.6696428571428571,328;22992;221120,221120;22992;328
dna_repair_biased,MF,GO:0016493,C-C chemokine receptor activity,1.0,1.0,False,0,120,11,6000,0.0,0.0018333333333333333,0.0,,
dna_repair_biased,MF,GO:0016504,peptidase activator activity,1.0,1.0,False,0,120,21,6000,0.0,0.0035,0.0,,
dna_repair_biased,MF,GO:0016538,cyclin-dependent protein serine/threonine kinase regulator activity,1.0,1.0,False,0,120,13,6000,0.0,0.0021666666666666666,0.0,,
dna_repair_biased,MF,GO:0016597,amino acid binding,1.0,1.0,False,0,120,17,6000,0.0,0.0028333333333333335,0.0,,
dna_repair_biased,MF,GO:0016614,"oxidoreductase activity, acting on CH-OH group of donors",1.0,1.0,False,0,120,42,6000,0.0,0.007,0.0,,
dna_repair_biased,MF,GO:0016616,"oxidoreductase activity, acting on the CH-OH group of donors, NAD or NADP as acceptor",1.0,1.0,False,0,120,40,6000,0.0,0.006666666666666667,0.0,,
dna_repair_biased,MF,GO:0016627,"oxidoreductase activity, acting on the CH-CH group of donors",1.0,1.0,False,0,120,25,6000,0.0,0.004166666666666667,0.0,,
dna_repair_biased,MF,GO:0016628,"oxidoreductase activity, acting on the CH-CH group of donors, NAD or NADP as acceptor",1.0,1.0,False,0,120,14,6000,0.0,0.0023333333333333335,0.0,,
dna_repair_biased,MF,GO:0016651,"oxidoreductase activity, acting on NAD(P)H",1.0,1.0,False,0,120,26,6000,0.0,0.004333333333333333,0.0,,
dna_repair_biased,MF,GO:0016655,"oxidoreductase activity, acting on NAD(P)H, quinone or similar compound as acceptor",1.0,1.0,False,0,120,16,6000,0.0,0.0026666666666666666,0.0,,
dna_repair_biased,MF,GO:0016667,"oxidoreductase activity, acting on a sulfur group of donors",1.0,1.0,False,0,120,16,6000,0.0,0.0026666666666666666,0.0,,
dna_repair_biased,MF,GO:0016684,"oxidoreductase activity, acting on peroxide as acceptor",1.0,1.0,False,0,120,20,6000,0.0,0.0033333333333333335,0.0,,
dna_repair_biased,MF,GO:0016705,"oxidoreductase activity, acting on paired donors, with incorporation or reduction of molecular oxygen",0.35305657671746016,1.0,False,2,120,62,6000,0.016666666666666666,0.010333333333333333,1.6129032258064515,22992;221120,221120;22992
dna_repair_biased,MF,GO:0016709,"oxidoreductase activity, acting on paired donors, with incorporation or reduction of molecular oxygen, NAD(P)H as one donor, and incorporation of one atom of oxygen",1.0,1.0,False,0,120,11,6000,0.0,0.0018333333333333333,0.0,,
dna_repair_biased,MF,GO:0016712,"oxidoreductase activity, acting on paired donors, with incorporation or reduction of molecular oxygen, reduced flavin or flavoprotein as one donor, and incorporation of one atom of oxygen",1.0,1.0,False,0,120,16,6000,0.0,0.0026666666666666666,0.0,,
dna_repair_biased,MF,GO:0016741,"transferase activity, transferring one-carbon groups",0.4650767308164933,1.0,False,2,120,78,6000,0.016666666666666666,0.013,1.2820512820512822,55170;84787,55170;84787
dna_repair_biased,MF,GO:0016747,"acyltransferase activity, transferring groups other than amino-acyl groups",1.0,1.0,False,0,120,67,6000,0.0,0.011166666666666667,0.0,,
dna_repair_biased,MF,GO:0016757,glycosyltransferase activity,0.7952806350279045,1.0,False,1,120,78,6000,0.008333333333333333,0.013,0.6410256410256411,10039,10039
dna_repair_biased,MF,GO:0016758,hexosyltransferase activity,1.0,1.0,False,0,120,60,6000,0.0,0.01,0.0,,
dna_repair_biased,MF,GO:0016765,"transferase activity, transferring alkyl or aryl (other than methyl) groups",1.0,1.0,False,0,120,20,6000,0.0,0.0033333333333333335,0.0,,
dna_repair_biased,MF,GO:0016773,"phosphotransferase activity, alcohol group as acceptor",0.7668102777709225,1.0,False,3,120,199,6000,0.025,0.033166666666666664,0.7537688442211057,9149;9874;30849,30849;9149;9874
dna_repair_biased,MF,GO:0016782,"transferase activity, transferring sulphur-containing groups",1.0,1.0,False,0,120,18,6000,0.0,0.003,0.0,,
dna_repair_biased,MF,GO:0016790,thiolester hydrolase activity,1.0,1.0,False,0,120,13,6000,0.0,0.0021666666666666666,0.0,,
dna_repair_biased,MF,GO:0016791,phosphatase activity,0.4782984741656078,1.0,False,2,120,80,6000,0.016666666666666666,0.013333333333333334,1.25,2138;54840,2138;54840
dna_repair_biased,MF,GO:0016810,"hydrolase activity, acting on carbon-nitrogen (but not peptide) bonds",1.0,1.0,False,0,120,36,6000,0.0,0.006,0.0,,
dna_repair_biased,MF,GO:0016811,"hydrolase activity, acting on carbon-nitrogen (but not peptide) bonds, in linear amides",1.0,1.0,False,0,120,16,6000,0.0,0.0026666666666666666,0.0,,
dna_repair_biased,MF,GO:0016814,"hydrolase activity, acting on carbon-nitrogen (but not peptide) bonds, in cyclic amidines",1.0,1.0,False,0,120,11,6000,0.0,0.0018333333333333333,0.0,,
dna_repair_biased,MF,GO:0016830,carbon-carbon lyase activity,0.2910068882529308,1.0,False,1,120,17,6000,0.008333333333333333,0.0028333333333333335,2.941176470588235,1408,1408
dna_repair_biased,MF,GO:0016835,carbon-oxygen lyase activity,0.3191643119150053,1.0,False,1,120,19,6000,0.008333333333333333,0.0031666666666666666,2.6315789473684212,8091,8091
dna_repair_biased,MF,GO:0016836,hydro-lyase activity,1.0,1.0,False,0,120,15,6000,0.0,0.0025,0.0,,
dna_repair_biased,MF,GO:0016859,cis-trans isomerase activity,1.0,1.0,False,0,120,10,6000,0.0,0.0016666666666666668,0.0,,
dna_repair_biased,MF,GO:0016860,intramolecular oxidoreductase activity,1.0,1.0,False,0,120,22,6000,0.0,0.0036666666666666666,0.0,,
dna_repair_biased,MF,GO:0016863,"intramolecular oxidoreductase activity, transposing C=C bonds",1.0,1.0,False,0,120,10,6000,0.0,0.0016666666666666668,0.0,,
dna_repair_biased,MF,GO:0016874,ligase activity,1.0,1.0,False,0,120,49,6000,0.0,0.008166666666666666,0.0,,
dna_repair_biased,MF,GO:0016875,"ligase activity, forming carbon-oxygen bonds",1.0,1.0,False,0,120,12,6000,0.0,0.002,0.0,,
dna_repair_biased,MF,GO:0016877,"ligase activity, forming carbon-sulfur bonds",1.0,1.0,False,0,120,12,6000,0.0,0.002,0.0,,
dna_repair_biased,MF,GO:0016878,acid-thiol ligase activity,1.0,1.0,False,0,120,11,6000,0.0,0.0018333333333333333,0.0,,
dna_repair_biased,MF,GO:0016879,"ligase activity, forming carbon-nitrogen bonds",1.0,1.0,False,0,120,16,6000,0.0,0.0026666666666666666,0.0,,
dna_repair_biased,MF,GO:0017022,myosin binding,0.397152433406183,1.0,False,1,120,25,6000,0.008333333333333333,0.004166666666666667,2.0,58,58
dna_repair_biased,MF,GO:0017046,peptide hormone binding,1.0,1.0,False,0,120,13,6000,0.0,0.0021666666666666666,0.0,,
dna_repair_biased,MF,GO:0017069,snRNA binding,1.0,1.0,False,0,120,11,6000,0.0,0.0018333333333333333,0.0,,
dna_repair_biased,MF,GO:0017080,sodium channel regulator activity,1.0,1.0,False,0,120,10,6000,0.0,0.0016666666666666668,0.0,,
dna_repair_biased,MF,GO:0017124,SH3 domain binding,1.0,1.0,False,0,120,19,6000,0.0,0.0031666666666666666,0.0,,
dna_repair_biased,MF,GO:0017147,Wnt-protein binding,1.0,1.0,False,0,120,11,6000,0.0,0.0018333333333333333,0.0,,
dna_repair_biased,MF,GO:0017171,serine hydrolase activity,1.0,1.0,False,0,120,46,6000,0.0,0.007666666666666666,0.0,,
dna_repair_biased,MF,GO:0018455,alcohol dehydrogenase [NAD(P)+] activity,1.0,1.0,False,0,120,17,6000,0.0,0.0028333333333333335,0.0,,
dna_repair_biased,MF,GO:0019001,guanyl nucleotide binding,1.0,1.0,False,0,120,103,6000,0.0,0.017166666666666667,0.0,,
dna_repair_biased,MF,GO:0019003,GDP binding,1.0,1.0,False,0,120,18,6000,0.0,0.003,0.0,,
dna_repair_biased,MF,GO:0019199,transmembrane receptor protein kinase activity,1.0,1.0,False,0,120,25,6000,0.0,0.004166666666666667,0.0,,
dna_repair_biased,MF,GO:0019210,kinase inhibitor activity,0.40925983223317164,1.0,False,1,120,26,6000,0.008333333333333333,0.004333333333333333,1.9230769230769231,4869,4869
dna_repair_biased,MF,GO:0019239,deaminase activity,1.0,1.0,False,0,120,12,6000,0.0,0.002,0.0,,
dna_repair_biased,MF,GO:0019789,SUMO transferase activity,1.0,1.0,False,0,120,11,6000,0.0,0.0018333333333333333,0.0,,
dna_repair_biased,MF,GO:0019829,ATPase-coupled monoatomic cation transmembrane transporter activity,1.0,1.0,False,0,120,18,6000,0.0,0.003,0.0,,
dna_repair_biased,MF,GO:0019838,growth factor binding,1.0,1.0,False,0,120,40,6000,0.0,0.006666666666666667,0.0,,
dna_repair_biased,MF,GO:0019840,isoprenoid binding,1.0,1.0,False,0,120,11,6000,0.0,0.0018333333333333333,0.0,,
dna_repair_biased,MF,GO:0019842,vitamin binding,1.0,1.0,False,0,120,39,6000,0.0,0.0065,0.0,,
dna_repair_biased,MF,GO:0019894,kinesin binding,1.0,1.0,False,0,120,11,6000,0.0,0.0018333333333333333,0.0,,
dna_repair_biased,MF,GO:0019900,kinase binding,0.3406184624007693,1.0,False,6,120,238,6000,0.05,0.03966666666666667,1.2605042016806722,1408;1647;4869;9325;55732;375748,1408;1647;375748;4869;55732;9325
dna_repair_biased,MF,GO:0019901,protein kinase binding,0.4311316938908015,1.0,False,5,120,215,6000,0.041666666666666664,0.035833333333333335,1.1627906976744184,1408;4869;9325;55732;375748,1408;375748;4869;55732;9325
dna_repair_biased,MF,GO:0019902,phosphatase binding,0.7102197005147446,1.0,False,1,120,61,6000,0.008333333333333333,0.010166666666666666,0.819672131147541,1408,1408
dna_repair_biased,MF,GO:0019903,protein phosphatase binding,1.0,1.0,False,0,120,50,6000,0.0,0.008333333333333333,0.0,,
dna_repair_biased,MF,GO:0019904,protein domain specific binding,0.721948290784847,1.0,False,3,120,185,6000,0.025,0.030833333333333334,0.8108108108108109,6091;8091;25836,25836;6091;8091
dna_repair_biased,MF,GO:0019905,syntaxin binding,1.0,1.0,False,0,120,11,6000,0.0,0.0018333333333333333,0.0,,
dna_repair_biased,MF,GO:0019914,cyclin-dependent protein kinase regulator activity,1.0,1.0,False,0,120,13,6000,0.0,0.0021666666666666666,0.0,,
dna_repair_biased,MF,GO:0019955,cytokine binding,0.6724881482213413,1.0,False,1,120,55,6000,0.008333333333333333,0.009166666666666667,0.9090909090909091,3146,3146
dna_repair_biased,MF,GO:0019957,C-C chemokine binding,1.0,1.0,False,0,120,11,6000,0.0,0.0018333333333333333,0.0,,
dna_repair_biased,MF,GO:0020037,heme binding,1.0,1.0,False,0,120,49,6000,0.0,0.008166666666666666,0.0,,
dna_repair_biased,MF,GO:0022803,passive transmembrane transporter activity,0.819232286243732,1.0,False,2,120,154,6000,0.016666666666666666,0.025666666666666667,0.6493506493506493,1137;56262,1137;56262
dna_repair_biased,MF,GO:0022804,active transmembrane transporter activity,0.9311585058221703,1.0,False,1,120,131,6000,0.008333333333333333,0.021833333333333333,0.3816793893129771,10463,10463
dna_repair_biased,MF,GO:0022829,wide pore channel activity,1.0,1.0,False,0,120,16,6000,0.0,0.0026666666666666666,0.0,,
dna_repair_biased,MF,GO:0022832,voltage-gated channel activity,1.0,1.0,False,0,120,61,6000,0.0,0.010166666666666666,0.0,,
dna_repair_biased,MF,GO:0022834,ligand-gated channel activity,0.6518344615320735,1.0,False,1,120,52,6000,0.008333333333333333,0.008666666666666666,0.9615384615384616,1137,1137
dna_repair_biased,MF,GO:0022836,gated channel activity,0.8525225110029768,1.0,False,1,120,94,6000,0.008333333333333333,0.015666666666666666,0.5319148936170213,1137,1137
dna_repair_biased,MF,GO:0022843,voltage-gated monoatomic cation channel activity,1.0,1.0,False,0,120,45,6000,0.0,0.0075,0.0,,
dna_repair_biased,MF,GO:0022853,active monoatomic ion transmembrane transporter activity,1.0,1.0,False,0,120,38,6000,0.0,0.006333333333333333,0.0,,
dna_repair_biased,MF,GO:0022857,transmembrane transporter activity,0.9750239621439469,1.0,False,3,120,351,6000,0.025,0.0585,0.42735042735042733,1137;10463;56262,10463;1137;56262
dna_repair_biased,MF,GO:0022884,macromolecule transmembrane transporter activity,1.0,1.0,False,0,120,10,6000,0.0,0.0016666666666666668,0.0,,
dna_repair_biased,MF,GO:0023023,MHC protein complex binding,1.0,1.0,False,0,120,16,6000,0.0,0.0026666666666666666,0.0,,
dna_repair_biased,MF,GO:0023026,MHC class II protein complex binding,1.0,1.0,False,0,120,14,6000,0.0,0.0023333333333333335,0.0,,
dna_repair_biased,MF,GO:0030159,signaling receptor complex adaptor activity,1.0,1.0,False,0,120,14,6000,0.0,0.0023333333333333335,0.0,,
dna_repair_biased,MF,GO:0030165,PDZ domain binding,1.0,1.0,False,0,120,29,6000,0.0,0.004833333333333334,0.0,,
dna_repair_biased,MF,GO:0030170,pyridoxal phosphate binding,1.0,1.0,False,0,120,15,6000,0.0,0.0025,0.0,,
dna_repair_biased,MF,GO:0030215,semaphorin receptor binding,1.0,1.0,False,0,120,10,6000,0.0,0.0016666666666666668,0.0,,
dna_repair_biased,MF,GO:0030246,carbohydrate binding,1.0,1.0,False,0,120,57,6000,0.0,0.0095,0.0,,
dna_repair_biased,MF,GO:0030247,polysaccharide binding,1.0,1.0,False,0,120,13,6000,0.0,0.0021666666666666666,0.0,,
dna_repair_biased,MF,GO:0030280,structural constituent of skin epidermis,1.0,1.0,False,0,120,19,6000,0.0,0.0031666666666666666,0.0,,
dna_repair_biased,MF,GO:0030291,protein serine/threonine kinase inhibitor activity,1.0,1.0,False,0,120,15,6000,0.0,0.0025,0.0,,
dna_repair_biased,MF,GO:0030371,translation repressor activity,1.0,1.0,False,0,120,10,6000,0.0,0.0016666666666666668,0.0,,
dna_repair_biased,MF,GO:0030414,peptidase inhibitor activity,1.0,1.0,False,0,120,46,6000,0.0,0.007666666666666666,0.0,,
dna_repair_biased,MF,GO:0030527,structural constituent of chromatin,0.397152433406183,1.0,False,1,120,25,6000,0.008333333333333333,0.004166666666666667,2.0,92815,92815
dna_repair_biased,MF,GO:0030544,Hsp70 protein binding,1.0,1.0,False,0,120,12,6000,0.0,0.002,0.0,,
dna_repair_biased,MF,GO:0030545,signaling receptor regulator activity,0.9835886725719717,1.0,False,1,120,200,6000,0.008333333333333333,0.03333333333333333,0.25,3146,3146
dna_repair_biased,MF,GO:0030546,signaling receptor activator activity,0.9793502081605161,1.0,False,1,120,189,6000,0.008333333333333333,0.0315,0.26455026455026454,3146,3146
dna_repair_biased,MF,GO:0030594,neurotransmitter receptor activity,0.3847989996645063,1.0,False,1,120,24,6000,0.008333333333333333,0.004,2.0833333333333335,1137,1137
dna_repair_biased,MF,GO:0030695,GTPase regulator activity,0.9473866171018214,1.0,False,1,120,144,6000,0.008333333333333333,0.024,0.3472222222222222,11069,11069
dna_repair_biased,MF,GO:0030971,receptor tyrosine kinase binding,1.0,1.0,False,0,120,29,6000,0.0,0.004833333333333334,0.0,,
dna_repair_biased,MF,GO:0031072,heat shock protein binding,1.0,1.0,False,0,120,33,6000,0.0,0.0055,0.0,,
dna_repair_biased,MF,GO:0031267,small GTPase binding,0.8226250443396159,1.0,False,1,120,85,6000,0.008333333333333333,0.014166666666666666,0.5882352941176471,11069,11069
dna_repair_biased,MF,GO:0031369,translation initiation factor binding,1.0,1.0,False,0,120,10,6000,0.0,0.0016666666666666668,0.0,,
dna_repair_biased,MF,GO:0031406,carboxylic acid binding,1.0,1.0,False,0,120,74,6000,0.0,0.012333333333333333,0.0,,
dna_repair_biased,MF,GO:0031683,G-protein beta/gamma-subunit complex binding,1.0,1.0,False,0,120,10,6000,0.0,0.0016666666666666668,0.0,,
dna_repair_biased,MF,GO:0032266,phosphatidylinositol-3-phosphate binding,1.0,1.0,False,0,120,16,6000,0.0,0.0026666666666666666,0.0,,
dna_repair_biased,MF,GO:0032561,guanyl ribonucleotide binding,1.0,1.0,False,0,120,101,6000,0.0,0.016833333333333332,0.0,,
dna_repair_biased,MF,GO:0032813,tumor necrosis factor receptor superfamily binding,1.0,1.0,False,0,120,15,6000,0.0,0.0025,0.0,,
dna_repair_biased,MF,GO:0032934,sterol binding,1.0,1.0,False,0,120,20,6000,0.0,0.0033333333333333335,0.0,,
dna_repair_biased,MF,GO:0033293,monocarboxylic acid binding,1.0,1.0,False,0,120,28,6000,0.0,0.004666666666666667,0.0,,
dna_repair_biased,MF,GO:0033612,receptor serine/threonine kinase binding,1.0,1.0,False,0,120,10,6000,0.0,0.0016666666666666668,0.0,,
dna_repair_biased,MF,GO:0033764,"steroid dehydrogenase activity, acting on the CH-OH group of donors, NAD or NADP as acceptor",1.0,1.0,False,0,120,11,6000,0.0,0.0018333333333333333,0.0,,
dna_repair_biased,MF,GO:0034212,protein N-acetyltransferase activity,1.0,1.0,False,0,120,15,6000,0.0,0.0025,0.0,,
dna_repair_biased,MF,GO:0035091,phosphatidylinositol binding,0.5079261327301264,1.0,False,1,120,35,6000,0.008333333333333333,0.005833333333333334,1.4285714285714284,23174,23174
dna_repair_biased,MF,GO:0035198,miRNA binding,1.0,1.0,False,0,120,14,6000,0.0,0.0023333333333333335,0.0,,
dna_repair_biased,MF,GO:0035250,UDP-galactosyltransferase activity,1.0,1.0,False,0,120,13,6000,0.0,0.0021666666666666666,0.0,,
dna_repair_biased,MF,GO:0035254,glutamate receptor binding,1.0,1.0,False,0,120,14,6000,0.0,0.0023333333333333335,0.0,,
dna_repair_biased,MF,GO:0035591,signaling adaptor activity,0.5554857542944451,1.0,False,1,120,40,6000,0.008333333333333333,0.006666666666666667,1.25,9306,9306
dna_repair_biased,MF,GO:0035651,AP-3 adaptor complex binding,1.0,1.0,False,0,120,10,6000,0.0,0.0016666666666666668,0.0,,
dna_repair_biased,MF,GO:0035925,mRNA 3'-UTR AU-rich region binding,1.0,1.0,False,0,120,11,6000,0.0,0.0018333333333333333,0.0,,
dna_repair_biased,MF,GO:0036002,pre-mRNA binding,1.0,1.0,False,0,120,11,6000,0.0,0.0018333333333333333,0.0,,
dna_repair_biased,MF,GO:0038023,signaling receptor activity,0.989780387044799,1.0,False,4,120,483,6000,0.03333333333333333,0.0805,0.41407867494824013,1137;1408;6091;219875,1137;1408;219875;6091
dna_repair_biased,MF,GO:0038024,cargo receptor activity,1.0,1.0,False,0,120,23,6000,0.0,0.003833333333333333,0.0,,
dna_repair_biased,MF,GO:0038187,pattern recognition receptor activity,1.0,1.0,False,0,120,13,6000,0.0,0.0021666666666666666,0.0,,
dna_repair_biased,MF,GO:0042056,chemoattractant activity,0.3052270409204303,1.0,False,1,120,18,6000,0.008333333333333333,0.003,2.7777777777777777,3146,3146
dna_repair_biased,MF,GO:0042169,SH2 domain binding,1.0,1.0,False,0,120,12,6000,0.0,0.002,0.0,,
dna_repair_biased,MF,GO:0042277,peptide binding,1.0,1.0,False,0,120,55,6000,0.0,0.009166666666666667,0.0,,
dna_repair_biased,MF,GO:0042287,MHC protein binding,1.0,1.0,False,0,120,10,6000,0.0,0.0016666666666666668,0.0,,
dna_repair_biased,MF,GO:0042379,chemokine receptor binding,1.0,1.0,False,0,120,27,6000,0.0,0.0045,0.0,,
dna_repair_biased,MF,GO:0042562,hormone binding,1.0,1.0,False,0,120,25,6000,0.0,0.004166666666666667,0.0,,
dna_repair_biased,MF,GO:0042605,peptide antigen binding,1.0,1.0,False,0,120,13,6000,0.0,0.0021666666666666666,0.0,,
dna_repair_biased,MF,GO:0042626,ATPase-coupled transmembrane transporter activity,1.0,1.0,False,0,120,30,6000,0.0,0.005,0.0,,
dna_repair_biased,MF,GO:0042805,actinin binding,1.0,1.0,False,0,120,12,6000,0.0,0.002,0.0,,
dna_repair_biased,MF,GO:0043021,ribonucleoprotein complex binding,0.6145035978910377,1.0,False,1,120,47,6000,0.008333333333333333,0.007833333333333333,1.0638297872340425,4869,4869
dna_repair_biased,MF,GO:0043022,ribosome binding,0.4327558689318889,1.0,False,1,120,28,6000,0.008333333333333333,0.004666666666666667,1.7857142857142856,4869,4869
dna_repair_biased,MF,GO:0043177,organic acid binding,1.0,1.0,False,0,120,75,6000,0.0,0.0125,0.0,,
dna_repair_biased,MF,GO:0043178,alcohol binding,1.0,1.0,False,0,120,26,6000,0.0,0.004333333333333333,0.0,,
dna_repair_biased,MF,GO:0043394,proteoglycan binding,1.0,1.0,False,0,120,13,6000,0.0,0.0021666666666666666,0.0,,
dna_repair_biased,MF,GO:0043425,bHLH transcription factor binding,1.0,1.0,False,0,120,10,6000,0.0,0.0016666666666666668,0.0,,
dna_repair_biased,MF,GO:0043495,protein-membrane adaptor activity,1.0,1.0,False,0,120,17,6000,0.0,0.0028333333333333335,0.0,,
dna_repair_biased,MF,GO:0044183,protein folding chaperone,0.4327558689318889,1.0,False,1,120,28,6000,0.008333333333333333,0.004666666666666667,1.7857142857142856,200558,200558
dna_repair_biased,MF,GO:0044325,transmembrane transporter binding,1.0,1.0,False,0,120,50,6000,0.0,0.008333333333333333,0.0,,
dna_repair_biased,MF,GO:0045182,translation regulator activity,1.0,1.0,False,0,120,19,6000,0.0,0.0031666666666666666,0.0,,
dna_repair_biased,MF,GO:0045296,cadherin binding,1.0,1.0,False,0,120,86,6000,0.0,0.014333333333333333,0.0,,
dna_repair_biased,MF,GO:0045309,protein phosphorylated amino acid binding,1.0,1.0,False,0,120,24,6000,0.0,0.004,0.0,,
dna_repair_biased,MF,GO:0045499,chemorepellent activity,1.0,1.0,False,0,120,11,6000,0.0,0.0018333333333333333,0.0,,
dna_repair_biased,MF,GO:0045505,dynein intermediate chain binding,1.0,1.0,False,0,120,15,6000,0.0,0.0025,0.0,,
dna_repair_biased,MF,GO:0046873,metal ion transmembrane transporter activity,0.9391870180477826,1.0,False,1,120,137,6000,0.008333333333333333,0.022833333333333334,0.36496350364963503,10463,10463
dna_repair_biased,MF,GO:0046875,ephrin receptor binding,1.0,1.0,False,0,120,10,6000,0.0,0.0016666666666666668,0.0,,
dna_repair_biased,MF,GO:0046906,tetrapyrrole binding,1.0,1.0,False,0,120,51,6000,0.0,0.0085,0.0,,
dna_repair_biased,MF,GO:0046943,carboxylic acid transmembrane transporter activity,1.0,1.0,False,0,120,60,6000,0.0,0.01,0.0,,
dna_repair_biased,MF,GO:0046966,nuclear thyroid hormone receptor binding,1.0,1.0,False,0,120,10,6000,0.0,0.0016666666666666668,0.0,,
dna_repair_biased,MF,GO:0046982,protein heterodimerization activity,0.33429059591127813,1.0,False,3,120,102,6000,0.025,0.017,1.4705882352941175,1647;6861;92815,1647;6861;92815
dna_repair_biased,MF,GO:0048018,receptor ligand activity,0.9784704212992614,1.0,False,1,120,187,6000,0.008333333333333333,0.031166666666666665,0.26737967914438504,3146,3146
dna_repair_biased,MF,GO:0048020,CCR chemokine receptor binding,1.0,1.0,False,0,120,18,6000,0.0,0.003,0.0,,
dna_repair_biased,MF,GO:0048029,monosaccharide binding,1.0,1.0,False,0,120,24,6000,0.0,0.004,0.0,,
dna_repair_biased,MF,GO:0048306,calcium-dependent protein binding,1.0,1.0,False,0,120,22,6000,0.0,0.0036666666666666666,0.0,,
dna_repair_biased,MF,GO:0048487,beta-tubulin binding,1.0,1.0,False,0,120,13,6000,0.0,0.0021666666666666666,0.0,,
dna_repair_biased,MF,GO:0050431,transforming growth factor beta binding,1.0,1.0,False,0,120,12,6000,0.0,0.002,0.0,,
dna_repair_biased,MF,GO:0050660,flavin adenine dinucleotide binding,0.3847989996645063,1.0,False,1,120,24,6000,0.008333333333333333,0.004,2.0833333333333335,1408,1408
dna_repair_biased,MF,GO:0050661,NADP binding,1.0,1.0,False,0,120,16,6000,0.0,0.0026666666666666666,0.0,,
dna_repair_biased,MF,GO:0050699,WW domain binding,1.0,1.0,False,0,120,10,6000,0.0,0.0016666666666666668,0.0,,
dna_repair_biased,MF,GO:0050839,cell adhesion molecule binding,0.9645199870570211,1.0,False,1,120,163,6000,0.008333333333333333,0.027166666666666665,0.3067484662576687,3146,3146
dna_repair_biased,MF,GO:0050840,extracellular matrix binding,1.0,1.0,False,0,120,16,6000,0.0,0.0026666666666666666,0.0,,
dna_repair_biased,MF,GO:0050997,quaternary ammonium group binding,1.0,1.0,False,0,120,11,6000,0.0,0.0018333333333333333,0.0,,
dna_repair_biased,MF,GO:0051015,actin filament binding,0.6446668745332489,1.0,False,1,120,51,6000,0.008333333333333333,0.0085,0.9803921568627451,11034,11034
dna_repair_biased,MF,GO:0051018,protein kinase A binding,1.0,1.0,False,0,120,11,6000,0.0,0.0018333333333333333,0.0,,
dna_repair_biased,MF,GO:0051020,GTPase binding,0.8555190058691542,1.0,False,1,120,95,6000,0.008333333333333333,0.015833333333333335,0.5263157894736842,11069,11069
dna_repair_biased,MF,GO:0051087,protein-folding chaperone binding,1.0,1.0,False,0,120,39,6000,0.0,0.0065,0.0,,
dna_repair_biased,MF,GO:0051117,ATPase binding,0.3191643119150053,1.0,False,1,120,19,6000,0.008333333333333333,0.0031666666666666666,2.6315789473684212,10856,10856
dna_repair_biased,MF,GO:0051219,phosphoprotein binding,0.5178253555419259,1.0,False,1,120,36,6000,0.008333333333333333,0.006,1.3888888888888888,54840,54840
dna_repair_biased,MF,GO:0051287,NAD binding,1.0,1.0,False,0,120,12,6000,0.0,0.002,0.0,,
dna_repair_biased,MF,GO:0051393,alpha-actinin binding,1.0,1.0,False,0,120,10,6000,0.0,0.0016666666666666668,0.0,,
dna_repair_biased,MF,GO:0051861,glycolipid binding,1.0,1.0,False,0,120,10,6000,0.0,0.0016666666666666668,0.0,,
dna_repair_biased,MF,GO:0051879,Hsp90 protein binding,1.0,1.0,False,0,120,12,6000,0.0,0.002,0.0,,
dna_repair_biased,MF,GO:0051959,dynein light intermediate chain binding,1.0,1.0,False,0,120,12,6000,0.0,0.002,0.0,,
dna_repair_biased,MF,GO:0052689,carboxylic ester hydrolase activity,1.0,1.0,False,0,120,51,6000,0.0,0.0085,0.0,,
dna_repair_biased,MF,GO:0055106,ubiquitin-protein transferase regulator activity,1.0,1.0,False,0,120,12,6000,0.0,0.002,0.0,,
dna_repair_biased,MF,GO:0060089,molecular transducer activity,0.989780387044799,1.0,False,4,120,483,6000,0.03333333333333333,0.0805,0.41407867494824013,1137;1408;6091;219875,1137;1408;219875;6091
dna_repair_biased,MF,GO:0060589,nucleoside-triphosphatase regulator activity,0.9525625782843693,1.0,False,1,120,149,6000,0.008333333333333333,0.024833333333333332,0.33557046979865773,11069,11069
dna_repair_biased,MF,GO:0061133,endopeptidase activator activity,1.0,1.0,False,0,120,11,6000,0.0,0.0018333333333333333,0.0,,
dna_repair_biased,MF,GO:0061134,peptidase regulator activity,1.0,1.0,False,0,120,68,6000,0.0,0.011333333333333334,0.0,,
dna_repair_biased,MF,GO:0061135,endopeptidase regulator activity,1.0,1.0,False,0,120,57,6000,0.0,0.0095,0.0,,
dna_repair_biased,MF,GO:0061733,protein-lysine-acetyltransferase activity,1.0,1.0,False,0,120,13,6000,0.0,0.0021666666666666666,0.0,,
dna_repair_biased,MF,GO:0061980,regulatory RNA binding,1.0,1.0,False,0,120,21,6000,0.0,0.0035,0.0,,
dna_repair_biased,MF,GO:0070273,phosphatidylinositol-4-phosphate binding,1.0,1.0,False,0,120,16,6000,0.0,0.0026666666666666666,0.0,,
dna_repair_biased,MF,GO:0070279,vitamin B6 binding,1.0,1.0,False,0,120,15,6000,0.0,0.0025,0.0,,
dna_repair_biased,MF,GO:0070851,growth factor receptor binding,1.0,1.0,False,0,120,55,6000,0.0,0.009166666666666667,0.0,,
dna_repair_biased,MF,GO:0070888,E-box binding,1.0,1.0,False,0,120,21,6000,0.0,0.0035,0.0,,
dna_repair_biased,MF,GO:0071855,neuropeptide receptor binding,1.0,1.0,False,0,120,14,6000,0.0,0.0023333333333333335,0.0,,
dna_repair_biased,MF,GO:0072349,modified amino acid transmembrane transporter activity,1.0,1.0,False,0,120,14,6000,0.0,0.0023333333333333335,0.0,,
dna_repair_biased,MF,GO:0080025,"phosphatidylinositol-3,5-bisphosphate binding",1.0,1.0,False,0,120,11,6000,0.0,0.0018333333333333333,0.0,,
dna_repair_biased,MF,GO:0090482,vitamin transmembrane transporter activity,1.0,1.0,False,0,120,12,6000,0.0,0.002,0.0,,
dna_repair_biased,MF,GO:0097110,scaffold protein binding,1.0,1.0,False,0,120,23,6000,0.0,0.003833333333333333,0.0,,
dna_repair_biased,MF,GO:0098531,ligand-modulated transcription factor activity,1.0,1.0,False,0,120,19,6000,0.0,0.0031666666666666666,0.0,,
dna_repair_biased,MF,GO:0098631,cell adhesion mediator activity,1.0,1.0,False,0,120,29,6000,0.0,0.004833333333333334,0.0,,
dna_repair_biased,MF,GO:0098632,cell-cell adhesion mediator activity,1.0,1.0,False,0,120,15,6000,0.0,0.0025,0.0,,
dna_repair_biased,MF,GO:0098918,structural constituent of synapse,1.0,1.0,False,0,120,11,6000,0.0,0.0018333333333333333,0.0,,
dna_repair_biased,MF,GO:0099094,ligand-gated monoatomic cation channel activity,0.5644357055502625,1.0,False,1,120,41,6000,0.008333333333333333,0.006833333333333334,1.2195121951219512,1137,1137
dna_repair_biased,MF,GO:0099106,ion channel regulator activity,1.0,1.0,False,0,120,57,6000,0.0,0.0095,0.0,,
dna_repair_biased,MF,GO:0106222,lncRNA binding,1.0,1.0,False,0,120,12,6000,0.0,0.002,0.0,,
dna_repair_biased,MF,GO:0106310,protein serine kinase activity,0.3508210640046023,1.0,False,3,120,105,6000,0.025,0.0175,1.4285714285714286,9149;9874;30849,30849;9149;9874
dna_repair_biased,MF,GO:0120013,lipid transfer activity,1.0,1.0,False,0,120,19,6000,0.0,0.0031666666666666666,0.0,,
dna_repair_biased,MF,GO:0120014,phospholipid transfer activity,1.0,1.0,False,0,120,11,6000,0.0,0.0018333333333333333,0.0,,
dna_repair_biased,MF,GO:0120283,protein serine/threonine kinase binding,1.0,1.0,False,0,120,10,6000,0.0,0.0016666666666666668,0.0,,
dna_repair_biased,MF,GO:0120515,fatty acid-CoA ligase activity,1.0,1.0,False,0,120,10,6000,0.0,0.0016666666666666668,0.0,,
dna_repair_biased,MF,GO:0120544,polypeptide conformation or assembly isomerase activity,0.48751910067913096,1.0,False,1,120,33,6000,0.008333333333333333,0.0055,1.5151515151515151,5706,5706
dna_repair_biased,MF,GO:0120558,lysophospholipase A1 activity,1.0,1.0,False,0,120,11,6000,0.0,0.0018333333333333333,0.0,,
dna_repair_biased,MF,GO:0120569,phospholipase activity,1.0,1.0,False,0,120,42,6000,0.0,0.007,0.0,,
dna_repair_biased,MF,GO:0140006,histone H3 reader activity,1.0,1.0,False,0,120,18,6000,0.0,0.003,0.0,,
dna_repair_biased,MF,GO:0140035,ubiquitin-like protein reader activity,1.0,1.0,False,0,120,12,6000,0.0,0.002,0.0,,
dna_repair_biased,MF,GO:0140036,ubiquitin-modified protein reader activity,1.0,1.0,False,0,120,11,6000,0.0,0.0018333333333333333,0.0,,
dna_repair_biased,MF,GO:0140101,"catalytic activity, acting on a tRNA",1.0,1.0,False,0,120,39,6000,0.0,0.0065,0.0,,
dna_repair_biased,MF,GO:0140102,"catalytic activity, acting on a rRNA",1.0,1.0,False,0,120,14,6000,0.0,0.0023333333333333335,0.0,,
dna_repair_biased,MF,GO:0140104,molecular carrier activity,0.8189526850091731,1.0,False,1,120,84,6000,0.008333333333333333,0.014,0.5952380952380952,200558,200558
dna_repair_biased,MF,GO:0140186,protein N-acyltransferase activity,1.0,1.0,False,0,120,15,6000,0.0,0.0025,0.0,,
dna_repair_biased,MF,GO:0140303,intramembrane lipid carrier activity,1.0,1.0,False,0,120,17,6000,0.0,0.0028333333333333335,0.0,,
dna_repair_biased,MF,GO:0140311,protein sequestering activity,0.3593341011387844,1.0,False,1,120,22,6000,0.008333333333333333,0.0036666666666666666,2.272727272727273,4792,4792
dna_repair_biased,MF,GO:0140312,cargo adaptor activity,1.0,1.0,False,0,120,11,6000,0.0,0.0018333333333333333,0.0,,
dna_repair_biased,MF,GO:0140313,molecular sequestering activity,0.5178253555419259,1.0,False,1,120,36,6000,0.008333333333333333,0.006,1.3888888888888888,4792,4792
dna_repair_biased,MF,GO:0140322,A1-type glycerophospholipase activity,1.0,1.0,False,0,120,19,6000,0.0,0.0031666666666666666,0.0,,
dna_repair_biased,MF,GO:0140359,ABC-type transporter activity,1.0,1.0,False,0,120,13,6000,0.0,0.0021666666666666666,0.0,,
dna_repair_biased,MF,GO:0140375,immune receptor activity,1.0,1.0,False,0,120,58,6000,0.0,0.009666666666666667,0.0,,
dna_repair_biased,MF,GO:0140517,protein-RNA adaptor activity,1.0,1.0,False,0,120,12,6000,0.0,0.002,0.0,,
dna_repair_biased,MF,GO:0140522,fusogenic activity,1.0,1.0,False,0,120,12,6000,0.0,0.002,0.0,,
dna_repair_biased,MF,GO:0140566,histone reader activity,1.0,1.0,False,0,120,28,6000,0.0,0.004666666666666667,0.0,,
dna_repair_biased,MF,GO:0140597,protein carrier activity,0.3328242822494307,1.0,False,1,120,20,6000,0.008333333333333333,0.0033333333333333335,2.5,200558,200558
dna_repair_biased,MF,GO:0140677,molecular function activator activity,0.6555612842779774,1.0,False,7,120,384,6000,0.058333333333333334,0.064,0.9114583333333334,2073;2074;2968;3146;4683;11073;84464,11073;2073;2074;2968;3146;4683;84464
dna_repair_biased,MF,GO:0140693,molecular condensate scaffold activity,1.0,1.0,False,0,120,13,6000,0.0,0.0021666666666666666,0.0,,
dna_repair_biased,MF,GO:0140767,enzyme-substrate adaptor activity,0.7042448489789661,1.0,False,1,120,60,6000,0.008333333333333333,0.01,0.8333333333333333,151636,151636
dna_repair_biased,MF,GO:0141108,transporter regulator activity,1.0,1.0,False,0,120,65,6000,0.0,0.010833333333333334,0.0,,
dna_repair_biased,MF,GO:0141110,transporter inhibitor activity,1.0,1.0,False,0,120,20,6000,0.0,0.0033333333333333335,0.0,,
dna_repair_biased,MF,GO:0160041,neuropeptide activity,1.0,1.0,False,0,120,12,6000,0.0,0.002,0.0,,
dna_repair_biased,MF,GO:0160215,deacylase activity,1.0,1.0,False,0,120,18,6000,0.0,0.003,0.0,,
dna_repair_biased,MF,GO:0170055,lipid transmembrane transporter activity,1.0,1.0,False,0,120,21,6000,0.0,0.0035,0.0,,
dna_repair_biased,MF,GO:0180051,translation factor activity,1.0,1.0,False,0,120,26,6000,0.0,0.004333333333333333,0.0,,
dna_repair_biased,MF,GO:1901505,carbohydrate derivative transmembrane transporter activity,0.3462124237427534,1.0,False,1,120,21,6000,0.008333333333333333,0.0035,2.380952380952381,56262,56262
dna_repair_biased,MF,GO:1901681,sulfur compound binding,0.7160748336917495,1.0,False,1,120,62,6000,0.008333333333333333,0.010333333333333333,0.8064516129032258,84787,84787
dna_repair_biased,MF,GO:1901682,sulfur compound transmembrane transporter activity,1.0,1.0,False,0,120,22,6000,0.0,0.0036666666666666666,0.0,,
dna_repair_biased,MF,GO:1901981,phosphatidylinositol phosphate binding,0.6919262346105967,1.0,False,1,120,58,6000,0.008333333333333333,0.009666666666666667,0.8620689655172413,6861,6861
dna_repair_biased,MF,GO:1902936,phosphatidylinositol bisphosphate binding,0.5370351507111182,1.0,False,1,120,38,6000,0.008333333333333333,0.006333333333333333,1.3157894736842106,6861,6861
dna_repair_biased,MF,GO:1990756,ubiquitin-like ligase-substrate adaptor activity,1.0,1.0,False,0,120,49,6000,0.0,0.008166666666666666,0.0,,
dna_repair_biased,MF,GO:1990782,protein tyrosine kinase binding,1.0,1.0,False,0,120,38,6000,0.0,0.006333333333333333,0.0,,
