list,source,GO_ID,description,p_value,p_adjust_BH,significant,Count,query_size,background_term_size,effective_background_size,GeneRatio,BgRatio,FoldEnrichment,overlap_entrez_ids,overlap_input_ids
dna_repair_biased,BP,GO:0006281,DNA repair,2.267555679225781e-148,6.464801241472701e-145,True,90,120,116,6000,0.75,0.019333333333333334,38.79310344827586,328;1108;1137;1408;1643;1647;1763;2067;2072;2073;2074;2138;2967;2968;3146;4171;4438;4683;4869;5378;5426;5429;5438;5688;5692;5810;5889;5932;5980;5982;6119;6418;6421;7320;7486;8091;8505;9112;9401;9985;10039;10463;10535;10856;11044;11073;11144;11169;22992;23126;25788;25836;25988;27301;27339;29997;51750;54778;54780;54821;54840;55120;55159;55170;55317;55732;56160;58493;64859;78996;79621;80010;83695;83932;84083;84464;84787;84954;85015;92667;92815;126549;151636;165918;200558;221120;254394;254528;375748;728340,10039;10463;10535;10856;11044;11073;1108;11144;11169;1137;126549;1408;151636;1643;1647;165918;1763;200558;2067;2072;2073;2074;2138;221120;22992;23126;254394;254528;25788;25836;25988;27301;27339;2967;2968;29997;3146;328;375748;4171;4438;4683;4869;51750;5378;5426;5429;5438;54778;54780;54821;54840;55120;55159;55170;55317;55732;56160;5688;5692;5810;58493;5889;5932;5980;5982;6119;6418;6421;64859;728340;7320;7486;78996;79621;80010;8091;83695;83932;84083;84464;84787;84954;85015;8505;9112;92667;92815;9401;9985
dna_repair_biased,BP,GO:0006259,DNA metabolic process,3.908985592365128e-120,5.5722589619164904e-117,True,90,120,184,6000,0.75,0.030666666666666665,24.456521739130437,328;1108;1137;1408;1643;1647;1763;2067;2072;2073;2074;2138;2967;2968;3146;4171;4438;4683;4869;5378;5426;5429;5438;5688;5692;5810;5889;5932;5980;5982;6119;6418;6421;7320;7486;8091;8505;9112;9401;9985;10039;10463;10535;10856;11044;11073;11144;11169;22992;23126;25788;25836;25988;27301;27339;29997;51750;54778;54780;54821;54840;55120;55159;55170;55317;55732;56160;58493;64859;78996;79621;80010;83695;83932;84083;84464;84787;84954;85015;92667;92815;126549;151636;165918;200558;221120;254394;254528;375748;728340,10039;10463;10535;10856;11044;11073;1108;11144;11169;1137;126549;1408;151636;1643;1647;165918;1763;200558;2067;2072;2073;2074;2138;221120;22992;23126;254394;254528;25788;25836;25988;27301;27339;2967;2968;29997;3146;328;375748;4171;4438;4683;4869;51750;5378;5426;5429;5438;54778;54780;54821;54840;55120;55159;55170;55317;55732;56160;5688;5692;5810;58493;5889;5932;5980;5982;6119;6418;6421;64859;728340;7320;7486;78996;79621;80010;8091;83695;83932;84083;84464;84787;84954;85015;8505;9112;92667;92815;9401;9985
dna_repair_biased,BP,GO:0006974,DNA damage response,1.865003237739692e-116,1.7723747435986208e-113,True,91,120,206,6000,0.7583333333333333,0.034333333333333334,22.0873786407767,328;1108;1137;1408;1643;1647;1763;2067;2072;2073;2074;2138;2967;2968;3146;4171;4438;4683;4869;5378;5426;5429;5438;5688;5692;5810;5889;5932;5980;5982;6119;6418;6421;7320;7486;8091;8505;9112;9401;9985;10039;10463;10535;10856;11044;11073;11144;11169;22992;23126;25788;25836;25988;27301;27339;29997;51366;51750;54778;54780;54821;54840;55120;55159;55170;55317;55732;56160;58493;64859;78996;79621;80010;83695;83932;84083;84464;84787;84954;85015;92667;92815;126549;151636;165918;200558;221120;254394;254528;375748;728340,10039;10463;10535;10856;11044;11073;1108;11144;11169;1137;126549;1408;151636;1643;1647;165918;1763;200558;2067;2072;2073;2074;2138;221120;22992;23126;254394;254528;25788;25836;25988;27301;27339;2967;2968;29997;3146;328;375748;4171;4438;4683;4869;51366;51750;5378;5426;5429;5438;54778;54780;54821;54840;55120;55159;55170;55317;55732;56160;5688;5692;5810;58493;5889;5932;5980;5982;6119;6418;6421;64859;728340;7320;7486;78996;79621;80010;8091;83695;83932;84083;84464;84787;84954;85015;8505;9112;92667;92815;9401;9985
dna_repair_biased,BP,GO:0033554,cellular response to stress,1.4574288250876077e-86,1.0387823950811924e-83,True,95,120,454,6000,0.7916666666666666,0.07566666666666666,10.462555066079295,328;1108;1137;1408;1643;1647;1763;2067;2072;2073;2074;2138;2967;2968;3146;4171;4438;4683;4792;4869;5378;5426;5429;5438;5688;5692;5706;5810;5889;5932;5980;5982;6119;6418;6421;7320;7486;8091;8505;9112;9401;9985;10039;10463;10535;10856;11044;11073;11144;11169;22992;23126;25788;25836;25988;27301;27339;29997;30849;51366;51750;54778;54780;54821;54840;55120;55159;55170;55317;55732;56160;58493;64859;78996;79621;80010;81570;83695;83932;84083;84464;84787;84954;85015;92667;92815;126549;151636;165918;200558;221120;254394;254528;375748;728340,10039;10463;10535;10856;11044;11073;1108;11144;11169;1137;126549;1408;151636;1643;1647;165918;1763;200558;2067;2072;2073;2074;2138;221120;22992;23126;254394;254528;25788;25836;25988;27301;27339;2967;2968;29997;30849;3146;328;375748;4171;4438;4683;4792;4869;51366;51750;5378;5426;5429;5438;54778;54780;54821;54840;55120;55159;55170;55317;55732;56160;5688;5692;5706;5810;58493;5889;5932;5980;5982;6119;6418;6421;64859;728340;7320;7486;78996;79621;80010;8091;81570;83695;83932;84083;84464;84787;84954;85015;8505;9112;92667;92815;9401;9985
dna_repair_biased,BP,GO:0006302,double-strand break repair,9.550102257554914e-74,5.445468307257812e-71,True,47,120,58,6000,0.39166666666666666,0.009666666666666667,40.51724137931034,1108;1763;2067;2072;2073;2074;2138;3146;4171;4683;5889;5932;5980;6119;6421;7486;9112;9401;9985;10039;11044;11073;11144;22992;23126;25788;25836;27339;54780;55159;55317;55732;56160;58493;64859;78996;80010;83695;84464;84954;126549;151636;165918;200558;254394;254528;375748,10039;11044;11073;1108;11144;126549;151636;165918;1763;200558;2067;2072;2073;2074;2138;22992;23126;254394;254528;25788;25836;27339;3146;375748;4171;4683;54780;55159;55317;55732;56160;58493;5889;5932;5980;6119;6421;64859;7486;78996;80010;83695;84464;84954;9112;9401;9985
dna_repair_biased,BP,GO:0090304,nucleic acid metabolic process,4.611914439227003e-70,2.1914280110393643e-67,True,91,120,570,6000,0.7583333333333333,0.095,7.982456140350877,328;1108;1137;1408;1643;1647;1763;2067;2072;2073;2074;2138;2967;2968;3146;4171;4438;4683;4869;5378;5426;5429;5438;5688;5692;5810;5889;5932;5980;5982;6119;6418;6421;7320;7486;8091;8505;9112;9401;9985;10039;10463;10535;10856;11044;11073;11144;11169;22992;23126;25788;25836;25988;27301;27339;29890;29997;51750;54778;54780;54821;54840;55120;55159;55170;55317;55732;56160;58493;64859;78996;79621;80010;83695;83932;84083;84464;84787;84954;85015;92667;92815;126549;151636;165918;200558;221120;254394;254528;375748;728340,10039;10463;10535;10856;11044;11073;1108;11144;11169;1137;126549;1408;151636;1643;1647;165918;1763;200558;2067;2072;2073;2074;2138;221120;22992;23126;254394;254528;25788;25836;25988;27301;27339;2967;2968;29890;29997;3146;328;375748;4171;4438;4683;4869;51750;5378;5426;5429;5438;54778;54780;54821;54840;55120;55159;55170;55317;55732;56160;5688;5692;5810;58493;5889;5932;5980;5982;6119;6418;6421;64859;728340;7320;7486;78996;79621;80010;8091;83695;83932;84083;84464;84787;84954;85015;8505;9112;92667;92815;9401;9985
dna_repair_biased,BP,GO:0006950,response to stress,4.869120580809735e-61,1.9831232536983648e-58,True,98,120,901,6000,0.8166666666666667,0.15016666666666667,5.438401775804661,328;1108;1137;1408;1643;1647;1763;2067;2072;2073;2074;2138;2967;2968;3146;4068;4171;4438;4683;4792;4869;5378;5426;5429;5438;5688;5692;5706;5810;5889;5932;5980;5982;6119;6418;6421;7320;7486;8091;8505;9112;9306;9401;9985;10039;10463;10535;10856;11044;11073;11144;11169;22992;23126;25788;25836;25988;27301;27339;29997;30849;51366;51750;54778;54780;54821;54840;55120;55159;55170;55317;55732;56160;56262;58493;64859;78996;79621;80010;81570;83695;83932;84083;84464;84787;84954;85015;92667;92815;126549;151636;165918;200558;221120;254394;254528;375748;728340,10039;10463;10535;10856;11044;11073;1108;11144;11169;1137;126549;1408;151636;1643;1647;165918;1763;200558;2067;2072;2073;2074;2138;221120;22992;23126;254394;254528;25788;25836;25988;27301;27339;2967;2968;29997;30849;3146;328;375748;4068;4171;4438;4683;4792;4869;51366;51750;5378;5426;5429;5438;54778;54780;54821;54840;55120;55159;55170;55317;55732;56160;56262;5688;5692;5706;5810;58493;5889;5932;5980;5982;6119;6418;6421;64859;728340;7320;7486;78996;79621;80010;8091;81570;83695;83932;84083;84464;84787;84954;85015;8505;9112;92667;92815;9306;9401;9985
dna_repair_biased,BP,GO:0006139,nucleobase-containing compound metabolic process,9.634025685236286e-61,3.4333259035760815e-58,True,91,120,715,6000,0.7583333333333333,0.11916666666666667,6.363636363636363,328;1108;1137;1408;1643;1647;1763;2067;2072;2073;2074;2138;2967;2968;3146;4171;4438;4683;4869;5378;5426;5429;5438;5688;5692;5810;5889;5932;5980;5982;6119;6418;6421;7320;7486;8091;8505;9112;9401;9985;10039;10463;10535;10856;11044;11073;11144;11169;22992;23126;25788;25836;25988;27301;27339;29890;29997;51750;54778;54780;54821;54840;55120;55159;55170;55317;55732;56160;58493;64859;78996;79621;80010;83695;83932;84083;84464;84787;84954;85015;92667;92815;126549;151636;165918;200558;221120;254394;254528;375748;728340,10039;10463;10535;10856;11044;11073;1108;11144;11169;1137;126549;1408;151636;1643;1647;165918;1763;200558;2067;2072;2073;2074;2138;221120;22992;23126;254394;254528;25788;25836;25988;27301;27339;2967;2968;29890;29997;3146;328;375748;4171;4438;4683;4869;51750;5378;5426;5429;5438;54778;54780;54821;54840;55120;55159;55170;55317;55732;56160;5688;5692;5810;58493;5889;5932;5980;5982;6119;6418;6421;64859;728340;7320;7486;78996;79621;80010;8091;83695;83932;84083;84464;84787;84954;85015;8505;9112;92667;92815;9401;9985
dna_repair_biased,BP,GO:0006310,DNA recombination,1.8040456613315248e-50,5.714815756062419e-48,True,38,120,64,6000,0.31666666666666665,0.010666666666666666,29.6875,1108;2067;2072;2073;3146;4171;4438;4683;5889;5932;5980;6119;6421;7486;9401;9985;10856;11073;11144;23126;25788;25836;51750;54780;55159;55317;55732;56160;58493;64859;78996;80010;83695;84464;126549;165918;254394;254528,10856;11073;1108;11144;126549;165918;2067;2072;2073;23126;254394;254528;25788;25836;3146;4171;4438;4683;51750;54780;55159;55317;55732;56160;58493;5889;5932;5980;6119;6421;64859;7486;78996;80010;83695;84464;9401;9985
dna_repair_biased,BP,GO:0000725,recombinational repair,2.1337174018265044e-45,6.083228312607363e-43,True,29,120,35,6000,0.24166666666666667,0.005833333333333334,41.42857142857142,1108;2072;2073;4171;4683;5889;5932;5980;6119;6421;7486;9401;11073;11144;23126;25788;25836;54780;55159;55317;56160;58493;64859;80010;83695;84464;126549;254394;254528,11073;1108;11144;126549;2072;2073;23126;254394;254528;25788;25836;4171;4683;54780;55159;55317;56160;58493;5889;5932;5980;6119;6421;64859;7486;80010;83695;84464;9401
dna_repair_biased,BP,GO:0000724,double-strand break repair via homologous recombination,1.1466320431246114e-43,2.9718617772256975e-41,True,28,120,34,6000,0.23333333333333334,0.005666666666666667,41.17647058823529,1108;2072;2073;4171;4683;5889;5932;5980;6119;6421;7486;9401;11073;11144;23126;25788;25836;54780;55159;55317;56160;58493;64859;80010;84464;126549;254394;254528,11073;1108;11144;126549;2072;2073;23126;254394;254528;25788;25836;4171;4683;54780;55159;55317;56160;58493;5889;5932;5980;6119;6421;64859;7486;80010;84464;9401
dna_repair_biased,BP,GO:0043170,macromolecule metabolic process,4.0175996984546835e-41,9.545147283578585e-39,True,97,120,1403,6000,0.8083333333333333,0.23383333333333334,3.4568781183178903,328;1108;1137;1408;1643;1647;1763;2067;2072;2073;2074;2138;2967;2968;3146;4171;4438;4683;4869;5378;5426;5429;5438;5688;5692;5706;5810;5889;5932;5980;5982;6119;6418;6421;7320;7486;8091;8505;9112;9149;9306;9325;9401;9985;10039;10463;10535;10856;11044;11073;11144;11169;22992;23126;25788;25836;25988;27301;27339;29890;29997;30849;51366;51750;54778;54780;54821;54840;55120;55159;55170;55317;55732;56160;58493;64859;78996;79621;80010;83695;83932;84083;84464;84787;84954;85015;92667;92815;126549;151636;165918;200558;221120;254394;254528;375748;728340,10039;10463;10535;10856;11044;11073;1108;11144;11169;1137;126549;1408;151636;1643;1647;165918;1763;200558;2067;2072;2073;2074;2138;221120;22992;23126;254394;254528;25788;25836;25988;27301;27339;2967;2968;29890;29997;30849;3146;328;375748;4171;4438;4683;4869;51366;51750;5378;5426;5429;5438;54778;54780;54821;54840;55120;55159;55170;55317;55732;56160;5688;5692;5706;5810;58493;5889;5932;5980;5982;6119;6418;6421;64859;728340;7320;7486;78996;79621;80010;8091;83695;83932;84083;84464;84787;84954;85015;8505;9112;9149;92667;92815;9306;9325;9401;9985
dna_repair_biased,BP,GO:0051716,cellular response to stimulus,3.019057766558698e-38,6.621025917276037e-36,True,103,120,1777,6000,0.8583333333333333,0.2961666666666667,2.8981429375351713,328;1108;1137;1408;1643;1647;1763;2067;2072;2073;2074;2138;2967;2968;3146;4171;4438;4683;4792;4869;5378;5426;5429;5438;5688;5692;5706;5810;5889;5932;5980;5982;6091;6119;6418;6421;7320;7486;8091;8505;9112;9306;9325;9401;9874;9985;10039;10463;10535;10856;11044;11069;11073;11144;11169;22992;23126;25788;25836;25988;27301;27339;29997;30849;51366;51750;54778;54780;54821;54840;55120;55159;55170;55317;55732;56160;58493;64859;78996;79621;80010;81570;83695;83932;84083;84464;84787;84954;85015;92667;92815;94056;120863;126549;151636;165918;200558;219875;221120;254394;254528;375748;728340,10039;10463;10535;10856;11044;11069;11073;1108;11144;11169;1137;120863;126549;1408;151636;1643;1647;165918;1763;200558;2067;2072;2073;2074;2138;219875;221120;22992;23126;254394;254528;25788;25836;25988;27301;27339;2967;2968;29997;30849;3146;328;375748;4171;4438;4683;4792;4869;51366;51750;5378;5426;5429;5438;54778;54780;54821;54840;55120;55159;55170;55317;55732;56160;5688;5692;5706;5810;58493;5889;5932;5980;5982;6091;6119;6418;6421;64859;728340;7320;7486;78996;79621;80010;8091;81570;83695;83932;84083;84464;84787;84954;85015;8505;9112;92667;92815;9306;9325;9401;94056;9874;9985
dna_repair_biased,BP,GO:0044238,primary metabolic process,3.655479012530001e-31,7.444121903373595e-29,True,97,120,1801,6000,0.8083333333333333,0.3001666666666667,2.692948362021099,328;1108;1137;1408;1643;1647;1763;2067;2072;2073;2074;2138;2967;2968;3146;4171;4438;4683;4869;5378;5426;5429;5438;5688;5692;5706;5810;5889;5932;5980;5982;6119;6418;6421;7320;7486;8091;8505;9112;9149;9306;9325;9401;9985;10039;10463;10535;10856;11044;11073;11144;11169;22992;23126;25788;25836;25988;27301;27339;29890;29997;30849;51366;51750;54778;54780;54821;54840;55120;55159;55170;55317;55732;56160;58493;64859;78996;79621;80010;83695;83932;84083;84464;84787;84954;85015;92667;92815;126549;151636;165918;200558;221120;254394;254528;375748;728340,10039;10463;10535;10856;11044;11073;1108;11144;11169;1137;126549;1408;151636;1643;1647;165918;1763;200558;2067;2072;2073;2074;2138;221120;22992;23126;254394;254528;25788;25836;25988;27301;27339;2967;2968;29890;29997;30849;3146;328;375748;4171;4438;4683;4869;51366;51750;5378;5426;5429;5438;54778;54780;54821;54840;55120;55159;55170;55317;55732;56160;5688;5692;5706;5810;58493;5889;5932;5980;5982;6119;6418;6421;64859;728340;7320;7486;78996;79621;80010;8091;83695;83932;84083;84464;84787;84954;85015;8505;9112;9149;92667;92815;9306;9325;9401;9985
dna_repair_biased,BP,GO:0006260,DNA replication,6.706877954500525e-27,1.2747539365520665e-24,True,24,120,57,6000,0.2,0.0095,21.05263157894737,1763;4171;4683;5426;5429;5889;5932;5980;5982;6119;6418;7320;7486;9401;10535;11073;11169;51750;55159;83932;84083;84464;92667;254394,10535;11073;11169;1763;254394;4171;4683;51750;5426;5429;55159;5889;5932;5980;5982;6119;6418;7320;7486;83932;84083;84464;92667;9401
dna_repair_biased,BP,GO:0006303,double-strand break repair via nonhomologous end joining,4.890699887739794e-22,8.714615862466346e-20,True,14,120,17,6000,0.11666666666666667,0.0028333333333333335,41.17647058823529,2067;2072;2074;3146;4683;10039;11073;22992;27339;78996;83695;165918;200558;375748,10039;11073;165918;200558;2067;2072;2074;22992;27339;3146;375748;4683;78996;83695
dna_repair_biased,BP,GO:0006289,nucleotide-excision repair,6.5770900909372305e-22,1.1030166970154143e-19,True,15,120,21,6000,0.125,0.0035,35.714285714285715,1643;2067;2072;2073;2074;2967;2968;5426;5438;6119;10463;54778;84464;85015;728340,10463;1643;2067;2072;2073;2074;2967;2968;5426;5438;54778;6119;728340;84464;85015
dna_repair_biased,BP,GO:0009314,response to radiation,2.3787852318822105e-21,3.7677314978312124e-19,True,25,120,101,6000,0.20833333333333334,0.016833333333333332,12.376237623762378,1408;1643;1647;2067;2072;2073;2138;4869;5429;5810;7320;7486;9112;10856;11073;25836;55159;56160;58493;64859;83695;83932;84083;92815;165918,10856;11073;1408;1643;1647;165918;2067;2072;2073;2138;25836;4869;5429;55159;56160;5810;58493;64859;7320;7486;83695;83932;84083;9112;92815
dna_repair_biased,BP,GO:0006284,base-excision repair,4.2959164932540245e-21,6.446135748561696e-19,True,13,120,15,6000,0.10833333333333334,0.0025,43.333333333333336,328;1763;2073;2074;3146;5426;6119;6418;7486;8091;8505;27301;55170,1763;2073;2074;27301;3146;328;5426;55170;6119;6418;7486;8091;8505
dna_repair_biased,BP,GO:0006261,DNA-templated DNA replication,2.4834726070993474e-19,3.5401902014201196e-17,True,17,120,40,6000,0.14166666666666666,0.006666666666666667,21.249999999999996,1763;4171;4683;5426;5889;5932;5980;5982;7486;10535;11073;11169;51750;55159;84083;92667;254394,10535;11073;11169;1763;254394;4171;4683;51750;5426;55159;5889;5932;5980;5982;7486;84083;92667
dna_repair_biased,BP,GO:0051052,regulation of DNA metabolic process,7.148962295575412e-19,9.70556738318357e-17,True,26,120,139,6000,0.21666666666666667,0.023166666666666665,9.352517985611511,1763;2067;2072;2074;2138;3146;4171;4683;5429;5982;7486;8091;8505;10039;10856;51750;54780;54840;55732;56160;78996;84464;84787;126549;165918;200558,10039;10856;126549;165918;1763;200558;2067;2072;2074;2138;3146;4171;4683;51750;5429;54780;54840;55732;56160;5982;7486;78996;8091;84464;84787;8505
dna_repair_biased,BP,GO:0035825,homologous recombination,1.2551835841909885e-18,1.6266038175129583e-16,True,14,120,24,6000,0.11666666666666667,0.004,29.166666666666668,2072;4438;4683;5889;5932;9985;11073;11144;25788;55732;80010;84464;126549;254528,11073;11144;126549;2072;254528;25788;4438;4683;55732;5889;5932;80010;84464;9985
dna_repair_biased,BP,GO:0007049,cell cycle,2.1714523599813143e-17,2.6916568166550986e-15,True,32,120,262,6000,0.26666666666666666,0.043666666666666666,6.106870229007634,1763;2072;4171;4438;4683;4869;5426;5692;5810;5889;5932;7486;9874;9985;11044;11073;11144;11169;23126;25788;25836;25988;29997;51750;55159;55732;58493;64859;80010;84464;126549;254528,11044;11073;11144;11169;126549;1763;2072;23126;254528;25788;25836;25988;29997;4171;4438;4683;4869;51750;5426;55159;55732;5692;5810;58493;5889;5932;64859;7486;80010;84464;9874;9985
dna_repair_biased,BP,GO:0022402,cell cycle process,8.572052688810954e-17,1.0182884256583346e-14,True,30,120,236,6000,0.25,0.03933333333333333,6.3559322033898304,1763;2072;4171;4438;4683;4869;5426;5810;5889;5932;7486;9874;9985;11044;11073;11144;23126;25788;25836;25988;29997;51750;55159;55732;58493;64859;80010;84464;126549;254528,11044;11073;11144;126549;1763;2072;23126;254528;25788;25836;25988;29997;4171;4438;4683;4869;51750;5426;55159;55732;5810;58493;5889;5932;64859;7486;80010;84464;9874;9985
dna_repair_biased,BP,GO:0000075,cell cycle checkpoint signaling,5.515446315008863e-16,6.289814977636107e-14,True,15,120,41,6000,0.125,0.006833333333333334,18.29268292682927,1763;2074;4683;5810;5932;5982;11073;25988;27339;29997;55159;58493;64859;83695;151636,11073;151636;1763;2074;25988;27339;29997;4683;55159;5810;58493;5932;5982;64859;83695
dna_repair_biased,BP,GO:0009411,response to UV,1.2357805110526533e-15,1.3550808603888902e-13,True,14,120,35,6000,0.11666666666666667,0.005833333333333334,20.0,1643;2067;2072;2073;4869;5429;7320;7486;10856;56160;83695;83932;84083;92815,10856;1643;2067;2072;2073;4869;5429;56160;7320;7486;83695;83932;84083;92815
dna_repair_biased,BP,GO:0009628,response to abiotic stimulus,1.3094264273540877e-15,1.382657312735742e-13,True,30,120,260,6000,0.25,0.043333333333333335,5.769230769230769,1137;1408;1643;1647;2067;2072;2073;2138;4792;4869;5429;5810;7320;7486;9112;10856;11073;25836;29997;55159;56160;56262;58493;64859;81570;83695;83932;84083;92815;165918,10856;11073;1137;1408;1643;1647;165918;2067;2072;2073;2138;25836;29997;4792;4869;5429;55159;56160;56262;5810;58493;64859;7320;7486;81570;83695;83932;84083;9112;92815
dna_repair_biased,BP,GO:0045005,DNA-templated DNA replication maintenance of fidelity,1.4418671916809224e-15,1.4681297726722533e-13,True,11,120,17,6000,0.09166666666666666,0.0028333333333333335,32.35294117647059,1763;4683;5426;5889;5932;7486;10535;51750;55159;84083;254394,10535;1763;254394;4683;51750;5426;55159;5889;5932;7486;84083
dna_repair_biased,BP,GO:0031570,DNA integrity checkpoint signaling,5.185265735444052e-15,5.097652624741722e-13,True,12,120,24,6000,0.1,0.004,25.0,1763;2074;4683;5810;5982;11073;25988;27339;29997;55159;83695;151636,11073;151636;1763;2074;25988;27339;29997;4683;55159;5810;5982;83695
dna_repair_biased,BP,GO:0000723,telomere maintenance,6.455149262894613e-15,6.134543516170847e-13,True,13,120,31,6000,0.10833333333333334,0.005166666666666667,20.967741935483872,328;1763;2067;2072;4683;5889;6119;7486;9401;10039;10856;51750;84464,10039;10856;1763;2067;2072;328;4683;51750;5889;6119;7486;84464;9401
dna_repair_biased,BP,GO:0051276,chromosome organization,2.6975349945512765e-14,2.480862022408287e-12,True,21,120,126,6000,0.175,0.021,8.333333333333332,328;1763;2067;2072;3146;4683;5889;6119;7486;9401;9985;10039;10856;11044;11073;11144;23126;25836;51750;84464;254528,10039;10856;11044;11073;11144;1763;2067;2072;23126;254528;25836;3146;328;4683;51750;5889;6119;7486;84464;9401;9985
dna_repair_biased,BP,GO:0007131,reciprocal meiotic recombination,3.841811968584911e-14,3.3190927037683583e-12,True,11,120,21,6000,0.09166666666666666,0.0035,26.19047619047619,2072;4438;5889;9985;11144;25788;55732;80010;84464;126549;254528,11144;126549;2072;254528;25788;4438;55732;5889;80010;84464;9985
dna_repair_biased,BP,GO:0140527,reciprocal homologous recombination,3.841811968584911e-14,3.3190927037683583e-12,True,11,120,21,6000,0.09166666666666666,0.0035,26.19047619047619,2072;4438;5889;9985;11144;25788;55732;80010;84464;126549;254528,11144;126549;2072;254528;25788;4438;55732;5889;80010;84464;9985
dna_repair_biased,BP,GO:1901988,negative regulation of cell cycle phase transition,4.451434339001194e-14,3.732658617791884e-12,True,15,120,53,6000,0.125,0.008833333333333334,14.150943396226415,1763;2074;4683;5810;5932;5982;11073;25988;27339;29997;55159;58493;64859;83695;151636,11073;151636;1763;2074;25988;27339;29997;4683;55159;5810;58493;5932;5982;64859;83695
dna_repair_biased,BP,GO:0006282,regulation of DNA repair,5.189809020996483e-14,4.110040421905826e-12,True,16,120,64,6000,0.13333333333333333,0.010666666666666666,12.5,2074;2138;3146;4683;5429;8091;8505;10039;10856;51750;54840;55732;78996;84787;165918;200558,10039;10856;165918;200558;2074;2138;3146;4683;51750;5429;54840;55732;78996;8091;84787;8505
dna_repair_biased,BP,GO:0010948,negative regulation of cell cycle process,5.189809020996483e-14,4.110040421905826e-12,True,16,120,64,6000,0.13333333333333333,0.010666666666666666,12.5,1763;2074;4683;4869;5810;5932;5982;11073;25988;27339;29997;55159;58493;64859;83695;151636,11073;151636;1763;2074;25988;27339;29997;4683;4869;55159;5810;58493;5932;5982;64859;83695
dna_repair_biased,BP,GO:0010212,response to ionizing radiation,5.4542809707250404e-14,4.202744607442457e-12,True,12,120,28,6000,0.1,0.004666666666666667,21.428571428571427,1647;2138;5810;7486;9112;11073;25836;55159;58493;64859;83695;165918,11073;1647;165918;2138;25836;55159;5810;58493;64859;7486;83695;9112
dna_repair_biased,BP,GO:1901987,regulation of cell cycle phase transition,1.8601653382749107e-13,1.395613520900466e-11,True,19,120,108,6000,0.15833333333333333,0.018,8.796296296296296,1763;2074;4683;4869;5688;5692;5810;5889;5932;5982;11073;25988;27339;29997;55159;58493;64859;83695;151636,11073;151636;1763;2074;25988;27339;29997;4683;4869;55159;5688;5692;5810;58493;5889;5932;5982;64859;83695
dna_repair_biased,BP,GO:0032200,telomere organization,2.2231287687568968e-13,1.584535029931478e-11,True,13,120,39,6000,0.10833333333333334,0.0065,16.666666666666668,328;1763;2067;2072;4683;5889;6119;7486;9401;10039;10856;51750;84464,10039;10856;1763;2067;2072;328;4683;51750;5889;6119;7486;84464;9401
dna_repair_biased,BP,GO:0071478,cellular response to radiation,2.2231287687568968e-13,1.584535029931478e-11,True,13,120,39,6000,0.10833333333333334,0.0065,16.666666666666668,1408;1643;1647;2067;2072;4869;5810;7486;10856;25836;56160;83695;92815,10856;1408;1643;1647;2067;2072;25836;4869;56160;5810;7486;83695;92815
dna_repair_biased,BP,GO:0006325,chromatin organization,3.195089570600665e-13,2.2217561867762187e-11,True,26,120,233,6000,0.21666666666666667,0.03883333333333333,5.579399141630902,328;1108;2074;2138;3146;4683;4869;6418;6421;8091;9112;10856;11073;22992;25836;29890;51366;54780;55170;56160;83695;84787;92815;151636;165918;200558,10856;11073;1108;151636;165918;200558;2074;2138;22992;25836;29890;3146;328;4683;4869;51366;54780;55170;56160;6418;6421;8091;83695;84787;9112;92815
dna_repair_biased,BP,GO:0000077,DNA damage checkpoint signaling,5.571660992434237e-13,3.7820965451023835e-11,True,10,120,19,6000,0.08333333333333333,0.0031666666666666666,26.31578947368421,2074;4683;5810;11073;25988;27339;29997;55159;83695;151636,11073;151636;2074;25988;27339;29997;4683;55159;5810;83695
dna_repair_biased,BP,GO:0010564,regulation of cell cycle process,6.429596293107725e-13,4.2629718678256105e-11,True,23,120,182,6000,0.19166666666666668,0.030333333333333334,6.318681318681319,1763;2074;4683;4869;5688;5692;5810;5889;5932;5982;8091;10039;11073;25988;27339;29997;30849;55159;55170;58493;64859;83695;151636,10039;11073;151636;1763;2074;25988;27339;29997;30849;4683;4869;55159;55170;5688;5692;5810;58493;5889;5932;5982;64859;8091;83695
dna_repair_biased,BP,GO:0009416,response to light stimulus,9.429556629058411e-13,6.109924079419438e-11,True,16,120,76,6000,0.13333333333333333,0.012666666666666666,10.526315789473685,1408;1643;2067;2072;2073;4869;5429;7320;7486;9112;10856;56160;83695;83932;84083;92815,10856;1408;1643;2067;2072;2073;4869;5429;56160;7320;7486;83695;83932;84083;9112;92815
dna_repair_biased,BP,GO:0036297,interstrand cross-link repair,3.1798682351345608e-12,2.0146231863041404e-10,True,8,120,11,6000,0.06666666666666667,0.0018333333333333333,36.36363636363637,2072;55120;55159;55732;83932;165918;254394;375748,165918;2072;254394;375748;55120;55159;55732;83932
dna_repair_biased,BP,GO:0045786,negative regulation of cell cycle,8.592317231986951e-12,5.325368788781477e-10,True,16,120,87,6000,0.13333333333333333,0.0145,9.195402298850574,1763;2074;4683;4869;5810;5932;5982;11073;25988;27339;29997;55159;58493;64859;83695;151636,11073;151636;1763;2074;25988;27339;29997;4683;4869;55159;5810;58493;5932;5982;64859;83695
dna_repair_biased,BP,GO:0051054,positive regulation of DNA metabolic process,1.379236765478873e-11,8.366391528468653e-10,True,15,120,76,6000,0.125,0.012666666666666666,9.868421052631579,1763;2067;2074;2138;3146;4683;5982;7486;10039;10856;51750;78996;84464;84787;165918,10039;10856;165918;1763;2067;2074;2138;3146;4683;51750;5982;7486;78996;84464;84787
dna_repair_biased,BP,GO:0080135,regulation of cellular response to stress,2.0061513353380257e-11,1.1915703035518149e-09,True,19,120,139,6000,0.15833333333333333,0.023166666666666665,6.83453237410072,2067;2072;2074;2138;3146;4683;5429;8091;8505;10039;10856;51750;54840;55159;55732;78996;84787;165918;200558,10039;10856;165918;200558;2067;2072;2074;2138;3146;4683;51750;5429;54840;55159;55732;78996;8091;84787;8505
dna_repair_biased,BP,GO:0031297,replication fork processing,2.398580533494889e-11,1.395582265508965e-09,True,8,120,13,6000,0.06666666666666667,0.0021666666666666666,30.76923076923077,1763;4683;5889;5932;7486;51750;55159;84083,1763;4683;51750;55159;5889;5932;7486;84083
dna_repair_biased,BP,GO:0019219,regulation of nucleobase-containing compound metabolic process,2.550771581490248e-11,1.4544499557657395e-09,True,53,120,1088,6000,0.44166666666666665,0.18133333333333335,2.4356617647058822,328;1108;1408;1647;1763;2067;2072;2074;2138;2967;3146;4171;4683;4792;4869;5429;5706;5932;5982;6418;6421;7486;8091;8505;9112;9149;9325;10039;10463;10856;11044;22992;23126;25836;25988;29890;29997;51750;54780;54840;55170;55732;55734;56160;78996;84464;84787;126549;151636;165918;200558;342908;388536,10039;10463;10856;11044;1108;126549;1408;151636;1647;165918;1763;200558;2067;2072;2074;2138;22992;23126;25836;25988;2967;29890;29997;3146;328;342908;388536;4171;4683;4792;4869;51750;5429;54780;54840;55170;55732;55734;56160;5706;5932;5982;6418;6421;7486;78996;8091;84464;84787;8505;9112;9149;9325
dna_repair_biased,BP,GO:0006338,chromatin remodeling,4.9322580463230604e-11,2.7572289588366754e-09,True,22,120,203,6000,0.18333333333333332,0.03383333333333333,5.41871921182266,328;1108;2074;2138;3146;4683;4869;6418;6421;8091;9112;10856;22992;25836;29890;51366;55170;84787;92815;151636;165918;200558,10856;1108;151636;165918;200558;2074;2138;22992;25836;29890;3146;328;4683;4869;51366;55170;6418;6421;8091;84787;9112;92815
dna_repair_biased,BP,GO:0051726,regulation of cell cycle,6.423524905720855e-11,3.521821058886569e-09,True,25,120,270,6000,0.20833333333333334,0.045,4.62962962962963,1647;1763;2074;4683;4869;5688;5692;5810;5889;5932;5982;8091;10039;10856;11073;25988;27339;29997;30849;55159;55170;58493;64859;83695;151636,10039;10856;11073;151636;1647;1763;2074;25988;27339;29997;30849;4683;4869;55159;55170;5688;5692;5810;58493;5889;5932;5982;64859;8091;83695
dna_repair_biased,BP,GO:0042770,signal transduction in response to DNA damage,9.844816999053878e-11,5.197698752648631e-09,True,11,120,38,6000,0.09166666666666666,0.006333333333333333,14.473684210526315,1647;2074;4683;5810;11073;25988;27339;29997;55159;83695;151636,11073;151636;1647;2074;25988;27339;29997;4683;55159;5810;83695
dna_repair_biased,BP,GO:0051053,negative regulation of DNA metabolic process,9.844816999053878e-11,5.197698752648631e-09,True,11,120,38,6000,0.09166666666666666,0.006333333333333333,14.473684210526315,2067;2072;2074;4683;8091;10039;51750;55732;78996;84464;126549,10039;126549;2067;2072;2074;4683;51750;55732;78996;8091;84464
dna_repair_biased,BP,GO:0007127,meiosis I,1.3483462683276228e-10,6.9893367472764594e-09,True,11,120,39,6000,0.09166666666666666,0.0065,14.102564102564102,2072;4438;5889;9985;11144;25788;55732;80010;84464;126549;254528,11144;126549;2072;254528;25788;4438;55732;5889;80010;84464;9985
dna_repair_biased,BP,GO:0051321,meiotic cell cycle,1.5460484158484576e-10,7.8710429171142e-09,True,13,120,62,6000,0.10833333333333334,0.010333333333333333,10.483870967741936,2072;4438;5692;5810;5889;9985;11144;25788;55732;80010;84464;126549;254528,11144;126549;2072;254528;25788;4438;55732;5692;5810;5889;80010;84464;9985
dna_repair_biased,BP,GO:0061982,meiosis I cell cycle process,1.8287336294037547e-10,9.146876451631763e-09,True,11,120,40,6000,0.09166666666666666,0.006666666666666667,13.749999999999998,2072;4438;5889;9985;11144;25788;55732;80010;84464;126549;254528,11144;126549;2072;254528;25788;4438;55732;5889;80010;84464;9985
dna_repair_biased,BP,GO:1903046,meiotic cell cycle process,3.1417376136877454e-10,1.5443265407972003e-08,True,12,120,53,6000,0.1,0.008833333333333334,11.320754716981133,2072;4438;5810;5889;9985;11144;25788;55732;80010;84464;126549;254528,11144;126549;2072;254528;25788;4438;55732;5810;5889;80010;84464;9985
dna_repair_biased,BP,GO:0140013,meiotic nuclear division,1.2245613286572876e-09,5.9173294033930966e-08,True,11,120,47,6000,0.09166666666666666,0.007833333333333333,11.702127659574469,2072;4438;5889;9985;11144;25788;55732;80010;84464;126549;254528,11144;126549;2072;254528;25788;4438;55732;5889;80010;84464;9985
dna_repair_biased,BP,GO:0034644,cellular response to UV,1.2739644883148792e-09,6.053454593642868e-08,True,8,120,19,6000,0.06666666666666667,0.0031666666666666666,21.05263157894737,1643;2067;2072;4869;10856;56160;83695;92815,10856;1643;2067;2072;4869;56160;83695;92815
dna_repair_biased,BP,GO:0071482,cellular response to light stimulus,1.900882777770953e-09,8.88428983512293e-08,True,9,120,28,6000,0.075,0.004666666666666667,16.07142857142857,1408;1643;2067;2072;4869;10856;56160;83695;92815,10856;1408;1643;2067;2072;4869;56160;83695;92815
dna_repair_biased,BP,GO:0060255,regulation of macromolecule metabolic process,1.9993505924869823e-09,9.193787966419978e-08,True,62,120,1578,6000,0.5166666666666667,0.263,1.9645120405576681,58;328;1108;1408;1647;1763;2067;2072;2074;2138;2967;3146;4171;4683;4792;4869;5429;5688;5692;5706;5932;5982;6091;6418;6421;7486;8091;8505;9112;9149;9325;10039;10463;10856;11044;22992;23126;25836;25988;29890;29997;51366;51750;54780;54840;55170;55732;55734;56160;78996;83932;84464;84787;92815;94056;126549;151636;165918;200558;221120;342908;388536,10039;10463;10856;11044;1108;126549;1408;151636;1647;165918;1763;200558;2067;2072;2074;2138;221120;22992;23126;25836;25988;2967;29890;29997;3146;328;342908;388536;4171;4683;4792;4869;51366;51750;5429;54780;54840;55170;55732;55734;56160;5688;5692;5706;58;5932;5982;6091;6418;6421;7486;78996;8091;83932;84464;84787;8505;9112;9149;92815;9325;94056
dna_repair_biased,BP,GO:0080090,regulation of primary metabolic process,2.580486749551664e-09,1.1677726544399672e-07,True,58,120,1423,6000,0.48333333333333334,0.23716666666666666,2.037947997189037,328;1108;1408;1647;1763;2067;2072;2074;2138;2967;3146;4171;4683;4792;4869;5429;5688;5692;5706;5932;5982;6418;6421;7486;8091;8505;9112;9149;9325;10039;10463;10856;11044;22992;23126;25836;25988;29890;29997;51750;54780;54840;55170;55732;55734;56160;78996;83932;84464;84787;94056;126549;151636;165918;200558;221120;342908;388536,10039;10463;10856;11044;1108;126549;1408;151636;1647;165918;1763;200558;2067;2072;2074;2138;221120;22992;23126;25836;25988;2967;29890;29997;3146;328;342908;388536;4171;4683;4792;4869;51750;5429;54780;54840;55170;55732;55734;56160;5688;5692;5706;5932;5982;6418;6421;7486;78996;8091;83932;84464;84787;8505;9112;9149;9325;94056
dna_repair_biased,BP,GO:0045934,negative regulation of nucleobase-containing compound metabolic process,3.4172998881384903e-09,1.5223003095441932e-07,True,31,120,488,6000,0.25833333333333336,0.08133333333333333,3.176229508196722,328;1108;1408;1647;2067;2072;2074;3146;4683;4792;5932;6418;6421;8091;9112;10039;10856;11044;22992;25836;25988;29890;29997;51750;55170;55732;56160;78996;84464;126549;165918,10039;10856;11044;1108;126549;1408;1647;165918;2067;2072;2074;22992;25836;25988;29890;29997;3146;328;4683;4792;51750;55170;55732;56160;5932;6418;6421;78996;8091;84464;9112
dna_repair_biased,BP,GO:0032204,regulation of telomere maintenance,9.75874673374989e-09,4.280336451987837e-07,True,9,120,33,6000,0.075,0.0055,13.636363636363637,2067;2072;4683;10039;10856;51750;54780;56160;84464,10039;10856;2067;2072;4683;51750;54780;56160;84464
dna_repair_biased,BP,GO:0034502,protein localization to chromosome,1.6488335958157012e-08,6.969302539938312e-07,True,8,120,25,6000,0.06666666666666667,0.004166666666666667,16.0,2074;4683;10039;11073;78996;83695;200558;254394,10039;11073;200558;2074;254394;4683;78996;83695
dna_repair_biased,BP,GO:0071214,cellular response to abiotic stimulus,1.662267880448282e-08,6.969302539938312e-07,True,13,120,89,6000,0.10833333333333334,0.014833333333333334,7.303370786516854,1408;1643;1647;2067;2072;4869;5810;7486;10856;25836;56160;83695;92815,10856;1408;1643;1647;2067;2072;25836;4869;56160;5810;7486;83695;92815
dna_repair_biased,BP,GO:0104004,cellular response to environmental stimulus,1.662267880448282e-08,6.969302539938312e-07,True,13,120,89,6000,0.10833333333333334,0.014833333333333334,7.303370786516854,1408;1643;1647;2067;2072;4869;5810;7486;10856;25836;56160;83695;92815,10856;1408;1643;1647;2067;2072;25836;4869;56160;5810;7486;83695;92815
dna_repair_biased,BP,GO:0000280,nuclear division,1.9105172943958037e-08,7.894035951191937e-07,True,13,120,90,6000,0.10833333333333334,0.015,7.222222222222222,2072;4438;5889;9985;11044;11144;25788;25836;55732;80010;84464;126549;254528,11044;11144;126549;2072;254528;25788;25836;4438;55732;5889;80010;84464;9985
dna_repair_biased,BP,GO:0045739,positive regulation of DNA repair,2.9431898452521117e-08,1.1987191784019673e-06,True,9,120,37,6000,0.075,0.006166666666666667,12.162162162162161,2074;2138;3146;4683;10039;10856;78996;84787;165918,10039;10856;165918;2074;2138;3146;4683;78996;84787
dna_repair_biased,BP,GO:0019222,regulation of metabolic process,3.0006213364537354e-08,1.2048973845393801e-06,True,63,120,1726,6000,0.525,0.2876666666666667,1.825028968713789,58;328;1108;1408;1647;1763;2067;2072;2074;2138;2967;3146;4171;4683;4792;4869;5429;5688;5692;5706;5932;5982;6091;6418;6421;7486;8091;8505;9112;9149;9325;10039;10463;10856;11044;22992;23126;25836;25988;29890;29997;30849;51366;51750;54780;54840;55170;55732;55734;56160;78996;83932;84464;84787;92815;94056;126549;151636;165918;200558;221120;342908;388536,10039;10463;10856;11044;1108;126549;1408;151636;1647;165918;1763;200558;2067;2072;2074;2138;221120;22992;23126;25836;25988;2967;29890;29997;30849;3146;328;342908;388536;4171;4683;4792;4869;51366;51750;5429;54780;54840;55170;55732;55734;56160;5688;5692;5706;58;5932;5982;6091;6418;6421;7486;78996;8091;83932;84464;84787;8505;9112;9149;92815;9325;94056
dna_repair_biased,BP,GO:0032205,negative regulation of telomere maintenance,4.731456697461008e-08,1.8735254228418521e-06,True,6,120,12,6000,0.05,0.002,25.0,2067;2072;4683;10039;51750;84464,10039;2067;2072;4683;51750;84464
dna_repair_biased,BP,GO:2000779,regulation of double-strand break repair,6.151122077363667e-08,2.4023080880224404e-06,True,9,120,40,6000,0.075,0.006666666666666667,11.249999999999998,2074;4683;8091;10039;10856;51750;55732;78996;84787,10039;10856;2074;4683;51750;55732;78996;8091;84787
dna_repair_biased,BP,GO:0048285,organelle fission,7.885118214545258e-08,3.037901625630883e-06,True,13,120,101,6000,0.10833333333333334,0.016833333333333332,6.435643564356436,2072;4438;5889;9985;11044;11144;25788;25836;55732;80010;84464;126549;254528,11044;11144;126549;2072;254528;25788;25836;4438;55732;5889;80010;84464;9985
dna_repair_biased,BP,GO:1902749,regulation of cell cycle G2/M phase transition,8.206515874783295e-08,3.1195702345342897e-06,True,8,120,30,6000,0.06666666666666667,0.005,13.333333333333332,4683;4869;5889;5932;11073;29997;58493;64859,11073;29997;4683;4869;58493;5889;5932;64859
dna_repair_biased,BP,GO:0044818,mitotic G2/M transition checkpoint,8.643919708564134e-08,3.2426072485679404e-06,True,6,120,13,6000,0.05,0.0021666666666666666,23.07692307692308,4683;5932;11073;29997;58493;64859,11073;29997;4683;58493;5932;64859
dna_repair_biased,BP,GO:0035556,intracellular signal transduction,1.1849448197535295e-07,4.387373611840666e-06,True,29,120,505,6000,0.24166666666666667,0.08416666666666667,2.871287128712871,1408;1647;1763;2074;4683;4792;4869;5810;5932;5982;8091;9306;9325;9874;11069;11073;25988;27339;29997;30849;51366;55159;58493;64859;81570;83695;94056;120863;151636,11069;11073;120863;1408;151636;1647;1763;2074;25988;27339;29997;30849;4683;4792;4869;51366;55159;5810;58493;5932;5982;64859;8091;81570;83695;9306;9325;94056;9874
dna_repair_biased,BP,GO:0016043,cellular component organization,1.2631336063549463e-07,4.6169152714332716e-06,True,57,120,1530,6000,0.475,0.255,1.8627450980392155,58;328;1108;1763;2067;2072;2074;2138;3146;4438;4683;4869;5889;6091;6119;6418;6421;7486;8091;9112;9325;9401;9874;9985;10039;10856;11034;11044;11073;11144;22992;23126;25788;25836;27339;29890;29997;30849;51366;51750;54780;55170;55317;55732;56160;56262;80010;83695;84464;84787;92815;126549;151636;165918;200558;254528;374864,10039;10856;11034;11044;11073;1108;11144;126549;151636;165918;1763;200558;2067;2072;2074;2138;22992;23126;254528;25788;25836;27339;29890;29997;30849;3146;328;374864;4438;4683;4869;51366;51750;54780;55170;55317;55732;56160;56262;58;5889;6091;6119;6418;6421;7486;80010;8091;83695;84464;84787;9112;92815;9325;9401;9874;9985
dna_repair_biased,BP,GO:0000278,mitotic cell cycle,1.731597984774941e-07,6.249096018472604e-06,True,16,120,168,6000,0.13333333333333333,0.028,4.761904761904762,1763;4171;4683;5426;5932;11044;11073;11169;25836;25988;29997;51750;55159;55732;58493;64859,11044;11073;11169;1763;25836;25988;29997;4171;4683;51750;5426;55159;55732;58493;5932;64859
dna_repair_biased,BP,GO:0010605,negative regulation of macromolecule metabolic process,2.6920465554938557e-07,9.593780912141229e-06,True,36,120,754,6000,0.3,0.12566666666666668,2.3872679045092835,328;1108;1408;1647;2067;2072;2074;3146;4683;4792;5932;6091;6418;6421;8091;9112;10039;10856;11044;22992;25836;25988;29890;29997;51366;51750;55170;55732;56160;78996;84464;92815;126549;151636;165918;221120,10039;10856;11044;1108;126549;1408;151636;1647;165918;2067;2072;2074;221120;22992;25836;25988;29890;29997;3146;328;4683;4792;51366;51750;55170;55732;56160;5932;6091;6418;6421;78996;8091;84464;9112;92815
dna_repair_biased,BP,GO:0010604,positive regulation of macromolecule metabolic process,3.135727211508568e-07,1.0962007115369786e-05,True,39,120,864,6000,0.325,0.144,2.2569444444444446,58;328;1108;1763;2067;2074;2138;3146;4683;4792;4869;5688;5692;5706;5982;6091;6418;6421;7486;8091;9112;9149;9325;10039;10463;10856;11044;25988;29997;51366;51750;56160;78996;83932;84464;84787;94056;151636;165918,10039;10463;10856;11044;1108;151636;165918;1763;2067;2074;2138;25988;29997;3146;328;4683;4792;4869;51366;51750;56160;5688;5692;5706;58;5982;6091;6418;6421;7486;78996;8091;83932;84464;84787;9112;9149;9325;94056
dna_repair_biased,BP,GO:0080134,regulation of response to stress,3.1528747227650734e-07,1.0962007115369786e-05,True,25,120,408,6000,0.20833333333333334,0.068,3.063725490196078,2067;2072;2074;2138;3146;4683;4792;5429;5692;6421;8091;8505;10039;10856;29997;51750;54840;55159;55732;78996;81570;84787;151636;165918;200558,10039;10856;151636;165918;200558;2067;2072;2074;2138;29997;3146;4683;4792;51750;5429;54840;55159;55732;5692;6421;78996;8091;81570;84787;8505
dna_repair_biased,BP,GO:0010389,regulation of G2/M transition of mitotic cell cycle,3.8307282306910563e-07,1.3158320705662895e-05,True,7,120,25,6000,0.058333333333333334,0.004166666666666667,14.0,4683;5889;5932;11073;29997;58493;64859,11073;29997;4683;58493;5889;5932;64859
dna_repair_biased,BP,GO:0071840,cellular component organization or biogenesis,4.197935047637149e-07,1.4247991453349418e-05,True,57,120,1581,6000,0.475,0.2635,1.8026565464895634,58;328;1108;1763;2067;2072;2074;2138;3146;4438;4683;4869;5889;6091;6119;6418;6421;7486;8091;9112;9325;9401;9874;9985;10039;10856;11034;11044;11073;11144;22992;23126;25788;25836;27339;29890;29997;30849;51366;51750;54780;55170;55317;55732;56160;56262;80010;83695;84464;84787;92815;126549;151636;165918;200558;254528;374864,10039;10856;11034;11044;11073;1108;11144;126549;151636;165918;1763;200558;2067;2072;2074;2138;22992;23126;254528;25788;25836;27339;29890;29997;30849;3146;328;374864;4438;4683;4869;51366;51750;54780;55170;55317;55732;56160;56262;58;5889;6091;6119;6418;6421;7486;80010;8091;83695;84464;84787;9112;92815;9325;9401;9874;9985
dna_repair_biased,BP,GO:1903047,mitotic cell cycle process,6.516650288988901e-07,2.1857611734008654e-05,True,14,120,141,6000,0.11666666666666667,0.0235,4.964539007092199,1763;4171;4683;5426;5932;11044;11073;25836;25988;29997;51750;55159;58493;64859,11044;11073;1763;25836;25988;29997;4171;4683;51750;5426;55159;58493;5932;64859
dna_repair_biased,BP,GO:0000018,regulation of DNA recombination,7.421003883553381e-07,2.460149078140778e-05,True,8,120,39,6000,0.06666666666666667,0.0065,10.256410256410257,2074;4683;10039;10856;51750;55732;84787;126549,10039;10856;126549;2074;4683;51750;55732;84787
dna_repair_biased,BP,GO:0010972,negative regulation of G2/M transition of mitotic cell cycle,8.614702688842749e-07,2.8230479730908826e-05,True,6,120,18,6000,0.05,0.003,16.666666666666668,4683;5932;11073;29997;58493;64859,11073;29997;4683;58493;5932;64859
dna_repair_biased,BP,GO:0007093,mitotic cell cycle checkpoint signaling,8.977418711620761e-07,2.9084796303216804e-05,True,7,120,28,6000,0.058333333333333334,0.004666666666666667,12.5,4683;5932;11073;29997;55159;58493;64859,11073;29997;4683;55159;58493;5932;64859
dna_repair_biased,BP,GO:1902750,negative regulation of cell cycle G2/M phase transition,1.2385974571880444e-06,3.9676869106102405e-05,True,6,120,19,6000,0.05,0.0031666666666666666,15.789473684210527,4683;5932;11073;29997;58493;64859,11073;29997;4683;58493;5932;64859
dna_repair_biased,BP,GO:0009893,positive regulation of metabolic process,1.4518493750321914e-06,4.59913618690753e-05,True,40,120,953,6000,0.3333333333333333,0.15883333333333333,2.0986358866736623,58;328;1108;1647;1763;2067;2074;2138;3146;4683;4792;4869;5688;5692;5706;5982;6091;6418;6421;7486;8091;9112;9149;9325;10039;10463;10856;11044;25988;29997;51366;51750;56160;78996;83932;84464;84787;94056;151636;165918,10039;10463;10856;11044;1108;151636;1647;165918;1763;2067;2074;2138;25988;29997;3146;328;4683;4792;4869;51366;51750;56160;5688;5692;5706;58;5982;6091;6418;6421;7486;78996;8091;83932;84464;84787;9112;9149;9325;94056
dna_repair_biased,BP,GO:0009892,negative regulation of metabolic process,1.580643302280875e-06,4.952103356926126e-05,True,36,120,810,6000,0.3,0.135,2.222222222222222,328;1108;1408;1647;2067;2072;2074;3146;4683;4792;5932;6091;6418;6421;8091;9112;10039;10856;11044;22992;25836;25988;29890;29997;51366;51750;55170;55732;56160;78996;84464;92815;126549;151636;165918;221120,10039;10856;11044;1108;126549;1408;151636;1647;165918;2067;2072;2074;221120;22992;25836;25988;29890;29997;3146;328;4683;4792;51366;51750;55170;55732;56160;5932;6091;6418;6421;78996;8091;84464;9112;92815
dna_repair_biased,BP,GO:0048523,negative regulation of cellular process,1.9339708109770705e-06,5.993207371843074e-05,True,51,120,1397,6000,0.425,0.23283333333333334,1.8253400143163923,328;1108;1408;1647;1763;2067;2072;2073;2074;3146;4068;4683;4792;4869;5688;5692;5810;5932;5982;6091;6418;6421;8091;9112;10039;10856;11044;11073;22992;25788;25836;25988;27339;29890;29997;51366;51750;55159;55170;55732;56160;58493;64859;78996;83695;84464;92815;126549;151636;165918;221120,10039;10856;11044;11073;1108;126549;1408;151636;1647;165918;1763;2067;2072;2073;2074;221120;22992;25788;25836;25988;27339;29890;29997;3146;328;4068;4683;4792;4869;51366;51750;55159;55170;55732;56160;5688;5692;5810;58493;5932;5982;6091;6418;6421;64859;78996;8091;83695;84464;9112;92815
dna_repair_biased,BP,GO:0071479,cellular response to ionizing radiation,3.33331570181078e-06,0.0001021858394178767,True,5,120,13,6000,0.041666666666666664,0.0021666666666666666,19.23076923076923,1647;5810;7486;25836;83695,1647;25836;5810;7486;83695
dna_repair_biased,BP,GO:1901990,regulation of mitotic cell cycle phase transition,3.5558933276882064e-06,0.00010784948805573485,True,10,120,80,6000,0.08333333333333333,0.013333333333333334,6.249999999999999,4683;5688;5692;5889;5932;11073;29997;55159;58493;64859,11073;29997;4683;55159;5688;5692;58493;5889;5932;64859
dna_repair_biased,BP,GO:0007062,sister chromatid cohesion,5.102487688870336e-06,0.0001517790089451997,True,5,120,14,6000,0.041666666666666664,0.0023333333333333335,17.857142857142854,5889;9985;11044;23126;25836,11044;23126;25836;5889;9985
dna_repair_biased,BP,GO:0043687,post-translational protein modification,5.110762840666142e-06,0.0001517790089451997,True,16,120,216,6000,0.13333333333333333,0.036,3.7037037037037037,1643;2138;4683;7320;9306;10039;27339;51366;54778;54780;55120;55159;56160;85015;151636;165918,10039;151636;1643;165918;2138;27339;4683;51366;54778;54780;55120;55159;56160;7320;85015;9306
dna_repair_biased,BP,GO:2001251,negative regulation of chromosome organization,5.661117680651789e-06,0.00016639017018080671,True,6,120,24,6000,0.05,0.004,12.5,2067;2072;4683;10039;51750;84464,10039;2067;2072;4683;51750;84464
dna_repair_biased,BP,GO:0019953,sexual reproduction,6.835858686048188e-06,0.0001988676848359529,True,17,120,247,6000,0.14166666666666666,0.041166666666666664,3.4412955465587047,2072;4438;5692;5810;5889;7320;9985;11144;25788;55732;56262;80010;84464;126549;254394;254528;374864,11144;126549;2072;254394;254528;25788;374864;4438;55732;56262;5692;5810;5889;7320;80010;84464;9985
dna_repair_biased,BP,GO:0033044,regulation of chromosome organization,6.927565405252609e-06,0.00019949988858964838,True,9,120,68,6000,0.075,0.011333333333333334,6.617647058823529,2067;2072;4683;10039;10856;51750;54780;56160;84464,10039;10856;2067;2072;4683;51750;54780;56160;84464
dna_repair_biased,BP,GO:1901991,negative regulation of mitotic cell cycle phase transition,8.10673306900798e-06,0.0002311229597974175,True,7,120,38,6000,0.058333333333333334,0.006333333333333333,9.210526315789474,4683;5932;11073;29997;55159;58493;64859,11073;29997;4683;55159;58493;5932;64859
dna_repair_biased,BP,GO:0048519,negative regulation of biological process,1.0587695872335839e-05,0.00029886654388148,True,51,120,1476,6000,0.425,0.246,1.7276422764227641,328;1108;1408;1647;1763;2067;2072;2073;2074;3146;4068;4683;4792;4869;5688;5692;5810;5932;5982;6091;6418;6421;8091;9112;10039;10856;11044;11073;22992;25788;25836;25988;27339;29890;29997;51366;51750;55159;55170;55732;56160;58493;64859;78996;83695;84464;92815;126549;151636;165918;221120,10039;10856;11044;11073;1108;126549;1408;151636;1647;165918;1763;2067;2072;2073;2074;221120;22992;25788;25836;25988;27339;29890;29997;3146;328;4068;4683;4792;4869;51366;51750;55159;55170;55732;56160;5688;5692;5810;58493;5932;5982;6091;6418;6421;64859;78996;8091;83695;84464;9112;92815
dna_repair_biased,BP,GO:0032446,protein modification by small protein conjugation,1.1970448501102999e-05,0.00033239738665762075,True,14,120,180,6000,0.11666666666666667,0.03,3.8888888888888893,1643;2138;4683;7320;9306;27339;51366;54778;54780;55120;55159;56160;151636;165918,151636;1643;165918;2138;27339;4683;51366;54778;54780;55120;55159;56160;7320;9306
dna_repair_biased,BP,GO:0070647,protein modification by small protein conjugation or removal,1.200874458987546e-05,0.00033239738665762075,True,15,120,205,6000,0.125,0.034166666666666665,3.658536585365854,1643;2138;4683;7320;9306;27339;51366;54778;54780;55120;55159;56160;85015;151636;165918,151636;1643;165918;2138;27339;4683;51366;54778;54780;55120;55159;56160;7320;85015;9306
dna_repair_biased,BP,GO:0045930,negative regulation of mitotic cell cycle,1.62188303234096e-05,0.0004446142812696228,True,7,120,42,6000,0.058333333333333334,0.007,8.333333333333334,4683;5932;11073;29997;55159;58493;64859,11073;29997;4683;55159;58493;5932;64859
dna_repair_biased,BP,GO:0022414,reproductive process,1.7862798607114235e-05,0.00048501751265602556,True,20,120,352,6000,0.16666666666666666,0.058666666666666666,2.840909090909091,2072;4438;5688;5692;5810;5889;7320;9985;11144;25788;25836;55732;56262;80010;84464;126549;200558;254394;254528;374864,11144;126549;200558;2072;254394;254528;25788;25836;374864;4438;55732;56262;5688;5692;5810;5889;7320;80010;84464;9985
dna_repair_biased,BP,GO:0009057,macromolecule catabolic process,2.17630524881486e-05,0.000585343987204827,True,19,120,327,6000,0.15833333333333333,0.0545,2.9051987767584095,328;1763;5688;5692;5706;7320;9112;9306;9325;10535;11044;22992;27339;30849;51366;54778;79621;151636;165918,10535;11044;151636;165918;1763;22992;27339;30849;328;51366;54778;5688;5692;5706;7320;79621;9112;9306;9325
dna_repair_biased,BP,GO:2000781,positive regulation of double-strand break repair,2.2638663824963195e-05,0.0006032040239716829,True,6,120,30,6000,0.05,0.005,10.0,2074;4683;10039;10856;78996;84787,10039;10856;2074;4683;78996;84787
dna_repair_biased,BP,GO:0002562,somatic diversification of immune receptors via germline recombination within a single locus,2.9124149089946546e-05,0.0007480445860850235,True,4,120,10,6000,0.03333333333333333,0.0016666666666666668,20.0,3146;4683;78996;165918,165918;3146;4683;78996
dna_repair_biased,BP,GO:0006301,DNA damage tolerance,2.9124149089946546e-05,0.0007480445860850235,True,4,120,10,6000,0.03333333333333333,0.0016666666666666668,20.0,5429;5980;7320;83932,5429;5980;7320;83932
dna_repair_biased,BP,GO:0016444,somatic cell DNA recombination,2.9124149089946546e-05,0.0007480445860850235,True,4,120,10,6000,0.03333333333333333,0.0016666666666666668,20.0,3146;4683;78996;165918,165918;3146;4683;78996
dna_repair_biased,BP,GO:0045738,negative regulation of DNA repair,2.9124149089946546e-05,0.0007480445860850235,True,4,120,10,6000,0.03333333333333333,0.0016666666666666668,20.0,2074;8091;55732;78996,2074;55732;78996;8091
dna_repair_biased,BP,GO:0006996,organelle organization,3.6798166037656106e-05,0.0009367104586906925,True,33,120,815,6000,0.275,0.13583333333333333,2.024539877300614,58;328;1763;2067;2072;3146;4438;4683;4869;5889;6119;7486;9325;9401;9874;9985;10039;10856;11034;11044;11073;11144;23126;25788;25836;29997;51750;55317;55732;80010;84464;126549;254528,10039;10856;11034;11044;11073;11144;126549;1763;2067;2072;23126;254528;25788;25836;29997;3146;328;4438;4683;4869;51750;55317;55732;58;5889;6119;7486;80010;84464;9325;9401;9874;9985
dna_repair_biased,BP,GO:0044773,mitotic DNA damage checkpoint signaling,4.506041561001581e-05,0.0011368782734880979,True,4,120,11,6000,0.03333333333333333,0.0018333333333333333,18.181818181818183,4683;11073;29997;55159,11073;29997;4683;55159
dna_repair_biased,BP,GO:0002200,somatic diversification of immune receptors,6.654836489195008e-05,0.001649820767886519,True,4,120,12,6000,0.03333333333333333,0.002,16.666666666666668,3146;4683;78996;165918,165918;3146;4683;78996
dna_repair_biased,BP,GO:0044774,mitotic DNA integrity checkpoint signaling,6.654836489195008e-05,0.001649820767886519,True,4,120,12,6000,0.03333333333333333,0.002,16.666666666666668,4683;11073;29997;55159,11073;29997;4683;55159
dna_repair_biased,BP,GO:0032206,positive regulation of telomere maintenance,7.422980478698679e-05,0.0018087963542538406,True,5,120,23,6000,0.041666666666666664,0.003833333333333333,10.869565217391305,2067;4683;10856;51750;84464,10856;2067;4683;51750;84464
dna_repair_biased,BP,GO:0071897,DNA biosynthetic process,7.422980478698679e-05,0.0018087963542538406,True,5,120,23,6000,0.041666666666666664,0.003833333333333333,10.869565217391305,5426;5429;5980;7486;83932,5426;5429;5980;7486;83932
dna_repair_biased,BP,GO:0010498,proteasomal protein catabolic process,8.727845301755694e-05,0.0021087361826530072,True,11,120,138,6000,0.09166666666666666,0.023,3.9855072463768115,5688;5692;5706;7320;9112;9306;9325;22992;27339;51366;151636,151636;22992;27339;51366;5688;5692;5706;7320;9112;9306;9325
dna_repair_biased,BP,GO:0010569,regulation of double-strand break repair via homologous recombination,9.227419613075918e-05,0.0022107036400739024,True,5,120,24,6000,0.041666666666666664,0.004,10.416666666666666,2074;4683;10856;51750;55732,10856;2074;4683;51750;55732
dna_repair_biased,BP,GO:0007346,regulation of mitotic cell cycle,0.0001371030443367365,0.0032573398283669646,True,10,120,121,6000,0.08333333333333333,0.020166666666666666,4.132231404958677,4683;5688;5692;5889;5932;11073;29997;55159;58493;64859,11073;29997;4683;55159;5688;5692;58493;5889;5932;64859
dna_repair_biased,BP,GO:2001252,positive regulation of chromosome organization,0.00013830583073159652,0.0032587596976510883,True,5,120,26,6000,0.041666666666666664,0.004333333333333333,9.615384615384615,2067;4683;10856;51750;84464,10856;2067;4683;51750;84464
dna_repair_biased,BP,GO:0043632,modification-dependent macromolecule catabolic process,0.00016716100873294252,0.003906360949980484,True,12,120,174,6000,0.1,0.029,3.4482758620689657,5688;5692;5706;7320;9112;9325;11044;22992;51366;54778;151636;165918,11044;151636;165918;22992;51366;54778;5688;5692;5706;7320;9112;9325
dna_repair_biased,BP,GO:0045892,negative regulation of DNA-templated transcription,0.00017113722959060903,0.003966766191567694,True,20,120,413,6000,0.16666666666666666,0.06883333333333333,2.4213075060532687,328;1108;1408;1647;3146;4792;5932;6418;6421;8091;9112;10856;22992;25836;25988;29890;29997;55170;56160;165918,10856;1108;1408;1647;165918;22992;25836;25988;29890;29997;3146;328;4792;55170;56160;5932;6418;6421;8091;9112
dna_repair_biased,BP,GO:0033365,protein localization to organelle,0.00017646518990562277,0.0040248180513674445,True,12,120,175,6000,0.1,0.029166666666666667,3.428571428571429,2074;4683;4869;7486;10039;11073;29997;30849;78996;83695;200558;254394,10039;11073;200558;2074;254394;29997;30849;4683;4869;7486;78996;83695
dna_repair_biased,BP,GO:0045910,negative regulation of DNA recombination,0.00017516189852104775,0.0040248180513674445,True,4,120,15,6000,0.03333333333333333,0.0025,13.333333333333332,10039;51750;55732;126549,10039;126549;51750;55732
dna_repair_biased,BP,GO:1902679,negative regulation of RNA biosynthetic process,0.00020135001339537806,0.00455594355706526,True,20,120,418,6000,0.16666666666666666,0.06966666666666667,2.392344497607655,328;1108;1408;1647;3146;4792;5932;6418;6421;8091;9112;10856;22992;25836;25988;29890;29997;55170;56160;165918,10856;1108;1408;1647;165918;22992;25836;25988;29890;29997;3146;328;4792;55170;56160;5932;6418;6421;8091;9112
dna_repair_biased,BP,GO:0051253,negative regulation of RNA metabolic process,0.0002260161868557923,0.005073796446660346,True,21,120,455,6000,0.175,0.07583333333333334,2.3076923076923075,328;1108;1408;1647;3146;4792;5932;6418;6421;8091;9112;10856;11044;22992;25836;25988;29890;29997;55170;56160;165918,10856;11044;1108;1408;1647;165918;22992;25836;25988;29890;29997;3146;328;4792;55170;56160;5932;6418;6421;8091;9112
dna_repair_biased,BP,GO:1904356,regulation of telomere maintenance via telomere lengthening,0.0002299556257841643,0.0051219022586769716,True,4,120,16,6000,0.03333333333333333,0.0026666666666666666,12.5,2072;10039;51750;84464,10039;2072;51750;84464
dna_repair_biased,BP,GO:0010639,negative regulation of organelle organization,0.00024823227720524967,0.005486125754357882,True,8,120,84,6000,0.06666666666666667,0.014,4.761904761904762,2067;2072;4683;4869;5810;10039;51750;84464,10039;2067;2072;4683;4869;51750;5810;84464
dna_repair_biased,BP,GO:0043161,proteasome-mediated ubiquitin-dependent protein catabolic process,0.00036953431440414793,0.00810417177204789,True,9,120,112,6000,0.075,0.018666666666666668,4.017857142857142,5688;5692;5706;7320;9112;9325;22992;51366;151636,151636;22992;51366;5688;5692;5706;7320;9112;9325
dna_repair_biased,BP,GO:0016567,protein ubiquitination,0.0003812964747923755,0.008298291981931775,True,11,120,163,6000,0.09166666666666666,0.027166666666666665,3.374233128834356,1643;4683;7320;9306;27339;51366;54778;55120;55159;151636;165918,151636;1643;165918;27339;4683;51366;54778;55120;55159;7320;9306
dna_repair_biased,BP,GO:0036211,protein modification process,0.00043208192008720457,0.00933231480430773,True,18,120,376,6000,0.15,0.06266666666666666,2.393617021276596,1643;2138;4683;7320;9149;9306;10039;27339;30849;51366;54778;54780;55120;55159;56160;85015;151636;165918,10039;151636;1643;165918;2138;27339;30849;4683;51366;54778;54780;55120;55159;56160;7320;85015;9149;9306
dna_repair_biased,BP,GO:0048522,positive regulation of cellular process,0.00045705353667160946,0.009797440850005704,True,49,120,1599,6000,0.4083333333333333,0.2665,1.5322076297686054,58;328;1108;1647;1763;2067;2074;2138;3146;4683;4792;4869;5688;5692;5706;5889;5982;6091;6418;6421;6861;7320;7486;8091;9112;9149;9325;10039;10463;10856;11044;11069;25836;25988;29997;51366;51750;54778;55170;56160;56262;78996;83695;83932;84464;84787;94056;151636;165918,10039;10463;10856;11044;11069;1108;151636;1647;165918;1763;2067;2074;2138;25836;25988;29997;3146;328;4683;4792;4869;51366;51750;54778;55170;56160;56262;5688;5692;5706;58;5889;5982;6091;6418;6421;6861;7320;7486;78996;8091;83695;83932;84464;84787;9112;9149;9325;94056
dna_repair_biased,BP,GO:0006511,ubiquitin-dependent protein catabolic process,0.00046934658320009763,0.009985873945548345,True,11,120,167,6000,0.09166666666666666,0.027833333333333335,3.293413173652694,5688;5692;5706;7320;9112;9325;22992;51366;54778;151636;165918,151636;165918;22992;51366;54778;5688;5692;5706;7320;9112;9325
dna_repair_biased,BP,GO:0019941,modification-dependent protein catabolic process,0.0005738672539315202,0.012119226229324178,True,11,120,171,6000,0.09166666666666666,0.0285,3.2163742690058474,5688;5692;5706;7320;9112;9325;22992;51366;54778;151636;165918,151636;165918;22992;51366;54778;5688;5692;5706;7320;9112;9325
dna_repair_biased,BP,GO:0000209,protein polyubiquitination,0.0005870379086591474,0.01230621380578845,True,7,120,73,6000,0.058333333333333334,0.012166666666666666,4.794520547945206,1643;4683;7320;27339;51366;151636;165918,151636;1643;165918;27339;4683;51366;7320
dna_repair_biased,BP,GO:0045911,positive regulation of DNA recombination,0.0006998764195765126,0.014564581548997355,True,4,120,21,6000,0.03333333333333333,0.0035,9.523809523809524,2074;4683;10856;84787,10856;2074;4683;84787
dna_repair_biased,BP,GO:0002377,immunoglobulin production,0.0008450065119550315,0.017085911812651025,True,3,120,10,6000,0.025,0.0016666666666666668,15.0,4683;78996;165918,165918;4683;78996
dna_repair_biased,BP,GO:0002440,production of molecular mediator of immune response,0.0008450065119550315,0.017085911812651025,True,3,120,10,6000,0.025,0.0016666666666666668,15.0,4683;78996;165918,165918;4683;78996
dna_repair_biased,BP,GO:0010558,negative regulation of macromolecule biosynthetic process,0.0008299652609941725,0.017085911812651025,True,25,120,647,6000,0.20833333333333334,0.10783333333333334,1.9319938176197837,328;1108;1408;1647;3146;4792;5932;6091;6418;6421;8091;9112;10039;10856;22992;25836;25988;29890;29997;51366;55170;56160;92815;165918;221120,10039;10856;1108;1408;1647;165918;221120;22992;25836;25988;29890;29997;3146;328;4792;51366;55170;56160;5932;6091;6418;6421;8091;9112;92815
dna_repair_biased,BP,GO:0016445,somatic diversification of immunoglobulins,0.0008450065119550315,0.017085911812651025,True,3,120,10,6000,0.025,0.0016666666666666668,15.0,4683;78996;165918,165918;4683;78996
dna_repair_biased,BP,GO:0030163,protein catabolic process,0.0009016043727075059,0.01810193004640211,True,13,120,239,6000,0.10833333333333334,0.03983333333333333,2.7196652719665275,5688;5692;5706;7320;9112;9306;9325;22992;27339;51366;54778;151636;165918,151636;165918;22992;27339;51366;54778;5688;5692;5706;7320;9112;9306;9325
dna_repair_biased,BP,GO:0040029,epigenetic regulation of gene expression,0.0009258097758486567,0.018457927768842797,True,8,120,102,6000,0.06666666666666667,0.017,3.9215686274509802,328;3146;8091;9112;29890;51366;92815;165918,165918;29890;3146;328;51366;8091;9112;92815
dna_repair_biased,BP,GO:0002250,adaptive immune response,0.0009778062659980293,0.019359206002502648,True,6,120,58,6000,0.05,0.009666666666666667,5.172413793103448,3146;4683;5688;5692;11069;165918,11069;165918;3146;4683;5688;5692
dna_repair_biased,BP,GO:0006355,regulation of DNA-templated transcription,0.001005542486006117,0.01977104570760993,True,32,120,928,6000,0.26666666666666666,0.15466666666666667,1.7241379310344827,328;1108;1408;1647;2074;2967;3146;4792;4869;5706;5932;6418;6421;8091;9112;9149;9325;10463;10856;22992;23126;25836;25988;29890;29997;55170;55734;56160;151636;165918;342908;388536,10463;10856;1108;1408;151636;1647;165918;2074;22992;23126;25836;25988;2967;29890;29997;3146;328;342908;388536;4792;4869;55170;55734;56160;5706;5932;6418;6421;8091;9112;9149;9325
dna_repair_biased,BP,GO:0043412,macromolecule modification,0.0010270936042091586,0.020056464832878842,True,19,120,439,6000,0.15833333333333333,0.07316666666666667,2.164009111617312,1643;2138;4683;7320;9149;9306;10039;27339;29890;30849;51366;54778;54780;55120;55159;56160;85015;151636;165918,10039;151636;1643;165918;2138;27339;29890;30849;4683;51366;54778;54780;55120;55159;56160;7320;85015;9149;9306
dna_repair_biased,BP,GO:0048518,positive regulation of biological process,0.0010478527786359517,0.020322641305381618,True,50,120,1699,6000,0.4166666666666667,0.2831666666666667,1.4714537963507945,58;328;1108;1647;1763;2067;2074;2138;3146;4683;4792;4869;5688;5692;5706;5889;5982;6091;6418;6421;6861;7320;7486;8091;9112;9149;9325;10039;10463;10856;11044;11069;25836;25988;29997;51366;51750;54778;55170;56160;56262;78996;81570;83695;83932;84464;84787;94056;151636;165918,10039;10463;10856;11044;11069;1108;151636;1647;165918;1763;2067;2074;2138;25836;25988;29997;3146;328;4683;4792;4869;51366;51750;54778;55170;56160;56262;5688;5692;5706;58;5889;5982;6091;6418;6421;6861;7320;7486;78996;8091;81570;83695;83932;84464;84787;9112;9149;9325;94056
dna_repair_biased,BP,GO:0002460,adaptive immune response based on somatic recombination of immune receptors built from immunoglobulin superfamily domains,0.001106472728561086,0.021314552358970652,True,5,120,40,6000,0.041666666666666664,0.006666666666666667,6.249999999999999,3146;4683;5688;5692;165918,165918;3146;4683;5688;5692
dna_repair_biased,BP,GO:0010556,regulation of macromolecule biosynthetic process,0.001114535086114375,0.02132576866115492,True,43,120,1394,6000,0.35833333333333334,0.23233333333333334,1.5423242467718794,58;328;1108;1408;1647;2074;2967;3146;4792;4869;5688;5692;5706;5932;5982;6091;6418;6421;8091;9112;9149;9325;10039;10463;10856;11044;22992;23126;25836;25988;29890;29997;51366;55170;55734;56160;84787;92815;151636;165918;221120;342908;388536,10039;10463;10856;11044;1108;1408;151636;1647;165918;2074;221120;22992;23126;25836;25988;2967;29890;29997;3146;328;342908;388536;4792;4869;51366;55170;55734;56160;5688;5692;5706;58;5932;5982;6091;6418;6421;8091;84787;9112;9149;92815;9325
dna_repair_biased,BP,GO:2001141,regulation of RNA biosynthetic process,0.0011237762400931343,0.021359240403370176,True,32,120,934,6000,0.26666666666666666,0.15566666666666668,1.7130620985010705,328;1108;1408;1647;2074;2967;3146;4792;4869;5706;5932;6418;6421;8091;9112;9149;9325;10463;10856;22992;23126;25836;25988;29890;29997;55170;55734;56160;151636;165918;342908;388536,10463;10856;1108;1408;151636;1647;165918;2074;22992;23126;25836;25988;2967;29890;29997;3146;328;342908;388536;4792;4869;55170;55734;56160;5706;5932;6418;6421;8091;9112;9149;9325
dna_repair_biased,BP,GO:0002285,lymphocyte activation involved in immune response,0.0012402546146878814,0.02337689445590484,True,5,120,41,6000,0.041666666666666664,0.006833333333333334,6.097560975609755,3146;4683;5688;5692;165918,165918;3146;4683;5688;5692
dna_repair_biased,BP,GO:0010468,regulation of gene expression,0.0012463303954042568,0.02337689445590484,True,42,120,1358,6000,0.35,0.22633333333333333,1.5463917525773194,58;328;1108;1408;1647;2074;2967;3146;4792;4869;5688;5692;5706;5932;6091;6418;6421;8091;9112;9149;9325;10039;10463;10856;11044;22992;23126;25836;25988;29890;29997;51366;55170;55734;56160;84787;92815;151636;165918;221120;342908;388536,10039;10463;10856;11044;1108;1408;151636;1647;165918;2074;221120;22992;23126;25836;25988;2967;29890;29997;3146;328;342908;388536;4792;4869;51366;55170;55734;56160;5688;5692;5706;58;5932;6091;6418;6421;8091;84787;9112;9149;92815;9325
dna_repair_biased,BP,GO:0071824,protein-DNA complex organization,0.0012776387805975298,0.02380750433649384,True,6,120,61,6000,0.05,0.010166666666666666,4.918032786885247,4869;5889;6418;11144;55732;92815,11144;4869;55732;5889;6418;92815
dna_repair_biased,BP,GO:0042752,regulation of circadian rhythm,0.001390669744567612,0.02557935123717588,True,4,120,25,6000,0.03333333333333333,0.004166666666666667,8.0,1408;6421;9112;22992,1408;22992;6421;9112
dna_repair_biased,BP,GO:0070534,protein K63-linked ubiquitination,0.001390669744567612,0.02557935123717588,True,4,120,25,6000,0.03333333333333333,0.004166666666666667,8.0,4683;7320;27339;165918,165918;27339;4683;7320
dna_repair_biased,BP,GO:0051338,regulation of transferase activity,0.0014597537189084758,0.0266779349526158,True,7,120,85,6000,0.058333333333333334,0.014166666666666666,4.11764705882353,1647;5982;6418;8091;55732;94056;151636,151636;1647;55732;5982;6418;8091;94056
dna_repair_biased,BP,GO:0009890,negative regulation of biosynthetic process,0.0014977377923413489,0.02719777354117953,True,25,120,674,6000,0.20833333333333334,0.11233333333333333,1.85459940652819,328;1108;1408;1647;3146;4792;5932;6091;6418;6421;8091;9112;10039;10856;22992;25836;25988;29890;29997;51366;55170;56160;92815;165918;221120,10039;10856;1108;1408;1647;165918;221120;22992;25836;25988;29890;29997;3146;328;4792;51366;55170;56160;5932;6091;6418;6421;8091;9112;92815
dna_repair_biased,BP,GO:0032984,protein-containing complex disassembly,0.0015432243971377794,0.027846409849619044,True,5,120,43,6000,0.041666666666666664,0.007166666666666667,5.813953488372093,6418;11034;30849;55732;92815,11034;30849;55732;6418;92815
dna_repair_biased,BP,GO:0002520,immune system development,0.001870777020334978,0.03333490803109389,True,4,120,27,6000,0.03333333333333333,0.0045,7.407407407407407,3146;4683;78996;165918,165918;3146;4683;78996
dna_repair_biased,BP,GO:1903322,positive regulation of protein modification by small protein conjugation or removal,0.001870777020334978,0.03333490803109389,True,4,120,27,6000,0.03333333333333333,0.0045,7.407407407407407,9112;29997;56160;83932,29997;56160;83932;9112
dna_repair_biased,BP,GO:0071168,protein localization to chromatin,0.0019274121092001985,0.03413075728776252,True,3,120,13,6000,0.025,0.0021666666666666666,11.53846153846154,2074;200558;254394,200558;2074;254394
dna_repair_biased,BP,GO:0051252,regulation of RNA metabolic process,0.0020166587177993032,0.035490703731146996,True,33,120,1008,6000,0.275,0.168,1.6369047619047619,328;1108;1408;1647;2074;2967;3146;4792;4869;5706;5932;6418;6421;8091;9112;9149;9325;10463;10856;11044;22992;23126;25836;25988;29890;29997;55170;55734;56160;151636;165918;342908;388536,10463;10856;11044;1108;1408;151636;1647;165918;2074;22992;23126;25836;25988;2967;29890;29997;3146;328;342908;388536;4792;4869;55170;55734;56160;5706;5932;6418;6421;8091;9112;9149;9325
dna_repair_biased,BP,GO:0051246,regulation of protein metabolic process,0.002050731679677202,0.035868932630427626,True,17,120,395,6000,0.14166666666666666,0.06583333333333333,2.1518987341772156,1647;2074;4869;5688;5692;5706;6418;8091;9112;29997;55170;55732;56160;83932;94056;151636;221120,151636;1647;2074;221120;29997;4869;55170;55732;56160;5688;5692;5706;6418;8091;83932;9112;94056
dna_repair_biased,BP,GO:1901875,positive regulation of post-translational protein modification,0.002149217740550761,0.03736231572140378,True,4,120,28,6000,0.03333333333333333,0.004666666666666667,7.142857142857142,9112;29997;56160;83932,29997;56160;83932;9112
dna_repair_biased,BP,GO:0031399,regulation of protein modification process,0.002717999561477327,0.0469637378774052,True,10,120,177,6000,0.08333333333333333,0.0295,2.824858757062147,1647;2074;8091;9112;29997;55732;56160;83932;94056;151636,151636;1647;2074;29997;55732;56160;8091;83932;9112;94056
dna_repair_biased,BP,GO:0045814,"negative regulation of gene expression, epigenetic",0.0028026124523074895,0.04813402470800393,True,6,120,71,6000,0.05,0.011833333333333333,4.225352112676057,3146;8091;9112;29890;51366;92815,29890;3146;51366;8091;9112;92815
dna_repair_biased,BP,GO:0031401,positive regulation of protein modification process,0.0029427964958306622,0.05023899885995939,False,7,120,96,6000,0.058333333333333334,0.016,3.6458333333333335,2074;8091;9112;29997;56160;83932;94056,2074;29997;56160;8091;83932;9112;94056
dna_repair_biased,BP,GO:0002287,alpha-beta T cell activation involved in immune response,0.002978071793134319,0.050239542498378364,False,3,120,15,6000,0.025,0.0025,10.0,3146;5688;5692,3146;5688;5692
dna_repair_biased,BP,GO:0002292,T cell differentiation involved in immune response,0.002978071793134319,0.050239542498378364,False,3,120,15,6000,0.025,0.0025,10.0,3146;5688;5692,3146;5688;5692
dna_repair_biased,BP,GO:0009889,regulation of biosynthetic process,0.0029970176665908227,0.050261749220296685,False,43,120,1462,6000,0.35833333333333334,0.24366666666666667,1.4705882352941175,58;328;1108;1408;1647;2074;2967;3146;4792;4869;5688;5692;5706;5932;5982;6091;6418;6421;8091;9112;9149;9325;10039;10463;10856;11044;22992;23126;25836;25988;29890;29997;51366;55170;55734;56160;84787;92815;151636;165918;221120;342908;388536,10039;10463;10856;11044;1108;1408;151636;1647;165918;2074;221120;22992;23126;25836;25988;2967;29890;29997;3146;328;342908;388536;4792;4869;51366;55170;55734;56160;5688;5692;5706;58;5932;5982;6091;6418;6421;8091;84787;9112;9149;92815;9325
dna_repair_biased,BP,GO:0006275,regulation of DNA replication,0.003153862993540612,0.05258282686891394,False,4,120,31,6000,0.03333333333333333,0.005166666666666667,6.451612903225806,1763;4171;4683;10856,10856;1763;4171;4683
dna_repair_biased,BP,GO:0002366,leukocyte activation involved in immune response,0.003612090847750731,0.0581837950666159,False,5,120,52,6000,0.041666666666666664,0.008666666666666666,4.8076923076923075,3146;4683;5688;5692;165918,165918;3146;4683;5688;5692
dna_repair_biased,BP,GO:0016925,protein sumoylation,0.0036122524471382017,0.0581837950666159,False,3,120,16,6000,0.025,0.0026666666666666666,9.375,2138;54780;56160,2138;54780;56160
dna_repair_biased,BP,GO:0033043,regulation of organelle organization,0.0035590298830277633,0.0581837950666159,False,14,120,312,6000,0.11666666666666667,0.052,2.2435897435897436,2067;2072;4683;4869;5810;6861;10039;10463;10856;51750;54780;55170;56160;84464,10039;10463;10856;2067;2072;4683;4869;51750;54780;55170;56160;5810;6861;84464
dna_repair_biased,BP,GO:0045581,negative regulation of T cell differentiation,0.0036122524471382017,0.0581837950666159,False,3,120,16,6000,0.025,0.0026666666666666666,9.375,3146;5688;5692,3146;5688;5692
dna_repair_biased,BP,GO:1900180,regulation of protein localization to nucleus,0.0035494600063182627,0.0581837950666159,False,4,120,32,6000,0.03333333333333333,0.005333333333333333,6.25,4792;4869;51366;151636,151636;4792;4869;51366
dna_repair_biased,BP,GO:1905168,positive regulation of double-strand break repair via homologous recombination,0.0036122524471382017,0.0581837950666159,False,3,120,16,6000,0.025,0.0026666666666666666,9.375,2074;4683;10856,10856;2074;4683
dna_repair_biased,BP,GO:0002263,cell activation involved in immune response,0.003925689425047913,0.06252592486486928,False,5,120,53,6000,0.041666666666666664,0.008833333333333334,4.716981132075471,3146;4683;5688;5692;165918,165918;3146;4683;5688;5692
dna_repair_biased,BP,GO:0006367,transcription initiation at RNA polymerase II promoter,0.003925689425047913,0.06252592486486928,False,5,120,53,6000,0.041666666666666664,0.008833333333333334,4.716981132075471,328;2967;2968;5438;728340,2967;2968;328;5438;728340
dna_repair_biased,BP,GO:0141187,nucleic acid biosynthetic process,0.004055452805118449,0.06423386637440387,False,16,120,386,6000,0.13333333333333333,0.06433333333333334,2.0725388601036268,328;2074;2967;2968;5426;5429;5438;5980;6421;7486;11044;25988;27339;29997;83932;728340,11044;2074;25988;27339;2967;2968;29997;328;5426;5429;5438;5980;6421;728340;7486;83932
dna_repair_biased,BP,GO:0006979,response to oxidative stress,0.004132584587961346,0.06509391525015358,False,7,120,102,6000,0.058333333333333334,0.017,3.4313725490196076,1137;2067;2074;5688;5692;5706;375748,1137;2067;2074;375748;5688;5692;5706
dna_repair_biased,BP,GO:1903320,regulation of protein modification by small protein conjugation or removal,0.004258328642380099,0.06670601626058056,False,5,120,54,6000,0.041666666666666664,0.009,4.62962962962963,9112;29997;56160;83932;151636,151636;29997;56160;83932;9112
dna_repair_biased,BP,GO:0046649,lymphocyte activation,0.004312095809488166,0.06698082657889048,False,8,120,130,6000,0.06666666666666667,0.021666666666666667,3.0769230769230766,1137;3146;4068;4683;5688;5692;56262;165918,1137;165918;3146;4068;4683;56262;5688;5692
dna_repair_biased,BP,GO:0051865,protein autoubiquitination,0.004322859379346141,0.06698082657889048,False,3,120,17,6000,0.025,0.0028333333333333335,8.823529411764707,1643;7320;151636,151636;1643;7320
dna_repair_biased,BP,GO:0061136,regulation of proteasomal protein catabolic process,0.004983215132482042,0.07638250721885108,False,5,120,56,6000,0.041666666666666664,0.009333333333333334,4.4642857142857135,5688;5692;5706;6418;29997,29997;5688;5692;5706;6418
dna_repair_biased,BP,GO:1901873,regulation of post-translational protein modification,0.004983215132482042,0.07638250721885108,False,5,120,56,6000,0.041666666666666664,0.009333333333333334,4.4642857142857135,9112;29997;56160;83932;151636,151636;29997;56160;83932;9112
dna_repair_biased,BP,GO:0042093,T-helper cell differentiation,0.005112464867046183,0.07752998582951419,False,3,120,18,6000,0.025,0.003,8.333333333333334,3146;5688;5692,3146;5688;5692
dna_repair_biased,BP,GO:0045620,negative regulation of lymphocyte differentiation,0.005112464867046183,0.07752998582951419,False,3,120,18,6000,0.025,0.003,8.333333333333334,3146;5688;5692,3146;5688;5692
dna_repair_biased,BP,GO:0032922,circadian regulation of gene expression,0.0059833969480443195,0.08978244578354924,False,3,120,19,6000,0.025,0.0031666666666666666,7.894736842105264,1408;9112;22992,1408;22992;9112
dna_repair_biased,BP,GO:0060260,regulation of transcription initiation by RNA polymerase II,0.0059833969480443195,0.08978244578354924,False,3,120,19,6000,0.025,0.0031666666666666666,7.894736842105264,3146;4792;5706,3146;4792;5706
dna_repair_biased,BP,GO:0010557,positive regulation of macromolecule biosynthetic process,0.006338806688140769,0.09461747574811169,False,24,120,710,6000,0.2,0.11833333333333333,1.6901408450704227,58;328;1108;2074;3146;4792;4869;5688;5692;5706;5982;6091;6421;8091;9112;9149;9325;10463;10856;11044;25988;51366;84787;151636,10463;10856;11044;1108;151636;2074;25988;3146;328;4792;4869;51366;5688;5692;5706;58;5982;6091;6421;8091;84787;9112;9149;9325
dna_repair_biased,BP,GO:0051129,negative regulation of cellular component organization,0.006694640607763385,0.09940843944131984,False,10,120,201,6000,0.08333333333333333,0.0335,2.487562189054726,2067;2072;3146;4683;4869;5810;10039;29997;51750;84464,10039;2067;2072;29997;3146;4683;4869;51750;5810;84464
dna_repair_biased,BP,GO:0043367,"CD4-positive, alpha-beta T cell differentiation",0.006937750132505773,0.10143346475781519,False,3,120,20,6000,0.025,0.0033333333333333335,7.5,3146;5688;5692,3146;5688;5692
dna_repair_biased,BP,GO:0090398,cellular senescence,0.006937750132505773,0.10143346475781519,False,3,120,20,6000,0.025,0.0033333333333333335,7.5,4869;7486;8091,4869;7486;8091
dna_repair_biased,BP,GO:2000142,regulation of DNA-templated transcription initiation,0.006937750132505773,0.10143346475781519,False,3,120,20,6000,0.025,0.0033333333333333335,7.5,3146;4792;5706,3146;4792;5706
dna_repair_biased,BP,GO:0031507,heterochromatin formation,0.007678741579024893,0.11169434817244883,False,5,120,62,6000,0.041666666666666664,0.010333333333333333,4.032258064516129,3146;8091;29890;51366;92815,29890;3146;51366;8091;92815
dna_repair_biased,BP,GO:0007059,chromosome segregation,0.008061070749758602,0.11666047059676028,False,6,120,88,6000,0.05,0.014666666666666666,3.409090909090909,9874;11044;11144;25836;55732;254528,11044;11144;254528;25836;55732;9874
dna_repair_biased,BP,GO:0000122,negative regulation of transcription by RNA polymerase II,0.00842000821253717,0.12123961320173471,False,13,120,309,6000,0.10833333333333334,0.0515,2.103559870550162,1108;1408;1647;3146;4792;6421;8091;9112;22992;25836;25988;29997;56160,1108;1408;1647;22992;25836;25988;29997;3146;4792;56160;6421;8091;9112
dna_repair_biased,BP,GO:0022411,cellular component disassembly,0.00896803013442654,0.12848167795603047,False,6,120,90,6000,0.05,0.015,3.3333333333333335,6418;9325;11034;30849;55732;92815,11034;30849;55732;6418;92815;9325
dna_repair_biased,BP,GO:0031398,positive regulation of protein ubiquitination,0.0091039919517848,0.12913174653999238,False,3,120,22,6000,0.025,0.0036666666666666666,6.818181818181818,9112;56160;83932,56160;83932;9112
dna_repair_biased,BP,GO:0046632,alpha-beta T cell differentiation,0.0091039919517848,0.12913174653999238,False,3,120,22,6000,0.025,0.0036666666666666666,6.818181818181818,3146;5688;5692,3146;5688;5692
dna_repair_biased,BP,GO:0019538,protein metabolic process,0.009223555037968092,0.13017997729330213,False,27,120,855,6000,0.225,0.1425,1.5789473684210529,1643;2138;4683;5688;5692;5706;7320;9112;9149;9306;9325;10039;10856;22992;27339;30849;51366;54778;54780;55120;55159;56160;83932;85015;151636;165918;200558,10039;10856;151636;1643;165918;200558;2138;22992;27339;30849;4683;51366;54778;54780;55120;55159;56160;5688;5692;5706;7320;83932;85015;9112;9149;9306;9325
dna_repair_biased,BP,GO:0006352,DNA-templated transcription initiation,0.009348874529607525,0.13065510433289731,False,5,120,65,6000,0.041666666666666664,0.010833333333333334,3.846153846153846,328;2967;2968;5438;728340,2967;2968;328;5438;728340
dna_repair_biased,BP,GO:0070828,heterochromatin organization,0.009348874529607525,0.13065510433289731,False,5,120,65,6000,0.041666666666666664,0.010833333333333334,3.846153846153846,3146;8091;29890;51366;92815,29890;3146;51366;8091;92815
dna_repair_biased,BP,GO:0071357,cellular response to type I interferon,0.010318993350909817,0.14281286428856257,False,3,120,23,6000,0.025,0.003833333333333333,6.521739130434783,5688;5692;5706,5688;5692;5706
dna_repair_biased,BP,GO:1900182,positive regulation of protein localization to nucleus,0.010318993350909817,0.14281286428856257,False,3,120,23,6000,0.025,0.003833333333333333,6.521739130434783,4869;51366;151636,151636;4869;51366
dna_repair_biased,BP,GO:0048585,negative regulation of response to stimulus,0.011253184571299327,0.15498951310519024,False,17,120,468,6000,0.14166666666666666,0.078,1.8162393162393162,1408;2067;2072;2074;4068;4792;5692;6091;8091;10039;10856;25788;29997;51366;51750;55732;78996,10039;10856;1408;2067;2072;2074;25788;29997;4068;4792;51366;51750;55732;5692;6091;78996;8091
dna_repair_biased,BP,GO:0035710,"CD4-positive, alpha-beta T cell activation",0.011623660356766164,0.15899147973021277,False,3,120,24,6000,0.025,0.004,6.25,3146;5688;5692,3146;5688;5692
dna_repair_biased,BP,GO:0045321,leukocyte activation,0.01165528560631865,0.15899147973021277,False,8,120,154,6000,0.06666666666666667,0.025666666666666667,2.5974025974025974,1137;3146;4068;4683;5688;5692;56262;165918,1137;165918;3146;4068;4683;56262;5688;5692
dna_repair_biased,BP,GO:0009891,positive regulation of biosynthetic process,0.011715717612578247,0.15905481387362183,False,24,120,747,6000,0.2,0.1245,1.606425702811245,58;328;1108;2074;3146;4792;4869;5688;5692;5706;5982;6091;6421;8091;9112;9149;9325;10463;10856;11044;25988;51366;84787;151636,10463;10856;11044;1108;151636;2074;25988;3146;328;4792;4869;51366;5688;5692;5706;58;5982;6091;6421;8091;84787;9112;9149;9325
dna_repair_biased,BP,GO:0031396,regulation of protein ubiquitination,0.01205439643862137,0.16287717652374184,False,4,120,45,6000,0.03333333333333333,0.0075,4.444444444444445,9112;56160;83932;151636,151636;56160;83932;9112
dna_repair_biased,BP,GO:0051247,positive regulation of protein metabolic process,0.01264025716309457,0.1699876093018048,False,10,120,221,6000,0.08333333333333333,0.036833333333333336,2.2624434389140267,2074;4869;5706;6418;8091;9112;29997;56160;83932;94056,2074;29997;4869;56160;5706;6418;8091;83932;9112;94056
dna_repair_biased,BP,GO:0001776,leukocyte homeostasis,0.013019068167520511,0.17394135169166988,False,3,120,25,6000,0.025,0.004166666666666667,6.0,3146;5688;5692,3146;5688;5692
dna_repair_biased,BP,GO:0048583,regulation of response to stimulus,0.013056278239921906,0.17394135169166988,False,33,120,1135,6000,0.275,0.18916666666666668,1.4537444933920705,1408;1647;2067;2072;2074;2138;3146;4068;4683;4792;5429;5692;6091;6421;7320;8091;8505;10039;10856;25788;29997;51366;51750;54778;54840;55159;55732;78996;81570;84787;151636;165918;200558,10039;10856;1408;151636;1647;165918;200558;2067;2072;2074;2138;25788;29997;3146;4068;4683;4792;51366;51750;5429;54778;54840;55159;55732;5692;6091;6421;7320;78996;8091;81570;84787;8505
dna_repair_biased,BP,GO:0008104,intracellular protein localization,0.013925006600057544,0.18465206426401887,False,15,120,403,6000,0.125,0.06716666666666667,1.8610421836228288,2074;4683;4869;7486;10039;11073;25836;27339;29997;30849;78996;83695;126549;200558;254394,10039;11073;126549;200558;2074;254394;25836;27339;29997;30849;4683;4869;7486;78996;83695
dna_repair_biased,BP,GO:0051250,negative regulation of lymphocyte activation,0.013997775158598368,0.18475767119057382,False,4,120,47,6000,0.03333333333333333,0.007833333333333333,4.25531914893617,3146;5688;5692;10039,10039;3146;5688;5692
dna_repair_biased,BP,GO:0002521,leukocyte differentiation,0.01462380996215834,0.19037663105987868,False,6,120,100,6000,0.05,0.016666666666666666,3.0,3146;4869;5688;5692;56262;81570,3146;4869;56262;5688;5692;81570
dna_repair_biased,BP,GO:0006366,transcription by RNA polymerase II,0.01462380996215834,0.19037663105987868,False,6,120,100,6000,0.05,0.016666666666666666,3.0,328;2074;2967;2968;5438;728340,2074;2967;2968;328;5438;728340
dna_repair_biased,BP,GO:0034340,response to type I interferon,0.014506115457933278,0.19037663105987868,False,3,120,26,6000,0.025,0.004333333333333333,5.76923076923077,5688;5692;5706,5688;5692;5706
dna_repair_biased,BP,GO:0002230,positive regulation of defense response to virus by host,0.016072793960387157,0.20657591849669749,False,2,120,10,6000,0.016666666666666666,0.0016666666666666668,10.0,2074;151636,151636;2074
dna_repair_biased,BP,GO:0002286,T cell activation involved in immune response,0.016085532762633057,0.20657591849669749,False,3,120,27,6000,0.025,0.0045,5.555555555555556,3146;5688;5692,3146;5688;5692
dna_repair_biased,BP,GO:0043029,T cell homeostasis,0.016072793960387157,0.20657591849669749,False,2,120,10,6000,0.016666666666666666,0.0016666666666666668,10.0,5688;5692,5688;5692
dna_repair_biased,BP,GO:0010628,positive regulation of gene expression,0.017330142278001906,0.22110676857056613,False,13,120,339,6000,0.10833333333333334,0.0565,1.9174041297935103,58;328;2074;3146;4869;5688;5692;6091;8091;11044;25988;51366;84787,11044;2074;25988;3146;328;4869;51366;5688;5692;58;6091;8091;84787
dna_repair_biased,BP,GO:0045893,positive regulation of DNA-templated transcription,0.017372120715470646,0.22110676857056613,False,16,120,452,6000,0.13333333333333333,0.07533333333333334,1.7699115044247786,328;1108;2074;3146;4792;4869;5706;6421;8091;9112;9149;9325;10463;10856;25988;151636,10463;10856;1108;151636;2074;25988;3146;328;4792;4869;5706;6421;8091;9112;9149;9325
dna_repair_biased,BP,GO:0007292,female gamete generation,0.017757890565282937,0.22205151755097216,False,3,120,28,6000,0.025,0.004666666666666667,5.357142857142857,11144;254394;254528,11144;254394;254528
dna_repair_biased,BP,GO:0018205,peptidyl-lysine modification,0.017757890565282937,0.22205151755097216,False,3,120,28,6000,0.025,0.004666666666666667,5.357142857142857,2138;54780;56160,2138;54780;56160
dna_repair_biased,BP,GO:0141188,nucleic acid catabolic process,0.017592136176352243,0.22205151755097216,False,5,120,76,6000,0.041666666666666664,0.012666666666666666,3.289473684210526,328;1763;10535;11044;79621,10535;11044;1763;328;79621
dna_repair_biased,BP,GO:1902680,positive regulation of RNA biosynthetic process,0.01770584952782317,0.22205151755097216,False,16,120,453,6000,0.13333333333333333,0.0755,1.7660044150110377,328;1108;2074;3146;4792;4869;5706;6421;8091;9112;9149;9325;10463;10856;25988;151636,10463;10856;1108;151636;2074;25988;3146;328;4792;4869;5706;6421;8091;9112;9149;9325
dna_repair_biased,BP,GO:0009894,regulation of catabolic process,0.01790516424047432,0.22291538536939862,False,12,120,304,6000,0.1,0.050666666666666665,1.973684210526316,328;3146;4869;5688;5692;5706;6418;11044;29997;30849;55170;151636,11044;151636;29997;30849;3146;328;4869;55170;5688;5692;5706;6418
dna_repair_biased,BP,GO:0002712,regulation of B cell mediated immunity,0.019390084552009995,0.23227365990664076,False,2,120,11,6000,0.016666666666666666,0.0018333333333333333,9.090909090909092,10039;84787,10039;84787
dna_repair_biased,BP,GO:0002889,regulation of immunoglobulin mediated immune response,0.019390084552009995,0.23227365990664076,False,2,120,11,6000,0.016666666666666666,0.0018333333333333333,9.090909090909092,10039;84787,10039;84787
dna_repair_biased,BP,GO:0006356,regulation of transcription by RNA polymerase I,0.019390084552009995,0.23227365990664076,False,2,120,11,6000,0.016666666666666666,0.0018333333333333333,9.090909090909092,2074;29997,2074;29997
dna_repair_biased,BP,GO:0016070,RNA metabolic process,0.019246455497976024,0.23227365990664076,False,15,120,419,6000,0.125,0.06983333333333333,1.7899761336515514,328;1763;2074;2967;2968;5438;6421;10535;11044;25988;27339;29890;29997;79621;728340,10535;11044;1763;2074;25988;27339;2967;2968;29890;29997;328;5438;6421;728340;79621
dna_repair_biased,BP,GO:0032369,negative regulation of lipid transport,0.019390084552009995,0.23227365990664076,False,2,120,11,6000,0.016666666666666666,0.0018333333333333333,9.090909090909092,1408;4792,1408;4792
dna_repair_biased,BP,GO:0033077,T cell differentiation in thymus,0.019390084552009995,0.23227365990664076,False,2,120,11,6000,0.016666666666666666,0.0018333333333333333,9.090909090909092,5688;5692,5688;5692
dna_repair_biased,BP,GO:0033144,negative regulation of intracellular steroid hormone receptor signaling pathway,0.019390084552009995,0.23227365990664076,False,2,120,11,6000,0.016666666666666666,0.0018333333333333333,9.090909090909092,1408;8091,1408;8091
dna_repair_biased,BP,GO:0043537,negative regulation of blood vessel endothelial cell migration,0.019390084552009995,0.23227365990664076,False,2,120,11,6000,0.016666666666666666,0.0018333333333333333,9.090909090909092,1647;3146,1647;3146
dna_repair_biased,BP,GO:0072538,T-helper 17 type immune response,0.019390084552009995,0.23227365990664076,False,2,120,11,6000,0.016666666666666666,0.0018333333333333333,9.090909090909092,5688;5692,5688;5692
dna_repair_biased,BP,GO:0051098,regulation of binding,0.019523607102497773,0.2328945767749839,False,3,120,29,6000,0.025,0.004833333333333334,5.172413793103448,3146;8091;151636,151636;3146;8091
dna_repair_biased,BP,GO:0010629,negative regulation of gene expression,0.019642268043457336,0.23333377579957026,False,12,120,308,6000,0.1,0.051333333333333335,1.948051948051948,1108;3146;4792;6091;8091;9112;10039;25988;29890;51366;92815;221120,10039;1108;221120;25988;29890;3146;4792;51366;6091;8091;9112;92815
dna_repair_biased,BP,GO:0002218,activation of innate immune response,0.02097918447224192,0.24818114078988265,False,4,120,53,6000,0.03333333333333333,0.008833333333333334,3.773584905660377,3146;4792;6421;81570,3146;4792;6421;81570
dna_repair_biased,BP,GO:0034654,nucleobase-containing compound biosynthetic process,0.021323493061897993,0.24984757067872826,False,16,120,463,6000,0.13333333333333333,0.07716666666666666,1.7278617710583155,328;2074;2967;2968;5426;5429;5438;5980;6421;7486;11044;25988;27339;29997;83932;728340,11044;2074;25988;27339;2967;2968;29997;328;5426;5429;5438;5980;6421;728340;7486;83932
dna_repair_biased,BP,GO:0070936,protein K48-linked ubiquitination,0.021382955891129322,0.24984757067872826,False,3,120,30,6000,0.025,0.005,5.0,7320;51366;151636,151636;51366;7320
dna_repair_biased,BP,GO:1902106,negative regulation of leukocyte differentiation,0.021382955891129322,0.24984757067872826,False,3,120,30,6000,0.025,0.005,5.0,3146;5688;5692,3146;5688;5692
dna_repair_biased,BP,GO:0009059,macromolecule biosynthetic process,0.022387816610321073,0.2584563974792245,False,23,120,749,6000,0.19166666666666668,0.12483333333333334,1.5353805073431241,328;2074;2967;2968;4683;5426;5429;5438;5980;6421;7486;9325;10856;11044;25988;27339;29890;29997;78996;83932;165918;200558;728340,10856;11044;165918;200558;2074;25988;27339;2967;2968;29890;29997;328;4683;5426;5429;5438;5980;6421;728340;7486;78996;83932;9325
dna_repair_biased,BP,GO:0042176,regulation of protein catabolic process,0.0223916977121601,0.2584563974792245,False,6,120,110,6000,0.05,0.018333333333333333,2.7272727272727275,5688;5692;5706;6418;29997;55170,29997;55170;5688;5692;5706;6418
dna_repair_biased,BP,GO:0060485,mesenchyme development,0.02231685293863084,0.2584563974792245,False,4,120,54,6000,0.03333333333333333,0.009,3.7037037037037037,58;6091;8091;55734,55734;58;6091;8091
dna_repair_biased,BP,GO:0033135,regulation of peptidyl-serine phosphorylation,0.022967208340582274,0.26191804391600026,False,2,120,12,6000,0.016666666666666666,0.002,8.333333333333334,1647;2074,1647;2074
dna_repair_biased,BP,GO:0045589,regulation of regulatory T cell differentiation,0.022967208340582274,0.26191804391600026,False,2,120,12,6000,0.016666666666666666,0.002,8.333333333333334,5688;5692,5688;5692
dna_repair_biased,BP,GO:1901797,negative regulation of signal transduction by p53 class mediator,0.022967208340582274,0.26191804391600026,False,2,120,12,6000,0.016666666666666666,0.002,8.333333333333334,25788;29997,25788;29997
dna_repair_biased,BP,GO:1901800,positive regulation of proteasomal protein catabolic process,0.023336072987299537,0.2640124765348848,False,3,120,31,6000,0.025,0.005166666666666667,4.838709677419355,5706;6418;29997,29997;5706;6418
dna_repair_biased,BP,GO:1903707,negative regulation of hemopoiesis,0.023336072987299537,0.2640124765348848,False,3,120,31,6000,0.025,0.005166666666666667,4.838709677419355,3146;5688;5692,3146;5688;5692
dna_repair_biased,BP,GO:0042113,B cell activation,0.02370557624112641,0.26608109395059604,False,4,120,55,6000,0.03333333333333333,0.009166666666666667,3.6363636363636362,1137;4683;56262;165918,1137;165918;4683;56262
dna_repair_biased,BP,GO:0065004,protein-DNA complex assembly,0.02370557624112641,0.26608109395059604,False,4,120,55,6000,0.03333333333333333,0.009166666666666667,3.6363636363636362,4869;5889;6418;11144,11144;4869;5889;6418
dna_repair_biased,BP,GO:0006351,DNA-templated transcription,0.02398635258604277,0.268176828324737,False,7,120,143,6000,0.058333333333333334,0.023833333333333335,2.4475524475524475,328;2074;2967;2968;5438;25988;728340,2074;25988;2967;2968;328;5438;728340
dna_repair_biased,BP,GO:0001932,regulation of protein phosphorylation,0.025178910527136684,0.28041044497213546,False,6,120,113,6000,0.05,0.018833333333333334,2.6548672566371683,1647;2074;8091;29997;55732;94056,1647;2074;29997;55732;8091;94056
dna_repair_biased,BP,GO:0046631,alpha-beta T cell activation,0.025382963985332088,0.281582997362575,False,3,120,32,6000,0.025,0.005333333333333333,4.6875,3146;5688;5692,3146;5688;5692
dna_repair_biased,BP,GO:0002260,lymphocyte homeostasis,0.026792625837197194,0.2926658094323724,False,2,120,13,6000,0.016666666666666666,0.0021666666666666666,7.6923076923076925,5688;5692,5688;5692
dna_repair_biased,BP,GO:0010453,regulation of cell fate commitment,0.026792625837197194,0.2926658094323724,False,2,120,13,6000,0.016666666666666666,0.0021666666666666666,7.6923076923076925,1108;9112,1108;9112
dna_repair_biased,BP,GO:0051099,positive regulation of binding,0.026792625837197194,0.2926658094323724,False,2,120,13,6000,0.016666666666666666,0.0021666666666666666,7.6923076923076925,3146;151636,151636;3146
dna_repair_biased,BP,GO:0090329,regulation of DNA-templated DNA replication,0.026792625837197194,0.2926658094323724,False,2,120,13,6000,0.016666666666666666,0.0021666666666666666,7.6923076923076925,4171;4683,4171;4683
dna_repair_biased,BP,GO:0032760,positive regulation of tumor necrosis factor production,0.027523510764507843,0.2995020198076789,False,3,120,33,6000,0.025,0.0055,4.545454545454546,3146;5688;5692,3146;5688;5692
dna_repair_biased,BP,GO:0002695,negative regulation of leukocyte activation,0.02818191625339315,0.3055005446327904,False,4,120,58,6000,0.03333333333333333,0.009666666666666667,3.4482758620689653,3146;5688;5692;10039,10039;3146;5688;5692
dna_repair_biased,BP,GO:0009056,catabolic process,0.028367739123169138,0.30635009181876977,False,19,120,600,6000,0.15833333333333333,0.1,1.5833333333333333,328;1763;5688;5692;5706;7320;9112;9306;9325;10535;11044;22992;27339;30849;51366;54778;79621;151636;165918,10535;11044;151636;165918;1763;22992;27339;30849;328;51366;54778;5688;5692;5706;7320;79621;9112;9306;9325
dna_repair_biased,BP,GO:0032649,regulation of type II interferon production,0.02975747799135165,0.31894199155392317,False,3,120,34,6000,0.025,0.005666666666666667,4.411764705882353,3146;5688;5692,3146;5688;5692
dna_repair_biased,BP,GO:1903557,positive regulation of tumor necrosis factor superfamily cytokine production,0.02975747799135165,0.31894199155392317,False,3,120,34,6000,0.025,0.005666666666666667,4.411764705882353,3146;5688;5692,3146;5688;5692
dna_repair_biased,BP,GO:0051254,positive regulation of RNA metabolic process,0.03023141896866915,0.3228081478639541,False,16,120,483,6000,0.13333333333333333,0.0805,1.6563146997929605,328;1108;2074;3146;4792;4869;5706;6421;8091;9112;9149;9325;10463;10856;25988;151636,10463;10856;1108;151636;2074;25988;3146;328;4792;4869;5706;6421;8091;9112;9149;9325
dna_repair_biased,BP,GO:0032743,positive regulation of interleukin-2 production,0.0308551485076948,0.32460527083187407,False,2,120,14,6000,0.016666666666666666,0.0023333333333333335,7.142857142857142,5688;5692,5688;5692
dna_repair_biased,BP,GO:0042306,regulation of protein import into nucleus,0.0308551485076948,0.32460527083187407,False,2,120,14,6000,0.016666666666666666,0.0023333333333333335,7.142857142857142,4792;51366,4792;51366
dna_repair_biased,BP,GO:0050691,regulation of defense response to virus by host,0.0308551485076948,0.32460527083187407,False,2,120,14,6000,0.016666666666666666,0.0023333333333333335,7.142857142857142,2074;151636,151636;2074
dna_repair_biased,BP,GO:0072132,mesenchyme morphogenesis,0.0308551485076948,0.32460527083187407,False,2,120,14,6000,0.016666666666666666,0.0023333333333333335,7.142857142857142,58;6091,58;6091
dna_repair_biased,BP,GO:0001775,cell activation,0.03137367144133302,0.328207391259949,False,8,120,185,6000,0.06666666666666667,0.030833333333333334,2.1621621621621623,1137;3146;4068;4683;5688;5692;56262;165918,1137;165918;3146;4068;4683;56262;5688;5692
dna_repair_biased,BP,GO:0090068,positive regulation of cell cycle process,0.03142778597473381,0.328207391259949,False,4,120,60,6000,0.03333333333333333,0.01,3.333333333333333,4869;5889;55170;83695,4869;55170;5889;83695
dna_repair_biased,BP,GO:0050790,regulation of catalytic activity,0.03207598250797293,0.33375410996434607,False,7,120,152,6000,0.058333333333333334,0.025333333333333333,2.3026315789473686,1647;5982;6418;8091;55732;94056;151636,151636;1647;55732;5982;6418;8091;94056
dna_repair_biased,BP,GO:0042325,regulation of phosphorylation,0.032561714449878834,0.3375761741694711,False,6,120,120,6000,0.05,0.02,2.5,1647;2074;8091;29997;55732;94056,1647;2074;29997;55732;8091;94056
dna_repair_biased,BP,GO:1903131,mononuclear cell differentiation,0.033631755668832815,0.3474062877240665,False,5,120,90,6000,0.041666666666666664,0.015,2.7777777777777777,3146;4869;5688;5692;56262,3146;4869;56262;5688;5692
dna_repair_biased,BP,GO:0033036,macromolecule localization,0.03377697931972067,0.34764681603077124,False,17,120,530,6000,0.14166666666666666,0.08833333333333333,1.6037735849056602,2074;4683;4869;7486;10039;10856;11073;25836;27339;29890;29997;30849;78996;83695;126549;200558;254394,10039;10856;11073;126549;200558;2074;254394;25836;27339;29890;29997;30849;4683;4869;7486;78996;83695
dna_repair_biased,BP,GO:2000045,regulation of G1/S transition of mitotic cell cycle,0.034504183752545436,0.3538540571169318,False,3,120,36,6000,0.025,0.006,4.166666666666667,5688;5692;55159,55159;5688;5692
dna_repair_biased,BP,GO:0003151,outflow tract morphogenesis,0.03514392954070408,0.35656705736849587,False,2,120,15,6000,0.016666666666666666,0.0025,6.666666666666666,6091;25836,25836;6091
dna_repair_biased,BP,GO:0010638,positive regulation of organelle organization,0.034904928928140275,0.35656705736849587,False,6,120,122,6000,0.05,0.02033333333333333,2.4590163934426235,2067;4683;6861;10856;51750;84464,10856;2067;4683;51750;6861;84464
dna_repair_biased,BP,GO:2000059,negative regulation of ubiquitin-dependent protein catabolic process,0.03514392954070408,0.35656705736849587,False,2,120,15,6000,0.016666666666666666,0.0025,6.666666666666666,29997;55170,29997;55170
dna_repair_biased,BP,GO:0023052,signaling,0.03594589000738632,0.36341039862077446,False,38,120,1449,6000,0.31666666666666665,0.2415,1.311249137336094,328;1137;1408;1647;1763;2074;3146;4068;4683;4792;4869;5810;5932;5982;6091;6418;6861;8091;9112;9306;9325;9874;11069;11073;25988;27339;29997;30849;51366;55159;58493;64859;81570;83695;94056;120863;151636;219875,11069;11073;1137;120863;1408;151636;1647;1763;2074;219875;25988;27339;29997;30849;3146;328;4068;4683;4792;4869;51366;55159;5810;58493;5932;5982;6091;6418;64859;6861;8091;81570;83695;9112;9306;9325;94056;9874
dna_repair_biased,BP,GO:0007623,circadian rhythm,0.0370159208026162,0.37159292326851684,False,3,120,37,6000,0.025,0.006166666666666667,4.054054054054054,1408;9112;22992,1408;22992;9112
dna_repair_biased,BP,GO:0034728,nucleosome organization,0.0370159208026162,0.37159292326851684,False,3,120,37,6000,0.025,0.006166666666666667,4.054054054054054,4869;6418;92815,4869;6418;92815
dna_repair_biased,BP,GO:0007165,signal transduction,0.0382326300566575,0.38246045014572116,False,36,120,1364,6000,0.3,0.22733333333333333,1.3196480938416422,328;1137;1408;1647;1763;2074;3146;4683;4792;4869;5810;5932;5982;6091;6418;8091;9112;9306;9325;9874;11069;11073;25988;27339;29997;30849;51366;55159;58493;64859;81570;83695;94056;120863;151636;219875,11069;11073;1137;120863;1408;151636;1647;1763;2074;219875;25988;27339;29997;30849;3146;328;4683;4792;4869;51366;55159;5810;58493;5932;5982;6091;6418;64859;8091;81570;83695;9112;9306;9325;94056;9874
dna_repair_biased,BP,GO:0002252,immune effector process,0.03947273640634472,0.38579435067654205,False,5,120,94,6000,0.041666666666666664,0.015666666666666666,2.6595744680851063,3146;4683;5688;5692;165918,165918;3146;4683;5688;5692
dna_repair_biased,BP,GO:0007276,gamete generation,0.03887961821005015,0.38579435067654205,False,8,120,193,6000,0.06666666666666667,0.03216666666666667,2.0725388601036268,5692;7320;9985;11144;56262;254394;254528;374864,11144;254394;254528;374864;56262;5692;7320;9985
dna_repair_biased,BP,GO:0022607,cellular component assembly,0.03902007825957763,0.38579435067654205,False,22,120,748,6000,0.18333333333333332,0.12466666666666666,1.4705882352941175,58;1763;2067;3146;4683;4869;5889;6418;7486;8091;9874;10856;11144;23126;27339;29890;29997;51366;56262;84464;92815;374864,10856;11144;1763;2067;23126;27339;29890;29997;3146;374864;4683;4869;51366;56262;58;5889;6418;7486;8091;84464;92815;9874
dna_repair_biased,BP,GO:0034504,protein localization to nucleus,0.03961908674212129,0.38579435067654205,False,3,120,38,6000,0.025,0.006333333333333333,3.947368421052632,4869;7486;29997,29997;4869;7486
dna_repair_biased,BP,GO:0043583,ear development,0.03961908674212129,0.38579435067654205,False,3,120,38,6000,0.025,0.006333333333333333,3.947368421052632,2138;4171;25836,2138;25836;4171
dna_repair_biased,BP,GO:0051101,regulation of DNA binding,0.03964845483978493,0.38579435067654205,False,2,120,16,6000,0.016666666666666666,0.0026666666666666666,6.25,3146;8091,3146;8091
dna_repair_biased,BP,GO:0060261,positive regulation of transcription initiation by RNA polymerase II,0.03964845483978493,0.38579435067654205,False,2,120,16,6000,0.016666666666666666,0.0026666666666666666,6.25,4792;5706,4792;5706
dna_repair_biased,BP,GO:2000765,regulation of cytoplasmic translation,0.03964845483978493,0.38579435067654205,False,2,120,16,6000,0.016666666666666666,0.0026666666666666666,6.25,4869;221120,221120;4869
dna_repair_biased,BP,GO:0007154,cell communication,0.03998257096831324,0.38772214228116,False,38,120,1460,6000,0.31666666666666665,0.24333333333333335,1.3013698630136985,328;1137;1408;1647;1763;2074;3146;4068;4683;4792;4869;5810;5932;5982;6091;6418;6861;8091;9112;9306;9325;9874;11069;11073;25988;27339;29997;30849;51366;55159;58493;64859;81570;83695;94056;120863;151636;219875,11069;11073;1137;120863;1408;151636;1647;1763;2074;219875;25988;27339;29997;30849;3146;328;4068;4683;4792;4869;51366;55159;5810;58493;5932;5982;6091;6418;64859;6861;8091;81570;83695;9112;9306;9325;94056;9874
dna_repair_biased,BP,GO:0050866,negative regulation of cell activation,0.04047068127285961,0.39112512647092457,False,4,120,65,6000,0.03333333333333333,0.010833333333333334,3.0769230769230766,3146;5688;5692;10039,10039;3146;5688;5692
dna_repair_biased,BP,GO:0050793,regulation of developmental process,0.040778589999450124,0.39276945975821725,False,19,120,625,6000,0.15833333333333333,0.10416666666666667,1.5199999999999998,1108;1647;3146;4792;5688;5692;6091;8091;9112;9325;10039;10856;25836;55170;56262;84787;94056;126549;200558,10039;10856;1108;126549;1647;200558;25836;3146;4792;55170;56262;5688;5692;6091;8091;84787;9112;9325;94056
dna_repair_biased,BP,GO:0043933,protein-containing complex organization,0.04120522888459993,0.39554244966328084,False,14,120,422,6000,0.11666666666666667,0.07033333333333333,1.6587677725118484,4869;5889;6418;9874;10856;11034;11144;23126;27339;29997;30849;55732;56262;92815,10856;11034;11144;23126;27339;29997;30849;4869;55732;56262;5889;6418;92815;9874
dna_repair_biased,BP,GO:0051168,nuclear export,0.04231294966481447,0.4046636554973301,False,3,120,39,6000,0.025,0.0065,3.8461538461538467,4869;29890;126549,126549;29890;4869
dna_repair_biased,BP,GO:0098813,nuclear chromosome segregation,0.04243929603426927,0.4046636554973301,False,4,120,66,6000,0.03333333333333333,0.011,3.0303030303030303,11044;11144;25836;254528,11044;11144;254528;25836
dna_repair_biased,BP,GO:0002637,regulation of immunoglobulin production,0.04435853423451011,0.4128966658329817,False,2,120,17,6000,0.016666666666666666,0.0028333333333333335,5.88235294117647,10039;84787,10039;84787
dna_repair_biased,BP,GO:0007129,homologous chromosome pairing at meiosis,0.04435853423451011,0.4128966658329817,False,2,120,17,6000,0.016666666666666666,0.0028333333333333335,5.88235294117647,11144;254528,11144;254528
dna_repair_biased,BP,GO:0010596,negative regulation of endothelial cell migration,0.04435853423451011,0.4128966658329817,False,2,120,17,6000,0.016666666666666666,0.0028333333333333335,5.88235294117647,1647;3146,1647;3146
dna_repair_biased,BP,GO:0030522,intracellular receptor signaling pathway,0.04446133862179073,0.4128966658329817,False,4,120,67,6000,0.03333333333333333,0.011166666666666667,2.9850746268656714,1408;9325;51366;81570,1408;51366;81570;9325
dna_repair_biased,BP,GO:0071902,positive regulation of protein serine/threonine kinase activity,0.04435853423451011,0.4128966658329817,False,2,120,17,6000,0.016666666666666666,0.0028333333333333335,5.88235294117647,8091;94056,8091;94056
dna_repair_biased,BP,GO:1905953,negative regulation of lipid localization,0.04435853423451011,0.4128966658329817,False,2,120,17,6000,0.016666666666666666,0.0028333333333333335,5.88235294117647,1408;4792,1408;4792
dna_repair_biased,BP,GO:2000144,positive regulation of DNA-templated transcription initiation,0.04435853423451011,0.4128966658329817,False,2,120,17,6000,0.016666666666666666,0.0028333333333333335,5.88235294117647,4792;5706,4792;5706
dna_repair_biased,BP,GO:2000736,regulation of stem cell differentiation,0.04435853423451011,0.4128966658329817,False,2,120,17,6000,0.016666666666666666,0.0028333333333333335,5.88235294117647,1108;9112,1108;9112
dna_repair_biased,BP,GO:0002831,regulation of response to biotic stimulus,0.0454635473342057,0.419471111488092,False,7,120,164,6000,0.058333333333333334,0.027333333333333334,2.1341463414634148,2074;3146;4792;6421;29997;81570;151636,151636;2074;29997;3146;4792;6421;81570
dna_repair_biased,BP,GO:0048232,male gamete generation,0.0454635473342057,0.419471111488092,False,7,120,164,6000,0.058333333333333334,0.027333333333333334,2.1341463414634148,5692;7320;9985;11144;56262;254528;374864,11144;254528;374864;56262;5692;7320;9985
dna_repair_biased,BP,GO:0006401,RNA catabolic process,0.04653677699618508,0.4279882297294312,False,4,120,68,6000,0.03333333333333333,0.011333333333333334,2.941176470588235,1763;10535;11044;79621,10535;11044;1763;79621
dna_repair_biased,BP,GO:0050868,negative regulation of T cell activation,0.04796942918717851,0.43693559940142473,False,3,120,41,6000,0.025,0.006833333333333334,3.658536585365854,3146;5688;5692,3146;5688;5692
dna_repair_biased,BP,GO:0051128,regulation of cellular component organization,0.04785623567746053,0.43693559940142473,False,20,120,679,6000,0.16666666666666666,0.11316666666666667,1.4727540500736376,1108;2067;2072;3146;4683;4869;5706;5810;6091;6861;9874;10039;10463;10856;29997;51750;54780;55170;56160;84464,10039;10463;10856;1108;2067;2072;29997;3146;4683;4869;51750;54780;55170;56160;5706;5810;6091;6861;84464;9874
dna_repair_biased,BP,GO:0071900,regulation of protein serine/threonine kinase activity,0.04796942918717851,0.43693559940142473,False,3,120,41,6000,0.025,0.006833333333333334,3.658536585365854,1647;8091;94056,1647;8091;94056
dna_repair_biased,BP,GO:0002312,B cell activation involved in immune response,0.04926429290544311,0.4389140596044322,False,2,120,18,6000,0.016666666666666666,0.003,5.555555555555555,4683;165918,165918;4683
dna_repair_biased,BP,GO:0007140,male meiotic nuclear division,0.04926429290544311,0.4389140596044322,False,2,120,18,6000,0.016666666666666666,0.003,5.555555555555555,11144;254528,11144;254528
dna_repair_biased,BP,GO:0016064,immunoglobulin mediated immune response,0.04926429290544311,0.4389140596044322,False,2,120,18,6000,0.016666666666666666,0.003,5.555555555555555,4683;165918,165918;4683
dna_repair_biased,BP,GO:0019724,B cell mediated immunity,0.04926429290544311,0.4389140596044322,False,2,120,18,6000,0.016666666666666666,0.003,5.555555555555555,4683;165918,165918;4683
dna_repair_biased,BP,GO:0045859,regulation of protein kinase activity,0.04866554656880931,0.4389140596044322,False,4,120,69,6000,0.03333333333333333,0.0115,2.898550724637681,1647;8091;55732;94056,1647;55732;8091;94056
dna_repair_biased,BP,GO:0050688,regulation of defense response to virus,0.04926429290544311,0.4389140596044322,False,2,120,18,6000,0.016666666666666666,0.003,5.555555555555555,2074;151636,151636;2074
dna_repair_biased,BP,GO:0070192,chromosome organization involved in meiotic cell cycle,0.04926429290544311,0.4389140596044322,False,2,120,18,6000,0.016666666666666666,0.003,5.555555555555555,11144;254528,11144;254528
dna_repair_biased,BP,GO:0065009,regulation of molecular function,0.04985038202448755,0.44275214689038633,False,8,120,203,6000,0.06666666666666667,0.03383333333333333,1.9704433497536946,1647;3146;5982;6418;8091;55732;94056;151636,151636;1647;3146;55732;5982;6418;8091;94056
dna_repair_biased,BP,GO:0048511,rhythmic process,0.05093018710548757,0.4509377746513822,False,3,120,42,6000,0.025,0.007,3.5714285714285716,1408;9112;22992,1408;22992;9112
dna_repair_biased,BP,GO:0007249,canonical NF-kappaB signal transduction,0.05435616301807822,0.4753663213636227,False,2,120,19,6000,0.016666666666666666,0.0031666666666666666,5.2631578947368425,4792;4869,4792;4869
dna_repair_biased,BP,GO:0045058,T cell selection,0.05435616301807822,0.4753663213636227,False,2,120,19,6000,0.016666666666666666,0.0031666666666666666,5.2631578947368425,5688;5692,5688;5692
dna_repair_biased,BP,GO:0045143,homologous chromosome segregation,0.05435616301807822,0.4753663213636227,False,2,120,19,6000,0.016666666666666666,0.0031666666666666666,5.2631578947368425,11144;254528,11144;254528
dna_repair_biased,BP,GO:2000058,regulation of ubiquitin-dependent protein catabolic process,0.05397793405931184,0.4753663213636227,False,3,120,43,6000,0.025,0.007166666666666667,3.488372093023256,6418;29997;55170,29997;55170;6418
dna_repair_biased,BP,GO:0034655,nucleobase-containing compound catabolic process,0.05476006889659996,0.47743411750521864,False,5,120,103,6000,0.041666666666666664,0.017166666666666667,2.4271844660194173,328;1763;10535;11044;79621,10535;11044;1763;328;79621
dna_repair_biased,BP,GO:0044093,positive regulation of molecular function,0.05664391354217823,0.4923530411852138,False,5,120,104,6000,0.041666666666666664,0.017333333333333333,2.4038461538461537,3146;5982;8091;94056;151636,151636;3146;5982;8091;94056
dna_repair_biased,BP,GO:1902806,regulation of cell cycle G1/S phase transition,0.05711157153047462,0.4934093649496459,False,3,120,44,6000,0.025,0.007333333333333333,3.409090909090909,5688;5692;55159,55159;5688;5692
dna_repair_biased,BP,GO:1903038,negative regulation of leukocyte cell-cell adhesion,0.05711157153047462,0.4934093649496459,False,3,120,44,6000,0.025,0.007333333333333333,3.409090909090909,3146;5688;5692,3146;5688;5692
dna_repair_biased,BP,GO:0010467,gene expression,0.0575308584543209,0.4941009385088808,False,19,120,651,6000,0.15833333333333333,0.1085,1.4592933947772657,328;2074;2967;2968;4683;5438;6421;9325;10856;11044;25988;27339;29890;29997;78996;83932;165918;200558;728340,10856;11044;165918;200558;2074;25988;27339;2967;2968;29890;29997;328;4683;5438;6421;728340;78996;83932;9325
dna_repair_biased,BP,GO:0030098,lymphocyte differentiation,0.057711544203247034,0.4941009385088808,False,4,120,73,6000,0.03333333333333333,0.012166666666666666,2.7397260273972606,3146;5688;5692;56262,3146;56262;5688;5692
dna_repair_biased,BP,GO:0043549,regulation of kinase activity,0.057711544203247034,0.4941009385088808,False,4,120,73,6000,0.03333333333333333,0.012166666666666666,2.7397260273972606,1647;8091;55732;94056,1647;55732;8091;94056
dna_repair_biased,BP,GO:0032729,positive regulation of type II interferon production,0.05962487556091966,0.5074343887289013,False,2,120,20,6000,0.016666666666666666,0.0033333333333333335,5.0,5688;5692,5688;5692
dna_repair_biased,BP,GO:0034243,regulation of transcription elongation by RNA polymerase II,0.05962487556091966,0.5074343887289013,False,2,120,20,6000,0.016666666666666666,0.0033333333333333335,5.0,2074;165918,165918;2074
dna_repair_biased,BP,GO:0032663,regulation of interleukin-2 production,0.06506145238298199,0.547168733757763,False,2,120,21,6000,0.016666666666666666,0.0035,4.761904761904762,5688;5692,5688;5692
dna_repair_biased,BP,GO:0033143,regulation of intracellular steroid hormone receptor signaling pathway,0.06506145238298199,0.547168733757763,False,2,120,21,6000,0.016666666666666666,0.0035,4.761904761904762,1408;8091,1408;8091
dna_repair_biased,BP,GO:0042471,ear morphogenesis,0.06506145238298199,0.547168733757763,False,2,120,21,6000,0.016666666666666666,0.0035,4.761904761904762,2138;25836,2138;25836
dna_repair_biased,BP,GO:0045132,meiotic chromosome segregation,0.06506145238298199,0.547168733757763,False,2,120,21,6000,0.016666666666666666,0.0035,4.761904761904762,11144;254528,11144;254528
dna_repair_biased,BP,GO:0030217,T cell differentiation,0.06701596897600118,0.5619486104428805,False,3,120,47,6000,0.025,0.007833333333333333,3.191489361702128,3146;5688;5692,3146;5688;5692
dna_repair_biased,BP,GO:0048609,multicellular organismal reproductive process,0.06832950493151282,0.5712827523746131,False,8,120,217,6000,0.06666666666666667,0.036166666666666666,1.8433179723502304,5692;7320;9985;11144;56262;254394;254528;374864,11144;254394;254528;374864;56262;5692;7320;9985
dna_repair_biased,BP,GO:0045595,regulation of cell differentiation,0.06999736808977139,0.583516071415024,False,13,120,415,6000,0.10833333333333334,0.06916666666666667,1.5662650602409638,1108;3146;4792;5688;5692;6091;9112;9325;55170;56262;94056;126549;200558,1108;126549;200558;3146;4792;55170;56262;5688;5692;6091;9112;9325;94056
dna_repair_biased,BP,GO:0000082,G1/S transition of mitotic cell cycle,0.0706571984261017,0.5838947035154085,False,2,120,22,6000,0.016666666666666666,0.0036666666666666666,4.545454545454546,5426;25988,25988;5426
dna_repair_biased,BP,GO:0032784,regulation of DNA-templated transcription elongation,0.0706571984261017,0.5838947035154085,False,2,120,22,6000,0.016666666666666666,0.0036666666666666666,4.545454545454546,2074;165918,165918;2074
dna_repair_biased,BP,GO:0044843,cell cycle G1/S phase transition,0.0706571984261017,0.5838947035154085,False,2,120,22,6000,0.016666666666666666,0.0036666666666666666,4.545454545454546,5426;25988,25988;5426
dna_repair_biased,BP,GO:0031647,regulation of protein stability,0.07086859942261392,0.5839490663406713,False,5,120,111,6000,0.041666666666666664,0.0185,2.2522522522522523,7320;10856;29997;54840;85015,10856;29997;54840;7320;85015
dna_repair_biased,BP,GO:0072594,establishment of protein localization to organelle,0.0728503713317676,0.5985487281465978,False,4,120,79,6000,0.03333333333333333,0.013166666666666667,2.531645569620253,4869;10856;25836;30849,10856;25836;30849;4869
dna_repair_biased,BP,GO:0045787,positive regulation of cell cycle,0.07555291507730769,0.6189694278316213,False,4,120,80,6000,0.03333333333333333,0.013333333333333334,2.5,4869;5889;55170;83695,4869;55170;5889;83695
dna_repair_biased,BP,GO:0032436,positive regulation of proteasomal ubiquitin-dependent protein catabolic process,0.07640369414754856,0.6241459370047592,False,2,120,23,6000,0.016666666666666666,0.003833333333333333,4.3478260869565215,6418;29997,29997;6418
dna_repair_biased,BP,GO:0006915,apoptotic process,0.07735278673537373,0.6300936999501442,False,6,120,149,6000,0.05,0.024833333333333332,2.0134228187919465,328;1647;4171;5688;5692;6418,1647;328;4171;5688;5692;6418
dna_repair_biased,BP,GO:0044085,cellular component biogenesis,0.07777315050420018,0.6317129689101845,False,22,120,807,6000,0.18333333333333332,0.1345,1.363073110285006,58;1763;2067;3146;4683;4869;5889;6418;7486;8091;9874;10856;11144;23126;27339;29890;29997;51366;56262;84464;92815;374864,10856;11144;1763;2067;23126;27339;29890;29997;3146;374864;4683;4869;51366;56262;58;5889;6418;7486;8091;84464;92815;9874
dna_repair_biased,BP,GO:0030097,hemopoiesis,0.08131546379400607,0.6586090547633844,False,6,120,151,6000,0.05,0.025166666666666667,1.9867549668874174,3146;4869;5688;5692;56262;81570,3146;4869;56262;5688;5692;81570
dna_repair_biased,BP,GO:0001701,in utero embryonic development,0.08229278812852872,0.6627591495888006,False,2,120,24,6000,0.016666666666666666,0.004,4.166666666666667,4683;25988,25988;4683
dna_repair_biased,BP,GO:2000278,regulation of DNA biosynthetic process,0.08229278812852872,0.6627591495888006,False,2,120,24,6000,0.016666666666666666,0.004,4.166666666666667,5982;10039,10039;5982
dna_repair_biased,BP,GO:1903829,positive regulation of protein localization,0.08449199432455418,0.6785540163924055,False,5,120,117,6000,0.041666666666666664,0.0195,2.1367521367521367,4869;11069;51366;56262;151636,11069;151636;4869;51366;56262
dna_repair_biased,BP,GO:0032680,regulation of tumor necrosis factor production,0.08512298683972347,0.681701223258572,False,3,120,52,6000,0.025,0.008666666666666666,2.884615384615385,3146;5688;5692,3146;5688;5692
dna_repair_biased,BP,GO:0042255,ribosome assembly,0.08831658986426864,0.6974808800637947,False,2,120,25,6000,0.016666666666666666,0.004166666666666667,4.0,4869;29997,29997;4869
dna_repair_biased,BP,GO:0042273,ribosomal large subunit biogenesis,0.08831658986426864,0.6974808800637947,False,2,120,25,6000,0.016666666666666666,0.004166666666666667,4.0,4869;29997,29997;4869
dna_repair_biased,BP,GO:0045661,regulation of myoblast differentiation,0.08831658986426864,0.6974808800637947,False,2,120,25,6000,0.016666666666666666,0.004166666666666667,4.0,9325;56262,56262;9325
dna_repair_biased,BP,GO:1901989,positive regulation of cell cycle phase transition,0.08831658986426864,0.6974808800637947,False,2,120,25,6000,0.016666666666666666,0.004166666666666667,4.0,4869;5889,4869;5889
dna_repair_biased,BP,GO:1903900,regulation of viral life cycle,0.08831658986426864,0.6974808800637947,False,2,120,25,6000,0.016666666666666666,0.004166666666666667,4.0,3146;8091,3146;8091
dna_repair_biased,BP,GO:1903555,regulation of tumor necrosis factor superfamily cytokine production,0.08897161498177233,0.7007129124669418,False,3,120,53,6000,0.025,0.008833333333333334,2.8301886792452833,3146;5688;5692,3146;5688;5692
dna_repair_biased,BP,GO:1903311,regulation of mRNA metabolic process,0.08981099072012644,0.7053750262894779,False,4,120,85,6000,0.03333333333333333,0.014166666666666666,2.3529411764705883,328;4869;11044;29890,11044;29890;328;4869
dna_repair_biased,BP,GO:0006357,regulation of transcription by RNA polymerase II,0.09313179168090038,0.7294470826435357,False,20,120,736,6000,0.16666666666666666,0.12266666666666666,1.358695652173913,328;1108;1408;1647;2074;3146;4792;4869;5706;6421;8091;9112;10856;22992;25836;25988;29997;56160;342908;388536,10856;1108;1408;1647;2074;22992;25836;25988;29997;3146;328;342908;388536;4792;4869;56160;5706;6421;8091;9112
dna_repair_biased,BP,GO:0043535,regulation of blood vessel endothelial cell migration,0.09446746273146321,0.7378814691709634,False,2,120,26,6000,0.016666666666666666,0.004333333333333333,3.8461538461538463,1647;3146,1647;3146
dna_repair_biased,BP,GO:0045944,positive regulation of transcription by RNA polymerase II,0.0951020943557331,0.7408089371808608,False,10,120,313,6000,0.08333333333333333,0.05216666666666667,1.5974440894568689,328;2074;3146;4792;4869;5706;6421;8091;10856;25988,10856;2074;25988;3146;328;4792;4869;5706;6421;8091
dna_repair_biased,BP,GO:0043488,regulation of mRNA stability,0.09688403566971993,0.7526332035268979,False,3,120,55,6000,0.025,0.009166666666666667,2.7272727272727275,328;4869;11044,11044;328;4869
dna_repair_biased,BP,GO:0007283,spermatogenesis,0.0982838391900372,0.7614326780728153,False,6,120,159,6000,0.05,0.0265,1.886792452830189,5692;7320;9985;11144;56262;374864,11144;374864;56262;5692;7320;9985
dna_repair_biased,BP,GO:0030518,nuclear receptor-mediated steroid hormone signaling pathway,0.10073801712896961,0.7638406564752457,False,2,120,27,6000,0.016666666666666666,0.0045,3.7037037037037037,9325;51366,51366;9325
dna_repair_biased,BP,GO:0032024,positive regulation of insulin secretion,0.10073801712896961,0.7638406564752457,False,2,120,27,6000,0.016666666666666666,0.0045,3.7037037037037037,11069;56262,11069;56262
dna_repair_biased,BP,GO:0043401,steroid hormone receptor signaling pathway,0.10073801712896961,0.7638406564752457,False,2,120,27,6000,0.016666666666666666,0.0045,3.7037037037037037,9325;51366,51366;9325
dna_repair_biased,BP,GO:0043542,endothelial cell migration,0.10073801712896961,0.7638406564752457,False,2,120,27,6000,0.016666666666666666,0.0045,3.7037037037037037,3146;6091,3146;6091
dna_repair_biased,BP,GO:0046330,positive regulation of JNK cascade,0.10073801712896961,0.7638406564752457,False,2,120,27,6000,0.016666666666666666,0.0045,3.7037037037037037,1647;3146,1647;3146
dna_repair_biased,BP,GO:0061448,connective tissue development,0.10073801712896961,0.7638406564752457,False,2,120,27,6000,0.016666666666666666,0.0045,3.7037037037037037,8091;9149,8091;9149
dna_repair_biased,BP,GO:1901222,regulation of non-canonical NF-kappaB signal transduction,0.10073801712896961,0.7638406564752457,False,2,120,27,6000,0.016666666666666666,0.0045,3.7037037037037037,3146;4792,3146;4792
dna_repair_biased,BP,GO:2000060,positive regulation of ubiquitin-dependent protein catabolic process,0.10073801712896961,0.7638406564752457,False,2,120,27,6000,0.016666666666666666,0.0045,3.7037037037037037,6418;29997,29997;6418
dna_repair_biased,BP,GO:0002706,regulation of lymphocyte mediated immunity,0.10507285570559399,0.7924939460757896,False,3,120,57,6000,0.025,0.0095,2.6315789473684212,3146;10039;84787,10039;3146;84787
dna_repair_biased,BP,GO:0006913,nucleocytoplasmic transport,0.10507285570559399,0.7924939460757896,False,3,120,57,6000,0.025,0.0095,2.6315789473684212,4869;29890;126549,126549;29890;4869
dna_repair_biased,BP,GO:0034341,response to type II interferon,0.10712110378771475,0.8015807530151569,False,2,120,28,6000,0.016666666666666666,0.004666666666666667,3.571428571428571,5688;5692,5688;5692
dna_repair_biased,BP,GO:0046822,regulation of nucleocytoplasmic transport,0.10712110378771475,0.8015807530151569,False,2,120,28,6000,0.016666666666666666,0.004666666666666667,3.571428571428571,4792;51366,4792;51366
dna_repair_biased,BP,GO:0090263,positive regulation of canonical Wnt signaling pathway,0.10712110378771475,0.8015807530151569,False,2,120,28,6000,0.016666666666666666,0.004666666666666667,3.571428571428571,7320;51366,51366;7320
dna_repair_biased,BP,GO:0051169,nuclear transport,0.10926690694844134,0.8154972557853567,False,3,120,58,6000,0.025,0.009666666666666667,2.586206896551724,4869;29890;126549,126549;29890;4869
dna_repair_biased,BP,GO:0012501,programmed cell death,0.1121597454512007,0.8320501541470093,False,6,120,165,6000,0.05,0.0275,1.8181818181818183,328;1647;4171;5688;5692;6418,1647;328;4171;5688;5692;6418
dna_repair_biased,BP,GO:0032774,RNA biosynthetic process,0.11214560702816818,0.8320501541470093,False,11,120,365,6000,0.09166666666666666,0.060833333333333336,1.506849315068493,328;2074;2967;2968;5438;6421;11044;25988;27339;29997;728340,11044;2074;25988;27339;2967;2968;29997;328;5438;6421;728340
dna_repair_biased,BP,GO:0050776,regulation of immune response,0.11236033298723207,0.8320501541470093,False,9,120,283,6000,0.075,0.04716666666666667,1.5901060070671376,3146;4068;4792;5692;6421;10039;29997;81570;84787,10039;29997;3146;4068;4792;5692;6421;81570;84787
dna_repair_biased,BP,GO:0002822,regulation of adaptive immune response based on somatic recombination of immune receptors built from immunoglobulin superfamily domains,0.11352521407325496,0.8347978362319615,False,3,120,59,6000,0.025,0.009833333333333333,2.5423728813559325,3146;10039;84787,10039;3146;84787
dna_repair_biased,BP,GO:0045995,regulation of embryonic development,0.11360980724587899,0.8347978362319615,False,2,120,29,6000,0.016666666666666666,0.004833333333333334,3.4482758620689653,10856;25836,10856;25836
dna_repair_biased,BP,GO:0048872,homeostasis of number of cells,0.11352521407325496,0.8347978362319615,False,3,120,59,6000,0.025,0.009833333333333333,2.5423728813559325,3146;5688;5692,3146;5688;5692
dna_repair_biased,BP,GO:0008219,cell death,0.11699809117068284,0.8527393920175041,False,6,120,167,6000,0.05,0.027833333333333335,1.7964071856287425,328;1647;4171;5688;5692;6418,1647;328;4171;5688;5692;6418
dna_repair_biased,BP,GO:0009790,embryo development,0.11699809117068284,0.8527393920175041,False,6,120,167,6000,0.05,0.027833333333333335,1.7964071856287425,2138;4683;5426;8091;25836;25988,2138;25836;25988;4683;5426;8091
dna_repair_biased,BP,GO:0022408,negative regulation of cell-cell adhesion,0.11784613134159826,0.8527393920175041,False,3,120,60,6000,0.025,0.01,2.5,3146;5688;5692,3146;5688;5692
dna_repair_biased,BP,GO:0045580,regulation of T cell differentiation,0.11784613134159826,0.8527393920175041,False,3,120,60,6000,0.025,0.01,2.5,3146;5688;5692,3146;5688;5692
dna_repair_biased,BP,GO:0051222,positive regulation of protein transport,0.11784613134159826,0.8527393920175041,False,3,120,60,6000,0.025,0.01,2.5,11069;51366;56262,11069;51366;56262
dna_repair_biased,BP,GO:0061013,regulation of mRNA catabolic process,0.11784613134159826,0.8527393920175041,False,3,120,60,6000,0.025,0.01,2.5,328;4869;11044,11044;328;4869
dna_repair_biased,BP,GO:0033157,regulation of intracellular protein transport,0.12019743948550393,0.8653608585181103,False,2,120,30,6000,0.016666666666666666,0.005,3.333333333333333,4792;51366,4792;51366
dna_repair_biased,BP,GO:0050864,regulation of B cell activation,0.12019743948550393,0.8653608585181103,False,2,120,30,6000,0.016666666666666666,0.005,3.333333333333333,10039;84787,10039;84787
dna_repair_biased,BP,GO:0043487,regulation of RNA stability,0.1222280019883349,0.8733634929041173,False,3,120,61,6000,0.025,0.010166666666666666,2.4590163934426235,328;4869;11044,11044;328;4869
dna_repair_biased,BP,GO:0045089,positive regulation of innate immune response,0.12185038281334978,0.8733634929041173,False,4,120,95,6000,0.03333333333333333,0.015833333333333335,2.1052631578947367,3146;4792;6421;81570,3146;4792;6421;81570
dna_repair_biased,BP,GO:0060828,regulation of canonical Wnt signaling pathway,0.1222280019883349,0.8733634929041173,False,3,120,61,6000,0.025,0.010166666666666666,2.4590163934426235,7320;10856;51366,10856;51366;7320
dna_repair_biased,BP,GO:0140694,membraneless organelle assembly,0.12529554457846614,0.8930439939830174,False,4,120,96,6000,0.03333333333333333,0.016,2.0833333333333335,58;4869;23126;29997,23126;29997;4869;58
dna_repair_biased,BP,GO:0002573,myeloid leukocyte differentiation,0.1268775337267594,0.8998205190422662,False,2,120,31,6000,0.016666666666666666,0.005166666666666667,3.225806451612903,4869;81570,4869;81570
dna_repair_biased,BP,GO:0045732,positive regulation of protein catabolic process,0.12666916027619196,0.8998205190422662,False,3,120,62,6000,0.025,0.010333333333333333,2.4193548387096775,5706;6418;29997,29997;5706;6418
dna_repair_biased,BP,GO:0002819,regulation of adaptive immune response,0.13116793345572536,0.9256430155501807,False,3,120,63,6000,0.025,0.0105,2.380952380952381,3146;10039;84787,10039;3146;84787
dna_repair_biased,BP,GO:0010721,negative regulation of cell development,0.13116793345572536,0.9256430155501807,False,3,120,63,6000,0.025,0.0105,2.380952380952381,3146;5688;5692,3146;5688;5692
dna_repair_biased,BP,GO:0006334,nucleosome assembly,0.13364383837618787,0.933869076496352,False,2,120,32,6000,0.016666666666666666,0.005333333333333333,3.125,4869;6418,4869;6418
dna_repair_biased,BP,GO:0032368,regulation of lipid transport,0.13364383837618787,0.933869076496352,False,2,120,32,6000,0.016666666666666666,0.005333333333333333,3.125,1408;4792,1408;4792
dna_repair_biased,BP,GO:0048839,inner ear development,0.13364383837618787,0.933869076496352,False,2,120,32,6000,0.016666666666666666,0.005333333333333333,3.125,2138;4171,2138;4171
dna_repair_biased,BP,GO:0050792,regulation of viral process,0.13364383837618787,0.933869076496352,False,2,120,32,6000,0.016666666666666666,0.005333333333333333,3.125,3146;8091,3146;8091
dna_repair_biased,BP,GO:0002833,positive regulation of response to biotic stimulus,0.13587582341038534,0.9471441871467203,False,4,120,99,6000,0.03333333333333333,0.0165,2.02020202020202,3146;4792;6421;81570,3146;4792;6421;81570
dna_repair_biased,BP,GO:0031347,regulation of defense response,0.13736787081980745,0.9552092675787098,False,8,120,255,6000,0.06666666666666667,0.0425,1.568627450980392,2074;3146;4792;5692;6421;29997;81570;151636,151636;2074;29997;3146;4792;5692;6421;81570
dna_repair_biased,BP,GO:0001934,positive regulation of protein phosphorylation,0.14033160955462612,0.9605224868544642,False,3,120,65,6000,0.025,0.010833333333333334,2.307692307692308,2074;8091;94056,2074;8091;94056
dna_repair_biased,BP,GO:0002793,positive regulation of peptide secretion,0.1404903111253285,0.9605224868544642,False,2,120,33,6000,0.016666666666666666,0.0055,3.0303030303030303,11069;56262,11069;56262
dna_repair_biased,BP,GO:0010821,regulation of mitochondrion organization,0.1404903111253285,0.9605224868544642,False,2,120,33,6000,0.016666666666666666,0.0055,3.0303030303030303,10463;55170,10463;55170
dna_repair_biased,BP,GO:0032434,regulation of proteasomal ubiquitin-dependent protein catabolic process,0.1404903111253285,0.9605224868544642,False,2,120,33,6000,0.016666666666666666,0.0055,3.0303030303030303,6418;29997,29997;6418
dna_repair_biased,BP,GO:0045860,positive regulation of protein kinase activity,0.1404903111253285,0.9605224868544642,False,2,120,33,6000,0.016666666666666666,0.0055,3.0303030303030303,8091;94056,8091;94056
dna_repair_biased,BP,GO:0090277,positive regulation of peptide hormone secretion,0.1404903111253285,0.9605224868544642,False,2,120,33,6000,0.016666666666666666,0.0055,3.0303030303030303,11069;56262,11069;56262
dna_repair_biased,BP,GO:1901796,regulation of signal transduction by p53 class mediator,0.1404903111253285,0.9605224868544642,False,2,120,33,6000,0.016666666666666666,0.0055,3.0303030303030303,25788;29997,25788;29997
dna_repair_biased,BP,GO:0048584,positive regulation of response to stimulus,0.1411556501186478,0.9627625801154662,False,17,120,644,6000,0.14166666666666666,0.10733333333333334,1.3198757763975155,1647;2074;2138;3146;4683;4792;6091;6421;7320;10039;10856;51366;54778;78996;81570;84787;165918,10039;10856;1647;165918;2074;2138;3146;4683;4792;51366;54778;6091;6421;7320;78996;81570;84787
dna_repair_biased,BP,GO:0045088,regulation of innate immune response,0.14195876494183113,0.9659294483273522,False,5,120,138,6000,0.041666666666666664,0.023,1.8115942028985506,3146;4792;6421;29997;81570,29997;3146;4792;6421;81570
dna_repair_biased,BP,GO:0022618,protein-RNA complex assembly,0.14499314829369075,0.9772469640314712,False,3,120,66,6000,0.025,0.011,2.272727272727273,10856;27339;29997,10856;27339;29997
dna_repair_biased,BP,GO:0044092,negative regulation of molecular function,0.14499314829369075,0.9772469640314712,False,3,120,66,6000,0.025,0.011,2.272727272727273,1647;8091;151636,151636;1647;8091
dna_repair_biased,BP,GO:0045619,regulation of lymphocyte differentiation,0.14499314829369075,0.9772469640314712,False,3,120,66,6000,0.025,0.011,2.272727272727273,3146;5688;5692,3146;5688;5692
dna_repair_biased,BP,GO:1904951,positive regulation of establishment of protein localization,0.14499314829369075,0.9772469640314712,False,3,120,66,6000,0.025,0.011,2.272727272727273,11069;51366;56262,11069;51366;56262
dna_repair_biased,BP,GO:0003006,developmental process involved in reproduction,0.145631907549187,0.9792371896762551,False,7,120,218,6000,0.058333333333333334,0.036333333333333336,1.6055045871559632,5692;7320;9985;11144;25836;56262;374864,11144;25836;374864;56262;5692;7320;9985
dna_repair_biased,BP,GO:0009266,response to temperature stimulus,0.14741111319620218,0.988868432287935,False,2,120,34,6000,0.016666666666666666,0.005666666666666667,2.941176470588235,4792;81570,4792;81570
dna_repair_biased,BP,GO:0044087,regulation of cellular component biogenesis,0.14843868045986688,0.9934241267396255,False,8,120,260,6000,0.06666666666666667,0.043333333333333335,1.5384615384615383,1108;2067;3146;4869;5706;29997;51750;84464,1108;2067;29997;3146;4869;51750;5706;84464
dna_repair_biased,BP,GO:0000027,ribosomal large subunit assembly,0.2154596450610039,1.0,False,1,120,12,6000,0.008333333333333333,0.002,4.166666666666667,29997,29997
dna_repair_biased,BP,GO:0000038,very long-chain fatty acid metabolic process,1.0,1.0,False,0,120,16,6000,0.0,0.0026666666666666666,0.0,,
dna_repair_biased,BP,GO:0000041,transition metal ion transport,0.3847989996645063,1.0,False,1,120,24,6000,0.008333333333333333,0.004,2.0833333333333335,10463,10463
dna_repair_biased,BP,GO:0000045,autophagosome assembly,1.0,1.0,False,0,120,22,6000,0.0,0.0036666666666666666,0.0,,
dna_repair_biased,BP,GO:0000070,mitotic sister chromatid segregation,0.19748770406178495,1.0,False,2,120,41,6000,0.016666666666666666,0.006833333333333334,2.4390243902439024,11044;25836,11044;25836
dna_repair_biased,BP,GO:0000079,regulation of cyclin-dependent protein serine/threonine kinase activity,0.1994186086676354,1.0,False,1,120,11,6000,0.008333333333333333,0.0018333333333333333,4.545454545454546,1647,1647
dna_repair_biased,BP,GO:0000086,G2/M transition of mitotic cell cycle,1.0,1.0,False,0,120,15,6000,0.0,0.0025,0.0,,
dna_repair_biased,BP,GO:0000132,establishment of mitotic spindle orientation,1.0,1.0,False,0,120,11,6000,0.0,0.0018333333333333333,0.0,,
dna_repair_biased,BP,GO:0000154,rRNA modification,1.0,1.0,False,0,120,14,6000,0.0,0.0023333333333333335,0.0,,
dna_repair_biased,BP,GO:0000165,MAPK cascade,1.0,1.0,False,0,120,40,6000,0.0,0.006666666666666667,0.0,,
dna_repair_biased,BP,GO:0000226,microtubule cytoskeleton organization,0.9451627807153836,1.0,False,1,120,142,6000,0.008333333333333333,0.023666666666666666,0.35211267605633806,4869,4869
dna_repair_biased,BP,GO:0000245,spliceosomal complex assembly,0.3191643119150053,1.0,False,1,120,19,6000,0.008333333333333333,0.0031666666666666666,2.6315789473684212,27339,27339
dna_repair_biased,BP,GO:0000281,mitotic cytokinesis,1.0,1.0,False,0,120,24,6000,0.0,0.004,0.0,,
dna_repair_biased,BP,GO:0000288,"nuclear-transcribed mRNA catabolic process, deadenylation-dependent decay",1.0,1.0,False,0,120,11,6000,0.0,0.0018333333333333333,0.0,,
dna_repair_biased,BP,GO:0000302,response to reactive oxygen species,0.5732069281268636,1.0,False,1,120,42,6000,0.008333333333333333,0.007,1.1904761904761905,375748,375748
dna_repair_biased,BP,GO:0000375,"RNA splicing, via transesterification reactions",0.41733182140815933,1.0,False,2,120,71,6000,0.016666666666666666,0.011833333333333333,1.4084507042253522,6421;27339,27339;6421
dna_repair_biased,BP,GO:0000377,"RNA splicing, via transesterification reactions with bulged adenosine as nucleophile",0.41033742113857935,1.0,False,2,120,70,6000,0.016666666666666666,0.011666666666666667,1.4285714285714284,6421;27339,27339;6421
dna_repair_biased,BP,GO:0000381,"regulation of alternative mRNA splicing, via spliceosome",0.27649816154596496,1.0,False,1,120,16,6000,0.008333333333333333,0.0026666666666666666,3.125,29890,29890
dna_repair_biased,BP,GO:0000387,spliceosomal snRNP assembly,0.3191643119150053,1.0,False,1,120,19,6000,0.008333333333333333,0.0031666666666666666,2.6315789473684212,27339,27339
dna_repair_biased,BP,GO:0000393,spliceosomal conformational changes to generate catalytic conformation,1.0,1.0,False,0,120,10,6000,0.0,0.0016666666666666668,0.0,,
dna_repair_biased,BP,GO:0000398,"mRNA splicing, via spliceosome",0.41033742113857935,1.0,False,2,120,70,6000,0.016666666666666666,0.011666666666666667,1.4285714285714284,6421;27339,27339;6421
dna_repair_biased,BP,GO:0000422,autophagy of mitochondrion,1.0,1.0,False,0,120,22,6000,0.0,0.0036666666666666666,0.0,,
dna_repair_biased,BP,GO:0000423,mitophagy,1.0,1.0,False,0,120,19,6000,0.0,0.0031666666666666666,0.0,,
dna_repair_biased,BP,GO:0000460,maturation of 5.8S rRNA,1.0,1.0,False,0,120,13,6000,0.0,0.0021666666666666666,0.0,,
dna_repair_biased,BP,GO:0000462,"maturation of SSU-rRNA from tricistronic rRNA transcript (SSU-rRNA, 5.8S rRNA, LSU-rRNA)",1.0,1.0,False,0,120,14,6000,0.0,0.0023333333333333335,0.0,,
dna_repair_biased,BP,GO:0000466,"maturation of 5.8S rRNA from tricistronic rRNA transcript (SSU-rRNA, 5.8S rRNA, LSU-rRNA)",1.0,1.0,False,0,120,11,6000,0.0,0.0018333333333333333,0.0,,
dna_repair_biased,BP,GO:0000479,"endonucleolytic cleavage of tricistronic rRNA transcript (SSU-rRNA, 5.8S rRNA, LSU-rRNA)",1.0,1.0,False,0,120,11,6000,0.0,0.0018333333333333333,0.0,,
dna_repair_biased,BP,GO:0000578,embryonic axis specification,1.0,1.0,False,0,120,10,6000,0.0,0.0016666666666666668,0.0,,
dna_repair_biased,BP,GO:0000819,sister chromatid segregation,0.20481557990959964,1.0,False,2,120,42,6000,0.016666666666666666,0.007,2.380952380952381,11044;25836,11044;25836
dna_repair_biased,BP,GO:0000902,cell morphogenesis,0.9598135165764458,1.0,False,1,120,157,6000,0.008333333333333333,0.026166666666666668,0.3184713375796178,6091,6091
dna_repair_biased,BP,GO:0000910,cytokinesis,1.0,1.0,False,0,120,29,6000,0.0,0.004833333333333334,0.0,,
dna_repair_biased,BP,GO:0000956,nuclear-transcribed mRNA catabolic process,1.0,1.0,False,0,120,36,6000,0.0,0.006,0.0,,
dna_repair_biased,BP,GO:0000959,mitochondrial RNA metabolic process,1.0,1.0,False,0,120,19,6000,0.0,0.0031666666666666666,0.0,,
dna_repair_biased,BP,GO:0001101,response to acid chemical,1.0,1.0,False,0,120,37,6000,0.0,0.006166666666666667,0.0,,
dna_repair_biased,BP,GO:0001501,skeletal system development,0.5592126159328288,1.0,False,2,120,93,6000,0.016666666666666666,0.0155,1.075268817204301,8091;25836,25836;8091
dna_repair_biased,BP,GO:0001503,ossification,1.0,1.0,False,0,120,60,6000,0.0,0.01,0.0,,
dna_repair_biased,BP,GO:0001508,action potential,0.5178253555419259,1.0,False,1,120,36,6000,0.008333333333333333,0.006,1.3888888888888888,1137,1137
dna_repair_biased,BP,GO:0001510,RNA methylation,0.4553248564627744,1.0,False,1,120,30,6000,0.008333333333333333,0.005,1.6666666666666665,29890,29890
dna_repair_biased,BP,GO:0001523,retinoid metabolic process,1.0,1.0,False,0,120,25,6000,0.0,0.004166666666666667,0.0,,
dna_repair_biased,BP,GO:0001525,angiogenesis,0.6855774707694965,1.0,False,1,120,57,6000,0.008333333333333333,0.0095,0.8771929824561404,6091,6091
dna_repair_biased,BP,GO:0001539,cilium or flagellum-dependent cell motility,0.38197239561614327,1.0,False,2,120,66,6000,0.016666666666666666,0.011,1.5151515151515151,5688;5692,5688;5692
dna_repair_biased,BP,GO:0001541,ovarian follicle development,1.0,1.0,False,0,120,10,6000,0.0,0.0016666666666666668,0.0,,
dna_repair_biased,BP,GO:0001558,regulation of cell growth,1.0,1.0,False,0,120,100,6000,0.0,0.016666666666666666,0.0,,
dna_repair_biased,BP,GO:0001568,blood vessel development,0.8365902599146186,1.0,False,1,120,89,6000,0.008333333333333333,0.014833333333333334,0.5617977528089887,6091,6091
dna_repair_biased,BP,GO:0001570,vasculogenesis,1.0,1.0,False,0,120,12,6000,0.0,0.002,0.0,,
dna_repair_biased,BP,GO:0001573,ganglioside metabolic process,1.0,1.0,False,0,120,10,6000,0.0,0.0016666666666666668,0.0,,
dna_repair_biased,BP,GO:0001578,microtubule bundle formation,1.0,1.0,False,0,120,32,6000,0.0,0.005333333333333333,0.0,,
dna_repair_biased,BP,GO:0001580,detection of chemical stimulus involved in sensory perception of bitter taste,1.0,1.0,False,0,120,15,6000,0.0,0.0025,0.0,,
dna_repair_biased,BP,GO:0001649,osteoblast differentiation,1.0,1.0,False,0,120,41,6000,0.0,0.006833333333333334,0.0,,
dna_repair_biased,BP,GO:0001654,eye development,0.45839332420414536,1.0,False,2,120,77,6000,0.016666666666666666,0.012833333333333334,1.2987012987012987,25836;85015,25836;85015
dna_repair_biased,BP,GO:0001656,metanephros development,0.2910068882529308,1.0,False,1,120,17,6000,0.008333333333333333,0.0028333333333333335,2.941176470588235,25836,25836
dna_repair_biased,BP,GO:0001657,ureteric bud development,1.0,1.0,False,0,120,19,6000,0.0,0.0031666666666666666,0.0,,
dna_repair_biased,BP,GO:0001659,temperature homeostasis,1.0,1.0,False,0,120,11,6000,0.0,0.0018333333333333333,0.0,,
dna_repair_biased,BP,GO:0001666,response to hypoxia,0.41733182140815933,1.0,False,2,120,71,6000,0.016666666666666666,0.011833333333333333,1.4084507042253522,1137;29997,1137;29997
dna_repair_biased,BP,GO:0001667,ameboidal-type cell migration,1.0,1.0,False,0,120,17,6000,0.0,0.0028333333333333335,0.0,,
dna_repair_biased,BP,GO:0001675,acrosome assembly,1.0,1.0,False,0,120,12,6000,0.0,0.002,0.0,,
dna_repair_biased,BP,GO:0001676,long-chain fatty acid metabolic process,1.0,1.0,False,0,120,38,6000,0.0,0.006333333333333333,0.0,,
dna_repair_biased,BP,GO:0001678,intracellular glucose homeostasis,0.4327558689318889,1.0,False,1,120,28,6000,0.008333333333333333,0.004666666666666667,1.7857142857142856,56262,56262
dna_repair_biased,BP,GO:0001704,formation of primary germ layer,0.3191643119150053,1.0,False,1,120,19,6000,0.008333333333333333,0.0031666666666666666,2.6315789473684212,8091,8091
dna_repair_biased,BP,GO:0001706,endoderm formation,0.24659164652108712,1.0,False,1,120,14,6000,0.008333333333333333,0.0023333333333333335,3.571428571428571,8091,8091
dna_repair_biased,BP,GO:0001708,cell fate specification,1.0,1.0,False,0,120,16,6000,0.0,0.0026666666666666666,0.0,,
dna_repair_biased,BP,GO:0001754,eye photoreceptor cell differentiation,1.0,1.0,False,0,120,10,6000,0.0,0.0016666666666666668,0.0,,
dna_repair_biased,BP,GO:0001763,morphogenesis of a branching structure,1.0,1.0,False,0,120,20,6000,0.0,0.0033333333333333335,0.0,,
dna_repair_biased,BP,GO:0001764,neuron migration,1.0,1.0,False,0,120,25,6000,0.0,0.004166666666666667,0.0,,
dna_repair_biased,BP,GO:0001817,regulation of cytokine production,0.7140760783800455,1.0,False,4,120,240,6000,0.03333333333333333,0.04,0.8333333333333333,3146;4792;5688;5692,3146;4792;5688;5692
dna_repair_biased,BP,GO:0001818,negative regulation of cytokine production,0.5352753386245839,1.0,False,2,120,89,6000,0.016666666666666666,0.014833333333333334,1.1235955056179774,3146;4792,3146;4792
dna_repair_biased,BP,GO:0001819,positive regulation of cytokine production,0.5999077350649085,1.0,False,3,120,154,6000,0.025,0.025666666666666667,0.974025974025974,3146;5688;5692,3146;5688;5692
dna_repair_biased,BP,GO:0001822,kidney development,0.7539026982459304,1.0,False,1,120,69,6000,0.008333333333333333,0.0115,0.7246376811594203,25836,25836
dna_repair_biased,BP,GO:0001823,mesonephros development,1.0,1.0,False,0,120,21,6000,0.0,0.0035,0.0,,
dna_repair_biased,BP,GO:0001837,epithelial to mesenchymal transition,0.4327558689318889,1.0,False,1,120,28,6000,0.008333333333333333,0.004666666666666667,1.7857142857142856,8091,8091
dna_repair_biased,BP,GO:0001838,embryonic epithelial tube formation,1.0,1.0,False,0,120,13,6000,0.0,0.0021666666666666666,0.0,,
dna_repair_biased,BP,GO:0001889,liver development,1.0,1.0,False,0,120,20,6000,0.0,0.0033333333333333335,0.0,,
dna_repair_biased,BP,GO:0001890,placenta development,1.0,1.0,False,0,120,16,6000,0.0,0.0026666666666666666,0.0,,
dna_repair_biased,BP,GO:0001894,tissue homeostasis,0.6724881482213413,1.0,False,1,120,55,6000,0.008333333333333333,0.009166666666666667,0.9090909090909091,85015,85015
dna_repair_biased,BP,GO:0001895,retina homeostasis,0.2910068882529308,1.0,False,1,120,17,6000,0.008333333333333333,0.0028333333333333335,2.941176470588235,85015,85015
dna_repair_biased,BP,GO:0001906,cell killing,1.0,1.0,False,0,120,41,6000,0.0,0.006833333333333334,0.0,,
dna_repair_biased,BP,GO:0001909,leukocyte mediated cytotoxicity,1.0,1.0,False,0,120,15,6000,0.0,0.0025,0.0,,
dna_repair_biased,BP,GO:0001910,regulation of leukocyte mediated cytotoxicity,1.0,1.0,False,0,120,27,6000,0.0,0.0045,0.0,,
dna_repair_biased,BP,GO:0001912,positive regulation of leukocyte mediated cytotoxicity,1.0,1.0,False,0,120,18,6000,0.0,0.003,0.0,,
dna_repair_biased,BP,GO:0001914,regulation of T cell mediated cytotoxicity,1.0,1.0,False,0,120,15,6000,0.0,0.0025,0.0,,
dna_repair_biased,BP,GO:0001916,positive regulation of T cell mediated cytotoxicity,1.0,1.0,False,0,120,11,6000,0.0,0.0018333333333333333,0.0,,
dna_repair_biased,BP,GO:0001933,negative regulation of protein phosphorylation,0.46627310055397503,1.0,False,1,120,31,6000,0.008333333333333333,0.005166666666666667,1.6129032258064515,1647,1647
dna_repair_biased,BP,GO:0001936,regulation of endothelial cell proliferation,0.5178253555419259,1.0,False,1,120,36,6000,0.008333333333333333,0.006,1.3888888888888888,3146,3146
dna_repair_biased,BP,GO:0001937,negative regulation of endothelial cell proliferation,1.0,1.0,False,0,120,12,6000,0.0,0.002,0.0,,
dna_repair_biased,BP,GO:0001938,positive regulation of endothelial cell proliferation,0.3847989996645063,1.0,False,1,120,24,6000,0.008333333333333333,0.004,2.0833333333333335,3146,3146
dna_repair_biased,BP,GO:0001944,vasculature development,0.8525225110029768,1.0,False,1,120,94,6000,0.008333333333333333,0.015666666666666666,0.5319148936170213,6091,6091
dna_repair_biased,BP,GO:0001952,regulation of cell-matrix adhesion,1.0,1.0,False,0,120,27,6000,0.0,0.0045,0.0,,
dna_repair_biased,BP,GO:0001954,positive regulation of cell-matrix adhesion,1.0,1.0,False,0,120,13,6000,0.0,0.0021666666666666666,0.0,,
dna_repair_biased,BP,GO:0001959,regulation of cytokine-mediated signaling pathway,0.6588586485892609,1.0,False,1,120,53,6000,0.008333333333333333,0.008833333333333334,0.9433962264150942,6091,6091
dna_repair_biased,BP,GO:0001960,negative regulation of cytokine-mediated signaling pathway,0.42112605589102525,1.0,False,1,120,27,6000,0.008333333333333333,0.0045,1.8518518518518519,6091,6091
dna_repair_biased,BP,GO:0001961,positive regulation of cytokine-mediated signaling pathway,1.0,1.0,False,0,120,19,6000,0.0,0.0031666666666666666,0.0,,
dna_repair_biased,BP,GO:0002009,morphogenesis of an epithelium,1.0,1.0,False,0,120,73,6000,0.0,0.012166666666666666,0.0,,
dna_repair_biased,BP,GO:0002011,morphogenesis of an epithelial sheet,1.0,1.0,False,0,120,10,6000,0.0,0.0016666666666666668,0.0,,
dna_repair_biased,BP,GO:0002027,regulation of heart rate,1.0,1.0,False,0,120,30,6000,0.0,0.005,0.0,,
dna_repair_biased,BP,GO:0002028,regulation of sodium ion transport,1.0,1.0,False,0,120,19,6000,0.0,0.0031666666666666666,0.0,,
dna_repair_biased,BP,GO:0002040,sprouting angiogenesis,0.3847989996645063,1.0,False,1,120,24,6000,0.008333333333333333,0.004,2.0833333333333335,6091,6091
dna_repair_biased,BP,GO:0002042,cell migration involved in sprouting angiogenesis,0.2154596450610039,1.0,False,1,120,12,6000,0.008333333333333333,0.002,4.166666666666667,6091,6091
dna_repair_biased,BP,GO:0002062,chondrocyte differentiation,0.1994186086676354,1.0,False,1,120,11,6000,0.008333333333333333,0.0018333333333333333,4.545454545454546,8091,8091
dna_repair_biased,BP,GO:0002064,epithelial cell development,1.0,1.0,False,0,120,23,6000,0.0,0.003833333333333333,0.0,,
dna_repair_biased,BP,GO:0002065,columnar/cuboidal epithelial cell differentiation,1.0,1.0,False,0,120,15,6000,0.0,0.0025,0.0,,
dna_repair_biased,BP,GO:0002088,lens development in camera-type eye,1.0,1.0,False,0,120,13,6000,0.0,0.0021666666666666666,0.0,,
dna_repair_biased,BP,GO:0002090,regulation of receptor internalization,1.0,1.0,False,0,120,23,6000,0.0,0.003833333333333333,0.0,,
dna_repair_biased,BP,GO:0002097,tRNA wobble base modification,1.0,1.0,False,0,120,10,6000,0.0,0.0016666666666666668,0.0,,
dna_repair_biased,BP,GO:0002181,cytoplasmic translation,0.6298898327348624,1.0,False,1,120,49,6000,0.008333333333333333,0.008166666666666666,1.0204081632653061,9325,9325
dna_repair_biased,BP,GO:0002182,cytoplasmic translational elongation,0.1994186086676354,1.0,False,1,120,11,6000,0.008333333333333333,0.0018333333333333333,4.545454545454546,9325,9325
dna_repair_biased,BP,GO:0002183,cytoplasmic translational initiation,1.0,1.0,False,0,120,13,6000,0.0,0.0021666666666666666,0.0,,
dna_repair_biased,BP,GO:0002220,innate immune response activating cell surface receptor signaling pathway,0.3191643119150053,1.0,False,1,120,19,6000,0.008333333333333333,0.0031666666666666666,2.6315789473684212,4792,4792
dna_repair_biased,BP,GO:0002221,pattern recognition receptor signaling pathway,0.18293925793062543,1.0,False,2,120,39,6000,0.016666666666666666,0.0065,2.5641025641025643,4792;81570,4792;81570
dna_repair_biased,BP,GO:0002224,toll-like receptor signaling pathway,1.0,1.0,False,0,120,16,6000,0.0,0.0026666666666666666,0.0,,
dna_repair_biased,BP,GO:0002228,natural killer cell mediated immunity,1.0,1.0,False,0,120,13,6000,0.0,0.0021666666666666666,0.0,,
dna_repair_biased,BP,GO:0002237,response to molecule of bacterial origin,0.8494643982192128,1.0,False,1,120,93,6000,0.008333333333333333,0.0155,0.5376344086021505,3146,3146
dna_repair_biased,BP,GO:0002253,activation of immune response,0.173576369259324,1.0,False,4,120,109,6000,0.03333333333333333,0.018166666666666668,1.8348623853211008,3146;4792;6421;81570,3146;4792;6421;81570
dna_repair_biased,BP,GO:0002262,myeloid cell homeostasis,0.5463534636790258,1.0,False,1,120,39,6000,0.008333333333333333,0.0065,1.2820512820512822,3146,3146
dna_repair_biased,BP,GO:0002274,myeloid leukocyte activation,0.4327558689318889,1.0,False,1,120,28,6000,0.008333333333333333,0.004666666666666667,1.7857142857142856,3146,3146
dna_repair_biased,BP,GO:0002275,myeloid cell activation involved in immune response,0.23118189666298758,1.0,False,1,120,13,6000,0.008333333333333333,0.0021666666666666666,3.8461538461538463,3146,3146
dna_repair_biased,BP,GO:0002360,T cell lineage commitment,1.0,1.0,False,0,120,10,6000,0.0,0.0016666666666666668,0.0,,
dna_repair_biased,BP,GO:0002376,immune system process,0.19080146447184917,1.0,False,14,120,541,6000,0.11666666666666667,0.09016666666666667,1.2939001848428835,1137;3146;4068;4683;4792;5688;5692;5706;6421;11069;56262;78996;81570;165918,11069;1137;165918;3146;4068;4683;4792;56262;5688;5692;5706;6421;78996;81570
dna_repair_biased,BP,GO:0002396,MHC protein complex assembly,1.0,1.0,False,0,120,10,6000,0.0,0.0016666666666666668,0.0,,
dna_repair_biased,BP,GO:0002429,immune response-activating cell surface receptor signaling pathway,0.7436363689416589,1.0,False,1,120,67,6000,0.008333333333333333,0.011166666666666667,0.7462686567164178,4792,4792
dna_repair_biased,BP,GO:0002431,Fc receptor mediated stimulatory signaling pathway,1.0,1.0,False,0,120,10,6000,0.0,0.0016666666666666668,0.0,,
dna_repair_biased,BP,GO:0002443,leukocyte mediated immunity,0.24182623966434164,1.0,False,2,120,47,6000,0.016666666666666666,0.007833333333333333,2.127659574468085,4683;165918,165918;4683
dna_repair_biased,BP,GO:0002444,myeloid leukocyte mediated immunity,1.0,1.0,False,0,120,14,6000,0.0,0.0023333333333333335,0.0,,
dna_repair_biased,BP,GO:0002449,lymphocyte mediated immunity,0.15440060373021774,1.0,False,2,120,35,6000,0.016666666666666666,0.005833333333333334,2.8571428571428568,4683;165918,165918;4683
dna_repair_biased,BP,GO:0002474,antigen processing and presentation of peptide antigen via MHC class I,1.0,1.0,False,0,120,12,6000,0.0,0.002,0.0,,
dna_repair_biased,BP,GO:0002478,antigen processing and presentation of exogenous peptide antigen,1.0,1.0,False,0,120,15,6000,0.0,0.0025,0.0,,
dna_repair_biased,BP,GO:0002495,antigen processing and presentation of peptide antigen via MHC class II,1.0,1.0,False,0,120,12,6000,0.0,0.002,0.0,,
dna_repair_biased,BP,GO:0002501,peptide antigen assembly with MHC protein complex,1.0,1.0,False,0,120,10,6000,0.0,0.0016666666666666668,0.0,,
dna_repair_biased,BP,GO:0002504,antigen processing and presentation of peptide or polysaccharide antigen via MHC class II,1.0,1.0,False,0,120,12,6000,0.0,0.002,0.0,,
dna_repair_biased,BP,GO:0002526,acute inflammatory response,1.0,1.0,False,0,120,18,6000,0.0,0.003,0.0,,
dna_repair_biased,BP,GO:0002548,monocyte chemotaxis,1.0,1.0,False,0,120,10,6000,0.0,0.0016666666666666668,0.0,,
dna_repair_biased,BP,GO:0002639,positive regulation of immunoglobulin production,0.24659164652108712,1.0,False,1,120,14,6000,0.008333333333333333,0.0023333333333333335,3.571428571428571,84787,84787
dna_repair_biased,BP,GO:0002673,regulation of acute inflammatory response,1.0,1.0,False,0,120,14,6000,0.0,0.0023333333333333335,0.0,,
dna_repair_biased,BP,GO:0002682,regulation of immune system process,0.31285355788388947,1.0,False,11,120,460,6000,0.09166666666666666,0.07666666666666666,1.1956521739130435,3146;4068;4792;5688;5692;6421;10039;29997;55170;81570;84787,10039;29997;3146;4068;4792;55170;5688;5692;6421;81570;84787
dna_repair_biased,BP,GO:0002683,negative regulation of immune system process,0.18082656982637285,1.0,False,5,120,150,6000,0.041666666666666664,0.025,1.6666666666666665,3146;4068;5688;5692;10039,10039;3146;4068;5688;5692
dna_repair_biased,BP,GO:0002684,positive regulation of immune system process,0.7189894665415268,1.0,False,5,120,298,6000,0.041666666666666664,0.049666666666666665,0.8389261744966443,3146;4792;6421;81570;84787,3146;4792;6421;81570;84787
dna_repair_biased,BP,GO:0002685,regulation of leukocyte migration,0.738345065927039,1.0,False,1,120,66,6000,0.008333333333333333,0.011,0.7575757575757576,3146,3146
dna_repair_biased,BP,GO:0002686,negative regulation of leukocyte migration,1.0,1.0,False,0,120,16,6000,0.0,0.0026666666666666666,0.0,,
dna_repair_biased,BP,GO:0002687,positive regulation of leukocyte migration,0.5984832752739089,1.0,False,1,120,45,6000,0.008333333333333333,0.0075,1.1111111111111112,3146,3146
dna_repair_biased,BP,GO:0002688,regulation of leukocyte chemotaxis,0.5644357055502625,1.0,False,1,120,41,6000,0.008333333333333333,0.006833333333333334,1.2195121951219512,3146,3146
dna_repair_biased,BP,GO:0002690,positive regulation of leukocyte chemotaxis,0.49782540333012903,1.0,False,1,120,34,6000,0.008333333333333333,0.005666666666666667,1.4705882352941175,3146,3146
dna_repair_biased,BP,GO:0002691,regulation of cellular extravasation,1.0,1.0,False,0,120,11,6000,0.0,0.0018333333333333333,0.0,,
dna_repair_biased,BP,GO:0002694,regulation of leukocyte activation,0.3230779786658662,1.0,False,5,120,188,6000,0.041666666666666664,0.03133333333333333,1.3297872340425532,3146;5688;5692;10039;84787,10039;3146;5688;5692;84787
dna_repair_biased,BP,GO:0002696,positive regulation of leukocyte activation,0.6842651400037787,1.0,False,2,120,117,6000,0.016666666666666666,0.0195,0.8547008547008547,3146;84787,3146;84787
dna_repair_biased,BP,GO:0002697,regulation of immune effector process,0.34531399775114563,1.0,False,3,120,104,6000,0.025,0.017333333333333333,1.4423076923076925,3146;10039;84787,10039;3146;84787
dna_repair_biased,BP,GO:0002698,negative regulation of immune effector process,0.5079261327301264,1.0,False,1,120,35,6000,0.008333333333333333,0.005833333333333334,1.4285714285714284,10039,10039
dna_repair_biased,BP,GO:0002699,positive regulation of immune effector process,0.7637611920712777,1.0,False,1,120,71,6000,0.008333333333333333,0.011833333333333333,0.7042253521126761,84787,84787
dna_repair_biased,BP,GO:0002700,regulation of production of molecular mediator of immune response,0.20481557990959964,1.0,False,2,120,42,6000,0.016666666666666666,0.007,2.380952380952381,10039;84787,10039;84787
dna_repair_biased,BP,GO:0002701,negative regulation of production of molecular mediator of immune response,0.18305237920257855,1.0,False,1,120,10,6000,0.008333333333333333,0.0016666666666666668,5.0,10039,10039
dna_repair_biased,BP,GO:0002702,positive regulation of production of molecular mediator of immune response,0.4770030767532584,1.0,False,1,120,32,6000,0.008333333333333333,0.005333333333333333,1.5625,84787,84787
dna_repair_biased,BP,GO:0002703,regulation of leukocyte mediated immunity,0.15446721378940906,1.0,False,3,120,68,6000,0.025,0.011333333333333334,2.2058823529411766,3146;10039;84787,10039;3146;84787
dna_repair_biased,BP,GO:0002704,negative regulation of leukocyte mediated immunity,0.3593341011387844,1.0,False,1,120,22,6000,0.008333333333333333,0.0036666666666666666,2.272727272727273,10039,10039
dna_repair_biased,BP,GO:0002705,positive regulation of leukocyte mediated immunity,0.5370351507111182,1.0,False,1,120,38,6000,0.008333333333333333,0.006333333333333333,1.3157894736842106,84787,84787
dna_repair_biased,BP,GO:0002707,negative regulation of lymphocyte mediated immunity,0.3328242822494307,1.0,False,1,120,20,6000,0.008333333333333333,0.0033333333333333335,2.5,10039,10039
dna_repair_biased,BP,GO:0002708,positive regulation of lymphocyte mediated immunity,0.48751910067913096,1.0,False,1,120,33,6000,0.008333333333333333,0.0055,1.5151515151515151,84787,84787
dna_repair_biased,BP,GO:0002709,regulation of T cell mediated immunity,0.5463534636790258,1.0,False,1,120,39,6000,0.008333333333333333,0.0065,1.2820512820512822,3146,3146
dna_repair_biased,BP,GO:0002710,negative regulation of T cell mediated immunity,1.0,1.0,False,0,120,14,6000,0.0,0.0023333333333333335,0.0,,
dna_repair_biased,BP,GO:0002711,positive regulation of T cell mediated immunity,1.0,1.0,False,0,120,22,6000,0.0,0.0036666666666666666,0.0,,
dna_repair_biased,BP,GO:0002715,regulation of natural killer cell mediated immunity,1.0,1.0,False,0,120,13,6000,0.0,0.0021666666666666666,0.0,,
dna_repair_biased,BP,GO:0002718,regulation of cytokine production involved in immune response,1.0,1.0,False,0,120,29,6000,0.0,0.004833333333333334,0.0,,
dna_repair_biased,BP,GO:0002720,positive regulation of cytokine production involved in immune response,1.0,1.0,False,0,120,22,6000,0.0,0.0036666666666666666,0.0,,
dna_repair_biased,BP,GO:0002724,regulation of T cell cytokine production,1.0,1.0,False,0,120,15,6000,0.0,0.0025,0.0,,
dna_repair_biased,BP,GO:0002726,positive regulation of T cell cytokine production,1.0,1.0,False,0,120,10,6000,0.0,0.0016666666666666668,0.0,,
dna_repair_biased,BP,GO:0002752,cell surface pattern recognition receptor signaling pathway,0.24659164652108712,1.0,False,1,120,14,6000,0.008333333333333333,0.0023333333333333335,3.571428571428571,4792,4792
dna_repair_biased,BP,GO:0002753,cytoplasmic pattern recognition receptor signaling pathway,0.3593341011387844,1.0,False,1,120,22,6000,0.008333333333333333,0.0036666666666666666,2.272727272727273,81570,81570
dna_repair_biased,BP,GO:0002757,immune response-activating signaling pathway,0.5592126159328288,1.0,False,2,120,93,6000,0.016666666666666666,0.0155,1.075268817204301,4792;81570,4792;81570
dna_repair_biased,BP,GO:0002758,innate immune response-activating signaling pathway,0.22696334492420184,1.0,False,2,120,45,6000,0.016666666666666666,0.0075,2.2222222222222223,4792;81570,4792;81570
dna_repair_biased,BP,GO:0002761,regulation of myeloid leukocyte differentiation,1.0,1.0,False,0,120,28,6000,0.0,0.004666666666666667,0.0,,
dna_repair_biased,BP,GO:0002762,negative regulation of myeloid leukocyte differentiation,1.0,1.0,False,0,120,13,6000,0.0,0.0021666666666666666,0.0,,
dna_repair_biased,BP,GO:0002763,positive regulation of myeloid leukocyte differentiation,1.0,1.0,False,0,120,13,6000,0.0,0.0021666666666666666,0.0,,
dna_repair_biased,BP,GO:0002764,immune response-regulating signaling pathway,0.6308973747860699,1.0,False,2,120,106,6000,0.016666666666666666,0.017666666666666667,0.9433962264150942,4792;81570,4792;81570
dna_repair_biased,BP,GO:0002768,immune response-regulating cell surface receptor signaling pathway,0.8034938931650345,1.0,False,1,120,80,6000,0.008333333333333333,0.013333333333333334,0.625,4792,4792
dna_repair_biased,BP,GO:0002790,peptide secretion,1.0,1.0,False,0,120,11,6000,0.0,0.0018333333333333333,0.0,,
dna_repair_biased,BP,GO:0002791,regulation of peptide secretion,0.3088921479288008,1.0,False,2,120,56,6000,0.016666666666666666,0.009333333333333334,1.7857142857142856,11069;56262,11069;56262
dna_repair_biased,BP,GO:0002792,negative regulation of peptide secretion,1.0,1.0,False,0,120,12,6000,0.0,0.002,0.0,,
dna_repair_biased,BP,GO:0002820,negative regulation of adaptive immune response,0.40925983223317164,1.0,False,1,120,26,6000,0.008333333333333333,0.004333333333333333,1.9230769230769231,10039,10039
dna_repair_biased,BP,GO:0002821,positive regulation of adaptive immune response,0.4770030767532584,1.0,False,1,120,32,6000,0.008333333333333333,0.005333333333333333,1.5625,84787,84787
dna_repair_biased,BP,GO:0002823,negative regulation of adaptive immune response based on somatic recombination of immune receptors built from immunoglobulin superfamily domains,0.397152433406183,1.0,False,1,120,25,6000,0.008333333333333333,0.004166666666666667,2.0,10039,10039
dna_repair_biased,BP,GO:0002824,positive regulation of adaptive immune response based on somatic recombination of immune receptors built from immunoglobulin superfamily domains,0.4553248564627744,1.0,False,1,120,30,6000,0.008333333333333333,0.005,1.6666666666666665,84787,84787
dna_repair_biased,BP,GO:0002825,regulation of T-helper 1 type immune response,1.0,1.0,False,0,120,12,6000,0.0,0.002,0.0,,
dna_repair_biased,BP,GO:0002828,regulation of type 2 immune response,1.0,1.0,False,0,120,14,6000,0.0,0.0023333333333333335,0.0,,
dna_repair_biased,BP,GO:0002832,negative regulation of response to biotic stimulus,1.0,1.0,False,0,120,40,6000,0.0,0.006666666666666667,0.0,,
dna_repair_biased,BP,GO:0002834,regulation of response to tumor cell,0.1994186086676354,1.0,False,1,120,11,6000,0.008333333333333333,0.0018333333333333333,4.545454545454546,3146,3146
dna_repair_biased,BP,GO:0002837,regulation of immune response to tumor cell,0.1994186086676354,1.0,False,1,120,11,6000,0.008333333333333333,0.0018333333333333333,4.545454545454546,3146,3146
dna_repair_biased,BP,GO:0002931,response to ischemia,1.0,1.0,False,0,120,17,6000,0.0,0.0028333333333333335,0.0,,
dna_repair_biased,BP,GO:0003002,regionalization,1.0,1.0,False,0,120,65,6000,0.0,0.010833333333333334,0.0,,
dna_repair_biased,BP,GO:0003007,heart morphogenesis,0.24927603063174908,1.0,False,2,120,48,6000,0.016666666666666666,0.008,2.0833333333333335,6091;25836,25836;6091
dna_repair_biased,BP,GO:0003008,system process,0.9844822031079381,1.0,False,5,120,529,6000,0.041666666666666664,0.08816666666666667,0.47258979206049145,58;1137;2138;25836;219875,1137;2138;219875;25836;58
dna_repair_biased,BP,GO:0003009,skeletal muscle contraction,1.0,1.0,False,0,120,12,6000,0.0,0.002,0.0,,
dna_repair_biased,BP,GO:0003012,muscle system process,0.8074771250603379,1.0,False,1,120,81,6000,0.008333333333333333,0.0135,0.6172839506172839,58,58
dna_repair_biased,BP,GO:0003013,circulatory system process,1.0,1.0,False,0,120,138,6000,0.0,0.023,0.0,,
dna_repair_biased,BP,GO:0003014,renal system process,1.0,1.0,False,0,120,37,6000,0.0,0.006166666666666667,0.0,,
dna_repair_biased,BP,GO:0003015,heart process,1.0,1.0,False,0,120,26,6000,0.0,0.004333333333333333,0.0,,
dna_repair_biased,BP,GO:0003018,vascular process in circulatory system,1.0,1.0,False,0,120,81,6000,0.0,0.0135,0.0,,
dna_repair_biased,BP,GO:0003044,regulation of systemic arterial blood pressure mediated by a chemical signal,1.0,1.0,False,0,120,10,6000,0.0,0.0016666666666666668,0.0,,
dna_repair_biased,BP,GO:0003073,regulation of systemic arterial blood pressure,1.0,1.0,False,0,120,26,6000,0.0,0.004333333333333333,0.0,,
dna_repair_biased,BP,GO:0003091,renal water homeostasis,1.0,1.0,False,0,120,10,6000,0.0,0.0016666666666666668,0.0,,
dna_repair_biased,BP,GO:0003158,endothelium development,1.0,1.0,False,0,120,18,6000,0.0,0.003,0.0,,
dna_repair_biased,BP,GO:0003170,heart valve development,0.27649816154596496,1.0,False,1,120,16,6000,0.008333333333333333,0.0026666666666666666,3.125,6091,6091
dna_repair_biased,BP,GO:0003176,aortic valve development,0.1994186086676354,1.0,False,1,120,11,6000,0.008333333333333333,0.0018333333333333333,4.545454545454546,6091,6091
dna_repair_biased,BP,GO:0003179,heart valve morphogenesis,0.24659164652108712,1.0,False,1,120,14,6000,0.008333333333333333,0.0023333333333333335,3.571428571428571,6091,6091
dna_repair_biased,BP,GO:0003197,endocardial cushion development,0.2154596450610039,1.0,False,1,120,12,6000,0.008333333333333333,0.002,4.166666666666667,6091,6091
dna_repair_biased,BP,GO:0003203,endocardial cushion morphogenesis,0.1994186086676354,1.0,False,1,120,11,6000,0.008333333333333333,0.0018333333333333333,4.545454545454546,6091,6091
dna_repair_biased,BP,GO:0003205,cardiac chamber development,0.5370351507111182,1.0,False,1,120,38,6000,0.008333333333333333,0.006333333333333333,1.3157894736842106,6091,6091
dna_repair_biased,BP,GO:0003206,cardiac chamber morphogenesis,0.4441539425635324,1.0,False,1,120,29,6000,0.008333333333333333,0.004833333333333334,1.7241379310344827,6091,6091
dna_repair_biased,BP,GO:0003208,cardiac ventricle morphogenesis,1.0,1.0,False,0,120,14,6000,0.0,0.0023333333333333335,0.0,,
dna_repair_biased,BP,GO:0003229,ventricular cardiac muscle tissue development,1.0,1.0,False,0,120,15,6000,0.0,0.0025,0.0,,
dna_repair_biased,BP,GO:0003230,cardiac atrium development,1.0,1.0,False,0,120,11,6000,0.0,0.0018333333333333333,0.0,,
dna_repair_biased,BP,GO:0003231,cardiac ventricle development,0.4553248564627744,1.0,False,1,120,30,6000,0.008333333333333333,0.005,1.6666666666666665,6091,6091
dna_repair_biased,BP,GO:0003254,regulation of membrane depolarization,1.0,1.0,False,0,120,12,6000,0.0,0.002,0.0,,
dna_repair_biased,BP,GO:0003272,endocardial cushion formation,0.18305237920257855,1.0,False,1,120,10,6000,0.008333333333333333,0.0016666666666666668,5.0,6091,6091
dna_repair_biased,BP,GO:0003279,cardiac septum development,0.42112605589102525,1.0,False,1,120,27,6000,0.008333333333333333,0.0045,1.8518518518518519,6091,6091
dna_repair_biased,BP,GO:0003281,ventricular septum development,0.3328242822494307,1.0,False,1,120,20,6000,0.008333333333333333,0.0033333333333333335,2.5,6091,6091
dna_repair_biased,BP,GO:0003333,amino acid transmembrane transport,0.3721945741838406,1.0,False,1,120,23,6000,0.008333333333333333,0.003833333333333333,2.1739130434782608,56262,56262
dna_repair_biased,BP,GO:0003341,cilium movement,0.4650767308164933,1.0,False,2,120,78,6000,0.016666666666666666,0.013,1.2820512820512822,5688;5692,5688;5692
dna_repair_biased,BP,GO:0003352,regulation of cilium movement,1.0,1.0,False,0,120,11,6000,0.0,0.0018333333333333333,0.0,,
dna_repair_biased,BP,GO:0003407,neural retina development,0.3052270409204303,1.0,False,1,120,18,6000,0.008333333333333333,0.003,2.7777777777777777,85015,85015
dna_repair_biased,BP,GO:0005975,carbohydrate metabolic process,0.9220800471187858,1.0,False,1,120,125,6000,0.008333333333333333,0.020833333333333332,0.4,8505,8505
dna_repair_biased,BP,GO:0005976,polysaccharide metabolic process,1.0,1.0,False,0,120,17,6000,0.0,0.0028333333333333335,0.0,,
dna_repair_biased,BP,GO:0005977,glycogen metabolic process,1.0,1.0,False,0,120,13,6000,0.0,0.0021666666666666666,0.0,,
dna_repair_biased,BP,GO:0005979,regulation of glycogen biosynthetic process,1.0,1.0,False,0,120,11,6000,0.0,0.0018333333333333333,0.0,,
dna_repair_biased,BP,GO:0005996,monosaccharide metabolic process,1.0,1.0,False,0,120,44,6000,0.0,0.007333333333333333,0.0,,
dna_repair_biased,BP,GO:0006006,glucose metabolic process,1.0,1.0,False,0,120,29,6000,0.0,0.004833333333333334,0.0,,
dna_repair_biased,BP,GO:0006022,aminoglycan metabolic process,1.0,1.0,False,0,120,18,6000,0.0,0.003,0.0,,
dna_repair_biased,BP,GO:0006026,aminoglycan catabolic process,1.0,1.0,False,0,120,11,6000,0.0,0.0018333333333333333,0.0,,
dna_repair_biased,BP,GO:0006027,glycosaminoglycan catabolic process,1.0,1.0,False,0,120,11,6000,0.0,0.0018333333333333333,0.0,,
dna_repair_biased,BP,GO:0006029,proteoglycan metabolic process,1.0,1.0,False,0,120,30,6000,0.0,0.005,0.0,,
dna_repair_biased,BP,GO:0006040,amino sugar metabolic process,1.0,1.0,False,0,120,12,6000,0.0,0.002,0.0,,
dna_repair_biased,BP,GO:0006066,alcohol metabolic process,1.0,1.0,False,0,120,69,6000,0.0,0.0115,0.0,,
dna_repair_biased,BP,GO:0006081,aldehyde metabolic process,1.0,1.0,False,0,120,19,6000,0.0,0.0031666666666666666,0.0,,
dna_repair_biased,BP,GO:0006091,generation of precursor metabolites and energy,1.0,1.0,False,0,120,91,6000,0.0,0.015166666666666667,0.0,,
dna_repair_biased,BP,GO:0006094,gluconeogenesis,1.0,1.0,False,0,120,12,6000,0.0,0.002,0.0,,
dna_repair_biased,BP,GO:0006099,tricarboxylic acid cycle,1.0,1.0,False,0,120,10,6000,0.0,0.0016666666666666668,0.0,,
dna_repair_biased,BP,GO:0006109,regulation of carbohydrate metabolic process,1.0,1.0,False,0,120,48,6000,0.0,0.008,0.0,,
dna_repair_biased,BP,GO:0006110,regulation of glycolytic process,1.0,1.0,False,0,120,15,6000,0.0,0.0025,0.0,,
dna_repair_biased,BP,GO:0006111,regulation of gluconeogenesis,1.0,1.0,False,0,120,17,6000,0.0,0.0028333333333333335,0.0,,
dna_repair_biased,BP,GO:0006112,energy reserve metabolic process,1.0,1.0,False,0,120,13,6000,0.0,0.0021666666666666666,0.0,,
dna_repair_biased,BP,GO:0006119,oxidative phosphorylation,1.0,1.0,False,0,120,31,6000,0.0,0.005166666666666667,0.0,,
dna_repair_biased,BP,GO:0006120,"mitochondrial electron transport, NADH to ubiquinone",1.0,1.0,False,0,120,13,6000,0.0,0.0021666666666666666,0.0,,
dna_repair_biased,BP,GO:0006140,regulation of nucleotide metabolic process,1.0,1.0,False,0,120,25,6000,0.0,0.004166666666666667,0.0,,
dna_repair_biased,BP,GO:0006163,purine nucleotide metabolic process,0.8584551141326091,1.0,False,1,120,96,6000,0.008333333333333333,0.016,0.5208333333333334,8505,8505
dna_repair_biased,BP,GO:0006164,purine nucleotide biosynthetic process,1.0,1.0,False,0,120,50,6000,0.0,0.008333333333333333,0.0,,
dna_repair_biased,BP,GO:0006195,purine nucleotide catabolic process,1.0,1.0,False,0,120,16,6000,0.0,0.0026666666666666666,0.0,,
dna_repair_biased,BP,GO:0006220,pyrimidine nucleotide metabolic process,1.0,1.0,False,0,120,11,6000,0.0,0.0018333333333333333,0.0,,
dna_repair_biased,BP,GO:0006346,DNA methylation-dependent constitutive heterochromatin formation,1.0,1.0,False,0,120,14,6000,0.0,0.0023333333333333335,0.0,,
dna_repair_biased,BP,GO:0006353,DNA-templated transcription termination,1.0,1.0,False,0,120,14,6000,0.0,0.0023333333333333335,0.0,,
dna_repair_biased,BP,GO:0006354,DNA-templated transcription elongation,0.3052270409204303,1.0,False,1,120,18,6000,0.008333333333333333,0.003,2.7777777777777777,5438,5438
dna_repair_biased,BP,GO:0006364,rRNA processing,0.6855774707694965,1.0,False,1,120,57,6000,0.008333333333333333,0.0095,0.8771929824561404,29997,29997
dna_repair_biased,BP,GO:0006368,transcription elongation by RNA polymerase II,0.24659164652108712,1.0,False,1,120,14,6000,0.008333333333333333,0.0023333333333333335,3.571428571428571,5438,5438
dna_repair_biased,BP,GO:0006383,transcription by RNA polymerase III,1.0,1.0,False,0,120,12,6000,0.0,0.002,0.0,,
dna_repair_biased,BP,GO:0006396,RNA processing,0.7015367948122244,1.0,False,4,120,236,6000,0.03333333333333333,0.03933333333333333,0.8474576271186441,6421;11044;27339;29997,11044;27339;29997;6421
dna_repair_biased,BP,GO:0006397,mRNA processing,0.5989800517454676,1.0,False,2,120,100,6000,0.016666666666666666,0.016666666666666666,1.0,6421;27339,27339;6421
dna_repair_biased,BP,GO:0006399,tRNA metabolic process,1.0,1.0,False,0,120,52,6000,0.0,0.008666666666666666,0.0,,
dna_repair_biased,BP,GO:0006400,tRNA modification,1.0,1.0,False,0,120,27,6000,0.0,0.0045,0.0,,
dna_repair_biased,BP,GO:0006402,mRNA catabolic process,1.0,1.0,False,0,120,43,6000,0.0,0.007166666666666667,0.0,,
dna_repair_biased,BP,GO:0006403,RNA localization,0.1901941296776577,1.0,False,2,120,40,6000,0.016666666666666666,0.006666666666666667,2.5,10856;29890,10856;29890
dna_repair_biased,BP,GO:0006405,RNA export from nucleus,0.3593341011387844,1.0,False,1,120,22,6000,0.008333333333333333,0.0036666666666666666,2.272727272727273,29890,29890
dna_repair_biased,BP,GO:0006406,mRNA export from nucleus,0.2910068882529308,1.0,False,1,120,17,6000,0.008333333333333333,0.0028333333333333335,2.941176470588235,29890,29890
dna_repair_biased,BP,GO:0006412,translation,0.8870954523667359,1.0,False,1,120,107,6000,0.008333333333333333,0.017833333333333333,0.4672897196261682,9325,9325
dna_repair_biased,BP,GO:0006413,translational initiation,1.0,1.0,False,0,120,21,6000,0.0,0.0035,0.0,,
dna_repair_biased,BP,GO:0006414,translational elongation,0.3052270409204303,1.0,False,1,120,18,6000,0.008333333333333333,0.003,2.7777777777777777,9325,9325
dna_repair_biased,BP,GO:0006417,regulation of translation,0.5352753386245839,1.0,False,2,120,89,6000,0.016666666666666666,0.014833333333333334,1.1235955056179774,4869;221120,221120;4869
dna_repair_biased,BP,GO:0006418,tRNA aminoacylation for protein translation,1.0,1.0,False,0,120,12,6000,0.0,0.002,0.0,,
dna_repair_biased,BP,GO:0006446,regulation of translational initiation,1.0,1.0,False,0,120,21,6000,0.0,0.0035,0.0,,
dna_repair_biased,BP,GO:0006457,protein folding,0.3675770648649201,1.0,False,2,120,64,6000,0.016666666666666666,0.010666666666666666,1.5625,10856;200558,10856;200558
dna_repair_biased,BP,GO:0006468,protein phosphorylation,0.541341397774223,1.0,False,2,120,90,6000,0.016666666666666666,0.015,1.1111111111111112,9149;30849,30849;9149
dna_repair_biased,BP,GO:0006469,negative regulation of protein kinase activity,0.3462124237427534,1.0,False,1,120,21,6000,0.008333333333333333,0.0035,2.380952380952381,1647,1647
dna_repair_biased,BP,GO:0006470,protein dephosphorylation,1.0,1.0,False,0,120,18,6000,0.0,0.003,0.0,,
dna_repair_biased,BP,GO:0006487,protein N-linked glycosylation,1.0,1.0,False,0,120,23,6000,0.0,0.003833333333333333,0.0,,
dna_repair_biased,BP,GO:0006493,protein O-linked glycosylation,1.0,1.0,False,0,120,37,6000,0.0,0.006166666666666667,0.0,,
dna_repair_biased,BP,GO:0006508,proteolysis,0.9391870180477826,1.0,False,1,120,137,6000,0.008333333333333333,0.022833333333333334,0.36496350364963503,83932,83932
dna_repair_biased,BP,GO:0006513,protein monoubiquitination,0.27649816154596496,1.0,False,1,120,16,6000,0.008333333333333333,0.0026666666666666666,3.125,55120,55120
dna_repair_biased,BP,GO:0006516,glycoprotein catabolic process,1.0,1.0,False,0,120,16,6000,0.0,0.0026666666666666666,0.0,,
dna_repair_biased,BP,GO:0006518,peptide metabolic process,1.0,1.0,False,0,120,19,6000,0.0,0.0031666666666666666,0.0,,
dna_repair_biased,BP,GO:0006520,amino acid metabolic process,1.0,1.0,False,0,120,83,6000,0.0,0.013833333333333333,0.0,,
dna_repair_biased,BP,GO:0006575,modified amino acid metabolic process,1.0,1.0,False,0,120,50,6000,0.0,0.008333333333333333,0.0,,
dna_repair_biased,BP,GO:0006576,biogenic amine metabolic process,1.0,1.0,False,0,120,11,6000,0.0,0.0018333333333333333,0.0,,
dna_repair_biased,BP,GO:0006605,protein targeting,0.6588586485892609,1.0,False,1,120,53,6000,0.008333333333333333,0.008833333333333334,0.9433962264150942,30849,30849
dna_repair_biased,BP,GO:0006606,protein import into nucleus,0.3593341011387844,1.0,False,1,120,22,6000,0.008333333333333333,0.0036666666666666666,2.272727272727273,4869,4869
dna_repair_biased,BP,GO:0006611,protein export from nucleus,0.18305237920257855,1.0,False,1,120,10,6000,0.008333333333333333,0.0016666666666666668,5.0,126549,126549
dna_repair_biased,BP,GO:0006612,protein targeting to membrane,1.0,1.0,False,0,120,24,6000,0.0,0.004,0.0,,
dna_repair_biased,BP,GO:0006622,protein targeting to lysosome,0.23118189666298758,1.0,False,1,120,13,6000,0.008333333333333333,0.0021666666666666666,3.8461538461538463,30849,30849
dna_repair_biased,BP,GO:0006623,protein targeting to vacuole,0.27649816154596496,1.0,False,1,120,16,6000,0.008333333333333333,0.0026666666666666666,3.125,30849,30849
dna_repair_biased,BP,GO:0006629,lipid metabolic process,0.9985529836205649,1.0,False,1,120,315,6000,0.008333333333333333,0.0525,0.15873015873015872,30849,30849
dna_repair_biased,BP,GO:0006631,fatty acid metabolic process,1.0,1.0,False,0,120,96,6000,0.0,0.016,0.0,,
dna_repair_biased,BP,GO:0006633,fatty acid biosynthetic process,1.0,1.0,False,0,120,32,6000,0.0,0.005333333333333333,0.0,,
dna_repair_biased,BP,GO:0006635,fatty acid beta-oxidation,1.0,1.0,False,0,120,21,6000,0.0,0.0035,0.0,,
dna_repair_biased,BP,GO:0006636,unsaturated fatty acid biosynthetic process,1.0,1.0,False,0,120,12,6000,0.0,0.002,0.0,,
dna_repair_biased,BP,GO:0006637,acyl-CoA metabolic process,1.0,1.0,False,0,120,25,6000,0.0,0.004166666666666667,0.0,,
dna_repair_biased,BP,GO:0006638,neutral lipid metabolic process,1.0,1.0,False,0,120,27,6000,0.0,0.0045,0.0,,
dna_repair_biased,BP,GO:0006639,acylglycerol metabolic process,1.0,1.0,False,0,120,27,6000,0.0,0.0045,0.0,,
dna_repair_biased,BP,GO:0006641,triglyceride metabolic process,1.0,1.0,False,0,120,16,6000,0.0,0.0026666666666666666,0.0,,
dna_repair_biased,BP,GO:0006644,phospholipid metabolic process,0.8799099852513991,1.0,False,1,120,104,6000,0.008333333333333333,0.017333333333333333,0.4807692307692308,30849,30849
dna_repair_biased,BP,GO:0006650,glycerophospholipid metabolic process,0.8074771250603379,1.0,False,1,120,81,6000,0.008333333333333333,0.0135,0.6172839506172839,30849,30849
dna_repair_biased,BP,GO:0006664,glycolipid metabolic process,1.0,1.0,False,0,120,38,6000,0.0,0.006333333333333333,0.0,,
dna_repair_biased,BP,GO:0006665,sphingolipid metabolic process,1.0,1.0,False,0,120,45,6000,0.0,0.0075,0.0,,
dna_repair_biased,BP,GO:0006672,ceramide metabolic process,1.0,1.0,False,0,120,26,6000,0.0,0.004333333333333333,0.0,,
dna_repair_biased,BP,GO:0006687,glycosphingolipid metabolic process,1.0,1.0,False,0,120,26,6000,0.0,0.004333333333333333,0.0,,
dna_repair_biased,BP,GO:0006688,glycosphingolipid biosynthetic process,1.0,1.0,False,0,120,19,6000,0.0,0.0031666666666666666,0.0,,
dna_repair_biased,BP,GO:0006690,icosanoid metabolic process,1.0,1.0,False,0,120,40,6000,0.0,0.006666666666666667,0.0,,
dna_repair_biased,BP,GO:0006691,leukotriene metabolic process,1.0,1.0,False,0,120,15,6000,0.0,0.0025,0.0,,
dna_repair_biased,BP,GO:0006692,prostanoid metabolic process,1.0,1.0,False,0,120,15,6000,0.0,0.0025,0.0,,
dna_repair_biased,BP,GO:0006693,prostaglandin metabolic process,1.0,1.0,False,0,120,14,6000,0.0,0.0023333333333333335,0.0,,
dna_repair_biased,BP,GO:0006694,steroid biosynthetic process,1.0,1.0,False,0,120,23,6000,0.0,0.003833333333333333,0.0,,
dna_repair_biased,BP,GO:0006695,cholesterol biosynthetic process,1.0,1.0,False,0,120,11,6000,0.0,0.0018333333333333333,0.0,,
dna_repair_biased,BP,GO:0006720,isoprenoid metabolic process,1.0,1.0,False,0,120,31,6000,0.0,0.005166666666666667,0.0,,
dna_repair_biased,BP,GO:0006721,terpenoid metabolic process,1.0,1.0,False,0,120,30,6000,0.0,0.005,0.0,,
dna_repair_biased,BP,GO:0006739,NADP+ metabolic process,1.0,1.0,False,0,120,15,6000,0.0,0.0025,0.0,,
dna_repair_biased,BP,GO:0006740,NADPH regeneration,1.0,1.0,False,0,120,10,6000,0.0,0.0016666666666666668,0.0,,
dna_repair_biased,BP,GO:0006749,glutathione metabolic process,1.0,1.0,False,0,120,14,6000,0.0,0.0023333333333333335,0.0,,
dna_repair_biased,BP,GO:0006753,nucleoside phosphate metabolic process,0.9451627807153836,1.0,False,1,120,142,6000,0.008333333333333333,0.023666666666666666,0.35211267605633806,8505,8505
dna_repair_biased,BP,GO:0006754,ATP biosynthetic process,1.0,1.0,False,0,120,22,6000,0.0,0.0036666666666666666,0.0,,
dna_repair_biased,BP,GO:0006760,folic acid-containing compound metabolic process,1.0,1.0,False,0,120,11,6000,0.0,0.0018333333333333333,0.0,,
dna_repair_biased,BP,GO:0006778,porphyrin-containing compound metabolic process,1.0,1.0,False,0,120,13,6000,0.0,0.0021666666666666666,0.0,,
dna_repair_biased,BP,GO:0006790,sulfur compound metabolic process,1.0,1.0,False,0,120,60,6000,0.0,0.01,0.0,,
dna_repair_biased,BP,GO:0006793,phosphorus metabolic process,0.9672996038718205,1.0,False,2,120,256,6000,0.016666666666666666,0.042666666666666665,0.390625,8505;30849,30849;8505
dna_repair_biased,BP,GO:0006796,phosphate-containing compound metabolic process,0.7271981011312407,1.0,False,2,120,127,6000,0.016666666666666666,0.021166666666666667,0.7874015748031495,9149;30849,30849;9149
dna_repair_biased,BP,GO:0006801,superoxide metabolic process,1.0,1.0,False,0,120,14,6000,0.0,0.0023333333333333335,0.0,,
dna_repair_biased,BP,GO:0006805,xenobiotic metabolic process,1.0,1.0,False,0,120,33,6000,0.0,0.0055,0.0,,
dna_repair_biased,BP,GO:0006810,transport,0.9736133447070537,1.0,False,13,120,1000,6000,0.10833333333333334,0.16666666666666666,0.65,1137;3146;4869;6421;6861;9874;10463;29890;30849;55317;56262;126549;151636,10463;1137;126549;151636;29890;30849;3146;4869;55317;56262;6421;6861;9874
dna_repair_biased,BP,GO:0006811,monoatomic ion transport,0.9245341188121877,1.0,False,3,120,280,6000,0.025,0.04666666666666667,0.5357142857142857,1137;10463;56262,10463;1137;56262
dna_repair_biased,BP,GO:0006812,monoatomic cation transport,0.962355335911158,1.0,False,2,120,248,6000,0.016666666666666666,0.04133333333333333,0.4032258064516129,1137;10463,10463;1137
dna_repair_biased,BP,GO:0006813,potassium ion transport,1.0,1.0,False,0,120,52,6000,0.0,0.008666666666666666,0.0,,
dna_repair_biased,BP,GO:0006814,sodium ion transport,1.0,1.0,False,0,120,57,6000,0.0,0.0095,0.0,,
dna_repair_biased,BP,GO:0006816,calcium ion transport,0.8365902599146186,1.0,False,1,120,89,6000,0.008333333333333333,0.014833333333333334,0.5617977528089887,1137,1137
dna_repair_biased,BP,GO:0006820,monoatomic anion transport,0.5463534636790258,1.0,False,1,120,39,6000,0.008333333333333333,0.0065,1.2820512820512822,56262,56262
dna_repair_biased,BP,GO:0006821,chloride transport,0.4441539425635324,1.0,False,1,120,29,6000,0.008333333333333333,0.004833333333333334,1.7241379310344827,56262,56262
dna_repair_biased,BP,GO:0006826,iron ion transport,1.0,1.0,False,0,120,11,6000,0.0,0.0018333333333333333,0.0,,
dna_repair_biased,BP,GO:0006829,zinc ion transport,0.18305237920257855,1.0,False,1,120,10,6000,0.008333333333333333,0.0016666666666666668,5.0,10463,10463
dna_repair_biased,BP,GO:0006835,dicarboxylic acid transport,0.3191643119150053,1.0,False,1,120,19,6000,0.008333333333333333,0.0031666666666666666,2.6315789473684212,56262,56262
dna_repair_biased,BP,GO:0006836,neurotransmitter transport,0.4327558689318889,1.0,False,1,120,28,6000,0.008333333333333333,0.004666666666666667,1.7857142857142856,6861,6861
dna_repair_biased,BP,GO:0006839,mitochondrial transport,1.0,1.0,False,0,120,28,6000,0.0,0.004666666666666667,0.0,,
dna_repair_biased,BP,GO:0006862,nucleotide transport,0.3191643119150053,1.0,False,1,120,19,6000,0.008333333333333333,0.0031666666666666666,2.6315789473684212,56262,56262
dna_repair_biased,BP,GO:0006865,amino acid transport,0.48751910067913096,1.0,False,1,120,33,6000,0.008333333333333333,0.0055,1.5151515151515151,56262,56262
dna_repair_biased,BP,GO:0006869,lipid transport,1.0,1.0,False,0,120,100,6000,0.0,0.016666666666666666,0.0,,
dna_repair_biased,BP,GO:0006873,intracellular monoatomic ion homeostasis,0.8938543533231712,1.0,False,1,120,110,6000,0.008333333333333333,0.018333333333333333,0.45454545454545453,10463,10463
dna_repair_biased,BP,GO:0006874,intracellular calcium ion homeostasis,1.0,1.0,False,0,120,46,6000,0.0,0.007666666666666666,0.0,,
dna_repair_biased,BP,GO:0006879,intracellular iron ion homeostasis,1.0,1.0,False,0,120,20,6000,0.0,0.0033333333333333335,0.0,,
dna_repair_biased,BP,GO:0006883,intracellular sodium ion homeostasis,1.0,1.0,False,0,120,10,6000,0.0,0.0016666666666666668,0.0,,
dna_repair_biased,BP,GO:0006884,cell volume homeostasis,0.23118189666298758,1.0,False,1,120,13,6000,0.008333333333333333,0.0021666666666666666,3.8461538461538463,56262,56262
dna_repair_biased,BP,GO:0006885,regulation of pH,1.0,1.0,False,0,120,28,6000,0.0,0.004666666666666667,0.0,,
dna_repair_biased,BP,GO:0006886,intracellular protein transport,0.60872984899213,1.0,False,3,120,156,6000,0.025,0.026,0.9615384615384617,4869;30849;126549,126549;30849;4869
dna_repair_biased,BP,GO:0006887,exocytosis,0.6588586485892609,1.0,False,1,120,53,6000,0.008333333333333333,0.008833333333333334,0.9433962264150942,6861,6861
dna_repair_biased,BP,GO:0006888,endoplasmic reticulum to Golgi vesicle-mediated transport,1.0,1.0,False,0,120,44,6000,0.0,0.007333333333333333,0.0,,
dna_repair_biased,BP,GO:0006890,"retrograde vesicle-mediated transport, Golgi to endoplasmic reticulum",1.0,1.0,False,0,120,15,6000,0.0,0.0025,0.0,,
dna_repair_biased,BP,GO:0006891,intra-Golgi vesicle-mediated transport,1.0,1.0,False,0,120,15,6000,0.0,0.0025,0.0,,
dna_repair_biased,BP,GO:0006892,post-Golgi vesicle-mediated transport,1.0,1.0,False,0,120,38,6000,0.0,0.006333333333333333,0.0,,
dna_repair_biased,BP,GO:0006893,Golgi to plasma membrane transport,1.0,1.0,False,0,120,19,6000,0.0,0.0031666666666666666,0.0,,
dna_repair_biased,BP,GO:0006896,Golgi to vacuole transport,1.0,1.0,False,0,120,10,6000,0.0,0.0016666666666666668,0.0,,
dna_repair_biased,BP,GO:0006897,endocytosis,0.8938543533231712,1.0,False,1,120,110,6000,0.008333333333333333,0.018333333333333333,0.45454545454545453,3146,3146
dna_repair_biased,BP,GO:0006898,receptor-mediated endocytosis,1.0,1.0,False,0,120,38,6000,0.0,0.006333333333333333,0.0,,
dna_repair_biased,BP,GO:0006900,vesicle budding from membrane,1.0,1.0,False,0,120,38,6000,0.0,0.006333333333333333,0.0,,
dna_repair_biased,BP,GO:0006901,vesicle coat assembly,1.0,1.0,False,0,120,15,6000,0.0,0.0025,0.0,,
dna_repair_biased,BP,GO:0006906,vesicle fusion,0.42112605589102525,1.0,False,1,120,27,6000,0.008333333333333333,0.0045,1.8518518518518519,9874,9874
dna_repair_biased,BP,GO:0006909,phagocytosis,0.5275270586497346,1.0,False,1,120,37,6000,0.008333333333333333,0.006166666666666667,1.3513513513513513,3146,3146
dna_repair_biased,BP,GO:0006914,autophagy,0.777819223557416,1.0,False,1,120,74,6000,0.008333333333333333,0.012333333333333333,0.6756756756756757,30849,30849
dna_repair_biased,BP,GO:0006935,chemotaxis,0.6703616595477611,1.0,False,2,120,114,6000,0.016666666666666666,0.019,0.8771929824561404,3146;6091,3146;6091
dna_repair_biased,BP,GO:0006936,muscle contraction,0.7588819051605297,1.0,False,1,120,70,6000,0.008333333333333333,0.011666666666666667,0.7142857142857142,58,58
dna_repair_biased,BP,GO:0006937,regulation of muscle contraction,1.0,1.0,False,0,120,54,6000,0.0,0.009,0.0,,
dna_repair_biased,BP,GO:0006939,smooth muscle contraction,1.0,1.0,False,0,120,13,6000,0.0,0.0021666666666666666,0.0,,
dna_repair_biased,BP,GO:0006940,regulation of smooth muscle contraction,1.0,1.0,False,0,120,14,6000,0.0,0.0023333333333333335,0.0,,
dna_repair_biased,BP,GO:0006941,striated muscle contraction,1.0,1.0,False,0,120,45,6000,0.0,0.0075,0.0,,
dna_repair_biased,BP,GO:0006942,regulation of striated muscle contraction,1.0,1.0,False,0,120,36,6000,0.0,0.006,0.0,,
dna_repair_biased,BP,GO:0006952,defense response,0.5837419306615197,1.0,False,7,120,359,6000,0.058333333333333334,0.059833333333333336,0.9749303621169916,3146;4068;5688;5692;5706;9306;81570,3146;4068;5688;5692;5706;81570;9306
dna_repair_biased,BP,GO:0006953,acute-phase response,1.0,1.0,False,0,120,11,6000,0.0,0.0018333333333333333,0.0,,
dna_repair_biased,BP,GO:0006954,inflammatory response,0.9325660674683348,1.0,False,1,120,132,6000,0.008333333333333333,0.022,0.3787878787878788,3146,3146
dna_repair_biased,BP,GO:0006955,immune response,0.43525697546742725,1.0,False,8,120,361,6000,0.06666666666666667,0.06016666666666667,1.10803324099723,3146;4683;5688;5692;5706;11069;81570;165918,11069;165918;3146;4683;5688;5692;5706;81570
dna_repair_biased,BP,GO:0006956,complement activation,1.0,1.0,False,0,120,10,6000,0.0,0.0016666666666666668,0.0,,
dna_repair_biased,BP,GO:0006959,humoral immune response,1.0,1.0,False,0,120,76,6000,0.0,0.012666666666666666,0.0,,
dna_repair_biased,BP,GO:0006968,cellular defense response,0.27649816154596496,1.0,False,1,120,16,6000,0.008333333333333333,0.0026666666666666666,3.125,4068,4068
dna_repair_biased,BP,GO:0006970,response to osmotic stress,0.3328242822494307,1.0,False,1,120,20,6000,0.008333333333333333,0.0033333333333333335,2.5,56262,56262
dna_repair_biased,BP,GO:0006986,response to unfolded protein,1.0,1.0,False,0,120,30,6000,0.0,0.005,0.0,,
dna_repair_biased,BP,GO:0006997,nucleus organization,1.0,1.0,False,0,120,24,6000,0.0,0.004,0.0,,
dna_repair_biased,BP,GO:0007005,mitochondrion organization,1.0,1.0,False,0,120,81,6000,0.0,0.0135,0.0,,
dna_repair_biased,BP,GO:0007006,mitochondrial membrane organization,1.0,1.0,False,0,120,14,6000,0.0,0.0023333333333333335,0.0,,
dna_repair_biased,BP,GO:0007007,inner mitochondrial membrane organization,1.0,1.0,False,0,120,10,6000,0.0,0.0016666666666666668,0.0,,
dna_repair_biased,BP,GO:0007009,plasma membrane organization,1.0,1.0,False,0,120,32,6000,0.0,0.005333333333333333,0.0,,
dna_repair_biased,BP,GO:0007010,cytoskeleton organization,0.9564307432666866,1.0,False,3,120,316,6000,0.025,0.05266666666666667,0.4746835443037975,58;4869;11034,11034;4869;58
dna_repair_biased,BP,GO:0007015,actin filament organization,0.3675770648649201,1.0,False,2,120,64,6000,0.016666666666666666,0.010666666666666666,1.5625,58;11034,11034;58
dna_repair_biased,BP,GO:0007017,microtubule-based process,0.7380055345106395,1.0,False,4,120,248,6000,0.03333333333333333,0.04133333333333333,0.8064516129032258,4869;5688;5692;6421,4869;5688;5692;6421
dna_repair_biased,BP,GO:0007018,microtubule-based movement,0.5539246549257438,1.0,False,3,120,144,6000,0.025,0.024,1.0416666666666667,5688;5692;6421,5688;5692;6421
dna_repair_biased,BP,GO:0007029,endoplasmic reticulum organization,1.0,1.0,False,0,120,21,6000,0.0,0.0035,0.0,,
dna_repair_biased,BP,GO:0007030,Golgi organization,1.0,1.0,False,0,120,36,6000,0.0,0.006,0.0,,
dna_repair_biased,BP,GO:0007032,endosome organization,1.0,1.0,False,0,120,27,6000,0.0,0.0045,0.0,,
dna_repair_biased,BP,GO:0007033,vacuole organization,0.6065742923968529,1.0,False,1,120,46,6000,0.008333333333333333,0.007666666666666666,1.0869565217391304,55317,55317
dna_repair_biased,BP,GO:0007034,vacuolar transport,0.3014654531064851,1.0,False,2,120,55,6000,0.016666666666666666,0.009166666666666667,1.8181818181818181,30849;151636,151636;30849
dna_repair_biased,BP,GO:0007035,vacuolar acidification,1.0,1.0,False,0,120,11,6000,0.0,0.0018333333333333333,0.0,,
dna_repair_biased,BP,GO:0007040,lysosome organization,0.3593341011387844,1.0,False,1,120,22,6000,0.008333333333333333,0.0036666666666666666,2.272727272727273,55317,55317
dna_repair_biased,BP,GO:0007041,lysosomal transport,0.20481557990959964,1.0,False,2,120,42,6000,0.016666666666666666,0.007,2.380952380952381,30849;151636,151636;30849
dna_repair_biased,BP,GO:0007043,cell-cell junction assembly,1.0,1.0,False,0,120,28,6000,0.0,0.004666666666666667,0.0,,
dna_repair_biased,BP,GO:0007051,spindle organization,1.0,1.0,False,0,120,43,6000,0.0,0.007166666666666667,0.0,,
dna_repair_biased,BP,GO:0007052,mitotic spindle organization,1.0,1.0,False,0,120,31,6000,0.0,0.005166666666666667,0.0,,
dna_repair_biased,BP,GO:0007080,mitotic metaphase chromosome alignment,1.0,1.0,False,0,120,23,6000,0.0,0.003833333333333333,0.0,,
dna_repair_biased,BP,GO:0007088,regulation of mitotic nuclear division,1.0,1.0,False,0,120,38,6000,0.0,0.006333333333333333,0.0,,
dna_repair_biased,BP,GO:0007094,mitotic spindle assembly checkpoint signaling,1.0,1.0,False,0,120,10,6000,0.0,0.0016666666666666668,0.0,,
dna_repair_biased,BP,GO:0007098,centrosome cycle,0.397152433406183,1.0,False,1,120,25,6000,0.008333333333333333,0.004166666666666667,2.0,4869,4869
dna_repair_biased,BP,GO:0007155,cell adhesion,0.9858240275808591,1.0,False,1,120,207,6000,0.008333333333333333,0.0345,0.24154589371980675,6091,6091
dna_repair_biased,BP,GO:0007156,homophilic cell-cell adhesion,0.5902272768216926,1.0,False,1,120,44,6000,0.008333333333333333,0.007333333333333333,1.1363636363636365,6091,6091
dna_repair_biased,BP,GO:0007157,heterophilic cell-cell adhesion,1.0,1.0,False,0,120,12,6000,0.0,0.002,0.0,,
dna_repair_biased,BP,GO:0007159,leukocyte cell-cell adhesion,1.0,1.0,False,0,120,19,6000,0.0,0.0031666666666666666,0.0,,
dna_repair_biased,BP,GO:0007160,cell-matrix adhesion,1.0,1.0,False,0,120,32,6000,0.0,0.005333333333333333,0.0,,
dna_repair_biased,BP,GO:0007162,negative regulation of cell adhesion,0.24134764005619394,1.0,False,3,120,85,6000,0.025,0.014166666666666666,1.7647058823529413,3146;5688;5692,3146;5688;5692
dna_repair_biased,BP,GO:0007163,establishment or maintenance of cell polarity,1.0,1.0,False,0,120,46,6000,0.0,0.007666666666666666,0.0,,
dna_repair_biased,BP,GO:0007166,cell surface receptor signaling pathway,0.9847084010646956,1.0,False,5,120,530,6000,0.041666666666666664,0.08833333333333333,0.4716981132075471,1137;4792;6091;9306;151636,1137;151636;4792;6091;9306
dna_repair_biased,BP,GO:0007167,enzyme-linked receptor protein signaling pathway,1.0,1.0,False,0,120,186,6000,0.0,0.031,0.0,,
dna_repair_biased,BP,GO:0007169,cell surface receptor protein tyrosine kinase signaling pathway,1.0,1.0,False,0,120,127,6000,0.0,0.021166666666666667,0.0,,
dna_repair_biased,BP,GO:0007173,epidermal growth factor receptor signaling pathway,1.0,1.0,False,0,120,16,6000,0.0,0.0026666666666666666,0.0,,
dna_repair_biased,BP,GO:0007178,cell surface receptor protein serine/threonine kinase signaling pathway,1.0,1.0,False,0,120,54,6000,0.0,0.009,0.0,,
dna_repair_biased,BP,GO:0007179,transforming growth factor beta receptor signaling pathway,1.0,1.0,False,0,120,25,6000,0.0,0.004166666666666667,0.0,,
dna_repair_biased,BP,GO:0007186,G protein-coupled receptor signaling pathway,0.9968529882215158,1.0,False,2,120,383,6000,0.016666666666666666,0.06383333333333334,0.2610966057441253,11069;219875,11069;219875
dna_repair_biased,BP,GO:0007187,"G protein-coupled receptor signaling pathway, coupled to cyclic nucleotide second messenger",1.0,1.0,False,0,120,21,6000,0.0,0.0035,0.0,,
dna_repair_biased,BP,GO:0007188,adenylate cyclase-modulating G protein-coupled receptor signaling pathway,1.0,1.0,False,0,120,88,6000,0.0,0.014666666666666666,0.0,,
dna_repair_biased,BP,GO:0007189,adenylate cyclase-activating G protein-coupled receptor signaling pathway,1.0,1.0,False,0,120,59,6000,0.0,0.009833333333333333,0.0,,
dna_repair_biased,BP,GO:0007193,adenylate cyclase-inhibiting G protein-coupled receptor signaling pathway,1.0,1.0,False,0,120,23,6000,0.0,0.003833333333333333,0.0,,
dna_repair_biased,BP,GO:0007200,phospholipase C-activating G protein-coupled receptor signaling pathway,1.0,1.0,False,0,120,50,6000,0.0,0.008333333333333333,0.0,,
dna_repair_biased,BP,GO:0007204,positive regulation of cytosolic calcium ion concentration,0.7218126275544963,1.0,False,1,120,63,6000,0.008333333333333333,0.0105,0.7936507936507936,3146,3146
dna_repair_biased,BP,GO:0007215,glutamate receptor signaling pathway,1.0,1.0,False,0,120,14,6000,0.0,0.0023333333333333335,0.0,,
dna_repair_biased,BP,GO:0007218,neuropeptide signaling pathway,1.0,1.0,False,0,120,28,6000,0.0,0.004666666666666667,0.0,,
dna_repair_biased,BP,GO:0007219,Notch signaling pathway,0.23118189666298758,1.0,False,1,120,13,6000,0.008333333333333333,0.0021666666666666666,3.8461538461538463,151636,151636
dna_repair_biased,BP,GO:0007224,smoothened signaling pathway,1.0,1.0,False,0,120,16,6000,0.0,0.0026666666666666666,0.0,,
dna_repair_biased,BP,GO:0007229,integrin-mediated signaling pathway,1.0,1.0,False,0,120,26,6000,0.0,0.004333333333333333,0.0,,
dna_repair_biased,BP,GO:0007254,JNK cascade,1.0,1.0,False,0,120,17,6000,0.0,0.0028333333333333335,0.0,,
dna_repair_biased,BP,GO:0007259,cell surface receptor signaling pathway via JAK-STAT,0.4441539425635324,1.0,False,1,120,29,6000,0.008333333333333333,0.004833333333333334,1.7241379310344827,9306,9306
dna_repair_biased,BP,GO:0007264,small GTPase-mediated signal transduction,0.7910472516405787,1.0,False,1,120,77,6000,0.008333333333333333,0.012833333333333334,0.6493506493506493,11069,11069
dna_repair_biased,BP,GO:0007265,Ras protein signal transduction,1.0,1.0,False,0,120,16,6000,0.0,0.0026666666666666666,0.0,,
dna_repair_biased,BP,GO:0007266,Rho protein signal transduction,1.0,1.0,False,0,120,18,6000,0.0,0.003,0.0,,
dna_repair_biased,BP,GO:0007267,cell-cell signaling,0.5993068741085008,1.0,False,4,120,207,6000,0.03333333333333333,0.0345,0.966183574879227,1137;4068;6861;8091,1137;4068;6861;8091
dna_repair_biased,BP,GO:0007268,chemical synaptic transmission,0.547353138137202,1.0,False,2,120,91,6000,0.016666666666666666,0.015166666666666667,1.0989010989010988,1137;6861,1137;6861
dna_repair_biased,BP,GO:0007269,neurotransmitter secretion,0.2910068882529308,1.0,False,1,120,17,6000,0.008333333333333333,0.0028333333333333335,2.941176470588235,6861,6861
dna_repair_biased,BP,GO:0007272,ensheathment of neurons,1.0,1.0,False,0,120,30,6000,0.0,0.005,0.0,,
dna_repair_biased,BP,GO:0007275,multicellular organism development,0.8483068857935762,1.0,False,14,120,871,6000,0.11666666666666667,0.14516666666666667,0.8036739380022963,2074;2138;3146;4683;5426;5810;6091;8091;25836;25988;78996;85015;165918;200558,165918;200558;2074;2138;25836;25988;3146;4683;5426;5810;6091;78996;8091;85015
dna_repair_biased,BP,GO:0007281,germ cell development,0.8431582686902698,1.0,False,1,120,91,6000,0.008333333333333333,0.015166666666666667,0.5494505494505494,374864,374864
dna_repair_biased,BP,GO:0007286,spermatid development,0.7329454800132373,1.0,False,1,120,65,6000,0.008333333333333333,0.010833333333333334,0.7692307692307692,374864,374864
dna_repair_biased,BP,GO:0007338,single fertilization,1.0,1.0,False,0,120,29,6000,0.0,0.004833333333333334,0.0,,
dna_repair_biased,BP,GO:0007339,binding of sperm to zona pellucida,1.0,1.0,False,0,120,11,6000,0.0,0.0018333333333333333,0.0,,
dna_repair_biased,BP,GO:0007368,determination of left/right symmetry,1.0,1.0,False,0,120,18,6000,0.0,0.003,0.0,,
dna_repair_biased,BP,GO:0007369,gastrulation,0.3847989996645063,1.0,False,1,120,24,6000,0.008333333333333333,0.004,2.0833333333333335,8091,8091
dna_repair_biased,BP,GO:0007389,pattern specification process,1.0,1.0,False,0,120,74,6000,0.0,0.012333333333333333,0.0,,
dna_repair_biased,BP,GO:0007399,nervous system development,0.9853687159540423,1.0,False,5,120,533,6000,0.041666666666666664,0.08883333333333333,0.4690431519699812,2074;3146;5810;6091;25836,2074;25836;3146;5810;6091
dna_repair_biased,BP,GO:0007405,neuroblast proliferation,1.0,1.0,False,0,120,10,6000,0.0,0.0016666666666666668,0.0,,
dna_repair_biased,BP,GO:0007409,axonogenesis,0.8226250443396159,1.0,False,1,120,85,6000,0.008333333333333333,0.014166666666666666,0.5882352941176471,6091,6091
dna_repair_biased,BP,GO:0007411,axon guidance,0.6518344615320735,1.0,False,1,120,52,6000,0.008333333333333333,0.008666666666666666,0.9615384615384616,6091,6091
dna_repair_biased,BP,GO:0007416,synapse assembly,1.0,1.0,False,0,120,36,6000,0.0,0.006,0.0,,
dna_repair_biased,BP,GO:0007417,central nervous system development,0.8322962307066551,1.0,False,3,120,224,6000,0.025,0.037333333333333336,0.6696428571428571,5810;6091;25836,25836;5810;6091
dna_repair_biased,BP,GO:0007420,brain development,0.595448983225958,1.0,False,3,120,153,6000,0.025,0.0255,0.9803921568627452,5810;6091;25836,25836;5810;6091
dna_repair_biased,BP,GO:0007422,peripheral nervous system development,1.0,1.0,False,0,120,15,6000,0.0,0.0025,0.0,,
dna_repair_biased,BP,GO:0007423,sensory organ development,0.20189242092585338,1.0,False,4,120,116,6000,0.03333333333333333,0.019333333333333334,1.7241379310344827,2138;4171;25836;85015,2138;25836;4171;85015
dna_repair_biased,BP,GO:0007492,endoderm development,0.27649816154596496,1.0,False,1,120,16,6000,0.008333333333333333,0.0026666666666666666,3.125,8091,8091
dna_repair_biased,BP,GO:0007498,mesoderm development,0.24659164652108712,1.0,False,1,120,14,6000,0.008333333333333333,0.0023333333333333335,3.571428571428571,8091,8091
dna_repair_biased,BP,GO:0007507,heart development,0.5878956505525196,1.0,False,2,120,98,6000,0.016666666666666666,0.01633333333333333,1.0204081632653061,6091;25836,25836;6091
dna_repair_biased,BP,GO:0007517,muscle organ development,0.6065742923968529,1.0,False,1,120,46,6000,0.008333333333333333,0.007666666666666666,1.0869565217391304,58,58
dna_repair_biased,BP,GO:0007519,skeletal muscle tissue development,0.27649816154596496,1.0,False,1,120,16,6000,0.008333333333333333,0.0026666666666666666,3.125,58,58
dna_repair_biased,BP,GO:0007548,sex differentiation,0.6065742923968529,1.0,False,1,120,46,6000,0.008333333333333333,0.007666666666666666,1.0869565217391304,25836,25836
dna_repair_biased,BP,GO:0007565,female pregnancy,0.49782540333012903,1.0,False,1,120,34,6000,0.008333333333333333,0.005666666666666667,1.4705882352941175,200558,200558
dna_repair_biased,BP,GO:0007584,response to nutrient,1.0,1.0,False,0,120,46,6000,0.0,0.007666666666666666,0.0,,
dna_repair_biased,BP,GO:0007586,digestion,1.0,1.0,False,0,120,33,6000,0.0,0.0055,0.0,,
dna_repair_biased,BP,GO:0007589,body fluid secretion,1.0,1.0,False,0,120,10,6000,0.0,0.0016666666666666668,0.0,,
dna_repair_biased,BP,GO:0007596,blood coagulation,1.0,1.0,False,0,120,40,6000,0.0,0.006666666666666667,0.0,,
dna_repair_biased,BP,GO:0007599,hemostasis,1.0,1.0,False,0,120,41,6000,0.0,0.006833333333333334,0.0,,
dna_repair_biased,BP,GO:0007600,sensory perception,0.7202018647979117,1.0,False,4,120,242,6000,0.03333333333333333,0.04033333333333333,0.8264462809917356,1137;2138;25836;219875,1137;2138;219875;25836
dna_repair_biased,BP,GO:0007601,visual perception,1.0,1.0,False,0,120,31,6000,0.0,0.005166666666666667,0.0,,
dna_repair_biased,BP,GO:0007602,phototransduction,1.0,1.0,False,0,120,11,6000,0.0,0.0018333333333333333,0.0,,
dna_repair_biased,BP,GO:0007605,sensory perception of sound,0.15440060373021774,1.0,False,2,120,35,6000,0.016666666666666666,0.005833333333333334,2.8571428571428568,2138;25836,2138;25836
dna_repair_biased,BP,GO:0007606,sensory perception of chemical stimulus,0.9606388422671571,1.0,False,1,120,158,6000,0.008333333333333333,0.026333333333333334,0.3164556962025316,219875,219875
dna_repair_biased,BP,GO:0007608,sensory perception of smell,0.9311585058221703,1.0,False,1,120,131,6000,0.008333333333333333,0.021833333333333333,0.3816793893129771,219875,219875
dna_repair_biased,BP,GO:0007610,behavior,0.6151889642031494,1.0,False,2,120,103,6000,0.016666666666666666,0.017166666666666667,0.970873786407767,1137;9112,1137;9112
dna_repair_biased,BP,GO:0007611,learning or memory,1.0,1.0,False,0,120,49,6000,0.0,0.008166666666666666,0.0,,
dna_repair_biased,BP,GO:0007612,learning,1.0,1.0,False,0,120,23,6000,0.0,0.003833333333333333,0.0,,
dna_repair_biased,BP,GO:0007613,memory,1.0,1.0,False,0,120,26,6000,0.0,0.004333333333333333,0.0,,
dna_repair_biased,BP,GO:0007616,long-term memory,1.0,1.0,False,0,120,12,6000,0.0,0.002,0.0,,
dna_repair_biased,BP,GO:0007626,locomotory behavior,0.42112605589102525,1.0,False,1,120,27,6000,0.008333333333333333,0.0045,1.8518518518518519,9112,9112
dna_repair_biased,BP,GO:0007631,feeding behavior,1.0,1.0,False,0,120,19,6000,0.0,0.0031666666666666666,0.0,,
dna_repair_biased,BP,GO:0008015,blood circulation,1.0,1.0,False,0,120,115,6000,0.0,0.019166666666666665,0.0,,
dna_repair_biased,BP,GO:0008016,regulation of heart contraction,1.0,1.0,False,0,120,63,6000,0.0,0.0105,0.0,,
dna_repair_biased,BP,GO:0008033,tRNA processing,1.0,1.0,False,0,120,33,6000,0.0,0.0055,0.0,,
dna_repair_biased,BP,GO:0008037,cell recognition,0.4441539425635324,1.0,False,1,120,29,6000,0.008333333333333333,0.004833333333333334,1.7241379310344827,6091,6091
dna_repair_biased,BP,GO:0008064,regulation of actin polymerization or depolymerization,1.0,1.0,False,0,120,35,6000,0.0,0.005833333333333334,0.0,,
dna_repair_biased,BP,GO:0008088,axo-dendritic transport,0.40925983223317164,1.0,False,1,120,26,6000,0.008333333333333333,0.004333333333333333,1.9230769230769231,6421,6421
dna_repair_biased,BP,GO:0008089,anterograde axonal transport,1.0,1.0,False,0,120,14,6000,0.0,0.0023333333333333335,0.0,,
dna_repair_biased,BP,GO:0008154,actin polymerization or depolymerization,0.24659164652108712,1.0,False,1,120,14,6000,0.008333333333333333,0.0023333333333333335,3.571428571428571,11034,11034
dna_repair_biased,BP,GO:0008202,steroid metabolic process,1.0,1.0,False,0,120,59,6000,0.0,0.009833333333333333,0.0,,
dna_repair_biased,BP,GO:0008203,cholesterol metabolic process,1.0,1.0,False,0,120,24,6000,0.0,0.004,0.0,,
dna_repair_biased,BP,GO:0008210,estrogen metabolic process,1.0,1.0,False,0,120,10,6000,0.0,0.0016666666666666668,0.0,,
dna_repair_biased,BP,GO:0008217,regulation of blood pressure,1.0,1.0,False,0,120,48,6000,0.0,0.008,0.0,,
dna_repair_biased,BP,GO:0008277,regulation of G protein-coupled receptor signaling pathway,0.5902272768216926,1.0,False,1,120,44,6000,0.008333333333333333,0.007333333333333333,1.1363636363636365,6091,6091
dna_repair_biased,BP,GO:0008283,cell population proliferation,0.4108884454692452,1.0,False,3,120,116,6000,0.025,0.019333333333333334,1.293103448275862,3146;8091;221120,221120;3146;8091
dna_repair_biased,BP,GO:0008284,positive regulation of cell population proliferation,0.8880476246982434,1.0,False,3,120,253,6000,0.025,0.042166666666666665,0.5928853754940712,3146;4869;8091,3146;4869;8091
dna_repair_biased,BP,GO:0008285,negative regulation of cell population proliferation,0.8528389606960782,1.0,False,2,120,167,6000,0.016666666666666666,0.027833333333333335,0.5988023952095808,4869;6091,4869;6091
dna_repair_biased,BP,GO:0008286,insulin receptor signaling pathway,1.0,1.0,False,0,120,23,6000,0.0,0.003833333333333333,0.0,,
dna_repair_biased,BP,GO:0008306,associative learning,1.0,1.0,False,0,120,13,6000,0.0,0.0021666666666666666,0.0,,
dna_repair_biased,BP,GO:0008333,endosome to lysosome transport,0.3328242822494307,1.0,False,1,120,20,6000,0.008333333333333333,0.0033333333333333335,2.5,151636,151636
dna_repair_biased,BP,GO:0008334,histone mRNA metabolic process,1.0,1.0,False,0,120,13,6000,0.0,0.0021666666666666666,0.0,,
dna_repair_biased,BP,GO:0008344,adult locomotory behavior,1.0,1.0,False,0,120,10,6000,0.0,0.0016666666666666668,0.0,,
dna_repair_biased,BP,GO:0008360,regulation of cell shape,1.0,1.0,False,0,120,21,6000,0.0,0.0035,0.0,,
dna_repair_biased,BP,GO:0008361,regulation of cell size,0.5463534636790258,1.0,False,1,120,39,6000,0.008333333333333333,0.0065,1.2820512820512822,56262,56262
dna_repair_biased,BP,GO:0008366,axon ensheathment,1.0,1.0,False,0,120,30,6000,0.0,0.005,0.0,,
dna_repair_biased,BP,GO:0008380,RNA splicing,0.5104745012519821,1.0,False,2,120,85,6000,0.016666666666666666,0.014166666666666666,1.1764705882352942,6421;27339,27339;6421
dna_repair_biased,BP,GO:0008406,gonad development,1.0,1.0,False,0,120,36,6000,0.0,0.006,0.0,,
dna_repair_biased,BP,GO:0008535,respiratory chain complex IV assembly,1.0,1.0,False,0,120,13,6000,0.0,0.0021666666666666666,0.0,,
dna_repair_biased,BP,GO:0008543,fibroblast growth factor receptor signaling pathway,1.0,1.0,False,0,120,15,6000,0.0,0.0025,0.0,,
dna_repair_biased,BP,GO:0008544,epidermis development,1.0,1.0,False,0,120,63,6000,0.0,0.0105,0.0,,
dna_repair_biased,BP,GO:0008584,male gonad development,1.0,1.0,False,0,120,24,6000,0.0,0.004,0.0,,
dna_repair_biased,BP,GO:0008585,female gonad development,1.0,1.0,False,0,120,13,6000,0.0,0.0021666666666666666,0.0,,
dna_repair_biased,BP,GO:0008589,regulation of smoothened signaling pathway,0.4553248564627744,1.0,False,1,120,30,6000,0.008333333333333333,0.005,1.6666666666666665,51366,51366
dna_repair_biased,BP,GO:0008593,regulation of Notch signaling pathway,0.40925983223317164,1.0,False,1,120,26,6000,0.008333333333333333,0.004333333333333333,1.9230769230769231,6091,6091
dna_repair_biased,BP,GO:0008610,lipid biosynthetic process,0.9581110368249893,1.0,False,1,120,155,6000,0.008333333333333333,0.025833333333333333,0.3225806451612903,30849,30849
dna_repair_biased,BP,GO:0008625,extrinsic apoptotic signaling pathway via death domain receptors,1.0,1.0,False,0,120,10,6000,0.0,0.0016666666666666668,0.0,,
dna_repair_biased,BP,GO:0008630,intrinsic apoptotic signaling pathway in response to DNA damage,1.0,1.0,False,0,120,19,6000,0.0,0.0031666666666666666,0.0,,
dna_repair_biased,BP,GO:0008637,apoptotic mitochondrial changes,1.0,1.0,False,0,120,13,6000,0.0,0.0021666666666666666,0.0,,
dna_repair_biased,BP,GO:0008643,carbohydrate transport,1.0,1.0,False,0,120,18,6000,0.0,0.003,0.0,,
dna_repair_biased,BP,GO:0008645,hexose transmembrane transport,1.0,1.0,False,0,120,12,6000,0.0,0.002,0.0,,
dna_repair_biased,BP,GO:0008652,amino acid biosynthetic process,1.0,1.0,False,0,120,16,6000,0.0,0.0026666666666666666,0.0,,
dna_repair_biased,BP,GO:0008654,phospholipid biosynthetic process,0.7042448489789661,1.0,False,1,120,60,6000,0.008333333333333333,0.01,0.8333333333333333,30849,30849
dna_repair_biased,BP,GO:0009058,biosynthetic process,0.2397950613195832,1.0,False,24,120,1033,6000,0.2,0.17216666666666666,1.1616650532429817,328;2074;2967;2968;4683;5426;5429;5438;5980;6421;7486;9325;10856;11044;25988;27339;29890;29997;30849;78996;83932;165918;200558;728340,10856;11044;165918;200558;2074;25988;27339;2967;2968;29890;29997;30849;328;4683;5426;5429;5438;5980;6421;728340;7486;78996;83932;9325
dna_repair_biased,BP,GO:0009060,aerobic respiration,1.0,1.0,False,0,120,51,6000,0.0,0.0085,0.0,,
dna_repair_biased,BP,GO:0009062,fatty acid catabolic process,1.0,1.0,False,0,120,28,6000,0.0,0.004666666666666667,0.0,,
dna_repair_biased,BP,GO:0009063,amino acid catabolic process,1.0,1.0,False,0,120,44,6000,0.0,0.007333333333333333,0.0,,
dna_repair_biased,BP,GO:0009072,aromatic amino acid metabolic process,1.0,1.0,False,0,120,11,6000,0.0,0.0018333333333333333,0.0,,
dna_repair_biased,BP,GO:0009100,glycoprotein metabolic process,1.0,1.0,False,0,120,91,6000,0.0,0.015166666666666667,0.0,,
dna_repair_biased,BP,GO:0009101,glycoprotein biosynthetic process,1.0,1.0,False,0,120,73,6000,0.0,0.012166666666666666,0.0,,
dna_repair_biased,BP,GO:0009112,nucleobase metabolic process,1.0,1.0,False,0,120,12,6000,0.0,0.002,0.0,,
dna_repair_biased,BP,GO:0009116,nucleoside metabolic process,1.0,1.0,False,0,120,11,6000,0.0,0.0018333333333333333,0.0,,
dna_repair_biased,BP,GO:0009117,nucleotide metabolic process,0.8893945437829911,1.0,False,1,120,108,6000,0.008333333333333333,0.018,0.46296296296296297,8505,8505
dna_repair_biased,BP,GO:0009123,nucleoside monophosphate metabolic process,1.0,1.0,False,0,120,21,6000,0.0,0.0035,0.0,,
dna_repair_biased,BP,GO:0009126,purine nucleoside monophosphate metabolic process,1.0,1.0,False,0,120,15,6000,0.0,0.0025,0.0,,
dna_repair_biased,BP,GO:0009132,nucleoside diphosphate metabolic process,1.0,1.0,False,0,120,15,6000,0.0,0.0025,0.0,,
dna_repair_biased,BP,GO:0009135,purine nucleoside diphosphate metabolic process,1.0,1.0,False,0,120,12,6000,0.0,0.002,0.0,,
dna_repair_biased,BP,GO:0009141,nucleoside triphosphate metabolic process,0.6222743971944265,1.0,False,1,120,48,6000,0.008333333333333333,0.008,1.0416666666666667,8505,8505
dna_repair_biased,BP,GO:0009142,nucleoside triphosphate biosynthetic process,1.0,1.0,False,0,120,26,6000,0.0,0.004333333333333333,0.0,,
dna_repair_biased,BP,GO:0009144,purine nucleoside triphosphate metabolic process,0.6065742923968529,1.0,False,1,120,46,6000,0.008333333333333333,0.007666666666666666,1.0869565217391304,8505,8505
dna_repair_biased,BP,GO:0009145,purine nucleoside triphosphate biosynthetic process,1.0,1.0,False,0,120,23,6000,0.0,0.003833333333333333,0.0,,
dna_repair_biased,BP,GO:0009150,purine ribonucleotide metabolic process,0.7588819051605297,1.0,False,1,120,70,6000,0.008333333333333333,0.011666666666666667,0.7142857142857142,8505,8505
dna_repair_biased,BP,GO:0009152,purine ribonucleotide biosynthetic process,1.0,1.0,False,0,120,41,6000,0.0,0.006833333333333334,0.0,,
dna_repair_biased,BP,GO:0009154,purine ribonucleotide catabolic process,1.0,1.0,False,0,120,14,6000,0.0,0.0023333333333333335,0.0,,
dna_repair_biased,BP,GO:0009165,nucleotide biosynthetic process,1.0,1.0,False,0,120,55,6000,0.0,0.009166666666666667,0.0,,
dna_repair_biased,BP,GO:0009166,nucleotide catabolic process,1.0,1.0,False,0,120,22,6000,0.0,0.0036666666666666666,0.0,,
dna_repair_biased,BP,GO:0009167,purine ribonucleoside monophosphate metabolic process,1.0,1.0,False,0,120,14,6000,0.0,0.0023333333333333335,0.0,,
dna_repair_biased,BP,GO:0009179,purine ribonucleoside diphosphate metabolic process,1.0,1.0,False,0,120,12,6000,0.0,0.002,0.0,,
dna_repair_biased,BP,GO:0009185,ribonucleoside diphosphate metabolic process,1.0,1.0,False,0,120,15,6000,0.0,0.0025,0.0,,
dna_repair_biased,BP,GO:0009187,cyclic nucleotide metabolic process,1.0,1.0,False,0,120,12,6000,0.0,0.002,0.0,,
dna_repair_biased,BP,GO:0009201,ribonucleoside triphosphate biosynthetic process,1.0,1.0,False,0,120,26,6000,0.0,0.004333333333333333,0.0,,
dna_repair_biased,BP,GO:0009205,purine ribonucleoside triphosphate metabolic process,0.5902272768216926,1.0,False,1,120,44,6000,0.008333333333333333,0.007333333333333333,1.1363636363636365,8505,8505
dna_repair_biased,BP,GO:0009206,purine ribonucleoside triphosphate biosynthetic process,1.0,1.0,False,0,120,23,6000,0.0,0.003833333333333333,0.0,,
dna_repair_biased,BP,GO:0009218,pyrimidine ribonucleotide metabolic process,1.0,1.0,False,0,120,10,6000,0.0,0.0016666666666666668,0.0,,
dna_repair_biased,BP,GO:0009225,nucleotide-sugar metabolic process,0.2154596450610039,1.0,False,1,120,12,6000,0.008333333333333333,0.002,4.166666666666667,8505,8505
dna_repair_biased,BP,GO:0009226,nucleotide-sugar biosynthetic process,1.0,1.0,False,0,120,10,6000,0.0,0.0016666666666666668,0.0,,
dna_repair_biased,BP,GO:0009247,glycolipid biosynthetic process,1.0,1.0,False,0,120,29,6000,0.0,0.004833333333333334,0.0,,
dna_repair_biased,BP,GO:0009259,ribonucleotide metabolic process,0.7952806350279045,1.0,False,1,120,78,6000,0.008333333333333333,0.013,0.6410256410256411,8505,8505
dna_repair_biased,BP,GO:0009260,ribonucleotide biosynthetic process,1.0,1.0,False,0,120,45,6000,0.0,0.0075,0.0,,
dna_repair_biased,BP,GO:0009261,ribonucleotide catabolic process,1.0,1.0,False,0,120,19,6000,0.0,0.0031666666666666666,0.0,,
dna_repair_biased,BP,GO:0009267,cellular response to starvation,0.3675770648649201,1.0,False,2,120,64,6000,0.016666666666666666,0.010666666666666666,1.5625,7486;30849,30849;7486
dna_repair_biased,BP,GO:0009268,response to pH,1.0,1.0,False,0,120,14,6000,0.0,0.0023333333333333335,0.0,,
dna_repair_biased,BP,GO:0009299,mRNA transcription,1.0,1.0,False,0,120,12,6000,0.0,0.002,0.0,,
dna_repair_biased,BP,GO:0009306,protein secretion,1.0,1.0,False,0,120,22,6000,0.0,0.0036666666666666666,0.0,,
dna_repair_biased,BP,GO:0009308,amine metabolic process,1.0,1.0,False,0,120,13,6000,0.0,0.0021666666666666666,0.0,,
dna_repair_biased,BP,GO:0009311,oligosaccharide metabolic process,1.0,1.0,False,0,120,21,6000,0.0,0.0035,0.0,,
dna_repair_biased,BP,GO:0009312,oligosaccharide biosynthetic process,1.0,1.0,False,0,120,12,6000,0.0,0.002,0.0,,
dna_repair_biased,BP,GO:0009394,2'-deoxyribonucleotide metabolic process,1.0,1.0,False,0,120,11,6000,0.0,0.0018333333333333333,0.0,,
dna_repair_biased,BP,GO:0009395,phospholipid catabolic process,1.0,1.0,False,0,120,21,6000,0.0,0.0035,0.0,,
dna_repair_biased,BP,GO:0009408,response to heat,0.3462124237427534,1.0,False,1,120,21,6000,0.008333333333333333,0.0035,2.380952380952381,81570,81570
dna_repair_biased,BP,GO:0009409,response to cold,0.1994186086676354,1.0,False,1,120,11,6000,0.008333333333333333,0.0018333333333333333,4.545454545454546,4792,4792
dna_repair_biased,BP,GO:0009410,response to xenobiotic stimulus,0.36182070560837704,1.0,False,3,120,107,6000,0.025,0.017833333333333333,1.4018691588785048,5378;7320;11044,11044;5378;7320
dna_repair_biased,BP,GO:0009451,RNA modification,0.6790989845902964,1.0,False,1,120,56,6000,0.008333333333333333,0.009333333333333334,0.8928571428571428,29890,29890
dna_repair_biased,BP,GO:0009566,fertilization,0.5275270586497346,1.0,False,1,120,37,6000,0.008333333333333333,0.006166666666666667,1.3513513513513513,254528,254528
dna_repair_biased,BP,GO:0009581,detection of external stimulus,1.0,1.0,False,0,120,29,6000,0.0,0.004833333333333334,0.0,,
dna_repair_biased,BP,GO:0009582,detection of abiotic stimulus,1.0,1.0,False,0,120,29,6000,0.0,0.004833333333333334,0.0,,
dna_repair_biased,BP,GO:0009583,detection of light stimulus,1.0,1.0,False,0,120,16,6000,0.0,0.0026666666666666666,0.0,,
dna_repair_biased,BP,GO:0009593,detection of chemical stimulus,0.957233168228936,1.0,False,1,120,154,6000,0.008333333333333333,0.025666666666666667,0.3246753246753247,219875,219875
dna_repair_biased,BP,GO:0009605,response to external stimulus,0.49779639999980524,1.0,False,10,120,481,6000,0.08333333333333333,0.08016666666666666,1.0395010395010396,1408;1647;3146;5688;5692;5706;6091;8091;9112;81570,1408;1647;3146;5688;5692;5706;6091;8091;81570;9112
dna_repair_biased,BP,GO:0009607,response to biotic stimulus,0.5469133226450298,1.0,False,7,120,347,6000,0.058333333333333334,0.057833333333333334,1.0086455331412103,3146;5688;5692;5706;8091;81570;84464,3146;5688;5692;5706;8091;81570;84464
dna_repair_biased,BP,GO:0009611,response to wounding,1.0,1.0,False,0,120,93,6000,0.0,0.0155,0.0,,
dna_repair_biased,BP,GO:0009612,response to mechanical stimulus,0.6518344615320735,1.0,False,1,120,52,6000,0.008333333333333333,0.008666666666666666,0.9615384615384616,1647,1647
dna_repair_biased,BP,GO:0009615,response to virus,0.541341397774223,1.0,False,2,120,90,6000,0.016666666666666666,0.015,1.1111111111111112,8091;81570,8091;81570
dna_repair_biased,BP,GO:0009617,response to bacterium,0.969323879092817,1.0,False,1,120,170,6000,0.008333333333333333,0.028333333333333332,0.29411764705882354,3146,3146
dna_repair_biased,BP,GO:0009620,response to fungus,1.0,1.0,False,0,120,16,6000,0.0,0.0026666666666666666,0.0,,
dna_repair_biased,BP,GO:0009636,response to toxic substance,1.0,1.0,False,0,120,67,6000,0.0,0.011166666666666667,0.0,,
dna_repair_biased,BP,GO:0009653,anatomical structure morphogenesis,0.9594154481051953,1.0,False,5,120,461,6000,0.041666666666666664,0.07683333333333334,0.5422993492407808,58;2138;6091;8091;25836,2138;25836;58;6091;8091
dna_repair_biased,BP,GO:0009719,response to endogenous stimulus,0.8634378259970574,1.0,False,5,120,365,6000,0.041666666666666664,0.060833333333333336,0.684931506849315,1408;9325;51366;84464;94056,1408;51366;84464;9325;94056
dna_repair_biased,BP,GO:0009725,response to hormone,0.732166373099733,1.0,False,4,120,246,6000,0.03333333333333333,0.041,0.8130081300813008,1408;9325;51366;94056,1408;51366;9325;94056
dna_repair_biased,BP,GO:0009743,response to carbohydrate,1.0,1.0,False,0,120,49,6000,0.0,0.008166666666666666,0.0,,
dna_repair_biased,BP,GO:0009746,response to hexose,1.0,1.0,False,0,120,40,6000,0.0,0.006666666666666667,0.0,,
dna_repair_biased,BP,GO:0009749,response to glucose,1.0,1.0,False,0,120,36,6000,0.0,0.006,0.0,,
dna_repair_biased,BP,GO:0009755,hormone-mediated signaling pathway,0.24182623966434164,1.0,False,2,120,47,6000,0.016666666666666666,0.007833333333333333,2.127659574468085,9325;51366,51366;9325
dna_repair_biased,BP,GO:0009792,embryo development ending in birth or egg hatching,0.1941316051002294,1.0,False,3,120,76,6000,0.025,0.012666666666666666,1.973684210526316,4683;25836;25988,25836;25988;4683
dna_repair_biased,BP,GO:0009798,axis specification,1.0,1.0,False,0,120,21,6000,0.0,0.0035,0.0,,
dna_repair_biased,BP,GO:0009799,specification of symmetry,1.0,1.0,False,0,120,19,6000,0.0,0.0031666666666666666,0.0,,
dna_repair_biased,BP,GO:0009855,determination of bilateral symmetry,1.0,1.0,False,0,120,19,6000,0.0,0.0031666666666666666,0.0,,
dna_repair_biased,BP,GO:0009880,embryonic pattern specification,1.0,1.0,False,0,120,16,6000,0.0,0.0026666666666666666,0.0,,
dna_repair_biased,BP,GO:0009887,animal organ morphogenesis,0.4392377374518438,1.0,False,4,120,169,6000,0.03333333333333333,0.028166666666666666,1.183431952662722,58;2138;6091;25836,2138;25836;58;6091
dna_repair_biased,BP,GO:0009888,tissue development,0.7776781270477573,1.0,False,5,120,321,6000,0.041666666666666664,0.0535,0.778816199376947,58;6091;8091;9149;55734,55734;58;6091;8091;9149
dna_repair_biased,BP,GO:0009895,negative regulation of catabolic process,0.38373417377288055,1.0,False,3,120,111,6000,0.025,0.0185,1.3513513513513515,11044;29997;55170,11044;29997;55170
dna_repair_biased,BP,GO:0009896,positive regulation of catabolic process,0.21592521162241213,1.0,False,5,120,160,6000,0.041666666666666664,0.02666666666666667,1.5624999999999998,3146;5706;6418;29997;151636,151636;29997;3146;5706;6418
dna_repair_biased,BP,GO:0009913,epidermal cell differentiation,1.0,1.0,False,0,120,36,6000,0.0,0.006,0.0,,
dna_repair_biased,BP,GO:0009914,hormone transport,1.0,1.0,False,0,120,19,6000,0.0,0.0031666666666666666,0.0,,
dna_repair_biased,BP,GO:0009948,anterior/posterior axis specification,1.0,1.0,False,0,120,16,6000,0.0,0.0026666666666666666,0.0,,
dna_repair_biased,BP,GO:0009952,anterior/posterior pattern specification,1.0,1.0,False,0,120,35,6000,0.0,0.005833333333333334,0.0,,
dna_repair_biased,BP,GO:0009953,dorsal/ventral pattern formation,1.0,1.0,False,0,120,12,6000,0.0,0.002,0.0,,
dna_repair_biased,BP,GO:0009966,regulation of signal transduction,0.7613817696225852,1.0,False,15,120,863,6000,0.125,0.14383333333333334,0.8690614136732329,1408;1647;3146;4068;4792;6091;6421;7320;8091;10856;25788;29997;51366;54778;55159,10856;1408;1647;25788;29997;3146;4068;4792;51366;54778;55159;6091;6421;7320;8091
dna_repair_biased,BP,GO:0009967,positive regulation of signal transduction,0.8120048228074312,1.0,False,7,120,453,6000,0.058333333333333334,0.0755,0.772626931567329,1647;3146;6091;6421;7320;51366;54778,1647;3146;51366;54778;6091;6421;7320
dna_repair_biased,BP,GO:0009968,negative regulation of signal transduction,0.3178836300296023,1.0,False,9,120,369,6000,0.075,0.0615,1.2195121951219512,1408;4068;4792;6091;8091;10856;25788;29997;51366,10856;1408;25788;29997;4068;4792;51366;6091;8091
dna_repair_biased,BP,GO:0009988,cell-cell recognition,1.0,1.0,False,0,120,16,6000,0.0,0.0026666666666666666,0.0,,
dna_repair_biased,BP,GO:0010001,glial cell differentiation,1.0,1.0,False,0,120,37,6000,0.0,0.006166666666666667,0.0,,
dna_repair_biased,BP,GO:0010038,response to metal ion,1.0,1.0,False,0,120,96,6000,0.0,0.016,0.0,,
dna_repair_biased,BP,GO:0010039,response to iron ion,1.0,1.0,False,0,120,13,6000,0.0,0.0021666666666666666,0.0,,
dna_repair_biased,BP,GO:0010043,response to zinc ion,1.0,1.0,False,0,120,17,6000,0.0,0.0028333333333333335,0.0,,
dna_repair_biased,BP,GO:0010232,vascular transport,1.0,1.0,False,0,120,23,6000,0.0,0.003833333333333333,0.0,,
dna_repair_biased,BP,GO:0010256,endomembrane system organization,1.0,1.0,False,0,120,141,6000,0.0,0.0235,0.0,,
dna_repair_biased,BP,GO:0010257,NADH dehydrogenase complex assembly,1.0,1.0,False,0,120,13,6000,0.0,0.0021666666666666666,0.0,,
dna_repair_biased,BP,GO:0010324,membrane invagination,1.0,1.0,False,0,120,14,6000,0.0,0.0023333333333333335,0.0,,
dna_repair_biased,BP,GO:0010469,regulation of signaling receptor activity,1.0,1.0,False,0,120,14,6000,0.0,0.0023333333333333335,0.0,,
dna_repair_biased,BP,GO:0010496,intercellular transport,1.0,1.0,False,0,120,12,6000,0.0,0.002,0.0,,
dna_repair_biased,BP,GO:0010506,regulation of autophagy,0.6410926708274336,1.0,False,2,120,108,6000,0.016666666666666666,0.018,0.9259259259259259,3146;30849,30849;3146
dna_repair_biased,BP,GO:0010507,negative regulation of autophagy,1.0,1.0,False,0,120,22,6000,0.0,0.0036666666666666666,0.0,,
dna_repair_biased,BP,GO:0010508,positive regulation of autophagy,0.6588586485892609,1.0,False,1,120,53,6000,0.008333333333333333,0.008833333333333334,0.9433962264150942,3146,3146
dna_repair_biased,BP,GO:0010526,transposable element silencing,1.0,1.0,False,0,120,13,6000,0.0,0.0021666666666666666,0.0,,
dna_repair_biased,BP,GO:0010543,regulation of platelet activation,1.0,1.0,False,0,120,10,6000,0.0,0.0016666666666666668,0.0,,
dna_repair_biased,BP,GO:0010562,positive regulation of phosphorus metabolic process,1.0,1.0,False,0,120,21,6000,0.0,0.0035,0.0,,
dna_repair_biased,BP,GO:0010565,regulation of ketone metabolic process,1.0,1.0,False,0,120,42,6000,0.0,0.007,0.0,,
dna_repair_biased,BP,GO:0010566,regulation of ketone biosynthetic process,1.0,1.0,False,0,120,11,6000,0.0,0.0018333333333333333,0.0,,
dna_repair_biased,BP,GO:0010574,regulation of vascular endothelial growth factor production,1.0,1.0,False,0,120,12,6000,0.0,0.002,0.0,,
dna_repair_biased,BP,GO:0010575,positive regulation of vascular endothelial growth factor production,1.0,1.0,False,0,120,12,6000,0.0,0.002,0.0,,
dna_repair_biased,BP,GO:0010591,regulation of lamellipodium assembly,1.0,1.0,False,0,120,13,6000,0.0,0.0021666666666666666,0.0,,
dna_repair_biased,BP,GO:0010594,regulation of endothelial cell migration,0.23438750474143355,1.0,False,2,120,46,6000,0.016666666666666666,0.007666666666666666,2.1739130434782608,1647;3146,1647;3146
dna_repair_biased,BP,GO:0010595,positive regulation of endothelial cell migration,0.4441539425635324,1.0,False,1,120,29,6000,0.008333333333333333,0.004833333333333334,1.7241379310344827,3146,3146
dna_repair_biased,BP,GO:0010608,post-transcriptional regulation of gene expression,0.32522766610905046,1.0,False,4,120,144,6000,0.03333333333333333,0.024,1.3888888888888888,328;4869;11044;221120,11044;221120;328;4869
dna_repair_biased,BP,GO:0010611,regulation of cardiac muscle hypertrophy,1.0,1.0,False,0,120,18,6000,0.0,0.003,0.0,,
dna_repair_biased,BP,GO:0010613,positive regulation of cardiac muscle hypertrophy,1.0,1.0,False,0,120,10,6000,0.0,0.0016666666666666668,0.0,,
dna_repair_biased,BP,GO:0010632,regulation of epithelial cell migration,1.0,1.0,False,0,120,20,6000,0.0,0.0033333333333333335,0.0,,
dna_repair_biased,BP,GO:0010633,negative regulation of epithelial cell migration,1.0,1.0,False,0,120,10,6000,0.0,0.0016666666666666668,0.0,,
dna_repair_biased,BP,GO:0010634,positive regulation of epithelial cell migration,1.0,1.0,False,0,120,10,6000,0.0,0.0016666666666666668,0.0,,
dna_repair_biased,BP,GO:0010644,cell communication by electrical coupling,1.0,1.0,False,0,120,10,6000,0.0,0.0016666666666666668,0.0,,
dna_repair_biased,BP,GO:0010646,regulation of cell communication,0.64334544353876,1.0,False,19,120,1004,6000,0.15833333333333333,0.16733333333333333,0.946215139442231,1137;1408;1647;3146;4068;4792;6091;6421;6861;7320;8091;10856;11069;25788;29997;51366;54778;55159;56262,10856;11069;1137;1408;1647;25788;29997;3146;4068;4792;51366;54778;55159;56262;6091;6421;6861;7320;8091
dna_repair_biased,BP,GO:0010647,positive regulation of cell communication,0.6977279217668897,1.0,False,9,120,508,6000,0.075,0.08466666666666667,0.8858267716535433,1647;3146;6091;6421;7320;11069;51366;54778;56262,11069;1647;3146;51366;54778;56262;6091;6421;7320
dna_repair_biased,BP,GO:0010648,negative regulation of cell communication,0.38688684255839595,1.0,False,9,120,393,6000,0.075,0.0655,1.1450381679389312,1408;4068;4792;6091;8091;10856;25788;29997;51366,10856;1408;25788;29997;4068;4792;51366;6091;8091
dna_repair_biased,BP,GO:0010660,regulation of muscle cell apoptotic process,1.0,1.0,False,0,120,16,6000,0.0,0.0026666666666666666,0.0,,
dna_repair_biased,BP,GO:0010662,regulation of striated muscle cell apoptotic process,1.0,1.0,False,0,120,11,6000,0.0,0.0018333333333333333,0.0,,
dna_repair_biased,BP,GO:0010665,regulation of cardiac muscle cell apoptotic process,1.0,1.0,False,0,120,10,6000,0.0,0.0016666666666666668,0.0,,
dna_repair_biased,BP,GO:0010669,epithelial structure maintenance,1.0,1.0,False,0,120,13,6000,0.0,0.0021666666666666666,0.0,,
dna_repair_biased,BP,GO:0010717,regulation of epithelial to mesenchymal transition,0.49782540333012903,1.0,False,1,120,34,6000,0.008333333333333333,0.005666666666666667,1.4705882352941175,200558,200558
dna_repair_biased,BP,GO:0010718,positive regulation of epithelial to mesenchymal transition,1.0,1.0,False,0,120,14,6000,0.0,0.0023333333333333335,0.0,,
dna_repair_biased,BP,GO:0010719,negative regulation of epithelial to mesenchymal transition,1.0,1.0,False,0,120,16,6000,0.0,0.0026666666666666666,0.0,,
dna_repair_biased,BP,GO:0010720,positive regulation of cell development,0.6887929150093662,1.0,False,2,120,118,6000,0.016666666666666666,0.019666666666666666,0.8474576271186441,3146;6091,3146;6091
dna_repair_biased,BP,GO:0010743,regulation of macrophage derived foam cell differentiation,0.18305237920257855,1.0,False,1,120,10,6000,0.008333333333333333,0.0016666666666666668,5.0,4792,4792
dna_repair_biased,BP,GO:0010758,regulation of macrophage chemotaxis,1.0,1.0,False,0,120,10,6000,0.0,0.0016666666666666668,0.0,,
dna_repair_biased,BP,GO:0010762,regulation of fibroblast migration,1.0,1.0,False,0,120,11,6000,0.0,0.0018333333333333333,0.0,,
dna_repair_biased,BP,GO:0010770,positive regulation of cell morphogenesis,1.0,1.0,False,0,120,13,6000,0.0,0.0021666666666666666,0.0,,
dna_repair_biased,BP,GO:0010803,regulation of tumor necrosis factor-mediated signaling pathway,1.0,1.0,False,0,120,24,6000,0.0,0.004,0.0,,
dna_repair_biased,BP,GO:0010804,negative regulation of tumor necrosis factor-mediated signaling pathway,1.0,1.0,False,0,120,10,6000,0.0,0.0016666666666666668,0.0,,
dna_repair_biased,BP,GO:0010810,regulation of cell-substrate adhesion,1.0,1.0,False,0,120,48,6000,0.0,0.008,0.0,,
dna_repair_biased,BP,GO:0010811,positive regulation of cell-substrate adhesion,1.0,1.0,False,0,120,29,6000,0.0,0.004833333333333334,0.0,,
dna_repair_biased,BP,GO:0010812,negative regulation of cell-substrate adhesion,1.0,1.0,False,0,120,15,6000,0.0,0.0025,0.0,,
dna_repair_biased,BP,GO:0010817,regulation of hormone levels,0.5773002195298064,1.0,False,3,120,149,6000,0.025,0.024833333333333332,1.0067114093959733,1408;11069;56262,11069;1408;56262
dna_repair_biased,BP,GO:0010824,regulation of centrosome duplication,0.18305237920257855,1.0,False,1,120,10,6000,0.008333333333333333,0.0016666666666666668,5.0,4869,4869
dna_repair_biased,BP,GO:0010827,regulation of D-glucose transmembrane transport,1.0,1.0,False,0,120,13,6000,0.0,0.0021666666666666666,0.0,,
dna_repair_biased,BP,GO:0010837,regulation of keratinocyte proliferation,1.0,1.0,False,0,120,12,6000,0.0,0.002,0.0,,
dna_repair_biased,BP,GO:0010874,regulation of cholesterol efflux,1.0,1.0,False,0,120,12,6000,0.0,0.002,0.0,,
dna_repair_biased,BP,GO:0010876,lipid localization,1.0,1.0,False,0,120,100,6000,0.0,0.016666666666666666,0.0,,
dna_repair_biased,BP,GO:0010880,regulation of release of sequestered calcium ion into cytosol by sarcoplasmic reticulum,1.0,1.0,False,0,120,14,6000,0.0,0.0023333333333333335,0.0,,
dna_repair_biased,BP,GO:0010882,regulation of cardiac muscle contraction by calcium ion signaling,1.0,1.0,False,0,120,14,6000,0.0,0.0023333333333333335,0.0,,
dna_repair_biased,BP,GO:0010883,regulation of lipid storage,0.24659164652108712,1.0,False,1,120,14,6000,0.008333333333333333,0.0023333333333333335,3.571428571428571,4792,4792
dna_repair_biased,BP,GO:0010893,positive regulation of steroid biosynthetic process,1.0,1.0,False,0,120,10,6000,0.0,0.0016666666666666668,0.0,,
dna_repair_biased,BP,GO:0010894,negative regulation of steroid biosynthetic process,1.0,1.0,False,0,120,11,6000,0.0,0.0018333333333333333,0.0,,
dna_repair_biased,BP,GO:0010906,regulation of glucose metabolic process,1.0,1.0,False,0,120,29,6000,0.0,0.004833333333333334,0.0,,
dna_repair_biased,BP,GO:0010907,positive regulation of glucose metabolic process,1.0,1.0,False,0,120,15,6000,0.0,0.0025,0.0,,
dna_repair_biased,BP,GO:0010927,cellular component assembly involved in morphogenesis,0.49782540333012903,1.0,False,1,120,34,6000,0.008333333333333333,0.005666666666666667,1.4705882352941175,58,58
dna_repair_biased,BP,GO:0010959,regulation of metal ion transport,1.0,1.0,False,0,120,94,6000,0.0,0.015666666666666666,0.0,,
dna_repair_biased,BP,GO:0010962,regulation of glucan biosynthetic process,1.0,1.0,False,0,120,11,6000,0.0,0.0018333333333333333,0.0,,
dna_repair_biased,BP,GO:0010965,regulation of mitotic sister chromatid separation,1.0,1.0,False,0,120,18,6000,0.0,0.003,0.0,,
dna_repair_biased,BP,GO:0010970,transport along microtubule,0.6919262346105967,1.0,False,1,120,58,6000,0.008333333333333333,0.009666666666666667,0.8620689655172413,6421,6421
dna_repair_biased,BP,GO:0010975,regulation of neuron projection development,0.9187975478299466,1.0,False,1,120,123,6000,0.008333333333333333,0.0205,0.4065040650406504,6091,6091
dna_repair_biased,BP,GO:0010976,positive regulation of neuron projection development,1.0,1.0,False,0,120,43,6000,0.0,0.007166666666666667,0.0,,
dna_repair_biased,BP,GO:0010977,negative regulation of neuron projection development,1.0,1.0,False,0,120,35,6000,0.0,0.005833333333333334,0.0,,
dna_repair_biased,BP,GO:0014003,oligodendrocyte development,1.0,1.0,False,0,120,10,6000,0.0,0.0016666666666666668,0.0,,
dna_repair_biased,BP,GO:0014013,regulation of gliogenesis,1.0,1.0,False,0,120,20,6000,0.0,0.0033333333333333335,0.0,,
dna_repair_biased,BP,GO:0014015,positive regulation of gliogenesis,1.0,1.0,False,0,120,13,6000,0.0,0.0021666666666666666,0.0,,
dna_repair_biased,BP,GO:0014032,neural crest cell development,1.0,1.0,False,0,120,15,6000,0.0,0.0025,0.0,,
dna_repair_biased,BP,GO:0014033,neural crest cell differentiation,1.0,1.0,False,0,120,17,6000,0.0,0.0028333333333333335,0.0,,
dna_repair_biased,BP,GO:0014074,response to purine-containing compound,1.0,1.0,False,0,120,38,6000,0.0,0.006333333333333333,0.0,,
dna_repair_biased,BP,GO:0014706,striated muscle tissue development,0.6373529851582895,1.0,False,1,120,50,6000,0.008333333333333333,0.008333333333333333,1.0,58,58
dna_repair_biased,BP,GO:0014742,positive regulation of muscle hypertrophy,1.0,1.0,False,0,120,11,6000,0.0,0.0018333333333333333,0.0,,
dna_repair_biased,BP,GO:0014743,regulation of muscle hypertrophy,1.0,1.0,False,0,120,20,6000,0.0,0.0033333333333333335,0.0,,
dna_repair_biased,BP,GO:0014823,response to activity,0.40925983223317164,1.0,False,1,120,26,6000,0.008333333333333333,0.004333333333333333,1.9230769230769231,1408,1408
dna_repair_biased,BP,GO:0014850,response to muscle activity,1.0,1.0,False,0,120,11,6000,0.0,0.0018333333333333333,0.0,,
dna_repair_biased,BP,GO:0014902,myotube differentiation,0.27649816154596496,1.0,False,1,120,16,6000,0.008333333333333333,0.0026666666666666666,3.125,58,58
dna_repair_biased,BP,GO:0014910,regulation of smooth muscle cell migration,1.0,1.0,False,0,120,13,6000,0.0,0.0021666666666666666,0.0,,
dna_repair_biased,BP,GO:0015031,protein transport,0.8132613652412831,1.0,False,3,120,216,6000,0.025,0.036,0.6944444444444445,4869;30849;126549,126549;30849;4869
dna_repair_biased,BP,GO:0015698,inorganic anion transport,0.5370351507111182,1.0,False,1,120,38,6000,0.008333333333333333,0.006333333333333333,1.3157894736842106,56262,56262
dna_repair_biased,BP,GO:0015718,monocarboxylic acid transport,1.0,1.0,False,0,120,51,6000,0.0,0.0085,0.0,,
dna_repair_biased,BP,GO:0015721,bile acid and bile salt transport,1.0,1.0,False,0,120,11,6000,0.0,0.0018333333333333333,0.0,,
dna_repair_biased,BP,GO:0015748,organophosphate ester transport,0.6724881482213413,1.0,False,1,120,55,6000,0.008333333333333333,0.009166666666666667,0.9090909090909091,56262,56262
dna_repair_biased,BP,GO:0015749,monosaccharide transmembrane transport,1.0,1.0,False,0,120,14,6000,0.0,0.0023333333333333335,0.0,,
dna_repair_biased,BP,GO:0015800,acidic amino acid transport,0.18305237920257855,1.0,False,1,120,10,6000,0.008333333333333333,0.0016666666666666668,5.0,56262,56262
dna_repair_biased,BP,GO:0015804,neutral amino acid transport,1.0,1.0,False,0,120,14,6000,0.0,0.0023333333333333335,0.0,,
dna_repair_biased,BP,GO:0015807,L-amino acid transport,1.0,1.0,False,0,120,18,6000,0.0,0.003,0.0,,
dna_repair_biased,BP,GO:0015833,peptide transport,1.0,1.0,False,0,120,21,6000,0.0,0.0035,0.0,,
dna_repair_biased,BP,GO:0015849,organic acid transport,0.8431582686902698,1.0,False,1,120,91,6000,0.008333333333333333,0.015166666666666667,0.5494505494505494,56262,56262
dna_repair_biased,BP,GO:0015850,organic hydroxy compound transport,1.0,1.0,False,0,120,47,6000,0.0,0.007833333333333333,0.0,,
dna_repair_biased,BP,GO:0015865,purine nucleotide transport,0.2910068882529308,1.0,False,1,120,17,6000,0.008333333333333333,0.0028333333333333335,2.941176470588235,56262,56262
dna_repair_biased,BP,GO:0015867,ATP transport,1.0,1.0,False,0,120,13,6000,0.0,0.0021666666666666666,0.0,,
dna_repair_biased,BP,GO:0015868,purine ribonucleotide transport,0.2910068882529308,1.0,False,1,120,17,6000,0.008333333333333333,0.0028333333333333335,2.941176470588235,56262,56262
dna_repair_biased,BP,GO:0015908,fatty acid transport,1.0,1.0,False,0,120,31,6000,0.0,0.005166666666666667,0.0,,
dna_repair_biased,BP,GO:0015909,long-chain fatty acid transport,1.0,1.0,False,0,120,21,6000,0.0,0.0035,0.0,,
dna_repair_biased,BP,GO:0015914,phospholipid transport,1.0,1.0,False,0,120,29,6000,0.0,0.004833333333333334,0.0,,
dna_repair_biased,BP,GO:0015918,sterol transport,1.0,1.0,False,0,120,19,6000,0.0,0.0031666666666666666,0.0,,
dna_repair_biased,BP,GO:0015931,nucleobase-containing compound transport,0.3163037585550991,1.0,False,2,120,57,6000,0.016666666666666666,0.0095,1.7543859649122808,29890;56262,29890;56262
dna_repair_biased,BP,GO:0015980,energy derivation by oxidation of organic compounds,1.0,1.0,False,0,120,69,6000,0.0,0.0115,0.0,,
dna_repair_biased,BP,GO:0015986,proton motive force-driven ATP synthesis,1.0,1.0,False,0,120,21,6000,0.0,0.0035,0.0,,
dna_repair_biased,BP,GO:0016032,viral process,1.0,1.0,False,0,120,51,6000,0.0,0.0085,0.0,,
dna_repair_biased,BP,GO:0016042,lipid catabolic process,1.0,1.0,False,0,120,92,6000,0.0,0.015333333333333332,0.0,,
dna_repair_biased,BP,GO:0016049,cell growth,1.0,1.0,False,0,120,27,6000,0.0,0.0045,0.0,,
dna_repair_biased,BP,GO:0016050,vesicle organization,0.8916472007324211,1.0,False,1,120,109,6000,0.008333333333333333,0.018166666666666668,0.4587155963302752,9874,9874
dna_repair_biased,BP,GO:0016051,carbohydrate biosynthetic process,1.0,1.0,False,0,120,35,6000,0.0,0.005833333333333334,0.0,,
dna_repair_biased,BP,GO:0016052,carbohydrate catabolic process,1.0,1.0,False,0,120,24,6000,0.0,0.004,0.0,,
dna_repair_biased,BP,GO:0016055,Wnt signaling pathway,1.0,1.0,False,0,120,47,6000,0.0,0.007833333333333333,0.0,,
dna_repair_biased,BP,GO:0016071,mRNA metabolic process,0.7921340118285074,1.0,False,2,120,145,6000,0.016666666666666666,0.024166666666666666,0.6896551724137931,6421;27339,27339;6421
dna_repair_biased,BP,GO:0016072,rRNA metabolic process,0.7588819051605297,1.0,False,1,120,70,6000,0.008333333333333333,0.011666666666666667,0.7142857142857142,29997,29997
dna_repair_biased,BP,GO:0016073,snRNA metabolic process,1.0,1.0,False,0,120,21,6000,0.0,0.0035,0.0,,
dna_repair_biased,BP,GO:0016079,synaptic vesicle exocytosis,0.23118189666298758,1.0,False,1,120,13,6000,0.008333333333333333,0.0021666666666666666,3.8461538461538463,6861,6861
dna_repair_biased,BP,GO:0016101,diterpenoid metabolic process,1.0,1.0,False,0,120,25,6000,0.0,0.004166666666666667,0.0,,
dna_repair_biased,BP,GO:0016125,sterol metabolic process,1.0,1.0,False,0,120,31,6000,0.0,0.005166666666666667,0.0,,
dna_repair_biased,BP,GO:0016126,sterol biosynthetic process,1.0,1.0,False,0,120,11,6000,0.0,0.0018333333333333333,0.0,,
dna_repair_biased,BP,GO:0016180,snRNA processing,1.0,1.0,False,0,120,16,6000,0.0,0.0026666666666666666,0.0,,
dna_repair_biased,BP,GO:0016192,vesicle-mediated transport,0.7800047872299098,1.0,False,5,120,322,6000,0.041666666666666664,0.05366666666666667,0.7763975155279502,6861;9874;30849;55317;151636,151636;30849;55317;6861;9874
dna_repair_biased,BP,GO:0016197,endosomal transport,0.5533102900302161,1.0,False,2,120,92,6000,0.016666666666666666,0.015333333333333332,1.0869565217391304,30849;55317,30849;55317
dna_repair_biased,BP,GO:0016236,macroautophagy,0.7436363689416589,1.0,False,1,120,67,6000,0.008333333333333333,0.011166666666666667,0.7462686567164178,30849,30849
dna_repair_biased,BP,GO:0016239,positive regulation of macroautophagy,1.0,1.0,False,0,120,28,6000,0.0,0.004666666666666667,0.0,,
dna_repair_biased,BP,GO:0016241,regulation of macroautophagy,0.6657422810374347,1.0,False,1,120,54,6000,0.008333333333333333,0.009,0.9259259259259259,30849,30849
dna_repair_biased,BP,GO:0016310,phosphorylation,0.5708519935823158,1.0,False,2,120,95,6000,0.016666666666666666,0.015833333333333335,1.0526315789473684,9149;30849,30849;9149
dna_repair_biased,BP,GO:0016311,dephosphorylation,1.0,1.0,False,0,120,31,6000,0.0,0.005166666666666667,0.0,,
dna_repair_biased,BP,GO:0016331,morphogenesis of embryonic epithelium,1.0,1.0,False,0,120,17,6000,0.0,0.0028333333333333335,0.0,,
dna_repair_biased,BP,GO:0016339,calcium-dependent cell-cell adhesion,1.0,1.0,False,0,120,10,6000,0.0,0.0016666666666666668,0.0,,
dna_repair_biased,BP,GO:0016358,dendrite development,1.0,1.0,False,0,120,23,6000,0.0,0.003833333333333333,0.0,,
dna_repair_biased,BP,GO:0016441,post-transcriptional gene silencing,1.0,1.0,False,0,120,15,6000,0.0,0.0025,0.0,,
dna_repair_biased,BP,GO:0016477,cell migration,0.8411802904733764,1.0,False,3,120,228,6000,0.025,0.038,0.6578947368421053,3146;6091;85015,3146;6091;85015
dna_repair_biased,BP,GO:0016482,cytosolic transport,1.0,1.0,False,0,120,47,6000,0.0,0.007833333333333333,0.0,,
dna_repair_biased,BP,GO:0016485,protein processing,0.6065742923968529,1.0,False,1,120,46,6000,0.008333333333333333,0.007666666666666666,1.0869565217391304,83932,83932
dna_repair_biased,BP,GO:0016525,negative regulation of angiogenesis,0.4441539425635324,1.0,False,1,120,29,6000,0.008333333333333333,0.004833333333333334,1.7241379310344827,1647,1647
dna_repair_biased,BP,GO:0016579,protein deubiquitination,0.3847989996645063,1.0,False,1,120,24,6000,0.008333333333333333,0.004,2.0833333333333335,85015,85015
dna_repair_biased,BP,GO:0017004,cytochrome complex assembly,1.0,1.0,False,0,120,19,6000,0.0,0.0031666666666666666,0.0,,
dna_repair_biased,BP,GO:0017015,regulation of transforming growth factor beta receptor signaling pathway,0.5984832752739089,1.0,False,1,120,45,6000,0.008333333333333333,0.0075,1.1111111111111112,54778,54778
dna_repair_biased,BP,GO:0017148,negative regulation of translation,0.5370351507111182,1.0,False,1,120,38,6000,0.008333333333333333,0.006333333333333333,1.3157894736842106,221120,221120
dna_repair_biased,BP,GO:0017157,regulation of exocytosis,0.6065742923968529,1.0,False,1,120,46,6000,0.008333333333333333,0.007666666666666666,1.0869565217391304,6861,6861
dna_repair_biased,BP,GO:0018108,peptidyl-tyrosine phosphorylation,1.0,1.0,False,0,120,14,6000,0.0,0.0023333333333333335,0.0,,
dna_repair_biased,BP,GO:0018958,phenol-containing compound metabolic process,1.0,1.0,False,0,120,15,6000,0.0,0.0025,0.0,,
dna_repair_biased,BP,GO:0019058,viral life cycle,1.0,1.0,False,0,120,36,6000,0.0,0.006,0.0,,
dna_repair_biased,BP,GO:0019080,viral gene expression,1.0,1.0,False,0,120,12,6000,0.0,0.002,0.0,,
dna_repair_biased,BP,GO:0019216,regulation of lipid metabolic process,1.0,1.0,False,0,120,108,6000,0.0,0.018,0.0,,
dna_repair_biased,BP,GO:0019217,regulation of fatty acid metabolic process,1.0,1.0,False,0,120,28,6000,0.0,0.004666666666666667,0.0,,
dna_repair_biased,BP,GO:0019218,regulation of steroid metabolic process,1.0,1.0,False,0,120,37,6000,0.0,0.006166666666666667,0.0,,
dna_repair_biased,BP,GO:0019221,cytokine-mediated signaling pathway,0.9187975478299466,1.0,False,1,120,123,6000,0.008333333333333333,0.0205,0.4065040650406504,4792,4792
dna_repair_biased,BP,GO:0019229,regulation of vasoconstriction,1.0,1.0,False,0,120,20,6000,0.0,0.0033333333333333335,0.0,,
dna_repair_biased,BP,GO:0019233,sensory perception of pain,0.24659164652108712,1.0,False,1,120,14,6000,0.008333333333333333,0.0023333333333333335,3.571428571428571,1137,1137
dna_repair_biased,BP,GO:0019318,hexose metabolic process,1.0,1.0,False,0,120,39,6000,0.0,0.0065,0.0,,
dna_repair_biased,BP,GO:0019319,hexose biosynthetic process,1.0,1.0,False,0,120,12,6000,0.0,0.002,0.0,,
dna_repair_biased,BP,GO:0019320,hexose catabolic process,1.0,1.0,False,0,120,11,6000,0.0,0.0018333333333333333,0.0,,
dna_repair_biased,BP,GO:0019369,arachidonate metabolic process,1.0,1.0,False,0,120,20,6000,0.0,0.0033333333333333335,0.0,,
dna_repair_biased,BP,GO:0019395,fatty acid oxidation,1.0,1.0,False,0,120,26,6000,0.0,0.004333333333333333,0.0,,
dna_repair_biased,BP,GO:0019433,triglyceride catabolic process,1.0,1.0,False,0,120,11,6000,0.0,0.0018333333333333333,0.0,,
dna_repair_biased,BP,GO:0019637,organophosphate metabolic process,0.9672996038718205,1.0,False,2,120,256,6000,0.016666666666666666,0.042666666666666665,0.390625,8505;30849,30849;8505
dna_repair_biased,BP,GO:0019646,aerobic electron transport chain,1.0,1.0,False,0,120,26,6000,0.0,0.004333333333333333,0.0,,
dna_repair_biased,BP,GO:0019674,NAD+ metabolic process,1.0,1.0,False,0,120,14,6000,0.0,0.0023333333333333335,0.0,,
dna_repair_biased,BP,GO:0019693,ribose phosphate metabolic process,0.8113802750844568,1.0,False,1,120,82,6000,0.008333333333333333,0.013666666666666667,0.6097560975609756,8505,8505
dna_repair_biased,BP,GO:0019722,calcium-mediated signaling,1.0,1.0,False,0,120,55,6000,0.0,0.009166666666666667,0.0,,
dna_repair_biased,BP,GO:0019725,cellular homeostasis,0.8918590963113789,1.0,False,2,120,186,6000,0.016666666666666666,0.031,0.5376344086021505,10463;56262,10463;56262
dna_repair_biased,BP,GO:0019730,antimicrobial humoral response,1.0,1.0,False,0,120,47,6000,0.0,0.007833333333333333,0.0,,
dna_repair_biased,BP,GO:0019731,antibacterial humoral response,1.0,1.0,False,0,120,19,6000,0.0,0.0031666666666666666,0.0,,
dna_repair_biased,BP,GO:0019748,secondary metabolic process,1.0,1.0,False,0,120,11,6000,0.0,0.0018333333333333333,0.0,,
dna_repair_biased,BP,GO:0019751,polyol metabolic process,1.0,1.0,False,0,120,23,6000,0.0,0.003833333333333333,0.0,,
dna_repair_biased,BP,GO:0019752,carboxylic acid metabolic process,1.0,1.0,False,0,120,219,6000,0.0,0.0365,0.0,,
dna_repair_biased,BP,GO:0019827,stem cell population maintenance,1.0,1.0,False,0,120,14,6000,0.0,0.0023333333333333335,0.0,,
dna_repair_biased,BP,GO:0019882,antigen processing and presentation,1.0,1.0,False,0,120,34,6000,0.0,0.005666666666666667,0.0,,
dna_repair_biased,BP,GO:0019883,antigen processing and presentation of endogenous antigen,1.0,1.0,False,0,120,12,6000,0.0,0.002,0.0,,
dna_repair_biased,BP,GO:0019884,antigen processing and presentation of exogenous antigen,1.0,1.0,False,0,120,18,6000,0.0,0.003,0.0,,
dna_repair_biased,BP,GO:0019886,antigen processing and presentation of exogenous peptide antigen via MHC class II,1.0,1.0,False,0,120,12,6000,0.0,0.002,0.0,,
dna_repair_biased,BP,GO:0019915,lipid storage,0.2616950548768287,1.0,False,1,120,15,6000,0.008333333333333333,0.0025,3.333333333333333,1408,1408
dna_repair_biased,BP,GO:0021510,spinal cord development,1.0,1.0,False,0,120,13,6000,0.0,0.0021666666666666666,0.0,,
dna_repair_biased,BP,GO:0021537,telencephalon development,0.6373529851582895,1.0,False,1,120,50,6000,0.008333333333333333,0.008333333333333333,1.0,6091,6091
dna_repair_biased,BP,GO:0021543,pallium development,0.5178253555419259,1.0,False,1,120,36,6000,0.008333333333333333,0.006,1.3888888888888888,6091,6091
dna_repair_biased,BP,GO:0021549,cerebellum development,1.0,1.0,False,0,120,14,6000,0.0,0.0023333333333333335,0.0,,
dna_repair_biased,BP,GO:0021675,nerve development,1.0,1.0,False,0,120,18,6000,0.0,0.003,0.0,,
dna_repair_biased,BP,GO:0021700,developmental maturation,1.0,1.0,False,0,120,59,6000,0.0,0.009833333333333333,0.0,,
dna_repair_biased,BP,GO:0021761,limbic system development,1.0,1.0,False,0,120,22,6000,0.0,0.0036666666666666666,0.0,,
dna_repair_biased,BP,GO:0021766,hippocampus development,1.0,1.0,False,0,120,17,6000,0.0,0.0028333333333333335,0.0,,
dna_repair_biased,BP,GO:0021782,glial cell development,1.0,1.0,False,0,120,24,6000,0.0,0.004,0.0,,
dna_repair_biased,BP,GO:0021872,forebrain generation of neurons,1.0,1.0,False,0,120,13,6000,0.0,0.0021666666666666666,0.0,,
dna_repair_biased,BP,GO:0021879,forebrain neuron differentiation,1.0,1.0,False,0,120,10,6000,0.0,0.0016666666666666668,0.0,,
dna_repair_biased,BP,GO:0021885,forebrain cell migration,0.18305237920257855,1.0,False,1,120,10,6000,0.008333333333333333,0.0016666666666666668,5.0,6091,6091
dna_repair_biased,BP,GO:0021915,neural tube development,1.0,1.0,False,0,120,16,6000,0.0,0.0026666666666666666,0.0,,
dna_repair_biased,BP,GO:0021953,central nervous system neuron differentiation,0.5178253555419259,1.0,False,1,120,36,6000,0.008333333333333333,0.006,1.3888888888888888,6091,6091
dna_repair_biased,BP,GO:0021954,central nervous system neuron development,0.3191643119150053,1.0,False,1,120,19,6000,0.008333333333333333,0.0031666666666666666,2.6315789473684212,6091,6091
dna_repair_biased,BP,GO:0021987,cerebral cortex development,0.3721945741838406,1.0,False,1,120,23,6000,0.008333333333333333,0.003833333333333333,2.1739130434782608,6091,6091
dna_repair_biased,BP,GO:0022008,neurogenesis,0.9650383805585188,1.0,False,3,120,330,6000,0.025,0.055,0.4545454545454546,2074;3146;6091,2074;3146;6091
dna_repair_biased,BP,GO:0022029,telencephalon cell migration,0.18305237920257855,1.0,False,1,120,10,6000,0.008333333333333333,0.0016666666666666668,5.0,6091,6091
dna_repair_biased,BP,GO:0022037,metencephalon development,1.0,1.0,False,0,120,15,6000,0.0,0.0025,0.0,,
dna_repair_biased,BP,GO:0022407,regulation of cell-cell adhesion,0.6385909633672493,1.0,False,3,120,163,6000,0.025,0.027166666666666665,0.9202453987730063,3146;5688;5692,3146;5688;5692
dna_repair_biased,BP,GO:0022409,positive regulation of cell-cell adhesion,0.884748977528497,1.0,False,1,120,106,6000,0.008333333333333333,0.017666666666666667,0.4716981132075471,3146,3146
dna_repair_biased,BP,GO:0022412,cellular process involved in reproduction in multicellular organism,0.8669130693071259,1.0,False,1,120,99,6000,0.008333333333333333,0.0165,0.505050505050505,374864,374864
dna_repair_biased,BP,GO:0022600,digestive system process,1.0,1.0,False,0,120,25,6000,0.0,0.004166666666666667,0.0,,
dna_repair_biased,BP,GO:0022603,regulation of anatomical structure morphogenesis,0.6069766277603704,1.0,False,4,120,209,6000,0.03333333333333333,0.034833333333333334,0.9569377990430622,1647;3146;6091;8091,1647;3146;6091;8091
dna_repair_biased,BP,GO:0022604,regulation of cell morphogenesis,1.0,1.0,False,0,120,53,6000,0.0,0.008833333333333334,0.0,,
dna_repair_biased,BP,GO:0022613,ribonucleoprotein complex biogenesis,0.2532537263387923,1.0,False,4,120,128,6000,0.03333333333333333,0.021333333333333333,1.5625,4869;10856;27339;29997,10856;27339;29997;4869
dna_repair_biased,BP,GO:0022617,extracellular matrix disassembly,1.0,1.0,False,0,120,11,6000,0.0,0.0018333333333333333,0.0,,
dna_repair_biased,BP,GO:0022898,regulation of transmembrane transporter activity,1.0,1.0,False,0,120,21,6000,0.0,0.0035,0.0,,
dna_repair_biased,BP,GO:0022900,electron transport chain,1.0,1.0,False,0,120,29,6000,0.0,0.004833333333333334,0.0,,
dna_repair_biased,BP,GO:0022904,respiratory electron transport chain,1.0,1.0,False,0,120,27,6000,0.0,0.0045,0.0,,
dna_repair_biased,BP,GO:0023051,regulation of signaling,0.6396804876621665,1.0,False,19,120,1002,6000,0.15833333333333333,0.167,0.9481037924151695,1137;1408;1647;3146;4068;4792;6091;6421;6861;7320;8091;10856;11069;25788;29997;51366;54778;55159;56262,10856;11069;1137;1408;1647;25788;29997;3146;4068;4792;51366;54778;55159;56262;6091;6421;6861;7320;8091
dna_repair_biased,BP,GO:0023056,positive regulation of signaling,0.704472016355846,1.0,False,9,120,511,6000,0.075,0.08516666666666667,0.8806262230919765,1647;3146;6091;6421;7320;11069;51366;54778;56262,11069;1647;3146;51366;54778;56262;6091;6421;7320
dna_repair_biased,BP,GO:0023057,negative regulation of signaling,0.3897986416976881,1.0,False,9,120,394,6000,0.075,0.06566666666666666,1.1421319796954315,1408;4068;4792;6091;8091;10856;25788;29997;51366,10856;1408;25788;29997;4068;4792;51366;6091;8091
dna_repair_biased,BP,GO:0023061,signal release,0.48751910067913096,1.0,False,1,120,33,6000,0.008333333333333333,0.0055,1.5151515151515151,6861,6861
dna_repair_biased,BP,GO:0030001,metal ion transport,0.9036585493745021,1.0,False,2,120,193,6000,0.016666666666666666,0.03216666666666667,0.5181347150259067,1137;10463,10463;1137
dna_repair_biased,BP,GO:0030003,intracellular monoatomic cation homeostasis,0.8870954523667359,1.0,False,1,120,107,6000,0.008333333333333333,0.017833333333333333,0.4672897196261682,10463,10463
dna_repair_biased,BP,GO:0030010,establishment of cell polarity,1.0,1.0,False,0,120,28,6000,0.0,0.004666666666666667,0.0,,
dna_repair_biased,BP,GO:0030029,actin filament-based process,0.8075991360906454,1.0,False,2,120,150,6000,0.016666666666666666,0.025,0.6666666666666666,58;11034,11034;58
dna_repair_biased,BP,GO:0030030,cell projection organization,0.9475310854696045,1.0,False,3,120,304,6000,0.025,0.050666666666666665,0.493421052631579,2074;3146;6091,2074;3146;6091
dna_repair_biased,BP,GO:0030031,cell projection assembly,1.0,1.0,False,0,120,111,6000,0.0,0.0185,0.0,,
dna_repair_biased,BP,GO:0030036,actin cytoskeleton organization,0.7271981011312407,1.0,False,2,120,127,6000,0.016666666666666666,0.021166666666666667,0.7874015748031495,58;11034,11034;58
dna_repair_biased,BP,GO:0030048,actin filament-based movement,1.0,1.0,False,0,120,28,6000,0.0,0.004666666666666667,0.0,,
dna_repair_biased,BP,GO:0030071,regulation of mitotic metaphase/anaphase transition,1.0,1.0,False,0,120,30,6000,0.0,0.005,0.0,,
dna_repair_biased,BP,GO:0030072,peptide hormone secretion,1.0,1.0,False,0,120,11,6000,0.0,0.0018333333333333333,0.0,,
dna_repair_biased,BP,GO:0030099,myeloid cell differentiation,0.4033029634689686,1.0,False,2,120,69,6000,0.016666666666666666,0.0115,1.4492753623188406,4869;81570,4869;81570
dna_repair_biased,BP,GO:0030100,regulation of endocytosis,0.8399076628600162,1.0,False,1,120,90,6000,0.008333333333333333,0.015,0.5555555555555556,3146,3146
dna_repair_biased,BP,GO:0030101,natural killer cell activation,0.3191643119150053,1.0,False,1,120,19,6000,0.008333333333333333,0.0031666666666666666,2.6315789473684212,4068,4068
dna_repair_biased,BP,GO:0030111,regulation of Wnt signaling pathway,0.24134764005619394,1.0,False,3,120,85,6000,0.025,0.014166666666666666,1.7647058823529413,7320;10856;51366,10856;51366;7320
dna_repair_biased,BP,GO:0030148,sphingolipid biosynthetic process,1.0,1.0,False,0,120,31,6000,0.0,0.005166666666666667,0.0,,
dna_repair_biased,BP,GO:0030150,protein import into mitochondrial matrix,1.0,1.0,False,0,120,10,6000,0.0,0.0016666666666666668,0.0,,
dna_repair_biased,BP,GO:0030154,cell differentiation,0.7654820672042074,1.0,False,14,120,812,6000,0.11666666666666667,0.13533333333333333,0.8620689655172414,58;2074;2138;3146;4869;5688;5692;6091;8091;25988;55734;56262;81570;374864,2074;2138;25988;3146;374864;4869;55734;56262;5688;5692;58;6091;8091;81570
dna_repair_biased,BP,GO:0030155,regulation of cell adhesion,0.8454696043723708,1.0,False,3,120,230,6000,0.025,0.03833333333333333,0.6521739130434784,3146;5688;5692,3146;5688;5692
dna_repair_biased,BP,GO:0030162,regulation of proteolysis,1.0,1.0,False,0,120,41,6000,0.0,0.006833333333333334,0.0,,
dna_repair_biased,BP,GO:0030166,proteoglycan biosynthetic process,1.0,1.0,False,0,120,19,6000,0.0,0.0031666666666666666,0.0,,
dna_repair_biased,BP,GO:0030168,platelet activation,1.0,1.0,False,0,120,24,6000,0.0,0.004,0.0,,
dna_repair_biased,BP,GO:0030177,positive regulation of Wnt signaling pathway,0.1685640436608267,1.0,False,2,120,37,6000,0.016666666666666666,0.006166666666666667,2.7027027027027026,7320;51366,51366;7320
dna_repair_biased,BP,GO:0030178,negative regulation of Wnt signaling pathway,0.5984832752739089,1.0,False,1,120,45,6000,0.008333333333333333,0.0075,1.1111111111111112,10856,10856
dna_repair_biased,BP,GO:0030182,neuron differentiation,0.911206408500147,1.0,False,3,120,269,6000,0.025,0.044833333333333336,0.5576208178438662,2074;3146;6091,2074;3146;6091
dna_repair_biased,BP,GO:0030183,B cell differentiation,0.49782540333012903,1.0,False,1,120,34,6000,0.008333333333333333,0.005666666666666667,1.4705882352941175,56262,56262
dna_repair_biased,BP,GO:0030193,regulation of blood coagulation,1.0,1.0,False,0,120,20,6000,0.0,0.0033333333333333335,0.0,,
dna_repair_biased,BP,GO:0030195,negative regulation of blood coagulation,1.0,1.0,False,0,120,13,6000,0.0,0.0021666666666666666,0.0,,
dna_repair_biased,BP,GO:0030198,extracellular matrix organization,1.0,1.0,False,0,120,52,6000,0.0,0.008666666666666666,0.0,,
dna_repair_biased,BP,GO:0030201,heparan sulfate proteoglycan metabolic process,1.0,1.0,False,0,120,12,6000,0.0,0.002,0.0,,
dna_repair_biased,BP,GO:0030203,glycosaminoglycan metabolic process,1.0,1.0,False,0,120,18,6000,0.0,0.003,0.0,,
dna_repair_biased,BP,GO:0030216,keratinocyte differentiation,1.0,1.0,False,0,120,23,6000,0.0,0.003833333333333333,0.0,,
dna_repair_biased,BP,GO:0030218,erythrocyte differentiation,1.0,1.0,False,0,120,28,6000,0.0,0.004666666666666667,0.0,,
dna_repair_biased,BP,GO:0030239,myofibril assembly,0.2154596450610039,1.0,False,1,120,12,6000,0.008333333333333333,0.002,4.166666666666667,58,58
dna_repair_biased,BP,GO:0030258,lipid modification,1.0,1.0,False,0,120,45,6000,0.0,0.0075,0.0,,
dna_repair_biased,BP,GO:0030261,chromosome condensation,0.2154596450610039,1.0,False,1,120,12,6000,0.008333333333333333,0.002,4.166666666666667,11044,11044
dna_repair_biased,BP,GO:0030278,regulation of ossification,1.0,1.0,False,0,120,28,6000,0.0,0.004666666666666667,0.0,,
dna_repair_biased,BP,GO:0030282,bone mineralization,1.0,1.0,False,0,120,10,6000,0.0,0.0016666666666666668,0.0,,
dna_repair_biased,BP,GO:0030301,cholesterol transport,1.0,1.0,False,0,120,17,6000,0.0,0.0028333333333333335,0.0,,
dna_repair_biased,BP,GO:0030307,positive regulation of cell growth,1.0,1.0,False,0,120,40,6000,0.0,0.006666666666666667,0.0,,
dna_repair_biased,BP,GO:0030308,negative regulation of cell growth,1.0,1.0,False,0,120,45,6000,0.0,0.0075,0.0,,
dna_repair_biased,BP,GO:0030317,flagellated sperm motility,0.3675770648649201,1.0,False,2,120,64,6000,0.016666666666666666,0.010666666666666666,1.5625,5688;5692,5688;5692
dna_repair_biased,BP,GO:0030323,respiratory tube development,1.0,1.0,False,0,120,20,6000,0.0,0.0033333333333333335,0.0,,
dna_repair_biased,BP,GO:0030324,lung development,1.0,1.0,False,0,120,20,6000,0.0,0.0033333333333333335,0.0,,
dna_repair_biased,BP,GO:0030326,embryonic limb morphogenesis,0.27649816154596496,1.0,False,1,120,16,6000,0.008333333333333333,0.0026666666666666666,3.125,25836,25836
dna_repair_biased,BP,GO:0030330,"DNA damage response, signal transduction by p53 class mediator",0.2154596450610039,1.0,False,1,120,12,6000,0.008333333333333333,0.002,4.166666666666667,4683,4683
dna_repair_biased,BP,GO:0030334,regulation of cell migration,0.8188615636624754,1.0,False,4,120,280,6000,0.03333333333333333,0.04666666666666667,0.7142857142857142,1647;3146;6091;25836,1647;25836;3146;6091
dna_repair_biased,BP,GO:0030335,positive regulation of cell migration,0.8431507927295173,1.0,False,2,120,163,6000,0.016666666666666666,0.027166666666666665,0.6134969325153374,3146;25836,25836;3146
dna_repair_biased,BP,GO:0030336,negative regulation of cell migration,0.30672933939086583,1.0,False,3,120,97,6000,0.025,0.016166666666666666,1.5463917525773196,1647;3146;6091,1647;3146;6091
dna_repair_biased,BP,GO:0030488,tRNA methylation,1.0,1.0,False,0,120,13,6000,0.0,0.0021666666666666666,0.0,,
dna_repair_biased,BP,GO:0030490,maturation of SSU-rRNA,1.0,1.0,False,0,120,21,6000,0.0,0.0035,0.0,,
dna_repair_biased,BP,GO:0030500,regulation of bone mineralization,1.0,1.0,False,0,120,21,6000,0.0,0.0035,0.0,,
dna_repair_biased,BP,GO:0030501,positive regulation of bone mineralization,1.0,1.0,False,0,120,15,6000,0.0,0.0025,0.0,,
dna_repair_biased,BP,GO:0030509,BMP signaling pathway,1.0,1.0,False,0,120,27,6000,0.0,0.0045,0.0,,
dna_repair_biased,BP,GO:0030510,regulation of BMP signaling pathway,1.0,1.0,False,0,120,28,6000,0.0,0.004666666666666667,0.0,,
dna_repair_biased,BP,GO:0030511,positive regulation of transforming growth factor beta receptor signaling pathway,0.24659164652108712,1.0,False,1,120,14,6000,0.008333333333333333,0.0023333333333333335,3.571428571428571,54778,54778
dna_repair_biased,BP,GO:0030512,negative regulation of transforming growth factor beta receptor signaling pathway,1.0,1.0,False,0,120,27,6000,0.0,0.0045,0.0,,
dna_repair_biased,BP,GO:0030514,negative regulation of BMP signaling pathway,1.0,1.0,False,0,120,17,6000,0.0,0.0028333333333333335,0.0,,
dna_repair_biased,BP,GO:0030516,regulation of axon extension,1.0,1.0,False,0,120,16,6000,0.0,0.0026666666666666666,0.0,,
dna_repair_biased,BP,GO:0030520,estrogen receptor signaling pathway,0.1994186086676354,1.0,False,1,120,11,6000,0.008333333333333333,0.0018333333333333333,4.545454545454546,9325,9325
dna_repair_biased,BP,GO:0030534,adult behavior,0.3191643119150053,1.0,False,1,120,19,6000,0.008333333333333333,0.0031666666666666666,2.6315789473684212,1137,1137
dna_repair_biased,BP,GO:0030574,collagen catabolic process,1.0,1.0,False,0,120,12,6000,0.0,0.002,0.0,,
dna_repair_biased,BP,GO:0030593,neutrophil chemotaxis,1.0,1.0,False,0,120,15,6000,0.0,0.0025,0.0,,
dna_repair_biased,BP,GO:0030595,leukocyte chemotaxis,0.6298898327348624,1.0,False,1,120,49,6000,0.008333333333333333,0.008166666666666666,1.0204081632653061,3146,3146
dna_repair_biased,BP,GO:0030705,cytoskeleton-dependent intracellular transport,0.7637611920712777,1.0,False,1,120,71,6000,0.008333333333333333,0.011833333333333333,0.7042253521126761,6421,6421
dna_repair_biased,BP,GO:0030811,regulation of nucleotide catabolic process,1.0,1.0,False,0,120,15,6000,0.0,0.0025,0.0,,
dna_repair_biased,BP,GO:0030832,regulation of actin filament length,1.0,1.0,False,0,120,36,6000,0.0,0.006,0.0,,
dna_repair_biased,BP,GO:0030833,regulation of actin filament polymerization,1.0,1.0,False,0,120,33,6000,0.0,0.0055,0.0,,
dna_repair_biased,BP,GO:0030834,regulation of actin filament depolymerization,1.0,1.0,False,0,120,11,6000,0.0,0.0018333333333333333,0.0,,
dna_repair_biased,BP,GO:0030837,negative regulation of actin filament polymerization,1.0,1.0,False,0,120,15,6000,0.0,0.0025,0.0,,
dna_repair_biased,BP,GO:0030838,positive regulation of actin filament polymerization,1.0,1.0,False,0,120,11,6000,0.0,0.0018333333333333333,0.0,,
dna_repair_biased,BP,GO:0030855,epithelial cell differentiation,1.0,1.0,False,0,120,116,6000,0.0,0.019333333333333334,0.0,,
dna_repair_biased,BP,GO:0030856,regulation of epithelial cell differentiation,1.0,1.0,False,0,120,40,6000,0.0,0.006666666666666667,0.0,,
dna_repair_biased,BP,GO:0030857,negative regulation of epithelial cell differentiation,1.0,1.0,False,0,120,11,6000,0.0,0.0018333333333333333,0.0,,
dna_repair_biased,BP,GO:0030858,positive regulation of epithelial cell differentiation,1.0,1.0,False,0,120,16,6000,0.0,0.0026666666666666666,0.0,,
dna_repair_biased,BP,GO:0030879,mammary gland development,1.0,1.0,False,0,120,19,6000,0.0,0.0031666666666666666,0.0,,
dna_repair_biased,BP,GO:0030888,regulation of B cell proliferation,1.0,1.0,False,0,120,18,6000,0.0,0.003,0.0,,
dna_repair_biased,BP,GO:0030890,positive regulation of B cell proliferation,1.0,1.0,False,0,120,12,6000,0.0,0.002,0.0,,
dna_repair_biased,BP,GO:0030900,forebrain development,0.7588819051605297,1.0,False,1,120,70,6000,0.008333333333333333,0.011666666666666667,0.7142857142857142,6091,6091
dna_repair_biased,BP,GO:0030901,midbrain development,0.3052270409204303,1.0,False,1,120,18,6000,0.008333333333333333,0.003,2.7777777777777777,5810,5810
dna_repair_biased,BP,GO:0030902,hindbrain development,1.0,1.0,False,0,120,23,6000,0.0,0.003833333333333333,0.0,,
dna_repair_biased,BP,GO:0030968,endoplasmic reticulum unfolded protein response,1.0,1.0,False,0,120,19,6000,0.0,0.0031666666666666666,0.0,,
dna_repair_biased,BP,GO:0031016,pancreas development,1.0,1.0,False,0,120,12,6000,0.0,0.002,0.0,,
dna_repair_biased,BP,GO:0031023,microtubule organizing center organization,0.4441539425635324,1.0,False,1,120,29,6000,0.008333333333333333,0.004833333333333334,1.7241379310344827,4869,4869
dna_repair_biased,BP,GO:0031032,actomyosin structure organization,0.2910068882529308,1.0,False,1,120,17,6000,0.008333333333333333,0.0028333333333333335,2.941176470588235,58,58
dna_repair_biased,BP,GO:0031047,regulatory ncRNA-mediated gene silencing,1.0,1.0,False,0,120,34,6000,0.0,0.005666666666666667,0.0,,
dna_repair_biased,BP,GO:0031076,embryonic camera-type eye development,1.0,1.0,False,0,120,10,6000,0.0,0.0016666666666666668,0.0,,
dna_repair_biased,BP,GO:0031099,regeneration,1.0,1.0,False,0,120,23,6000,0.0,0.003833333333333333,0.0,,
dna_repair_biased,BP,GO:0031109,microtubule polymerization or depolymerization,1.0,1.0,False,0,120,16,6000,0.0,0.0026666666666666666,0.0,,
dna_repair_biased,BP,GO:0031110,regulation of microtubule polymerization or depolymerization,1.0,1.0,False,0,120,25,6000,0.0,0.004166666666666667,0.0,,
dna_repair_biased,BP,GO:0031113,regulation of microtubule polymerization,1.0,1.0,False,0,120,16,6000,0.0,0.0026666666666666666,0.0,,
dna_repair_biased,BP,GO:0031122,cytoplasmic microtubule organization,1.0,1.0,False,0,120,11,6000,0.0,0.0018333333333333333,0.0,,
dna_repair_biased,BP,GO:0031123,RNA 3'-end processing,0.5275270586497346,1.0,False,1,120,37,6000,0.008333333333333333,0.006166666666666667,1.3513513513513513,11044,11044
dna_repair_biased,BP,GO:0031124,mRNA 3'-end processing,1.0,1.0,False,0,120,18,6000,0.0,0.003,0.0,,
dna_repair_biased,BP,GO:0031146,SCF-dependent proteasomal ubiquitin-dependent protein catabolic process,0.24659164652108712,1.0,False,1,120,14,6000,0.008333333333333333,0.0023333333333333335,3.571428571428571,22992,22992
dna_repair_biased,BP,GO:0031167,rRNA methylation,1.0,1.0,False,0,120,11,6000,0.0,0.0018333333333333333,0.0,,
dna_repair_biased,BP,GO:0031175,neuron projection development,0.6897762134880132,1.0,False,3,120,176,6000,0.025,0.029333333333333333,0.8522727272727273,2074;3146;6091,2074;3146;6091
dna_repair_biased,BP,GO:0031214,biomineral tissue development,1.0,1.0,False,0,120,13,6000,0.0,0.0021666666666666666,0.0,,
dna_repair_biased,BP,GO:0031281,positive regulation of cyclase activity,1.0,1.0,False,0,120,10,6000,0.0,0.0016666666666666668,0.0,,
dna_repair_biased,BP,GO:0031294,lymphocyte costimulation,1.0,1.0,False,0,120,13,6000,0.0,0.0021666666666666666,0.0,,
dna_repair_biased,BP,GO:0031295,T cell costimulation,1.0,1.0,False,0,120,13,6000,0.0,0.0021666666666666666,0.0,,
dna_repair_biased,BP,GO:0031333,negative regulation of protein-containing complex assembly,0.20481557990959964,1.0,False,2,120,42,6000,0.016666666666666666,0.007,2.380952380952381,3146;29997,29997;3146
dna_repair_biased,BP,GO:0031334,positive regulation of protein-containing complex assembly,0.6065742923968529,1.0,False,1,120,46,6000,0.008333333333333333,0.007666666666666666,1.0869565217391304,5706,5706
dna_repair_biased,BP,GO:0031341,regulation of cell killing,1.0,1.0,False,0,120,29,6000,0.0,0.004833333333333334,0.0,,
dna_repair_biased,BP,GO:0031343,positive regulation of cell killing,1.0,1.0,False,0,120,18,6000,0.0,0.003,0.0,,
dna_repair_biased,BP,GO:0031344,regulation of cell projection organization,0.9806034683432858,1.0,False,1,120,192,6000,0.008333333333333333,0.032,0.2604166666666667,6091,6091
dna_repair_biased,BP,GO:0031345,negative regulation of cell projection organization,1.0,1.0,False,0,120,47,6000,0.0,0.007833333333333333,0.0,,
dna_repair_biased,BP,GO:0031346,positive regulation of cell projection organization,0.8799099852513991,1.0,False,1,120,104,6000,0.008333333333333333,0.017333333333333333,0.4807692307692308,6091,6091
dna_repair_biased,BP,GO:0031348,negative regulation of defense response,0.8034938931650345,1.0,False,1,120,80,6000,0.008333333333333333,0.013333333333333334,0.625,5692,5692
dna_repair_biased,BP,GO:0031349,positive regulation of defense response,0.3161041772174814,1.0,False,4,120,142,6000,0.03333333333333333,0.023666666666666666,1.4084507042253522,3146;4792;6421;81570,3146;4792;6421;81570
dna_repair_biased,BP,GO:0031397,negative regulation of protein ubiquitination,0.3462124237427534,1.0,False,1,120,21,6000,0.008333333333333333,0.0035,2.380952380952381,151636,151636
dna_repair_biased,BP,GO:0031400,negative regulation of protein modification process,0.3163037585550991,1.0,False,2,120,57,6000,0.016666666666666666,0.0095,1.7543859649122808,1647;151636,151636;1647
dna_repair_biased,BP,GO:0031424,keratinization,1.0,1.0,False,0,120,13,6000,0.0,0.0021666666666666666,0.0,,
dna_repair_biased,BP,GO:0031503,protein-containing complex localization,1.0,1.0,False,0,120,16,6000,0.0,0.0026666666666666666,0.0,,
dna_repair_biased,BP,GO:0031577,spindle checkpoint signaling,1.0,1.0,False,0,120,10,6000,0.0,0.0016666666666666668,0.0,,
dna_repair_biased,BP,GO:0031589,cell-substrate adhesion,1.0,1.0,False,0,120,44,6000,0.0,0.007333333333333333,0.0,,
dna_repair_biased,BP,GO:0031623,receptor internalization,1.0,1.0,False,0,120,17,6000,0.0,0.0028333333333333335,0.0,,
dna_repair_biased,BP,GO:0031638,zymogen activation,1.0,1.0,False,0,120,10,6000,0.0,0.0016666666666666668,0.0,,
dna_repair_biased,BP,GO:0031640,killing of cells of another organism,1.0,1.0,False,0,120,29,6000,0.0,0.004833333333333334,0.0,,
dna_repair_biased,BP,GO:0031644,regulation of nervous system process,1.0,1.0,False,0,120,27,6000,0.0,0.0045,0.0,,
dna_repair_biased,BP,GO:0031648,protein destabilization,1.0,1.0,False,0,120,15,6000,0.0,0.0025,0.0,,
dna_repair_biased,BP,GO:0031663,lipopolysaccharide-mediated signaling pathway,1.0,1.0,False,0,120,12,6000,0.0,0.002,0.0,,
dna_repair_biased,BP,GO:0031667,response to nutrient levels,0.8163839154492019,1.0,False,2,120,153,6000,0.016666666666666666,0.0255,0.6535947712418301,7486;30849,30849;7486
dna_repair_biased,BP,GO:0031669,cellular response to nutrient levels,0.5104745012519821,1.0,False,2,120,85,6000,0.016666666666666666,0.014166666666666666,1.1764705882352942,7486;30849,30849;7486
dna_repair_biased,BP,GO:0031670,cellular response to nutrient,1.0,1.0,False,0,120,14,6000,0.0,0.0023333333333333335,0.0,,
dna_repair_biased,BP,GO:0031960,response to corticosteroid,1.0,1.0,False,0,120,43,6000,0.0,0.007166666666666667,0.0,,
dna_repair_biased,BP,GO:0032006,regulation of TOR signaling,1.0,1.0,False,0,120,43,6000,0.0,0.007166666666666667,0.0,,
dna_repair_biased,BP,GO:0032007,negative regulation of TOR signaling,1.0,1.0,False,0,120,23,6000,0.0,0.003833333333333333,0.0,,
dna_repair_biased,BP,GO:0032008,positive regulation of TOR signaling,1.0,1.0,False,0,120,22,6000,0.0,0.0036666666666666666,0.0,,
dna_repair_biased,BP,GO:0032026,response to magnesium ion,1.0,1.0,False,0,120,10,6000,0.0,0.0016666666666666668,0.0,,
dna_repair_biased,BP,GO:0032101,regulation of response to external stimulus,0.1919104134597965,1.0,False,9,120,321,6000,0.075,0.0535,1.4018691588785046,2074;3146;4792;5692;6091;6421;29997;81570;151636,151636;2074;29997;3146;4792;5692;6091;6421;81570
dna_repair_biased,BP,GO:0032102,negative regulation of response to external stimulus,0.6510675683406488,1.0,False,2,120,110,6000,0.016666666666666666,0.018333333333333333,0.9090909090909091,5692;6091,5692;6091
dna_repair_biased,BP,GO:0032103,positive regulation of response to external stimulus,0.4615703769730206,1.0,False,4,120,174,6000,0.03333333333333333,0.029,1.1494252873563218,3146;4792;6421;81570,3146;4792;6421;81570
dna_repair_biased,BP,GO:0032147,activation of protein kinase activity,1.0,1.0,False,0,120,12,6000,0.0,0.002,0.0,,
dna_repair_biased,BP,GO:0032210,regulation of telomere maintenance via telomerase,0.2154596450610039,1.0,False,1,120,12,6000,0.008333333333333333,0.002,4.166666666666667,10039,10039
dna_repair_biased,BP,GO:0032231,regulation of actin filament bundle assembly,1.0,1.0,False,0,120,23,6000,0.0,0.003833333333333333,0.0,,
dna_repair_biased,BP,GO:0032233,positive regulation of actin filament bundle assembly,1.0,1.0,False,0,120,15,6000,0.0,0.0025,0.0,,
dna_repair_biased,BP,GO:0032259,methylation,0.5463534636790258,1.0,False,1,120,39,6000,0.008333333333333333,0.0065,1.2820512820512822,29890,29890
dna_repair_biased,BP,GO:0032271,regulation of protein polymerization,1.0,1.0,False,0,120,50,6000,0.0,0.008333333333333333,0.0,,
dna_repair_biased,BP,GO:0032272,negative regulation of protein polymerization,1.0,1.0,False,0,120,19,6000,0.0,0.0031666666666666666,0.0,,
dna_repair_biased,BP,GO:0032273,positive regulation of protein polymerization,1.0,1.0,False,0,120,20,6000,0.0,0.0033333333333333335,0.0,,
dna_repair_biased,BP,GO:0032288,myelin assembly,1.0,1.0,False,0,120,10,6000,0.0,0.0016666666666666668,0.0,,
dna_repair_biased,BP,GO:0032350,regulation of hormone metabolic process,1.0,1.0,False,0,120,17,6000,0.0,0.0028333333333333335,0.0,,
dna_repair_biased,BP,GO:0032355,response to estradiol,0.42112605589102525,1.0,False,1,120,27,6000,0.008333333333333333,0.0045,1.8518518518518519,10856,10856
dna_repair_biased,BP,GO:0032365,intracellular lipid transport,1.0,1.0,False,0,120,13,6000,0.0,0.0021666666666666666,0.0,,
dna_repair_biased,BP,GO:0032370,positive regulation of lipid transport,1.0,1.0,False,0,120,16,6000,0.0,0.0026666666666666666,0.0,,
dna_repair_biased,BP,GO:0032371,regulation of sterol transport,0.2616950548768287,1.0,False,1,120,15,6000,0.008333333333333333,0.0025,3.333333333333333,4792,4792
dna_repair_biased,BP,GO:0032374,regulation of cholesterol transport,0.2616950548768287,1.0,False,1,120,15,6000,0.008333333333333333,0.0025,3.333333333333333,4792,4792
dna_repair_biased,BP,GO:0032386,regulation of intracellular transport,0.3891190669621152,1.0,False,2,120,67,6000,0.016666666666666666,0.011166666666666667,1.4925373134328357,4792;51366,4792;51366
dna_repair_biased,BP,GO:0032387,negative regulation of intracellular transport,0.24659164652108712,1.0,False,1,120,14,6000,0.008333333333333333,0.0023333333333333335,3.571428571428571,4792,4792
dna_repair_biased,BP,GO:0032388,positive regulation of intracellular transport,0.5370351507111182,1.0,False,1,120,38,6000,0.008333333333333333,0.006333333333333333,1.3157894736842106,51366,51366
dna_repair_biased,BP,GO:0032418,lysosome localization,1.0,1.0,False,0,120,16,6000,0.0,0.0026666666666666666,0.0,,
dna_repair_biased,BP,GO:0032438,melanosome organization,1.0,1.0,False,0,120,11,6000,0.0,0.0018333333333333333,0.0,,
dna_repair_biased,BP,GO:0032456,endocytic recycling,1.0,1.0,False,0,120,30,6000,0.0,0.005,0.0,,
dna_repair_biased,BP,GO:0032465,regulation of cytokinesis,0.4327558689318889,1.0,False,1,120,28,6000,0.008333333333333333,0.004666666666666667,1.7857142857142856,30849,30849
dna_repair_biased,BP,GO:0032467,positive regulation of cytokinesis,1.0,1.0,False,0,120,13,6000,0.0,0.0021666666666666666,0.0,,
dna_repair_biased,BP,GO:0032479,regulation of type I interferon production,0.5984832752739089,1.0,False,1,120,45,6000,0.008333333333333333,0.0075,1.1111111111111112,3146,3146
dna_repair_biased,BP,GO:0032480,negative regulation of type I interferon production,1.0,1.0,False,0,120,14,6000,0.0,0.0023333333333333335,0.0,,
dna_repair_biased,BP,GO:0032481,positive regulation of type I interferon production,0.40925983223317164,1.0,False,1,120,26,6000,0.008333333333333333,0.004333333333333333,1.9230769230769231,3146,3146
dna_repair_biased,BP,GO:0032496,response to lipopolysaccharide,0.8262235218847124,1.0,False,1,120,86,6000,0.008333333333333333,0.014333333333333333,0.5813953488372093,3146,3146
dna_repair_biased,BP,GO:0032501,multicellular organismal process,0.979560251478418,1.0,False,22,120,1546,6000,0.18333333333333332,0.25766666666666665,0.7115135834411384,58;1137;2074;2138;3146;4068;4683;5426;5688;5692;5810;6091;8091;9112;25836;25988;56262;78996;85015;165918;200558;219875,1137;165918;200558;2074;2138;219875;25836;25988;3146;4068;4683;5426;56262;5688;5692;58;5810;6091;78996;8091;85015;9112
dna_repair_biased,BP,GO:0032502,developmental process,0.5362502986281614,1.0,False,27,120,1350,6000,0.225,0.225,1.0,58;2074;2138;3146;4171;4683;4869;5426;5688;5692;5810;6091;7320;8091;9149;9985;11144;25836;25988;55734;56262;78996;81570;85015;165918;200558;374864,11144;165918;200558;2074;2138;25836;25988;3146;374864;4171;4683;4869;5426;55734;56262;5688;5692;58;5810;6091;7320;78996;8091;81570;85015;9149;9985
dna_repair_biased,BP,GO:0032506,cytokinetic process,1.0,1.0,False,0,120,12,6000,0.0,0.002,0.0,,
dna_repair_biased,BP,GO:0032507,maintenance of protein location in cell,1.0,1.0,False,0,120,11,6000,0.0,0.0018333333333333333,0.0,,
dna_repair_biased,BP,GO:0032509,endosome transport via multivesicular body sorting pathway,1.0,1.0,False,0,120,13,6000,0.0,0.0021666666666666666,0.0,,
dna_repair_biased,BP,GO:0032511,late endosome to vacuole transport via multivesicular body sorting pathway,1.0,1.0,False,0,120,11,6000,0.0,0.0018333333333333333,0.0,,
dna_repair_biased,BP,GO:0032526,response to retinoic acid,1.0,1.0,False,0,120,26,6000,0.0,0.004333333333333333,0.0,,
dna_repair_biased,BP,GO:0032535,regulation of cellular component size,0.8189526850091731,1.0,False,1,120,84,6000,0.008333333333333333,0.014,0.5952380952380952,56262,56262
dna_repair_biased,BP,GO:0032543,mitochondrial translation,1.0,1.0,False,0,120,34,6000,0.0,0.005666666666666667,0.0,,
dna_repair_biased,BP,GO:0032642,regulation of chemokine production,0.4327558689318889,1.0,False,1,120,28,6000,0.008333333333333333,0.004666666666666667,1.7857142857142856,3146,3146
dna_repair_biased,BP,GO:0032647,regulation of interferon-alpha production,0.24659164652108712,1.0,False,1,120,14,6000,0.008333333333333333,0.0023333333333333335,3.571428571428571,3146,3146
dna_repair_biased,BP,GO:0032648,regulation of interferon-beta production,0.3462124237427534,1.0,False,1,120,21,6000,0.008333333333333333,0.0035,2.380952380952381,3146,3146
dna_repair_biased,BP,GO:0032651,regulation of interleukin-1 beta production,0.46627310055397503,1.0,False,1,120,31,6000,0.008333333333333333,0.005166666666666667,1.6129032258064515,3146,3146
dna_repair_biased,BP,GO:0032652,regulation of interleukin-1 production,0.5463534636790258,1.0,False,1,120,39,6000,0.008333333333333333,0.0065,1.2820512820512822,3146,3146
dna_repair_biased,BP,GO:0032653,regulation of interleukin-10 production,0.3721945741838406,1.0,False,1,120,23,6000,0.008333333333333333,0.003833333333333333,2.1739130434782608,3146,3146
dna_repair_biased,BP,GO:0032655,regulation of interleukin-12 production,0.3191643119150053,1.0,False,1,120,19,6000,0.008333333333333333,0.0031666666666666666,2.6315789473684212,3146,3146
dna_repair_biased,BP,GO:0032656,regulation of interleukin-13 production,1.0,1.0,False,0,120,11,6000,0.0,0.0018333333333333333,0.0,,
dna_repair_biased,BP,GO:0032660,regulation of interleukin-17 production,1.0,1.0,False,0,120,13,6000,0.0,0.0021666666666666666,0.0,,
dna_repair_biased,BP,GO:0032673,regulation of interleukin-4 production,1.0,1.0,False,0,120,10,6000,0.0,0.0016666666666666668,0.0,,
dna_repair_biased,BP,GO:0032675,regulation of interleukin-6 production,0.6446668745332489,1.0,False,1,120,51,6000,0.008333333333333333,0.0085,0.9803921568627451,3146,3146
dna_repair_biased,BP,GO:0032677,regulation of interleukin-8 production,0.397152433406183,1.0,False,1,120,25,6000,0.008333333333333333,0.004166666666666667,2.0,3146,3146
dna_repair_biased,BP,GO:0032689,negative regulation of type II interferon production,0.1994186086676354,1.0,False,1,120,11,6000,0.008333333333333333,0.0018333333333333333,4.545454545454546,3146,3146
dna_repair_biased,BP,GO:0032692,negative regulation of interleukin-1 production,1.0,1.0,False,0,120,10,6000,0.0,0.0016666666666666668,0.0,,
dna_repair_biased,BP,GO:0032715,negative regulation of interleukin-6 production,1.0,1.0,False,0,120,17,6000,0.0,0.0028333333333333335,0.0,,
dna_repair_biased,BP,GO:0032720,negative regulation of tumor necrosis factor production,1.0,1.0,False,0,120,20,6000,0.0,0.0033333333333333335,0.0,,
dna_repair_biased,BP,GO:0032722,positive regulation of chemokine production,0.3328242822494307,1.0,False,1,120,20,6000,0.008333333333333333,0.0033333333333333335,2.5,3146,3146
dna_repair_biased,BP,GO:0032727,positive regulation of interferon-alpha production,0.2154596450610039,1.0,False,1,120,12,6000,0.008333333333333333,0.002,4.166666666666667,3146,3146
dna_repair_biased,BP,GO:0032728,positive regulation of interferon-beta production,0.24659164652108712,1.0,False,1,120,14,6000,0.008333333333333333,0.0023333333333333335,3.571428571428571,3146,3146
dna_repair_biased,BP,GO:0032731,positive regulation of interleukin-1 beta production,0.3721945741838406,1.0,False,1,120,23,6000,0.008333333333333333,0.003833333333333333,2.1739130434782608,3146,3146
dna_repair_biased,BP,GO:0032732,positive regulation of interleukin-1 production,0.42112605589102525,1.0,False,1,120,27,6000,0.008333333333333333,0.0045,1.8518518518518519,3146,3146
dna_repair_biased,BP,GO:0032733,positive regulation of interleukin-10 production,0.3191643119150053,1.0,False,1,120,19,6000,0.008333333333333333,0.0031666666666666666,2.6315789473684212,3146,3146
dna_repair_biased,BP,GO:0032735,positive regulation of interleukin-12 production,0.23118189666298758,1.0,False,1,120,13,6000,0.008333333333333333,0.0021666666666666666,3.8461538461538463,3146,3146
dna_repair_biased,BP,GO:0032755,positive regulation of interleukin-6 production,0.4441539425635324,1.0,False,1,120,29,6000,0.008333333333333333,0.004833333333333334,1.7241379310344827,3146,3146
dna_repair_biased,BP,GO:0032757,positive regulation of interleukin-8 production,0.3052270409204303,1.0,False,1,120,18,6000,0.008333333333333333,0.003,2.7777777777777777,3146,3146
dna_repair_biased,BP,GO:0032786,"positive regulation of DNA-templated transcription, elongation",0.24659164652108712,1.0,False,1,120,14,6000,0.008333333333333333,0.0023333333333333335,3.571428571428571,2074,2074
dna_repair_biased,BP,GO:0032787,monocarboxylic acid metabolic process,1.0,1.0,False,0,120,133,6000,0.0,0.022166666666666668,0.0,,
dna_repair_biased,BP,GO:0032790,ribosome disassembly,0.2154596450610039,1.0,False,1,120,12,6000,0.008333333333333333,0.002,4.166666666666667,9325,9325
dna_repair_biased,BP,GO:0032814,regulation of natural killer cell activation,1.0,1.0,False,0,120,12,6000,0.0,0.002,0.0,,
dna_repair_biased,BP,GO:0032835,glomerulus development,1.0,1.0,False,0,120,14,6000,0.0,0.0023333333333333335,0.0,,
dna_repair_biased,BP,GO:0032868,response to insulin,0.3310724131514505,1.0,False,2,120,59,6000,0.016666666666666666,0.009833333333333333,1.6949152542372883,1408;94056,1408;94056
dna_repair_biased,BP,GO:0032869,cellular response to insulin stimulus,0.6065742923968529,1.0,False,1,120,46,6000,0.008333333333333333,0.007666666666666666,1.0869565217391304,94056,94056
dna_repair_biased,BP,GO:0032870,cellular response to hormone stimulus,0.6897762134880132,1.0,False,3,120,176,6000,0.025,0.029333333333333333,0.8522727272727273,9325;51366;94056,51366;9325;94056
dna_repair_biased,BP,GO:0032872,regulation of stress-activated MAPK cascade,1.0,1.0,False,0,120,11,6000,0.0,0.0018333333333333333,0.0,,
dna_repair_biased,BP,GO:0032878,regulation of establishment or maintenance of cell polarity,1.0,1.0,False,0,120,10,6000,0.0,0.0016666666666666668,0.0,,
dna_repair_biased,BP,GO:0032879,regulation of localization,0.58510926211138,1.0,False,10,120,514,6000,0.08333333333333333,0.08566666666666667,0.9727626459143968,1137;1408;3146;4792;4869;6861;11069;51366;56262;151636,11069;1137;1408;151636;3146;4792;4869;51366;56262;6861
dna_repair_biased,BP,GO:0032880,regulation of protein localization,0.24977521778663747,1.0,False,6,120,212,6000,0.05,0.035333333333333335,1.4150943396226416,4792;4869;11069;51366;56262;151636,11069;151636;4792;4869;51366;56262
dna_repair_biased,BP,GO:0032881,regulation of polysaccharide metabolic process,1.0,1.0,False,0,120,15,6000,0.0,0.0025,0.0,,
dna_repair_biased,BP,GO:0032885,regulation of polysaccharide biosynthetic process,1.0,1.0,False,0,120,13,6000,0.0,0.0021666666666666666,0.0,,
dna_repair_biased,BP,GO:0032886,regulation of microtubule-based process,0.4033029634689686,1.0,False,2,120,69,6000,0.016666666666666666,0.0115,1.4492753623188406,4869;10039,10039;4869
dna_repair_biased,BP,GO:0032890,regulation of organic acid transport,1.0,1.0,False,0,120,12,6000,0.0,0.002,0.0,,
dna_repair_biased,BP,GO:0032924,activin receptor signaling pathway,1.0,1.0,False,0,120,10,6000,0.0,0.0016666666666666668,0.0,,
dna_repair_biased,BP,GO:0032940,secretion by cell,0.8365902599146186,1.0,False,1,120,89,6000,0.008333333333333333,0.014833333333333334,0.5617977528089887,6861,6861
dna_repair_biased,BP,GO:0032943,mononuclear cell proliferation,1.0,1.0,False,0,120,13,6000,0.0,0.0021666666666666666,0.0,,
dna_repair_biased,BP,GO:0032944,regulation of mononuclear cell proliferation,0.7637611920712777,1.0,False,1,120,71,6000,0.008333333333333333,0.011833333333333333,0.7042253521126761,3146,3146
dna_repair_biased,BP,GO:0032945,negative regulation of mononuclear cell proliferation,1.0,1.0,False,0,120,20,6000,0.0,0.0033333333333333335,0.0,,
dna_repair_biased,BP,GO:0032946,positive regulation of mononuclear cell proliferation,0.6065742923968529,1.0,False,1,120,46,6000,0.008333333333333333,0.007666666666666666,1.0869565217391304,3146,3146
dna_repair_biased,BP,GO:0032956,regulation of actin cytoskeleton organization,1.0,1.0,False,0,120,84,6000,0.0,0.014,0.0,,
dna_repair_biased,BP,GO:0032963,collagen metabolic process,1.0,1.0,False,0,120,17,6000,0.0,0.0028333333333333335,0.0,,
dna_repair_biased,BP,GO:0032968,positive regulation of transcription elongation by RNA polymerase II,1.0,1.0,False,0,120,13,6000,0.0,0.0021666666666666666,0.0,,
dna_repair_biased,BP,GO:0032970,regulation of actin filament-based process,1.0,1.0,False,0,120,97,6000,0.0,0.016166666666666666,0.0,,
dna_repair_biased,BP,GO:0032981,mitochondrial respiratory chain complex I assembly,1.0,1.0,False,0,120,13,6000,0.0,0.0021666666666666666,0.0,,
dna_repair_biased,BP,GO:0032989,cellular anatomical entity morphogenesis,0.49782540333012903,1.0,False,1,120,34,6000,0.008333333333333333,0.005666666666666667,1.4705882352941175,58,58
dna_repair_biased,BP,GO:0033013,tetrapyrrole metabolic process,1.0,1.0,False,0,120,17,6000,0.0,0.0028333333333333335,0.0,,
dna_repair_biased,BP,GO:0033045,regulation of sister chromatid segregation,1.0,1.0,False,0,120,32,6000,0.0,0.005333333333333333,0.0,,
dna_repair_biased,BP,GO:0033046,negative regulation of sister chromatid segregation,1.0,1.0,False,0,120,10,6000,0.0,0.0016666666666666668,0.0,,
dna_repair_biased,BP,GO:0033047,regulation of mitotic sister chromatid segregation,1.0,1.0,False,0,120,17,6000,0.0,0.0028333333333333335,0.0,,
dna_repair_biased,BP,GO:0033048,negative regulation of mitotic sister chromatid segregation,1.0,1.0,False,0,120,10,6000,0.0,0.0016666666666666668,0.0,,
dna_repair_biased,BP,GO:0033059,cellular pigmentation,1.0,1.0,False,0,120,16,6000,0.0,0.0026666666666666666,0.0,,
dna_repair_biased,BP,GO:0033108,mitochondrial respiratory chain complex assembly,1.0,1.0,False,0,120,33,6000,0.0,0.0055,0.0,,
dna_repair_biased,BP,GO:0033121,regulation of purine nucleotide catabolic process,1.0,1.0,False,0,120,15,6000,0.0,0.0025,0.0,,
dna_repair_biased,BP,GO:0033209,tumor necrosis factor-mediated signaling pathway,0.23118189666298758,1.0,False,1,120,13,6000,0.008333333333333333,0.0021666666666666666,3.8461538461538463,4792,4792
dna_repair_biased,BP,GO:0033273,response to vitamin,1.0,1.0,False,0,120,22,6000,0.0,0.0036666666666666666,0.0,,
dna_repair_biased,BP,GO:0033280,response to vitamin D,1.0,1.0,False,0,120,10,6000,0.0,0.0016666666666666668,0.0,,
dna_repair_biased,BP,GO:0033363,secretory granule organization,1.0,1.0,False,0,120,23,6000,0.0,0.003833333333333333,0.0,,
dna_repair_biased,BP,GO:0033500,carbohydrate homeostasis,0.28657673455832383,1.0,False,2,120,53,6000,0.016666666666666666,0.008833333333333334,1.8867924528301885,1408;56262,1408;56262
dna_repair_biased,BP,GO:0033555,multicellular organismal response to stress,1.0,1.0,False,0,120,14,6000,0.0,0.0023333333333333335,0.0,,
dna_repair_biased,BP,GO:0033559,unsaturated fatty acid metabolic process,1.0,1.0,False,0,120,34,6000,0.0,0.005666666666666667,0.0,,
dna_repair_biased,BP,GO:0033574,response to testosterone,1.0,1.0,False,0,120,13,6000,0.0,0.0021666666666666666,0.0,,
dna_repair_biased,BP,GO:0033617,mitochondrial respiratory chain complex IV assembly,1.0,1.0,False,0,120,11,6000,0.0,0.0018333333333333333,0.0,,
dna_repair_biased,BP,GO:0033627,cell adhesion mediated by integrin,1.0,1.0,False,0,120,13,6000,0.0,0.0021666666666666666,0.0,,
dna_repair_biased,BP,GO:0033628,regulation of cell adhesion mediated by integrin,1.0,1.0,False,0,120,10,6000,0.0,0.0016666666666666668,0.0,,
dna_repair_biased,BP,GO:0033673,negative regulation of kinase activity,0.3593341011387844,1.0,False,1,120,22,6000,0.008333333333333333,0.0036666666666666666,2.272727272727273,1647,1647
dna_repair_biased,BP,GO:0033674,positive regulation of kinase activity,0.15440060373021774,1.0,False,2,120,35,6000,0.016666666666666666,0.005833333333333334,2.8571428571428568,8091;94056,8091;94056
dna_repair_biased,BP,GO:0033762,response to glucagon,1.0,1.0,False,0,120,15,6000,0.0,0.0025,0.0,,
dna_repair_biased,BP,GO:0033993,response to lipid,0.7437496884294474,1.0,False,4,120,250,6000,0.03333333333333333,0.041666666666666664,0.8,3146;9325;10856;51366,10856;3146;51366;9325
dna_repair_biased,BP,GO:0034067,protein localization to Golgi apparatus,1.0,1.0,False,0,120,11,6000,0.0,0.0018333333333333333,0.0,,
dna_repair_biased,BP,GO:0034097,response to cytokine,0.5993068741085008,1.0,False,4,120,207,6000,0.03333333333333333,0.0345,0.966183574879227,4792;5688;5692;5706,4792;5688;5692;5706
dna_repair_biased,BP,GO:0034101,erythrocyte homeostasis,1.0,1.0,False,0,120,29,6000,0.0,0.004833333333333334,0.0,,
dna_repair_biased,BP,GO:0034103,regulation of tissue remodeling,1.0,1.0,False,0,120,13,6000,0.0,0.0021666666666666666,0.0,,
dna_repair_biased,BP,GO:0034109,homotypic cell-cell adhesion,1.0,1.0,False,0,120,13,6000,0.0,0.0021666666666666666,0.0,,
dna_repair_biased,BP,GO:0034110,regulation of homotypic cell-cell adhesion,1.0,1.0,False,0,120,10,6000,0.0,0.0016666666666666668,0.0,,
dna_repair_biased,BP,GO:0034113,heterotypic cell-cell adhesion,1.0,1.0,False,0,120,12,6000,0.0,0.002,0.0,,
dna_repair_biased,BP,GO:0034142,toll-like receptor 4 signaling pathway,0.1994186086676354,1.0,False,1,120,11,6000,0.008333333333333333,0.0018333333333333333,4.545454545454546,4792,4792
dna_repair_biased,BP,GO:0034143,regulation of toll-like receptor 4 signaling pathway,0.18305237920257855,1.0,False,1,120,10,6000,0.008333333333333333,0.0016666666666666668,5.0,3146,3146
dna_repair_biased,BP,GO:0034198,cellular response to amino acid starvation,1.0,1.0,False,0,120,19,6000,0.0,0.0031666666666666666,0.0,,
dna_repair_biased,BP,GO:0034204,lipid translocation,1.0,1.0,False,0,120,19,6000,0.0,0.0031666666666666666,0.0,,
dna_repair_biased,BP,GO:0034219,carbohydrate transmembrane transport,1.0,1.0,False,0,120,17,6000,0.0,0.0028333333333333335,0.0,,
dna_repair_biased,BP,GO:0034220,monoatomic ion transmembrane transport,0.8864366478526818,1.0,False,3,120,252,6000,0.025,0.042,0.5952380952380952,1137;10463;56262,10463;1137;56262
dna_repair_biased,BP,GO:0034242,negative regulation of syncytium formation by plasma membrane fusion,1.0,1.0,False,0,120,16,6000,0.0,0.0026666666666666666,0.0,,
dna_repair_biased,BP,GO:0034284,response to monosaccharide,1.0,1.0,False,0,120,42,6000,0.0,0.007,0.0,,
dna_repair_biased,BP,GO:0034308,primary alcohol metabolic process,1.0,1.0,False,0,120,23,6000,0.0,0.003833333333333333,0.0,,
dna_repair_biased,BP,GO:0034311,diol metabolic process,1.0,1.0,False,0,120,10,6000,0.0,0.0016666666666666668,0.0,,
dna_repair_biased,BP,GO:0034315,regulation of Arp2/3 complex-mediated actin nucleation,1.0,1.0,False,0,120,12,6000,0.0,0.002,0.0,,
dna_repair_biased,BP,GO:0034329,cell junction assembly,1.0,1.0,False,0,120,73,6000,0.0,0.012166666666666666,0.0,,
dna_repair_biased,BP,GO:0034330,cell junction organization,0.9462861105744061,1.0,False,1,120,143,6000,0.008333333333333333,0.023833333333333335,0.34965034965034963,1108,1108
dna_repair_biased,BP,GO:0034331,cell junction maintenance,1.0,1.0,False,0,120,17,6000,0.0,0.0028333333333333335,0.0,,
dna_repair_biased,BP,GO:0034332,adherens junction organization,1.0,1.0,False,0,120,15,6000,0.0,0.0025,0.0,,
dna_repair_biased,BP,GO:0034381,plasma lipoprotein particle clearance,1.0,1.0,False,0,120,10,6000,0.0,0.0016666666666666668,0.0,,
dna_repair_biased,BP,GO:0034389,lipid droplet organization,1.0,1.0,False,0,120,10,6000,0.0,0.0016666666666666668,0.0,,
dna_repair_biased,BP,GO:0034405,response to fluid shear stress,1.0,1.0,False,0,120,17,6000,0.0,0.0028333333333333335,0.0,,
dna_repair_biased,BP,GO:0034440,lipid oxidation,1.0,1.0,False,0,120,28,6000,0.0,0.004666666666666667,0.0,,
dna_repair_biased,BP,GO:0034446,substrate adhesion-dependent cell spreading,1.0,1.0,False,0,120,13,6000,0.0,0.0021666666666666666,0.0,,
dna_repair_biased,BP,GO:0034472,snRNA 3'-end processing,1.0,1.0,False,0,120,12,6000,0.0,0.002,0.0,,
dna_repair_biased,BP,GO:0034599,cellular response to oxidative stress,0.7042448489789661,1.0,False,1,120,60,6000,0.008333333333333333,0.01,0.8333333333333333,375748,375748
dna_repair_biased,BP,GO:0034605,cellular response to heat,0.24659164652108712,1.0,False,1,120,14,6000,0.008333333333333333,0.0023333333333333335,3.571428571428571,81570,81570
dna_repair_biased,BP,GO:0034612,response to tumor necrosis factor,0.5079261327301264,1.0,False,1,120,35,6000,0.008333333333333333,0.005833333333333334,1.4285714285714284,4792,4792
dna_repair_biased,BP,GO:0034614,cellular response to reactive oxygen species,0.49782540333012903,1.0,False,1,120,34,6000,0.008333333333333333,0.005666666666666667,1.4705882352941175,375748,375748
dna_repair_biased,BP,GO:0034616,response to laminar fluid shear stress,1.0,1.0,False,0,120,11,6000,0.0,0.0018333333333333333,0.0,,
dna_repair_biased,BP,GO:0034620,cellular response to unfolded protein,1.0,1.0,False,0,120,22,6000,0.0,0.0036666666666666666,0.0,,
dna_repair_biased,BP,GO:0034694,response to prostaglandin,1.0,1.0,False,0,120,12,6000,0.0,0.002,0.0,,
dna_repair_biased,BP,GO:0034762,regulation of transmembrane transport,1.0,1.0,False,0,120,104,6000,0.0,0.017333333333333333,0.0,,
dna_repair_biased,BP,GO:0034763,negative regulation of transmembrane transport,1.0,1.0,False,0,120,23,6000,0.0,0.003833333333333333,0.0,,
dna_repair_biased,BP,GO:0034764,positive regulation of transmembrane transport,1.0,1.0,False,0,120,47,6000,0.0,0.007833333333333333,0.0,,
dna_repair_biased,BP,GO:0034765,regulation of monoatomic ion transmembrane transport,1.0,1.0,False,0,120,78,6000,0.0,0.013,0.0,,
dna_repair_biased,BP,GO:0034766,negative regulation of monoatomic ion transmembrane transport,1.0,1.0,False,0,120,19,6000,0.0,0.0031666666666666666,0.0,,
dna_repair_biased,BP,GO:0034767,positive regulation of monoatomic ion transmembrane transport,1.0,1.0,False,0,120,34,6000,0.0,0.005666666666666667,0.0,,
dna_repair_biased,BP,GO:0034976,response to endoplasmic reticulum stress,0.7588819051605297,1.0,False,1,120,70,6000,0.008333333333333333,0.011666666666666667,0.7142857142857142,5706,5706
dna_repair_biased,BP,GO:0035020,regulation of Rac protein signal transduction,1.0,1.0,False,0,120,20,6000,0.0,0.0033333333333333335,0.0,,
dna_repair_biased,BP,GO:0035022,positive regulation of Rac protein signal transduction,1.0,1.0,False,0,120,12,6000,0.0,0.002,0.0,,
dna_repair_biased,BP,GO:0035023,regulation of Rho protein signal transduction,0.397152433406183,1.0,False,1,120,25,6000,0.008333333333333333,0.004166666666666667,2.0,6091,6091
dna_repair_biased,BP,GO:0035036,sperm-egg recognition,1.0,1.0,False,0,120,12,6000,0.0,0.002,0.0,,
dna_repair_biased,BP,GO:0035050,embryonic heart tube development,1.0,1.0,False,0,120,13,6000,0.0,0.0021666666666666666,0.0,,
dna_repair_biased,BP,GO:0035051,cardiocyte differentiation,1.0,1.0,False,0,120,20,6000,0.0,0.0033333333333333335,0.0,,
dna_repair_biased,BP,GO:0035082,axoneme assembly,1.0,1.0,False,0,120,28,6000,0.0,0.004666666666666667,0.0,,
dna_repair_biased,BP,GO:0035094,response to nicotine,0.24659164652108712,1.0,False,1,120,14,6000,0.008333333333333333,0.0023333333333333335,3.571428571428571,1137,1137
dna_repair_biased,BP,GO:0035107,appendage morphogenesis,0.3191643119150053,1.0,False,1,120,19,6000,0.008333333333333333,0.0031666666666666666,2.6315789473684212,25836,25836
dna_repair_biased,BP,GO:0035108,limb morphogenesis,0.3191643119150053,1.0,False,1,120,19,6000,0.008333333333333333,0.0031666666666666666,2.6315789473684212,25836,25836
dna_repair_biased,BP,GO:0035113,embryonic appendage morphogenesis,0.27649816154596496,1.0,False,1,120,16,6000,0.008333333333333333,0.0026666666666666666,3.125,25836,25836
dna_repair_biased,BP,GO:0035148,tube formation,1.0,1.0,False,0,120,17,6000,0.0,0.0028333333333333335,0.0,,
dna_repair_biased,BP,GO:0035150,regulation of tube size,1.0,1.0,False,0,120,43,6000,0.0,0.007166666666666667,0.0,,
dna_repair_biased,BP,GO:0035194,regulatory ncRNA-mediated post-transcriptional gene silencing,1.0,1.0,False,0,120,10,6000,0.0,0.0016666666666666668,0.0,,
dna_repair_biased,BP,GO:0035196,miRNA processing,1.0,1.0,False,0,120,13,6000,0.0,0.0021666666666666666,0.0,,
dna_repair_biased,BP,GO:0035239,tube morphogenesis,0.675049770763315,1.0,False,2,120,115,6000,0.016666666666666666,0.019166666666666665,0.8695652173913044,6091;25836,25836;6091
dna_repair_biased,BP,GO:0035249,"synaptic transmission, glutamatergic",1.0,1.0,False,0,120,10,6000,0.0,0.0016666666666666668,0.0,,
dna_repair_biased,BP,GO:0035265,organ growth,1.0,1.0,False,0,120,11,6000,0.0,0.0018333333333333333,0.0,,
dna_repair_biased,BP,GO:0035270,endocrine system development,1.0,1.0,False,0,120,19,6000,0.0,0.0031666666666666666,0.0,,
dna_repair_biased,BP,GO:0035282,segmentation,1.0,1.0,False,0,120,15,6000,0.0,0.0025,0.0,,
dna_repair_biased,BP,GO:0035295,tube development,0.8302373831347611,1.0,False,2,120,158,6000,0.016666666666666666,0.026333333333333334,0.6329113924050632,6091;25836,25836;6091
dna_repair_biased,BP,GO:0035296,regulation of tube diameter,1.0,1.0,False,0,120,43,6000,0.0,0.007166666666666667,0.0,,
dna_repair_biased,BP,GO:0035330,regulation of hippo signaling,1.0,1.0,False,0,120,11,6000,0.0,0.0018333333333333333,0.0,,
dna_repair_biased,BP,GO:0035337,fatty-acyl-CoA metabolic process,1.0,1.0,False,0,120,12,6000,0.0,0.002,0.0,,
dna_repair_biased,BP,GO:0035418,protein localization to synapse,1.0,1.0,False,0,120,15,6000,0.0,0.0025,0.0,,
dna_repair_biased,BP,GO:0035456,response to interferon-beta,1.0,1.0,False,0,120,11,6000,0.0,0.0018333333333333333,0.0,,
dna_repair_biased,BP,GO:0035458,cellular response to interferon-beta,1.0,1.0,False,0,120,10,6000,0.0,0.0016666666666666668,0.0,,
dna_repair_biased,BP,GO:0035459,vesicle cargo loading,1.0,1.0,False,0,120,13,6000,0.0,0.0021666666666666666,0.0,,
dna_repair_biased,BP,GO:0035567,non-canonical Wnt signaling pathway,1.0,1.0,False,0,120,16,6000,0.0,0.0026666666666666666,0.0,,
dna_repair_biased,BP,GO:0035592,establishment of protein localization to extracellular region,1.0,1.0,False,0,120,24,6000,0.0,0.004,0.0,,
dna_repair_biased,BP,GO:0035633,maintenance of blood-brain barrier,1.0,1.0,False,0,120,13,6000,0.0,0.0021666666666666666,0.0,,
dna_repair_biased,BP,GO:0035725,sodium ion transmembrane transport,1.0,1.0,False,0,120,49,6000,0.0,0.008166666666666666,0.0,,
dna_repair_biased,BP,GO:0035774,positive regulation of insulin secretion involved in cellular response to glucose stimulus,1.0,1.0,False,0,120,11,6000,0.0,0.0018333333333333333,0.0,,
dna_repair_biased,BP,GO:0035821,modulation of process of another organism,0.49782540333012903,1.0,False,1,120,34,6000,0.008333333333333333,0.005666666666666667,1.4705882352941175,8091,8091
dna_repair_biased,BP,GO:0035904,aorta development,0.18305237920257855,1.0,False,1,120,10,6000,0.008333333333333333,0.0016666666666666668,5.0,6091,6091
dna_repair_biased,BP,GO:0035924,cellular response to vascular endothelial growth factor stimulus,1.0,1.0,False,0,120,17,6000,0.0,0.0028333333333333335,0.0,,
dna_repair_biased,BP,GO:0035966,response to topologically incorrect protein,0.4770030767532584,1.0,False,1,120,32,6000,0.008333333333333333,0.005333333333333333,1.5625,51366,51366
dna_repair_biased,BP,GO:0035967,cellular response to topologically incorrect protein,0.3847989996645063,1.0,False,1,120,24,6000,0.008333333333333333,0.004,2.0833333333333335,51366,51366
dna_repair_biased,BP,GO:0035987,endodermal cell differentiation,0.23118189666298758,1.0,False,1,120,13,6000,0.008333333333333333,0.0021666666666666666,3.8461538461538463,8091,8091
dna_repair_biased,BP,GO:0036257,multivesicular body organization,1.0,1.0,False,0,120,11,6000,0.0,0.0018333333333333333,0.0,,
dna_repair_biased,BP,GO:0036258,multivesicular body assembly,1.0,1.0,False,0,120,11,6000,0.0,0.0018333333333333333,0.0,,
dna_repair_biased,BP,GO:0036293,response to decreased oxygen levels,0.43119565342273936,1.0,False,2,120,73,6000,0.016666666666666666,0.012166666666666666,1.3698630136986303,1137;29997,1137;29997
dna_repair_biased,BP,GO:0036294,cellular response to decreased oxygen levels,0.5275270586497346,1.0,False,1,120,37,6000,0.008333333333333333,0.006166666666666667,1.3513513513513513,29997,29997
dna_repair_biased,BP,GO:0036336,dendritic cell migration,0.1994186086676354,1.0,False,1,120,11,6000,0.008333333333333333,0.0018333333333333333,4.545454545454546,3146,3146
dna_repair_biased,BP,GO:0036465,synaptic vesicle recycling,1.0,1.0,False,0,120,18,6000,0.0,0.003,0.0,,
dna_repair_biased,BP,GO:0036503,ERAD pathway,0.3847989996645063,1.0,False,1,120,24,6000,0.008333333333333333,0.004,2.0833333333333335,5706,5706
dna_repair_biased,BP,GO:0038093,Fc receptor signaling pathway,1.0,1.0,False,0,120,16,6000,0.0,0.0026666666666666666,0.0,,
dna_repair_biased,BP,GO:0038094,Fc-gamma receptor signaling pathway,1.0,1.0,False,0,120,11,6000,0.0,0.0018333333333333333,0.0,,
dna_repair_biased,BP,GO:0038127,ERBB signaling pathway,1.0,1.0,False,0,120,21,6000,0.0,0.0035,0.0,,
dna_repair_biased,BP,GO:0038128,ERBB2 signaling pathway,1.0,1.0,False,0,120,10,6000,0.0,0.0016666666666666668,0.0,,
dna_repair_biased,BP,GO:0039531,regulation of cytoplasmic pattern recognition receptor signaling pathway,0.22696334492420184,1.0,False,2,120,45,6000,0.016666666666666666,0.0075,2.2222222222222223,3146;29997,29997;3146
dna_repair_biased,BP,GO:0039532,negative regulation of cytoplasmic pattern recognition receptor signaling pathway,1.0,1.0,False,0,120,18,6000,0.0,0.003,0.0,,
dna_repair_biased,BP,GO:0040001,establishment of mitotic spindle localization,1.0,1.0,False,0,120,11,6000,0.0,0.0018333333333333333,0.0,,
dna_repair_biased,BP,GO:0040007,growth,0.35305657671746016,1.0,False,2,120,62,6000,0.016666666666666666,0.010333333333333333,1.6129032258064515,4683;25836,25836;4683
dna_repair_biased,BP,GO:0040008,regulation of growth,0.7467679301746184,1.0,False,2,120,132,6000,0.016666666666666666,0.022,0.7575757575757576,9306;25836,25836;9306
dna_repair_biased,BP,GO:0040011,locomotion,0.6887929150093662,1.0,False,2,120,118,6000,0.016666666666666666,0.019666666666666666,0.8474576271186441,3146;6091,3146;6091
dna_repair_biased,BP,GO:0040012,regulation of locomotion,0.8582393674137957,1.0,False,4,120,300,6000,0.03333333333333333,0.05,0.6666666666666666,1647;3146;6091;25836,1647;25836;3146;6091
dna_repair_biased,BP,GO:0040013,negative regulation of locomotion,0.3398034862368111,1.0,False,3,120,103,6000,0.025,0.017166666666666667,1.4563106796116505,1647;3146;6091,1647;3146;6091
dna_repair_biased,BP,GO:0040017,positive regulation of locomotion,0.864188021362902,1.0,False,2,120,172,6000,0.016666666666666666,0.028666666666666667,0.5813953488372093,3146;25836,25836;3146
dna_repair_biased,BP,GO:0040019,positive regulation of embryonic development,1.0,1.0,False,0,120,10,6000,0.0,0.0016666666666666668,0.0,,
dna_repair_biased,BP,GO:0042044,fluid transport,1.0,1.0,False,0,120,12,6000,0.0,0.002,0.0,,
dna_repair_biased,BP,GO:0042058,regulation of epidermal growth factor receptor signaling pathway,1.0,1.0,False,0,120,25,6000,0.0,0.004166666666666667,0.0,,
dna_repair_biased,BP,GO:0042059,negative regulation of epidermal growth factor receptor signaling pathway,1.0,1.0,False,0,120,14,6000,0.0,0.0023333333333333335,0.0,,
dna_repair_biased,BP,GO:0042060,wound healing,1.0,1.0,False,0,120,69,6000,0.0,0.0115,0.0,,
dna_repair_biased,BP,GO:0042063,gliogenesis,1.0,1.0,False,0,120,49,6000,0.0,0.008166666666666666,0.0,,
dna_repair_biased,BP,GO:0042073,intraciliary transport,1.0,1.0,False,0,120,16,6000,0.0,0.0026666666666666666,0.0,,
dna_repair_biased,BP,GO:0042102,positive regulation of T cell proliferation,0.49782540333012903,1.0,False,1,120,34,6000,0.008333333333333333,0.005666666666666667,1.4705882352941175,3146,3146
dna_repair_biased,BP,GO:0042110,T cell activation,0.24134764005619394,1.0,False,3,120,85,6000,0.025,0.014166666666666666,1.7647058823529413,3146;5688;5692,3146;5688;5692
dna_repair_biased,BP,GO:0042116,macrophage activation,0.27649816154596496,1.0,False,1,120,16,6000,0.008333333333333333,0.0026666666666666666,3.125,3146,3146
dna_repair_biased,BP,GO:0042127,regulation of cell population proliferation,0.9749304935861564,1.0,False,4,120,425,6000,0.03333333333333333,0.07083333333333333,0.47058823529411764,3146;4869;6091;8091,3146;4869;6091;8091
dna_repair_biased,BP,GO:0042129,regulation of T cell proliferation,0.6724881482213413,1.0,False,1,120,55,6000,0.008333333333333333,0.009166666666666667,0.9090909090909091,3146,3146
dna_repair_biased,BP,GO:0042130,negative regulation of T cell proliferation,1.0,1.0,False,0,120,19,6000,0.0,0.0031666666666666666,0.0,,
dna_repair_biased,BP,GO:0042147,"retrograde transport, endosome to Golgi",1.0,1.0,False,0,120,36,6000,0.0,0.006,0.0,,
dna_repair_biased,BP,GO:0042149,cellular response to glucose starvation,0.27649816154596496,1.0,False,1,120,16,6000,0.008333333333333333,0.0026666666666666666,3.125,30849,30849
dna_repair_biased,BP,GO:0042157,lipoprotein metabolic process,1.0,1.0,False,0,120,12,6000,0.0,0.002,0.0,,
dna_repair_biased,BP,GO:0042168,heme metabolic process,1.0,1.0,False,0,120,12,6000,0.0,0.002,0.0,,
dna_repair_biased,BP,GO:0042177,negative regulation of protein catabolic process,0.17572765237853247,1.0,False,2,120,38,6000,0.016666666666666666,0.006333333333333333,2.6315789473684212,29997;55170,29997;55170
dna_repair_biased,BP,GO:0042180,ketone metabolic process,1.0,1.0,False,0,120,18,6000,0.0,0.003,0.0,,
dna_repair_biased,BP,GO:0042219,modified amino acid catabolic process,1.0,1.0,False,0,120,10,6000,0.0,0.0016666666666666668,0.0,,
dna_repair_biased,BP,GO:0042221,response to chemical,0.64334544353876,1.0,False,19,120,1004,6000,0.15833333333333333,0.16733333333333333,0.946215139442231,1137;1408;3146;4792;5378;5688;5692;5706;6091;7320;9325;10856;11044;29997;51366;56160;94056;219875;375748,10856;11044;1137;1408;219875;29997;3146;375748;4792;51366;5378;56160;5688;5692;5706;6091;7320;9325;94056
dna_repair_biased,BP,GO:0042246,tissue regeneration,1.0,1.0,False,0,120,12,6000,0.0,0.002,0.0,,
dna_repair_biased,BP,GO:0042254,ribosome biogenesis,0.4977577517372188,1.0,False,2,120,83,6000,0.016666666666666666,0.013833333333333333,1.2048192771084338,4869;29997,29997;4869
dna_repair_biased,BP,GO:0042267,natural killer cell mediated cytotoxicity,1.0,1.0,False,0,120,11,6000,0.0,0.0018333333333333333,0.0,,
dna_repair_biased,BP,GO:0042269,regulation of natural killer cell mediated cytotoxicity,1.0,1.0,False,0,120,12,6000,0.0,0.002,0.0,,
dna_repair_biased,BP,GO:0042274,ribosomal small subunit biogenesis,0.49782540333012903,1.0,False,1,120,34,6000,0.008333333333333333,0.005666666666666667,1.4705882352941175,4869,4869
dna_repair_biased,BP,GO:0042303,molting cycle,1.0,1.0,False,0,120,12,6000,0.0,0.002,0.0,,
dna_repair_biased,BP,GO:0042304,regulation of fatty acid biosynthetic process,1.0,1.0,False,0,120,16,6000,0.0,0.0026666666666666666,0.0,,
dna_repair_biased,BP,GO:0042311,vasodilation,1.0,1.0,False,0,120,16,6000,0.0,0.0026666666666666666,0.0,,
dna_repair_biased,BP,GO:0042326,negative regulation of phosphorylation,0.48751910067913096,1.0,False,1,120,33,6000,0.008333333333333333,0.0055,1.5151515151515151,1647,1647
dna_repair_biased,BP,GO:0042327,positive regulation of phosphorylation,0.1592763804812545,1.0,False,3,120,69,6000,0.025,0.0115,2.173913043478261,2074;8091;94056,2074;8091;94056
dna_repair_biased,BP,GO:0042330,taxis,0.6703616595477611,1.0,False,2,120,114,6000,0.016666666666666666,0.019,0.8771929824561404,3146;6091,3146;6091
dna_repair_biased,BP,GO:0042391,regulation of membrane potential,0.9042388315558252,1.0,False,1,120,115,6000,0.008333333333333333,0.019166666666666665,0.4347826086956522,1137,1137
dna_repair_biased,BP,GO:0042398,modified amino acid biosynthetic process,1.0,1.0,False,0,120,13,6000,0.0,0.0021666666666666666,0.0,,
dna_repair_biased,BP,GO:0042440,pigment metabolic process,1.0,1.0,False,0,120,17,6000,0.0,0.0028333333333333335,0.0,,
dna_repair_biased,BP,GO:0042445,hormone metabolic process,1.0,1.0,False,0,120,54,6000,0.0,0.009,0.0,,
dna_repair_biased,BP,GO:0042472,inner ear morphogenesis,0.27649816154596496,1.0,False,1,120,16,6000,0.008333333333333333,0.0026666666666666666,3.125,2138,2138
dna_repair_biased,BP,GO:0042475,odontogenesis of dentin-containing tooth,1.0,1.0,False,0,120,11,6000,0.0,0.0018333333333333333,0.0,,
dna_repair_biased,BP,GO:0042476,odontogenesis,1.0,1.0,False,0,120,20,6000,0.0,0.0033333333333333335,0.0,,
dna_repair_biased,BP,GO:0042490,mechanoreceptor differentiation,1.0,1.0,False,0,120,11,6000,0.0,0.0018333333333333333,0.0,,
dna_repair_biased,BP,GO:0042509,regulation of tyrosine phosphorylation of STAT protein,1.0,1.0,False,0,120,11,6000,0.0,0.0018333333333333333,0.0,,
dna_repair_biased,BP,GO:0042531,positive regulation of tyrosine phosphorylation of STAT protein,1.0,1.0,False,0,120,10,6000,0.0,0.0016666666666666668,0.0,,
dna_repair_biased,BP,GO:0042542,response to hydrogen peroxide,1.0,1.0,False,0,120,25,6000,0.0,0.004166666666666667,0.0,,
dna_repair_biased,BP,GO:0042552,myelination,1.0,1.0,False,0,120,28,6000,0.0,0.004666666666666667,0.0,,
dna_repair_biased,BP,GO:0042558,pteridine-containing compound metabolic process,1.0,1.0,False,0,120,14,6000,0.0,0.0023333333333333335,0.0,,
dna_repair_biased,BP,GO:0042572,retinol metabolic process,1.0,1.0,False,0,120,14,6000,0.0,0.0023333333333333335,0.0,,
dna_repair_biased,BP,GO:0042573,retinoic acid metabolic process,1.0,1.0,False,0,120,10,6000,0.0,0.0016666666666666668,0.0,,
dna_repair_biased,BP,GO:0042592,homeostatic process,0.6305394972197269,1.0,False,7,120,375,6000,0.058333333333333334,0.0625,0.9333333333333333,1408;3146;5688;5692;10463;56262;85015,10463;1408;3146;56262;5688;5692;85015
dna_repair_biased,BP,GO:0042593,glucose homeostasis,0.2641953639869182,1.0,False,2,120,50,6000,0.016666666666666666,0.008333333333333333,2.0,1408;56262,1408;56262
dna_repair_biased,BP,GO:0042594,response to starvation,0.4650767308164933,1.0,False,2,120,78,6000,0.016666666666666666,0.013,1.2820512820512822,7486;30849,30849;7486
dna_repair_biased,BP,GO:0042632,cholesterol homeostasis,1.0,1.0,False,0,120,29,6000,0.0,0.004833333333333334,0.0,,
dna_repair_biased,BP,GO:0042633,hair cycle,1.0,1.0,False,0,120,12,6000,0.0,0.002,0.0,,
dna_repair_biased,BP,GO:0042692,muscle cell differentiation,0.6919262346105967,1.0,False,1,120,58,6000,0.008333333333333333,0.009666666666666667,0.8620689655172413,58,58
dna_repair_biased,BP,GO:0042742,defense response to bacterium,1.0,1.0,False,0,120,89,6000,0.0,0.014833333333333334,0.0,,
dna_repair_biased,BP,GO:0042743,hydrogen peroxide metabolic process,1.0,1.0,False,0,120,12,6000,0.0,0.002,0.0,,
dna_repair_biased,BP,GO:0042773,ATP synthesis coupled electron transport,1.0,1.0,False,0,120,26,6000,0.0,0.004333333333333333,0.0,,
dna_repair_biased,BP,GO:0042775,mitochondrial ATP synthesis coupled electron transport,1.0,1.0,False,0,120,26,6000,0.0,0.004333333333333333,0.0,,
dna_repair_biased,BP,GO:0042776,proton motive force-driven mitochondrial ATP synthesis,1.0,1.0,False,0,120,19,6000,0.0,0.0031666666666666666,0.0,,
dna_repair_biased,BP,GO:0042789,mRNA transcription by RNA polymerase II,1.0,1.0,False,0,120,11,6000,0.0,0.0018333333333333333,0.0,,
dna_repair_biased,BP,GO:0042981,regulation of apoptotic process,0.199981604952421,1.0,False,10,120,368,6000,0.08333333333333333,0.06133333333333333,1.358695652173913,328;1647;2073;3146;4869;6418;6421;8091;10856;29997,10856;1647;2073;29997;3146;328;4869;6418;6421;8091
dna_repair_biased,BP,GO:0043001,Golgi to plasma membrane protein transport,1.0,1.0,False,0,120,12,6000,0.0,0.002,0.0,,
dna_repair_biased,BP,GO:0043009,chordate embryonic development,0.1739723461489446,1.0,False,3,120,72,6000,0.025,0.012,2.0833333333333335,4683;25836;25988,25836;25988;4683
dna_repair_biased,BP,GO:0043010,camera-type eye development,0.7218126275544963,1.0,False,1,120,63,6000,0.008333333333333333,0.0105,0.7936507936507936,85015,85015
dna_repair_biased,BP,GO:0043030,regulation of macrophage activation,1.0,1.0,False,0,120,25,6000,0.0,0.004166666666666667,0.0,,
dna_repair_biased,BP,GO:0043032,positive regulation of macrophage activation,1.0,1.0,False,0,120,12,6000,0.0,0.002,0.0,,
dna_repair_biased,BP,GO:0043038,amino acid activation,1.0,1.0,False,0,120,12,6000,0.0,0.002,0.0,,
dna_repair_biased,BP,GO:0043039,tRNA aminoacylation,1.0,1.0,False,0,120,12,6000,0.0,0.002,0.0,,
dna_repair_biased,BP,GO:0043062,extracellular structure organization,1.0,1.0,False,0,120,53,6000,0.0,0.008833333333333334,0.0,,
dna_repair_biased,BP,GO:0043065,positive regulation of apoptotic process,0.4949064378031615,1.0,False,3,120,132,6000,0.025,0.022,1.1363636363636365,1647;3146;6421,1647;3146;6421
dna_repair_biased,BP,GO:0043066,negative regulation of apoptotic process,0.6145582891756549,1.0,False,4,120,211,6000,0.03333333333333333,0.035166666666666666,0.9478672985781991,2073;4869;6418;8091,2073;4869;6418;8091
dna_repair_biased,BP,GO:0043067,regulation of programmed cell death,0.2375641924934189,1.0,False,10,120,384,6000,0.08333333333333333,0.064,1.3020833333333333,328;1647;2073;3146;4869;6418;6421;8091;10856;29997,10856;1647;2073;29997;3146;328;4869;6418;6421;8091
dna_repair_biased,BP,GO:0043068,positive regulation of programmed cell death,0.524907341890837,1.0,False,3,120,138,6000,0.025,0.023,1.0869565217391306,1647;3146;6421,1647;3146;6421
dna_repair_biased,BP,GO:0043069,negative regulation of programmed cell death,0.651108089066431,1.0,False,4,120,221,6000,0.03333333333333333,0.036833333333333336,0.9049773755656108,2073;4869;6418;8091,2073;4869;6418;8091
dna_repair_biased,BP,GO:0043085,positive regulation of catalytic activity,0.22537007890296118,1.0,False,3,120,82,6000,0.025,0.013666666666666667,1.829268292682927,5982;8091;94056,5982;8091;94056
dna_repair_biased,BP,GO:0043086,negative regulation of catalytic activity,0.22696334492420184,1.0,False,2,120,45,6000,0.016666666666666666,0.0075,2.2222222222222223,1647;151636,151636;1647
dna_repair_biased,BP,GO:0043087,regulation of GTPase activity,1.0,1.0,False,0,120,39,6000,0.0,0.0065,0.0,,
dna_repair_biased,BP,GO:0043112,receptor metabolic process,0.2154596450610039,1.0,False,1,120,12,6000,0.008333333333333333,0.002,4.166666666666667,30849,30849
dna_repair_biased,BP,GO:0043113,receptor clustering,1.0,1.0,False,0,120,11,6000,0.0,0.0018333333333333333,0.0,,
dna_repair_biased,BP,GO:0043114,regulation of vascular permeability,1.0,1.0,False,0,120,19,6000,0.0,0.0031666666666666666,0.0,,
dna_repair_biased,BP,GO:0043122,regulation of canonical NF-kappaB signal transduction,0.8262235218847124,1.0,False,1,120,86,6000,0.008333333333333333,0.014333333333333333,0.5813953488372093,4792,4792
dna_repair_biased,BP,GO:0043123,positive regulation of canonical NF-kappaB signal transduction,1.0,1.0,False,0,120,60,6000,0.0,0.01,0.0,,
dna_repair_biased,BP,GO:0043124,negative regulation of canonical NF-kappaB signal transduction,0.42112605589102525,1.0,False,1,120,27,6000,0.008333333333333333,0.0045,1.8518518518518519,4792,4792
dna_repair_biased,BP,GO:0043162,ubiquitin-dependent protein catabolic process via the multivesicular body sorting pathway,1.0,1.0,False,0,120,13,6000,0.0,0.0021666666666666666,0.0,,
dna_repair_biased,BP,GO:0043200,response to amino acid,1.0,1.0,False,0,120,34,6000,0.0,0.005666666666666667,0.0,,
dna_repair_biased,BP,GO:0043207,response to external biotic stimulus,0.6656301380086465,1.0,False,6,120,334,6000,0.05,0.05566666666666667,0.8982035928143712,3146;5688;5692;5706;8091;81570,3146;5688;5692;5706;8091;81570
dna_repair_biased,BP,GO:0043242,negative regulation of protein-containing complex disassembly,1.0,1.0,False,0,120,16,6000,0.0,0.0026666666666666666,0.0,,
dna_repair_biased,BP,GO:0043244,regulation of protein-containing complex disassembly,1.0,1.0,False,0,120,25,6000,0.0,0.004166666666666667,0.0,,
dna_repair_biased,BP,GO:0043254,regulation of protein-containing complex assembly,0.35632364069096617,1.0,False,3,120,106,6000,0.025,0.017666666666666667,1.4150943396226416,3146;5706;29997,29997;3146;5706
dna_repair_biased,BP,GO:0043255,regulation of carbohydrate biosynthetic process,1.0,1.0,False,0,120,29,6000,0.0,0.004833333333333334,0.0,,
dna_repair_biased,BP,GO:0043266,regulation of potassium ion transport,1.0,1.0,False,0,120,24,6000,0.0,0.004,0.0,,
dna_repair_biased,BP,GO:0043268,positive regulation of potassium ion transport,1.0,1.0,False,0,120,15,6000,0.0,0.0025,0.0,,
dna_repair_biased,BP,GO:0043269,regulation of monoatomic ion transport,1.0,1.0,False,0,120,104,6000,0.0,0.017333333333333333,0.0,,
dna_repair_biased,BP,GO:0043270,positive regulation of monoatomic ion transport,1.0,1.0,False,0,120,51,6000,0.0,0.0085,0.0,,
dna_repair_biased,BP,GO:0043271,negative regulation of monoatomic ion transport,1.0,1.0,False,0,120,22,6000,0.0,0.0036666666666666666,0.0,,
dna_repair_biased,BP,GO:0043279,response to alkaloid,1.0,1.0,False,0,120,13,6000,0.0,0.0021666666666666666,0.0,,
dna_repair_biased,BP,GO:0043297,apical junction assembly,1.0,1.0,False,0,120,10,6000,0.0,0.0016666666666666668,0.0,,
dna_repair_biased,BP,GO:0043300,regulation of leukocyte degranulation,1.0,1.0,False,0,120,10,6000,0.0,0.0016666666666666668,0.0,,
dna_repair_biased,BP,GO:0043330,response to exogenous dsRNA,1.0,1.0,False,0,120,12,6000,0.0,0.002,0.0,,
dna_repair_biased,BP,GO:0043331,response to dsRNA,1.0,1.0,False,0,120,14,6000,0.0,0.0023333333333333335,0.0,,
dna_repair_biased,BP,GO:0043368,positive T cell selection,1.0,1.0,False,0,120,13,6000,0.0,0.0021666666666666666,0.0,,
dna_repair_biased,BP,GO:0043370,"regulation of CD4-positive, alpha-beta T cell differentiation",0.2910068882529308,1.0,False,1,120,17,6000,0.008333333333333333,0.0028333333333333335,2.941176470588235,3146,3146
dna_repair_biased,BP,GO:0043372,"positive regulation of CD4-positive, alpha-beta T cell differentiation",1.0,1.0,False,0,120,12,6000,0.0,0.002,0.0,,
dna_repair_biased,BP,GO:0043393,regulation of protein binding,0.1994186086676354,1.0,False,1,120,11,6000,0.008333333333333333,0.0018333333333333333,4.545454545454546,151636,151636
dna_repair_biased,BP,GO:0043405,regulation of MAP kinase activity,1.0,1.0,False,0,120,21,6000,0.0,0.0035,0.0,,
dna_repair_biased,BP,GO:0043408,regulation of MAPK cascade,0.7185043190889657,1.0,False,3,120,184,6000,0.025,0.030666666666666665,0.8152173913043479,1647;3146;6091,1647;3146;6091
dna_repair_biased,BP,GO:0043409,negative regulation of MAPK cascade,1.0,1.0,False,0,120,42,6000,0.0,0.007,0.0,,
dna_repair_biased,BP,GO:0043410,positive regulation of MAPK cascade,0.47956591529752424,1.0,False,3,120,129,6000,0.025,0.0215,1.1627906976744187,1647;3146;6091,1647;3146;6091
dna_repair_biased,BP,GO:0043414,macromolecule methylation,0.5178253555419259,1.0,False,1,120,36,6000,0.008333333333333333,0.006,1.3888888888888888,29890,29890
dna_repair_biased,BP,GO:0043434,response to peptide hormone,0.702059930694292,1.0,False,2,120,121,6000,0.016666666666666666,0.020166666666666666,0.8264462809917356,1408;94056,1408;94056
dna_repair_biased,BP,GO:0043436,oxoacid metabolic process,1.0,1.0,False,0,120,222,6000,0.0,0.037,0.0,,
dna_repair_biased,BP,GO:0043457,regulation of cellular respiration,0.24659164652108712,1.0,False,1,120,14,6000,0.008333333333333333,0.0023333333333333335,3.571428571428571,29997,29997
dna_repair_biased,BP,GO:0043467,regulation of generation of precursor metabolites and energy,0.5554857542944451,1.0,False,1,120,40,6000,0.008333333333333333,0.006666666666666667,1.25,29997,29997
dna_repair_biased,BP,GO:0043470,regulation of carbohydrate catabolic process,1.0,1.0,False,0,120,18,6000,0.0,0.003,0.0,,
dna_repair_biased,BP,GO:0043473,pigmentation,1.0,1.0,False,0,120,22,6000,0.0,0.0036666666666666666,0.0,,
dna_repair_biased,BP,GO:0043484,regulation of RNA splicing,0.6065742923968529,1.0,False,1,120,46,6000,0.008333333333333333,0.007666666666666666,1.0869565217391304,29890,29890
dna_repair_biased,BP,GO:0043489,RNA stabilization,1.0,1.0,False,0,120,32,6000,0.0,0.005333333333333333,0.0,,
dna_repair_biased,BP,GO:0043502,regulation of muscle adaptation,1.0,1.0,False,0,120,27,6000,0.0,0.0045,0.0,,
dna_repair_biased,BP,GO:0043516,"regulation of DNA damage response, signal transduction by p53 class mediator",1.0,1.0,False,0,120,15,6000,0.0,0.0025,0.0,,
dna_repair_biased,BP,GO:0043523,regulation of neuron apoptotic process,0.6657422810374347,1.0,False,1,120,54,6000,0.008333333333333333,0.009,0.9259259259259259,6418,6418
dna_repair_biased,BP,GO:0043524,negative regulation of neuron apoptotic process,0.46627310055397503,1.0,False,1,120,31,6000,0.008333333333333333,0.005166666666666667,1.6129032258064515,6418,6418
dna_repair_biased,BP,GO:0043525,positive regulation of neuron apoptotic process,1.0,1.0,False,0,120,16,6000,0.0,0.0026666666666666666,0.0,,
dna_repair_biased,BP,GO:0043534,blood vessel endothelial cell migration,0.23118189666298758,1.0,False,1,120,13,6000,0.008333333333333333,0.0021666666666666666,3.8461538461538463,6091,6091
dna_repair_biased,BP,GO:0043536,positive regulation of blood vessel endothelial cell migration,0.2910068882529308,1.0,False,1,120,17,6000,0.008333333333333333,0.0028333333333333335,2.941176470588235,3146,3146
dna_repair_biased,BP,GO:0043543,protein acylation,1.0,1.0,False,0,120,11,6000,0.0,0.0018333333333333333,0.0,,
dna_repair_biased,BP,GO:0043547,positive regulation of GTPase activity,1.0,1.0,False,0,120,25,6000,0.0,0.004166666666666667,0.0,,
dna_repair_biased,BP,GO:0043588,skin development,1.0,1.0,False,0,120,47,6000,0.0,0.007833333333333333,0.0,,
dna_repair_biased,BP,GO:0043627,response to estrogen,1.0,1.0,False,0,120,14,6000,0.0,0.0023333333333333335,0.0,,
dna_repair_biased,BP,GO:0043648,dicarboxylic acid metabolic process,1.0,1.0,False,0,120,36,6000,0.0,0.006,0.0,,
dna_repair_biased,BP,GO:0043649,dicarboxylic acid catabolic process,1.0,1.0,False,0,120,10,6000,0.0,0.0016666666666666668,0.0,,
dna_repair_biased,BP,GO:0043921,host-mediated perturbation of viral transcription,0.18305237920257855,1.0,False,1,120,10,6000,0.008333333333333333,0.0016666666666666668,5.0,8091,8091
dna_repair_biased,BP,GO:0043954,cellular component maintenance,1.0,1.0,False,0,120,20,6000,0.0,0.0033333333333333335,0.0,,
dna_repair_biased,BP,GO:0044042,glucan metabolic process,1.0,1.0,False,0,120,13,6000,0.0,0.0021666666666666666,0.0,,
dna_repair_biased,BP,GO:0044057,regulation of system process,0.957233168228936,1.0,False,1,120,154,6000,0.008333333333333333,0.025666666666666667,0.3246753246753247,1408,1408
dna_repair_biased,BP,GO:0044058,regulation of digestive system process,1.0,1.0,False,0,120,10,6000,0.0,0.0016666666666666668,0.0,,
dna_repair_biased,BP,GO:0044088,regulation of vacuole organization,1.0,1.0,False,0,120,20,6000,0.0,0.0033333333333333335,0.0,,
dna_repair_biased,BP,GO:0044089,positive regulation of cellular component biogenesis,0.42165418967970114,1.0,False,3,120,118,6000,0.025,0.019666666666666666,1.2711864406779663,2067;5706;84464,2067;5706;84464
dna_repair_biased,BP,GO:0044090,positive regulation of vacuole organization,1.0,1.0,False,0,120,10,6000,0.0,0.0016666666666666668,0.0,,
dna_repair_biased,BP,GO:0044091,membrane biogenesis,1.0,1.0,False,0,120,14,6000,0.0,0.0023333333333333335,0.0,,
dna_repair_biased,BP,GO:0044272,sulfur compound biosynthetic process,1.0,1.0,False,0,120,24,6000,0.0,0.004,0.0,,
dna_repair_biased,BP,GO:0044281,small molecule metabolic process,0.9997672002444772,1.0,False,1,120,400,6000,0.008333333333333333,0.06666666666666667,0.125,8505,8505
dna_repair_biased,BP,GO:0044282,small molecule catabolic process,1.0,1.0,False,0,120,111,6000,0.0,0.0185,0.0,,
dna_repair_biased,BP,GO:0044283,small molecule biosynthetic process,1.0,1.0,False,0,120,120,6000,0.0,0.02,0.0,,
dna_repair_biased,BP,GO:0044344,cellular response to fibroblast growth factor stimulus,1.0,1.0,False,0,120,24,6000,0.0,0.004,0.0,,
dna_repair_biased,BP,GO:0044380,protein localization to cytoskeleton,1.0,1.0,False,0,120,14,6000,0.0,0.0023333333333333335,0.0,,
dna_repair_biased,BP,GO:0044403,biological process involved in symbiotic interaction,1.0,1.0,False,0,120,32,6000,0.0,0.005333333333333333,0.0,,
dna_repair_biased,BP,GO:0044409,symbiont entry into host,1.0,1.0,False,0,120,23,6000,0.0,0.003833333333333333,0.0,,
dna_repair_biased,BP,GO:0044419,biological process involved in interspecies interaction between organisms,0.7788773019656801,1.0,False,6,120,379,6000,0.05,0.06316666666666666,0.79155672823219,3146;5688;5692;5706;8091;81570,3146;5688;5692;5706;8091;81570
dna_repair_biased,BP,GO:0044458,motile cilium assembly,1.0,1.0,False,0,120,14,6000,0.0,0.0023333333333333335,0.0,,
dna_repair_biased,BP,GO:0044703,multi-organism reproductive process,0.5275270586497346,1.0,False,1,120,37,6000,0.008333333333333333,0.006166666666666667,1.3513513513513513,200558,200558
dna_repair_biased,BP,GO:0044706,multi-multicellular organism process,0.5275270586497346,1.0,False,1,120,37,6000,0.008333333333333333,0.006166666666666667,1.3513513513513513,200558,200558
dna_repair_biased,BP,GO:0044743,protein transmembrane import into intracellular organelle,1.0,1.0,False,0,120,12,6000,0.0,0.002,0.0,,
dna_repair_biased,BP,GO:0044770,cell cycle phase transition,0.20481557990959964,1.0,False,2,120,42,6000,0.016666666666666666,0.007,2.380952380952381,5426;25988,25988;5426
dna_repair_biased,BP,GO:0044772,mitotic cell cycle phase transition,0.1901941296776577,1.0,False,2,120,40,6000,0.016666666666666666,0.006666666666666667,2.5,5426;25988,25988;5426
dna_repair_biased,BP,GO:0044782,cilium organization,1.0,1.0,False,0,120,106,6000,0.0,0.017666666666666667,0.0,,
dna_repair_biased,BP,GO:0044788,host-mediated perturbation of viral process,0.3847989996645063,1.0,False,1,120,24,6000,0.008333333333333333,0.004,2.0833333333333335,8091,8091
dna_repair_biased,BP,GO:0044794,host-mediated activation of viral process,1.0,1.0,False,0,120,12,6000,0.0,0.002,0.0,,
dna_repair_biased,BP,GO:0044839,cell cycle G2/M phase transition,1.0,1.0,False,0,120,16,6000,0.0,0.0026666666666666666,0.0,,
dna_repair_biased,BP,GO:0045017,glycerolipid biosynthetic process,0.6657422810374347,1.0,False,1,120,54,6000,0.008333333333333333,0.009,0.9259259259259259,30849,30849
dna_repair_biased,BP,GO:0045022,early endosome to late endosome transport,0.23118189666298758,1.0,False,1,120,13,6000,0.008333333333333333,0.0021666666666666666,3.8461538461538463,30849,30849
dna_repair_biased,BP,GO:0045047,protein targeting to ER,1.0,1.0,False,0,120,11,6000,0.0,0.0018333333333333333,0.0,,
dna_repair_biased,BP,GO:0045055,regulated exocytosis,0.4770030767532584,1.0,False,1,120,32,6000,0.008333333333333333,0.005333333333333333,1.5625,6861,6861
dna_repair_biased,BP,GO:0045069,regulation of viral genome replication,0.3191643119150053,1.0,False,1,120,19,6000,0.008333333333333333,0.0031666666666666666,2.6315789473684212,8091,8091
dna_repair_biased,BP,GO:0045071,negative regulation of viral genome replication,0.24659164652108712,1.0,False,1,120,14,6000,0.008333333333333333,0.0023333333333333335,3.571428571428571,8091,8091
dna_repair_biased,BP,GO:0045087,innate immune response,0.4836016802622755,1.0,False,4,120,179,6000,0.03333333333333333,0.029833333333333333,1.1173184357541899,5688;5692;5706;81570,5688;5692;5706;81570
dna_repair_biased,BP,GO:0045103,intermediate filament-based process,1.0,1.0,False,0,120,27,6000,0.0,0.0045,0.0,,
dna_repair_biased,BP,GO:0045104,intermediate filament cytoskeleton organization,1.0,1.0,False,0,120,27,6000,0.0,0.0045,0.0,,
dna_repair_biased,BP,GO:0045109,intermediate filament organization,1.0,1.0,False,0,120,22,6000,0.0,0.0036666666666666666,0.0,,
dna_repair_biased,BP,GO:0045123,cellular extravasation,1.0,1.0,False,0,120,14,6000,0.0,0.0023333333333333335,0.0,,
dna_repair_biased,BP,GO:0045137,development of primary sexual characteristics,1.0,1.0,False,0,120,36,6000,0.0,0.006,0.0,,
dna_repair_biased,BP,GO:0045165,cell fate commitment,1.0,1.0,False,0,120,60,6000,0.0,0.01,0.0,,
dna_repair_biased,BP,GO:0045184,establishment of protein localization,0.42734076255361153,1.0,False,6,120,262,6000,0.05,0.043666666666666666,1.1450381679389314,4869;10856;25836;25988;30849;126549,10856;126549;25836;25988;30849;4869
dna_repair_biased,BP,GO:0045185,maintenance of protein location,1.0,1.0,False,0,120,12,6000,0.0,0.002,0.0,,
dna_repair_biased,BP,GO:0045216,cell-cell junction organization,1.0,1.0,False,0,120,36,6000,0.0,0.006,0.0,,
dna_repair_biased,BP,GO:0045229,external encapsulating structure organization,1.0,1.0,False,0,120,52,6000,0.0,0.008666666666666666,0.0,,
dna_repair_biased,BP,GO:0045324,late endosome to vacuole transport,0.23118189666298758,1.0,False,1,120,13,6000,0.008333333333333333,0.0021666666666666666,3.8461538461538463,30849,30849
dna_repair_biased,BP,GO:0045332,phospholipid translocation,1.0,1.0,False,0,120,14,6000,0.0,0.0023333333333333335,0.0,,
dna_repair_biased,BP,GO:0045333,cellular respiration,1.0,1.0,False,0,120,56,6000,0.0,0.009333333333333334,0.0,,
dna_repair_biased,BP,GO:0045428,regulation of nitric oxide biosynthetic process,1.0,1.0,False,0,120,13,6000,0.0,0.0021666666666666666,0.0,,
dna_repair_biased,BP,GO:0045444,fat cell differentiation,0.46627310055397503,1.0,False,1,120,31,6000,0.008333333333333333,0.005166666666666667,1.6129032258064515,8091,8091
dna_repair_biased,BP,GO:0045446,endothelial cell differentiation,1.0,1.0,False,0,120,14,6000,0.0,0.0023333333333333335,0.0,,
dna_repair_biased,BP,GO:0045454,cell redox homeostasis,1.0,1.0,False,0,120,11,6000,0.0,0.0018333333333333333,0.0,,
dna_repair_biased,BP,GO:0045471,response to ethanol,1.0,1.0,False,0,120,43,6000,0.0,0.007166666666666667,0.0,,
dna_repair_biased,BP,GO:0045494,photoreceptor cell maintenance,0.24659164652108712,1.0,False,1,120,14,6000,0.008333333333333333,0.0023333333333333335,3.571428571428571,85015,85015
dna_repair_biased,BP,GO:0045540,regulation of cholesterol biosynthetic process,1.0,1.0,False,0,120,12,6000,0.0,0.002,0.0,,
dna_repair_biased,BP,GO:0045582,positive regulation of T cell differentiation,1.0,1.0,False,0,120,39,6000,0.0,0.0065,0.0,,
dna_repair_biased,BP,GO:0045596,negative regulation of cell differentiation,0.48796719474009853,1.0,False,4,120,180,6000,0.03333333333333333,0.03,1.1111111111111112,3146;4792;5688;5692,3146;4792;5688;5692
dna_repair_biased,BP,GO:0045597,positive regulation of cell differentiation,0.6820086053894288,1.0,False,4,120,230,6000,0.03333333333333333,0.03833333333333333,0.8695652173913044,3146;6091;56262;94056,3146;56262;6091;94056
dna_repair_biased,BP,GO:0045598,regulation of fat cell differentiation,0.5178253555419259,1.0,False,1,120,36,6000,0.008333333333333333,0.006,1.3888888888888888,94056,94056
dna_repair_biased,BP,GO:0045599,negative regulation of fat cell differentiation,1.0,1.0,False,0,120,15,6000,0.0,0.0025,0.0,,
dna_repair_biased,BP,GO:0045600,positive regulation of fat cell differentiation,0.3328242822494307,1.0,False,1,120,20,6000,0.008333333333333333,0.0033333333333333335,2.5,94056,94056
dna_repair_biased,BP,GO:0045601,regulation of endothelial cell differentiation,1.0,1.0,False,0,120,12,6000,0.0,0.002,0.0,,
dna_repair_biased,BP,GO:0045604,regulation of epidermal cell differentiation,1.0,1.0,False,0,120,13,6000,0.0,0.0021666666666666666,0.0,,
dna_repair_biased,BP,GO:0045616,regulation of keratinocyte differentiation,1.0,1.0,False,0,120,12,6000,0.0,0.002,0.0,,
dna_repair_biased,BP,GO:0045621,positive regulation of lymphocyte differentiation,1.0,1.0,False,0,120,41,6000,0.0,0.006833333333333334,0.0,,
dna_repair_biased,BP,GO:0045622,regulation of T-helper cell differentiation,1.0,1.0,False,0,120,13,6000,0.0,0.0021666666666666666,0.0,,
dna_repair_biased,BP,GO:0045637,regulation of myeloid cell differentiation,0.6588586485892609,1.0,False,1,120,53,6000,0.008333333333333333,0.008833333333333334,0.9433962264150942,55170,55170
dna_repair_biased,BP,GO:0045638,negative regulation of myeloid cell differentiation,1.0,1.0,False,0,120,25,6000,0.0,0.004166666666666667,0.0,,
dna_repair_biased,BP,GO:0045639,positive regulation of myeloid cell differentiation,1.0,1.0,False,0,120,25,6000,0.0,0.004166666666666667,0.0,,
dna_repair_biased,BP,GO:0045646,regulation of erythrocyte differentiation,1.0,1.0,False,0,120,15,6000,0.0,0.0025,0.0,,
dna_repair_biased,BP,GO:0045648,positive regulation of erythrocyte differentiation,1.0,1.0,False,0,120,11,6000,0.0,0.0018333333333333333,0.0,,
dna_repair_biased,BP,GO:0045662,negative regulation of myoblast differentiation,1.0,1.0,False,0,120,10,6000,0.0,0.0016666666666666668,0.0,,
dna_repair_biased,BP,GO:0045663,positive regulation of myoblast differentiation,0.2616950548768287,1.0,False,1,120,15,6000,0.008333333333333333,0.0025,3.333333333333333,56262,56262
dna_repair_biased,BP,GO:0045664,regulation of neuron differentiation,1.0,1.0,False,0,120,35,6000,0.0,0.005833333333333334,0.0,,
dna_repair_biased,BP,GO:0045665,negative regulation of neuron differentiation,1.0,1.0,False,0,120,14,6000,0.0,0.0023333333333333335,0.0,,
dna_repair_biased,BP,GO:0045666,positive regulation of neuron differentiation,1.0,1.0,False,0,120,17,6000,0.0,0.0028333333333333335,0.0,,
dna_repair_biased,BP,GO:0045667,regulation of osteoblast differentiation,1.0,1.0,False,0,120,37,6000,0.0,0.006166666666666667,0.0,,
dna_repair_biased,BP,GO:0045668,negative regulation of osteoblast differentiation,1.0,1.0,False,0,120,13,6000,0.0,0.0021666666666666666,0.0,,
dna_repair_biased,BP,GO:0045669,positive regulation of osteoblast differentiation,1.0,1.0,False,0,120,18,6000,0.0,0.003,0.0,,
dna_repair_biased,BP,GO:0045670,regulation of osteoclast differentiation,1.0,1.0,False,0,120,14,6000,0.0,0.0023333333333333335,0.0,,
dna_repair_biased,BP,GO:0045682,regulation of epidermis development,1.0,1.0,False,0,120,15,6000,0.0,0.0025,0.0,,
dna_repair_biased,BP,GO:0045685,regulation of glial cell differentiation,1.0,1.0,False,0,120,17,6000,0.0,0.0028333333333333335,0.0,,
dna_repair_biased,BP,GO:0045727,positive regulation of translation,0.5463534636790258,1.0,False,1,120,39,6000,0.008333333333333333,0.0065,1.2820512820512822,4869,4869
dna_repair_biased,BP,GO:0045730,respiratory burst,1.0,1.0,False,0,120,10,6000,0.0,0.0016666666666666668,0.0,,
dna_repair_biased,BP,GO:0045740,positive regulation of DNA replication,0.18305237920257855,1.0,False,1,120,10,6000,0.008333333333333333,0.0016666666666666668,5.0,1763,1763
dna_repair_biased,BP,GO:0045742,positive regulation of epidermal growth factor receptor signaling pathway,1.0,1.0,False,0,120,11,6000,0.0,0.0018333333333333333,0.0,,
dna_repair_biased,BP,GO:0045744,negative regulation of G protein-coupled receptor signaling pathway,0.3191643119150053,1.0,False,1,120,19,6000,0.008333333333333333,0.0031666666666666666,2.6315789473684212,6091,6091
dna_repair_biased,BP,GO:0045745,positive regulation of G protein-coupled receptor signaling pathway,1.0,1.0,False,0,120,12,6000,0.0,0.002,0.0,,
dna_repair_biased,BP,GO:0045747,positive regulation of Notch signaling pathway,0.2616950548768287,1.0,False,1,120,15,6000,0.008333333333333333,0.0025,3.333333333333333,6091,6091
dna_repair_biased,BP,GO:0045761,regulation of adenylate cyclase activity,1.0,1.0,False,0,120,12,6000,0.0,0.002,0.0,,
dna_repair_biased,BP,GO:0045765,regulation of angiogenesis,0.25751013053696825,1.0,False,3,120,88,6000,0.025,0.014666666666666666,1.7045454545454546,1647;3146;8091,1647;3146;8091
dna_repair_biased,BP,GO:0045766,positive regulation of angiogenesis,0.279119937593171,1.0,False,2,120,52,6000,0.016666666666666666,0.008666666666666666,1.9230769230769231,3146;8091,3146;8091
dna_repair_biased,BP,GO:0045773,positive regulation of axon extension,1.0,1.0,False,0,120,10,6000,0.0,0.0016666666666666668,0.0,,
dna_repair_biased,BP,GO:0045776,negative regulation of blood pressure,1.0,1.0,False,0,120,10,6000,0.0,0.0016666666666666668,0.0,,
dna_repair_biased,BP,GO:0045778,positive regulation of ossification,1.0,1.0,False,0,120,18,6000,0.0,0.003,0.0,,
dna_repair_biased,BP,GO:0045785,positive regulation of cell adhesion,0.9428457643484306,1.0,False,1,120,140,6000,0.008333333333333333,0.023333333333333334,0.3571428571428571,3146,3146
dna_repair_biased,BP,GO:0045806,negative regulation of endocytosis,0.3328242822494307,1.0,False,1,120,20,6000,0.008333333333333333,0.0033333333333333335,2.5,3146,3146
dna_repair_biased,BP,GO:0045807,positive regulation of endocytosis,1.0,1.0,False,0,120,41,6000,0.0,0.006833333333333334,0.0,,
dna_repair_biased,BP,GO:0045815,transcription initiation-coupled chromatin remodeling,0.3328242822494307,1.0,False,1,120,20,6000,0.008333333333333333,0.0033333333333333335,2.5,328,328
dna_repair_biased,BP,GO:0045823,positive regulation of heart contraction,1.0,1.0,False,0,120,13,6000,0.0,0.0021666666666666666,0.0,,
dna_repair_biased,BP,GO:0045824,negative regulation of innate immune response,1.0,1.0,False,0,120,30,6000,0.0,0.005,0.0,,
dna_repair_biased,BP,GO:0045833,negative regulation of lipid metabolic process,1.0,1.0,False,0,120,34,6000,0.0,0.005666666666666667,0.0,,
dna_repair_biased,BP,GO:0045834,positive regulation of lipid metabolic process,1.0,1.0,False,0,120,41,6000,0.0,0.006833333333333334,0.0,,
dna_repair_biased,BP,GO:0045839,negative regulation of mitotic nuclear division,1.0,1.0,False,0,120,10,6000,0.0,0.0016666666666666668,0.0,,
dna_repair_biased,BP,GO:0045840,positive regulation of mitotic nuclear division,1.0,1.0,False,0,120,12,6000,0.0,0.002,0.0,,
dna_repair_biased,BP,GO:0045841,negative regulation of mitotic metaphase/anaphase transition,1.0,1.0,False,0,120,10,6000,0.0,0.0016666666666666668,0.0,,
dna_repair_biased,BP,GO:0045861,negative regulation of proteolysis,1.0,1.0,False,0,120,16,6000,0.0,0.0026666666666666666,0.0,,
dna_repair_biased,BP,GO:0045862,positive regulation of proteolysis,1.0,1.0,False,0,120,20,6000,0.0,0.0033333333333333335,0.0,,
dna_repair_biased,BP,GO:0045879,negative regulation of smoothened signaling pathway,0.2154596450610039,1.0,False,1,120,12,6000,0.008333333333333333,0.002,4.166666666666667,51366,51366
dna_repair_biased,BP,GO:0045880,positive regulation of smoothened signaling pathway,1.0,1.0,False,0,120,15,6000,0.0,0.0025,0.0,,
dna_repair_biased,BP,GO:0045907,positive regulation of vasoconstriction,1.0,1.0,False,0,120,10,6000,0.0,0.0016666666666666668,0.0,,
dna_repair_biased,BP,GO:0045912,negative regulation of carbohydrate metabolic process,1.0,1.0,False,0,120,12,6000,0.0,0.002,0.0,,
dna_repair_biased,BP,GO:0045913,positive regulation of carbohydrate metabolic process,1.0,1.0,False,0,120,22,6000,0.0,0.0036666666666666666,0.0,,
dna_repair_biased,BP,GO:0045921,positive regulation of exocytosis,1.0,1.0,False,0,120,22,6000,0.0,0.0036666666666666666,0.0,,
dna_repair_biased,BP,GO:0045922,negative regulation of fatty acid metabolic process,1.0,1.0,False,0,120,14,6000,0.0,0.0023333333333333335,0.0,,
dna_repair_biased,BP,GO:0045923,positive regulation of fatty acid metabolic process,1.0,1.0,False,0,120,11,6000,0.0,0.0018333333333333333,0.0,,
dna_repair_biased,BP,GO:0045926,negative regulation of growth,1.0,1.0,False,0,120,54,6000,0.0,0.009,0.0,,
dna_repair_biased,BP,GO:0045927,positive regulation of growth,1.0,1.0,False,0,120,57,6000,0.0,0.0095,0.0,,
dna_repair_biased,BP,GO:0045931,positive regulation of mitotic cell cycle,0.4441539425635324,1.0,False,1,120,29,6000,0.008333333333333333,0.004833333333333334,1.7241379310344827,5889,5889
dna_repair_biased,BP,GO:0045933,positive regulation of muscle contraction,1.0,1.0,False,0,120,16,6000,0.0,0.0026666666666666666,0.0,,
dna_repair_biased,BP,GO:0045936,negative regulation of phosphate metabolic process,0.48751910067913096,1.0,False,1,120,33,6000,0.008333333333333333,0.0055,1.5151515151515151,1647,1647
dna_repair_biased,BP,GO:0045937,positive regulation of phosphate metabolic process,0.1592763804812545,1.0,False,3,120,69,6000,0.025,0.0115,2.173913043478261,2074;8091;94056,2074;8091;94056
dna_repair_biased,BP,GO:0045939,negative regulation of steroid metabolic process,1.0,1.0,False,0,120,12,6000,0.0,0.002,0.0,,
dna_repair_biased,BP,GO:0045940,positive regulation of steroid metabolic process,1.0,1.0,False,0,120,11,6000,0.0,0.0018333333333333333,0.0,,
dna_repair_biased,BP,GO:0045981,positive regulation of nucleotide metabolic process,1.0,1.0,False,0,120,15,6000,0.0,0.0025,0.0,,
dna_repair_biased,BP,GO:0046006,regulation of activated T cell proliferation,0.2616950548768287,1.0,False,1,120,15,6000,0.008333333333333333,0.0025,3.333333333333333,3146,3146
dna_repair_biased,BP,GO:0046031,ADP metabolic process,1.0,1.0,False,0,120,10,6000,0.0,0.0016666666666666668,0.0,,
dna_repair_biased,BP,GO:0046034,ATP metabolic process,0.5554857542944451,1.0,False,1,120,40,6000,0.008333333333333333,0.006666666666666667,1.25,8505,8505
dna_repair_biased,BP,GO:0046148,pigment biosynthetic process,1.0,1.0,False,0,120,10,6000,0.0,0.0016666666666666668,0.0,,
dna_repair_biased,BP,GO:0046165,alcohol biosynthetic process,1.0,1.0,False,0,120,25,6000,0.0,0.004166666666666667,0.0,,
dna_repair_biased,BP,GO:0046173,polyol biosynthetic process,1.0,1.0,False,0,120,13,6000,0.0,0.0021666666666666666,0.0,,
dna_repair_biased,BP,GO:0046209,nitric oxide metabolic process,1.0,1.0,False,0,120,11,6000,0.0,0.0018333333333333333,0.0,,
dna_repair_biased,BP,GO:0046328,regulation of JNK cascade,0.17572765237853247,1.0,False,2,120,38,6000,0.016666666666666666,0.006333333333333333,2.6315789473684212,1647;3146,1647;3146
dna_repair_biased,BP,GO:0046364,monosaccharide biosynthetic process,1.0,1.0,False,0,120,13,6000,0.0,0.0021666666666666666,0.0,,
dna_repair_biased,BP,GO:0046365,monosaccharide catabolic process,1.0,1.0,False,0,120,12,6000,0.0,0.002,0.0,,
dna_repair_biased,BP,GO:0046390,ribose phosphate biosynthetic process,1.0,1.0,False,0,120,48,6000,0.0,0.008,0.0,,
dna_repair_biased,BP,GO:0046394,carboxylic acid biosynthetic process,1.0,1.0,False,0,120,76,6000,0.0,0.012666666666666666,0.0,,
dna_repair_biased,BP,GO:0046395,carboxylic acid catabolic process,1.0,1.0,False,0,120,81,6000,0.0,0.0135,0.0,,
dna_repair_biased,BP,GO:0046425,regulation of receptor signaling pathway via JAK-STAT,0.3593341011387844,1.0,False,1,120,22,6000,0.008333333333333333,0.0036666666666666666,2.272727272727273,8091,8091
dna_repair_biased,BP,GO:0046427,positive regulation of receptor signaling pathway via JAK-STAT,1.0,1.0,False,0,120,13,6000,0.0,0.0021666666666666666,0.0,,
dna_repair_biased,BP,GO:0046434,organophosphate catabolic process,1.0,1.0,False,0,120,47,6000,0.0,0.007833333333333333,0.0,,
dna_repair_biased,BP,GO:0046456,icosanoid biosynthetic process,1.0,1.0,False,0,120,20,6000,0.0,0.0033333333333333335,0.0,,
dna_repair_biased,BP,GO:0046461,neutral lipid catabolic process,1.0,1.0,False,0,120,18,6000,0.0,0.003,0.0,,
dna_repair_biased,BP,GO:0046464,acylglycerol catabolic process,1.0,1.0,False,0,120,18,6000,0.0,0.003,0.0,,
dna_repair_biased,BP,GO:0046470,phosphatidylcholine metabolic process,1.0,1.0,False,0,120,22,6000,0.0,0.0036666666666666666,0.0,,
dna_repair_biased,BP,GO:0046474,glycerophospholipid biosynthetic process,0.6298898327348624,1.0,False,1,120,49,6000,0.008333333333333333,0.008166666666666666,1.0204081632653061,30849,30849
dna_repair_biased,BP,GO:0046475,glycerophospholipid catabolic process,1.0,1.0,False,0,120,15,6000,0.0,0.0025,0.0,,
dna_repair_biased,BP,GO:0046486,glycerolipid metabolic process,0.8641509745850324,1.0,False,1,120,98,6000,0.008333333333333333,0.01633333333333333,0.5102040816326531,30849,30849
dna_repair_biased,BP,GO:0046488,phosphatidylinositol metabolic process,1.0,1.0,False,0,120,21,6000,0.0,0.0035,0.0,,
dna_repair_biased,BP,GO:0046496,nicotinamide nucleotide metabolic process,1.0,1.0,False,0,120,31,6000,0.0,0.005166666666666667,0.0,,
dna_repair_biased,BP,GO:0046503,glycerolipid catabolic process,1.0,1.0,False,0,120,27,6000,0.0,0.0045,0.0,,
dna_repair_biased,BP,GO:0046513,ceramide biosynthetic process,1.0,1.0,False,0,120,15,6000,0.0,0.0025,0.0,,
dna_repair_biased,BP,GO:0046530,photoreceptor cell differentiation,1.0,1.0,False,0,120,14,6000,0.0,0.0023333333333333335,0.0,,
dna_repair_biased,BP,GO:0046545,development of primary female sexual characteristics,1.0,1.0,False,0,120,13,6000,0.0,0.0021666666666666666,0.0,,
dna_repair_biased,BP,GO:0046546,development of primary male sexual characteristics,1.0,1.0,False,0,120,24,6000,0.0,0.004,0.0,,
dna_repair_biased,BP,GO:0046578,regulation of Ras protein signal transduction,1.0,1.0,False,0,120,14,6000,0.0,0.0023333333333333335,0.0,,
dna_repair_biased,BP,GO:0046605,regulation of centrosome cycle,0.2154596450610039,1.0,False,1,120,12,6000,0.008333333333333333,0.002,4.166666666666667,4869,4869
dna_repair_biased,BP,GO:0046620,regulation of organ growth,1.0,1.0,False,0,120,19,6000,0.0,0.0031666666666666666,0.0,,
dna_repair_biased,BP,GO:0046626,regulation of insulin receptor signaling pathway,1.0,1.0,False,0,120,18,6000,0.0,0.003,0.0,,
dna_repair_biased,BP,GO:0046627,negative regulation of insulin receptor signaling pathway,1.0,1.0,False,0,120,11,6000,0.0,0.0018333333333333333,0.0,,
dna_repair_biased,BP,GO:0046634,regulation of alpha-beta T cell activation,0.42112605589102525,1.0,False,1,120,27,6000,0.008333333333333333,0.0045,1.8518518518518519,3146,3146
dna_repair_biased,BP,GO:0046635,positive regulation of alpha-beta T cell activation,1.0,1.0,False,0,120,17,6000,0.0,0.0028333333333333335,0.0,,
dna_repair_biased,BP,GO:0046636,negative regulation of alpha-beta T cell activation,0.2154596450610039,1.0,False,1,120,12,6000,0.008333333333333333,0.002,4.166666666666667,3146,3146
dna_repair_biased,BP,GO:0046637,regulation of alpha-beta T cell differentiation,0.3462124237427534,1.0,False,1,120,21,6000,0.008333333333333333,0.0035,2.380952380952381,3146,3146
dna_repair_biased,BP,GO:0046638,positive regulation of alpha-beta T cell differentiation,1.0,1.0,False,0,120,15,6000,0.0,0.0025,0.0,,
dna_repair_biased,BP,GO:0046651,lymphocyte proliferation,1.0,1.0,False,0,120,13,6000,0.0,0.0021666666666666666,0.0,,
dna_repair_biased,BP,GO:0046660,female sex differentiation,1.0,1.0,False,0,120,17,6000,0.0,0.0028333333333333335,0.0,,
dna_repair_biased,BP,GO:0046661,male sex differentiation,1.0,1.0,False,0,120,26,6000,0.0,0.004333333333333333,0.0,,
dna_repair_biased,BP,GO:0046676,negative regulation of insulin secretion,1.0,1.0,False,0,120,10,6000,0.0,0.0016666666666666668,0.0,,
dna_repair_biased,BP,GO:0046683,response to organophosphorus,1.0,1.0,False,0,120,36,6000,0.0,0.006,0.0,,
dna_repair_biased,BP,GO:0046686,response to cadmium ion,1.0,1.0,False,0,120,12,6000,0.0,0.002,0.0,,
dna_repair_biased,BP,GO:0046718,symbiont entry into host cell,1.0,1.0,False,0,120,23,6000,0.0,0.003833333333333333,0.0,,
dna_repair_biased,BP,GO:0046777,protein autophosphorylation,1.0,1.0,False,0,120,25,6000,0.0,0.004166666666666667,0.0,,
dna_repair_biased,BP,GO:0046785,microtubule polymerization,1.0,1.0,False,0,120,12,6000,0.0,0.002,0.0,,
dna_repair_biased,BP,GO:0046824,positive regulation of nucleocytoplasmic transport,0.24659164652108712,1.0,False,1,120,14,6000,0.008333333333333333,0.0023333333333333335,3.571428571428571,51366,51366
dna_repair_biased,BP,GO:0046825,regulation of protein export from nucleus,1.0,1.0,False,0,120,10,6000,0.0,0.0016666666666666668,0.0,,
dna_repair_biased,BP,GO:0046839,phospholipid dephosphorylation,1.0,1.0,False,0,120,10,6000,0.0,0.0016666666666666668,0.0,,
dna_repair_biased,BP,GO:0046854,phosphatidylinositol phosphate biosynthetic process,0.1994186086676354,1.0,False,1,120,11,6000,0.008333333333333333,0.0018333333333333333,4.545454545454546,30849,30849
dna_repair_biased,BP,GO:0046879,hormone secretion,1.0,1.0,False,0,120,14,6000,0.0,0.0023333333333333335,0.0,,
dna_repair_biased,BP,GO:0046883,regulation of hormone secretion,0.1739723461489446,1.0,False,3,120,72,6000,0.025,0.012,2.0833333333333335,1408;11069;56262,11069;1408;56262
dna_repair_biased,BP,GO:0046887,positive regulation of hormone secretion,0.19748770406178495,1.0,False,2,120,41,6000,0.016666666666666666,0.006833333333333334,2.4390243902439024,11069;56262,11069;56262
dna_repair_biased,BP,GO:0046888,negative regulation of hormone secretion,0.2910068882529308,1.0,False,1,120,17,6000,0.008333333333333333,0.0028333333333333335,2.941176470588235,1408,1408
dna_repair_biased,BP,GO:0046889,positive regulation of lipid biosynthetic process,1.0,1.0,False,0,120,34,6000,0.0,0.005666666666666667,0.0,,
dna_repair_biased,BP,GO:0046890,regulation of lipid biosynthetic process,1.0,1.0,False,0,120,68,6000,0.0,0.011333333333333334,0.0,,
dna_repair_biased,BP,GO:0046902,regulation of mitochondrial membrane permeability,1.0,1.0,False,0,120,19,6000,0.0,0.0031666666666666666,0.0,,
dna_repair_biased,BP,GO:0046903,secretion,0.8981357738459848,1.0,False,1,120,112,6000,0.008333333333333333,0.018666666666666668,0.4464285714285714,6861,6861
dna_repair_biased,BP,GO:0046907,intracellular transport,0.5957032003428113,1.0,False,7,120,363,6000,0.058333333333333334,0.0605,0.9641873278236915,4869;6421;29890;30849;55317;126549;151636,126549;151636;29890;30849;4869;55317;6421
dna_repair_biased,BP,GO:0046928,regulation of neurotransmitter secretion,0.3721945741838406,1.0,False,1,120,23,6000,0.008333333333333333,0.003833333333333333,2.1739130434782608,6861,6861
dna_repair_biased,BP,GO:0046942,carboxylic acid transport,0.8431582686902698,1.0,False,1,120,91,6000,0.008333333333333333,0.015166666666666667,0.5494505494505494,56262,56262
dna_repair_biased,BP,GO:0047496,vesicle transport along microtubule,1.0,1.0,False,0,120,16,6000,0.0,0.0026666666666666666,0.0,,
dna_repair_biased,BP,GO:0048002,antigen processing and presentation of peptide antigen,1.0,1.0,False,0,120,25,6000,0.0,0.004166666666666667,0.0,,
dna_repair_biased,BP,GO:0048013,ephrin receptor signaling pathway,1.0,1.0,False,0,120,19,6000,0.0,0.0031666666666666666,0.0,,
dna_repair_biased,BP,GO:0048024,"regulation of mRNA splicing, via spliceosome",0.3847989996645063,1.0,False,1,120,24,6000,0.008333333333333333,0.004,2.0833333333333335,29890,29890
dna_repair_biased,BP,GO:0048048,embryonic eye morphogenesis,1.0,1.0,False,0,120,10,6000,0.0,0.0016666666666666668,0.0,,
dna_repair_biased,BP,GO:0048066,developmental pigmentation,1.0,1.0,False,0,120,10,6000,0.0,0.0016666666666666668,0.0,,
dna_repair_biased,BP,GO:0048145,regulation of fibroblast proliferation,1.0,1.0,False,0,120,17,6000,0.0,0.0028333333333333335,0.0,,
dna_repair_biased,BP,GO:0048146,positive regulation of fibroblast proliferation,1.0,1.0,False,0,120,14,6000,0.0,0.0023333333333333335,0.0,,
dna_repair_biased,BP,GO:0048167,regulation of synaptic plasticity,1.0,1.0,False,0,120,51,6000,0.0,0.0085,0.0,,
dna_repair_biased,BP,GO:0048168,regulation of neuronal synaptic plasticity,1.0,1.0,False,0,120,17,6000,0.0,0.0028333333333333335,0.0,,
dna_repair_biased,BP,GO:0048193,Golgi vesicle transport,1.0,1.0,False,0,120,97,6000,0.0,0.016166666666666666,0.0,,
dna_repair_biased,BP,GO:0048208,COPII vesicle coat assembly,1.0,1.0,False,0,120,10,6000,0.0,0.0016666666666666668,0.0,,
dna_repair_biased,BP,GO:0048240,sperm capacitation,1.0,1.0,False,0,120,11,6000,0.0,0.0018333333333333333,0.0,,
dna_repair_biased,BP,GO:0048247,lymphocyte chemotaxis,1.0,1.0,False,0,120,11,6000,0.0,0.0018333333333333333,0.0,,
dna_repair_biased,BP,GO:0048255,mRNA stabilization,1.0,1.0,False,0,120,25,6000,0.0,0.004166666666666667,0.0,,
dna_repair_biased,BP,GO:0048259,regulation of receptor-mediated endocytosis,1.0,1.0,False,0,120,41,6000,0.0,0.006833333333333334,0.0,,
dna_repair_biased,BP,GO:0048260,positive regulation of receptor-mediated endocytosis,1.0,1.0,False,0,120,15,6000,0.0,0.0025,0.0,,
dna_repair_biased,BP,GO:0048261,negative regulation of receptor-mediated endocytosis,1.0,1.0,False,0,120,10,6000,0.0,0.0016666666666666668,0.0,,
dna_repair_biased,BP,GO:0048284,organelle fusion,0.5178253555419259,1.0,False,1,120,36,6000,0.008333333333333333,0.006,1.3888888888888888,9874,9874
dna_repair_biased,BP,GO:0048468,cell development,0.58510926211138,1.0,False,10,120,514,6000,0.08333333333333333,0.08566666666666667,0.9727626459143968,58;2074;3146;4869;5688;5692;6091;56262;81570;374864,2074;3146;374864;4869;56262;5688;5692;58;6091;81570
dna_repair_biased,BP,GO:0048469,cell maturation,1.0,1.0,False,0,120,32,6000,0.0,0.005333333333333333,0.0,,
dna_repair_biased,BP,GO:0048477,oogenesis,1.0,1.0,False,0,120,16,6000,0.0,0.0026666666666666666,0.0,,
dna_repair_biased,BP,GO:0048483,autonomic nervous system development,1.0,1.0,False,0,120,10,6000,0.0,0.0016666666666666668,0.0,,
dna_repair_biased,BP,GO:0048488,synaptic vesicle endocytosis,1.0,1.0,False,0,120,15,6000,0.0,0.0025,0.0,,
dna_repair_biased,BP,GO:0048489,synaptic vesicle transport,1.0,1.0,False,0,120,15,6000,0.0,0.0025,0.0,,
dna_repair_biased,BP,GO:0048513,animal organ development,0.6320915109424106,1.0,False,11,120,585,6000,0.09166666666666666,0.0975,0.94017094017094,58;2138;4171;5426;5810;6091;8091;9149;25836;55734;85015,2138;25836;4171;5426;55734;58;5810;6091;8091;85015;9149
dna_repair_biased,BP,GO:0048514,blood vessel morphogenesis,0.7952806350279045,1.0,False,1,120,78,6000,0.008333333333333333,0.013,0.6410256410256411,6091,6091
dna_repair_biased,BP,GO:0048515,spermatid differentiation,0.738345065927039,1.0,False,1,120,66,6000,0.008333333333333333,0.011,0.7575757575757576,374864,374864
dna_repair_biased,BP,GO:0048524,positive regulation of viral process,0.2154596450610039,1.0,False,1,120,12,6000,0.008333333333333333,0.002,4.166666666666667,3146,3146
dna_repair_biased,BP,GO:0048525,negative regulation of viral process,0.2910068882529308,1.0,False,1,120,17,6000,0.008333333333333333,0.0028333333333333335,2.941176470588235,8091,8091
dna_repair_biased,BP,GO:0048534,hematopoietic or lymphoid organ development,1.0,1.0,False,0,120,13,6000,0.0,0.0021666666666666666,0.0,,
dna_repair_biased,BP,GO:0048545,response to steroid hormone,0.49132197310671044,1.0,False,2,120,82,6000,0.016666666666666666,0.013666666666666667,1.2195121951219512,9325;51366,51366;9325
dna_repair_biased,BP,GO:0048546,digestive tract morphogenesis,0.1994186086676354,1.0,False,1,120,11,6000,0.008333333333333333,0.0018333333333333333,4.545454545454546,25836,25836
dna_repair_biased,BP,GO:0048562,embryonic organ morphogenesis,0.28657673455832383,1.0,False,2,120,53,6000,0.016666666666666666,0.008833333333333334,1.8867924528301885,2138;25836,2138;25836
dna_repair_biased,BP,GO:0048565,digestive tract development,0.4441539425635324,1.0,False,1,120,29,6000,0.008333333333333333,0.004833333333333334,1.7241379310344827,25836,25836
dna_repair_biased,BP,GO:0048568,embryonic organ development,0.23067293857109958,1.0,False,3,120,83,6000,0.025,0.013833333333333333,1.8072289156626509,2138;5426;25836,2138;25836;5426
dna_repair_biased,BP,GO:0048588,developmental cell growth,1.0,1.0,False,0,120,27,6000,0.0,0.0045,0.0,,
dna_repair_biased,BP,GO:0048589,developmental growth,0.35305657671746016,1.0,False,2,120,62,6000,0.016666666666666666,0.010333333333333333,1.6129032258064515,4683;25836,25836;4683
dna_repair_biased,BP,GO:0048592,eye morphogenesis,0.5370351507111182,1.0,False,1,120,38,6000,0.008333333333333333,0.006333333333333333,1.3157894736842106,25836,25836
dna_repair_biased,BP,GO:0048593,camera-type eye morphogenesis,1.0,1.0,False,0,120,32,6000,0.0,0.005333333333333333,0.0,,
dna_repair_biased,BP,GO:0048598,embryonic morphogenesis,0.31223735133854136,1.0,False,3,120,98,6000,0.025,0.01633333333333333,1.5306122448979593,2138;8091;25836,2138;25836;8091
dna_repair_biased,BP,GO:0048608,reproductive structure development,0.6065742923968529,1.0,False,1,120,46,6000,0.008333333333333333,0.007666666666666666,1.0869565217391304,25836,25836
dna_repair_biased,BP,GO:0048634,regulation of muscle organ development,1.0,1.0,False,0,120,11,6000,0.0,0.0018333333333333333,0.0,,
dna_repair_biased,BP,GO:0048638,regulation of developmental growth,0.738345065927039,1.0,False,1,120,66,6000,0.008333333333333333,0.011,0.7575757575757576,25836,25836
dna_repair_biased,BP,GO:0048639,positive regulation of developmental growth,1.0,1.0,False,0,120,36,6000,0.0,0.006,0.0,,
dna_repair_biased,BP,GO:0048640,negative regulation of developmental growth,1.0,1.0,False,0,120,19,6000,0.0,0.0031666666666666666,0.0,,
dna_repair_biased,BP,GO:0048644,muscle organ morphogenesis,1.0,1.0,False,0,120,16,6000,0.0,0.0026666666666666666,0.0,,
dna_repair_biased,BP,GO:0048646,anatomical structure formation involved in morphogenesis,0.7044026104854555,1.0,False,3,120,180,6000,0.025,0.03,0.8333333333333334,58;6091;8091,58;6091;8091
dna_repair_biased,BP,GO:0048660,regulation of smooth muscle cell proliferation,1.0,1.0,False,0,120,36,6000,0.0,0.006,0.0,,
dna_repair_biased,BP,GO:0048661,positive regulation of smooth muscle cell proliferation,1.0,1.0,False,0,120,23,6000,0.0,0.003833333333333333,0.0,,
dna_repair_biased,BP,GO:0048662,negative regulation of smooth muscle cell proliferation,1.0,1.0,False,0,120,13,6000,0.0,0.0021666666666666666,0.0,,
dna_repair_biased,BP,GO:0048666,neuron development,0.784174988464477,1.0,False,3,120,205,6000,0.025,0.034166666666666665,0.7317073170731708,2074;3146;6091,2074;3146;6091
dna_repair_biased,BP,GO:0048667,cell morphogenesis involved in neuron differentiation,0.8799099852513991,1.0,False,1,120,104,6000,0.008333333333333333,0.017333333333333333,0.4807692307692308,6091,6091
dna_repair_biased,BP,GO:0048675,axon extension,1.0,1.0,False,0,120,14,6000,0.0,0.0023333333333333335,0.0,,
dna_repair_biased,BP,GO:0048678,response to axon injury,1.0,1.0,False,0,120,12,6000,0.0,0.002,0.0,,
dna_repair_biased,BP,GO:0048699,generation of neurons,0.9340611659383897,1.0,False,3,120,289,6000,0.025,0.04816666666666667,0.5190311418685121,2074;3146;6091,2074;3146;6091
dna_repair_biased,BP,GO:0048704,embryonic skeletal system morphogenesis,0.27649816154596496,1.0,False,1,120,16,6000,0.008333333333333333,0.0026666666666666666,3.125,25836,25836
dna_repair_biased,BP,GO:0048705,skeletal system morphogenesis,0.4441539425635324,1.0,False,1,120,29,6000,0.008333333333333333,0.004833333333333334,1.7241379310344827,25836,25836
dna_repair_biased,BP,GO:0048706,embryonic skeletal system development,0.42112605589102525,1.0,False,1,120,27,6000,0.008333333333333333,0.0045,1.8518518518518519,25836,25836
dna_repair_biased,BP,GO:0048709,oligodendrocyte differentiation,1.0,1.0,False,0,120,13,6000,0.0,0.0021666666666666666,0.0,,
dna_repair_biased,BP,GO:0048710,regulation of astrocyte differentiation,1.0,1.0,False,0,120,10,6000,0.0,0.0016666666666666668,0.0,,
dna_repair_biased,BP,GO:0048729,tissue morphogenesis,0.31774864908629624,1.0,False,3,120,99,6000,0.025,0.0165,1.5151515151515151,58;6091;8091,58;6091;8091
dna_repair_biased,BP,GO:0048731,system development,0.9666897529685604,1.0,False,10,120,797,6000,0.08333333333333333,0.13283333333333333,0.6273525721455457,2074;3146;4683;5810;6091;8091;25836;78996;85015;165918,165918;2074;25836;3146;4683;5810;6091;78996;8091;85015
dna_repair_biased,BP,GO:0048732,gland development,1.0,1.0,False,0,120,58,6000,0.0,0.009666666666666667,0.0,,
dna_repair_biased,BP,GO:0048736,appendage development,0.3721945741838406,1.0,False,1,120,23,6000,0.008333333333333333,0.003833333333333333,2.1739130434782608,25836,25836
dna_repair_biased,BP,GO:0048738,cardiac muscle tissue development,1.0,1.0,False,0,120,34,6000,0.0,0.005666666666666667,0.0,,
dna_repair_biased,BP,GO:0048753,pigment granule organization,1.0,1.0,False,0,120,11,6000,0.0,0.0018333333333333333,0.0,,
dna_repair_biased,BP,GO:0048754,branching morphogenesis of an epithelial tube,1.0,1.0,False,0,120,17,6000,0.0,0.0028333333333333335,0.0,,
dna_repair_biased,BP,GO:0048762,mesenchymal cell differentiation,0.21955741586889918,1.0,False,2,120,44,6000,0.016666666666666666,0.007333333333333333,2.272727272727273,8091;55734,55734;8091
dna_repair_biased,BP,GO:0048771,tissue remodeling,1.0,1.0,False,0,120,14,6000,0.0,0.0023333333333333335,0.0,,
dna_repair_biased,BP,GO:0048806,genitalia development,0.18305237920257855,1.0,False,1,120,10,6000,0.008333333333333333,0.0016666666666666668,5.0,25836,25836
dna_repair_biased,BP,GO:0048812,neuron projection morphogenesis,0.9171052424703762,1.0,False,1,120,122,6000,0.008333333333333333,0.02033333333333333,0.4098360655737705,6091,6091
dna_repair_biased,BP,GO:0048813,dendrite morphogenesis,1.0,1.0,False,0,120,14,6000,0.0,0.0023333333333333335,0.0,,
dna_repair_biased,BP,GO:0048814,regulation of dendrite morphogenesis,1.0,1.0,False,0,120,19,6000,0.0,0.0031666666666666666,0.0,,
dna_repair_biased,BP,GO:0048844,artery morphogenesis,1.0,1.0,False,0,120,17,6000,0.0,0.0028333333333333335,0.0,,
dna_repair_biased,BP,GO:0048856,anatomical structure development,0.5733907085470928,1.0,False,24,120,1220,6000,0.2,0.20333333333333334,0.9836065573770492,58;2074;2138;3146;4171;4683;4869;5426;5688;5692;5810;6091;8091;9149;25836;25988;55734;56262;78996;81570;85015;165918;200558;374864,165918;200558;2074;2138;25836;25988;3146;374864;4171;4683;4869;5426;55734;56262;5688;5692;58;5810;6091;78996;8091;81570;85015;9149
dna_repair_biased,BP,GO:0048857,neural nucleus development,0.1994186086676354,1.0,False,1,120,11,6000,0.008333333333333333,0.0018333333333333333,4.545454545454546,5810,5810
dna_repair_biased,BP,GO:0048858,cell projection morphogenesis,0.9171052424703762,1.0,False,1,120,122,6000,0.008333333333333333,0.02033333333333333,0.4098360655737705,6091,6091
dna_repair_biased,BP,GO:0048863,stem cell differentiation,0.49782540333012903,1.0,False,1,120,34,6000,0.008333333333333333,0.005666666666666667,1.4705882352941175,8091,8091
dna_repair_biased,BP,GO:0048864,stem cell development,1.0,1.0,False,0,120,17,6000,0.0,0.0028333333333333335,0.0,,
dna_repair_biased,BP,GO:0048869,cellular developmental process,0.767097283275467,1.0,False,14,120,813,6000,0.11666666666666667,0.1355,0.8610086100861009,58;2074;2138;3146;4869;5688;5692;6091;8091;25988;55734;56262;81570;374864,2074;2138;25988;3146;374864;4869;55734;56262;5688;5692;58;6091;8091;81570
dna_repair_biased,BP,GO:0048870,cell motility,0.7105957283194908,1.0,False,5,120,295,6000,0.041666666666666664,0.049166666666666664,0.847457627118644,3146;5688;5692;6091;85015,3146;5688;5692;6091;85015
dna_repair_biased,BP,GO:0048871,multicellular organismal-level homeostasis,0.3664426642990365,1.0,False,4,120,153,6000,0.03333333333333333,0.0255,1.3071895424836601,3146;5688;5692;85015,3146;5688;5692;85015
dna_repair_biased,BP,GO:0048878,chemical homeostasis,0.8673237503793623,1.0,False,3,120,241,6000,0.025,0.04016666666666667,0.6224066390041494,1408;10463;56262,10463;1408;56262
dna_repair_biased,BP,GO:0048880,sensory system development,0.4717120338562029,1.0,False,2,120,79,6000,0.016666666666666666,0.013166666666666667,1.2658227848101264,25836;85015,25836;85015
dna_repair_biased,BP,GO:0050000,chromosome localization,1.0,1.0,False,0,120,34,6000,0.0,0.005666666666666667,0.0,,
dna_repair_biased,BP,GO:0050654,chondroitin sulfate proteoglycan metabolic process,1.0,1.0,False,0,120,11,6000,0.0,0.0018333333333333333,0.0,,
dna_repair_biased,BP,GO:0050657,nucleic acid transport,0.4770030767532584,1.0,False,1,120,32,6000,0.008333333333333333,0.005333333333333333,1.5625,29890,29890
dna_repair_biased,BP,GO:0050658,RNA transport,0.4770030767532584,1.0,False,1,120,32,6000,0.008333333333333333,0.005333333333333333,1.5625,29890,29890
dna_repair_biased,BP,GO:0050670,regulation of lymphocyte proliferation,0.7588819051605297,1.0,False,1,120,70,6000,0.008333333333333333,0.011666666666666667,0.7142857142857142,3146,3146
dna_repair_biased,BP,GO:0050671,positive regulation of lymphocyte proliferation,0.6065742923968529,1.0,False,1,120,46,6000,0.008333333333333333,0.007666666666666666,1.0869565217391304,3146,3146
dna_repair_biased,BP,GO:0050672,negative regulation of lymphocyte proliferation,1.0,1.0,False,0,120,19,6000,0.0,0.0031666666666666666,0.0,,
dna_repair_biased,BP,GO:0050673,epithelial cell proliferation,0.397152433406183,1.0,False,1,120,25,6000,0.008333333333333333,0.004166666666666667,2.0,3146,3146
dna_repair_biased,BP,GO:0050678,regulation of epithelial cell proliferation,0.45166262380092165,1.0,False,2,120,76,6000,0.016666666666666666,0.012666666666666666,1.3157894736842106,3146;6091,3146;6091
dna_repair_biased,BP,GO:0050679,positive regulation of epithelial cell proliferation,0.5818029618000387,1.0,False,1,120,43,6000,0.008333333333333333,0.007166666666666667,1.1627906976744187,3146,3146
dna_repair_biased,BP,GO:0050680,negative regulation of epithelial cell proliferation,0.4553248564627744,1.0,False,1,120,30,6000,0.008333333333333333,0.005,1.6666666666666665,6091,6091
dna_repair_biased,BP,GO:0050684,regulation of mRNA processing,0.4553248564627744,1.0,False,1,120,30,6000,0.008333333333333333,0.005,1.6666666666666665,29890,29890
dna_repair_biased,BP,GO:0050708,regulation of protein secretion,0.3747912063033416,1.0,False,2,120,65,6000,0.016666666666666666,0.010833333333333334,1.5384615384615383,11069;56262,11069;56262
dna_repair_biased,BP,GO:0050709,negative regulation of protein secretion,1.0,1.0,False,0,120,16,6000,0.0,0.0026666666666666666,0.0,,
dna_repair_biased,BP,GO:0050714,positive regulation of protein secretion,0.18293925793062543,1.0,False,2,120,39,6000,0.016666666666666666,0.0065,2.5641025641025643,11069;56262,11069;56262
dna_repair_biased,BP,GO:0050727,regulation of inflammatory response,0.7271981011312407,1.0,False,2,120,127,6000,0.016666666666666666,0.021166666666666667,0.7874015748031495,4792;5692,4792;5692
dna_repair_biased,BP,GO:0050728,negative regulation of inflammatory response,0.6588586485892609,1.0,False,1,120,53,6000,0.008333333333333333,0.008833333333333334,0.9433962264150942,5692,5692
dna_repair_biased,BP,GO:0050729,positive regulation of inflammatory response,0.6790989845902964,1.0,False,1,120,56,6000,0.008333333333333333,0.009333333333333334,0.8928571428571428,4792,4792
dna_repair_biased,BP,GO:0050730,regulation of peptidyl-tyrosine phosphorylation,1.0,1.0,False,0,120,26,6000,0.0,0.004333333333333333,0.0,,
dna_repair_biased,BP,GO:0050731,positive regulation of peptidyl-tyrosine phosphorylation,1.0,1.0,False,0,120,18,6000,0.0,0.003,0.0,,
dna_repair_biased,BP,GO:0050732,negative regulation of peptidyl-tyrosine phosphorylation,1.0,1.0,False,0,120,10,6000,0.0,0.0016666666666666668,0.0,,
dna_repair_biased,BP,GO:0050764,regulation of phagocytosis,0.4327558689318889,1.0,False,1,120,28,6000,0.008333333333333333,0.004666666666666667,1.7857142857142856,3146,3146
dna_repair_biased,BP,GO:0050766,positive regulation of phagocytosis,1.0,1.0,False,0,120,21,6000,0.0,0.0035,0.0,,
dna_repair_biased,BP,GO:0050767,regulation of neurogenesis,0.8262235218847124,1.0,False,1,120,86,6000,0.008333333333333333,0.014333333333333333,0.5813953488372093,6091,6091
dna_repair_biased,BP,GO:0050768,negative regulation of neurogenesis,1.0,1.0,False,0,120,27,6000,0.0,0.0045,0.0,,
dna_repair_biased,BP,GO:0050769,positive regulation of neurogenesis,0.6855774707694965,1.0,False,1,120,57,6000,0.008333333333333333,0.0095,0.8771929824561404,6091,6091
dna_repair_biased,BP,GO:0050770,regulation of axonogenesis,0.5554857542944451,1.0,False,1,120,40,6000,0.008333333333333333,0.006666666666666667,1.25,6091,6091
dna_repair_biased,BP,GO:0050771,negative regulation of axonogenesis,1.0,1.0,False,0,120,11,6000,0.0,0.0018333333333333333,0.0,,
dna_repair_biased,BP,GO:0050772,positive regulation of axonogenesis,0.3593341011387844,1.0,False,1,120,22,6000,0.008333333333333333,0.0036666666666666666,2.272727272727273,6091,6091
dna_repair_biased,BP,GO:0050773,regulation of dendrite development,1.0,1.0,False,0,120,32,6000,0.0,0.005333333333333333,0.0,,
dna_repair_biased,BP,GO:0050775,positive regulation of dendrite morphogenesis,1.0,1.0,False,0,120,12,6000,0.0,0.002,0.0,,
dna_repair_biased,BP,GO:0050777,negative regulation of immune response,0.3891190669621152,1.0,False,2,120,67,6000,0.016666666666666666,0.011166666666666667,1.4925373134328357,5692;10039,10039;5692
dna_repair_biased,BP,GO:0050778,positive regulation of immune response,0.33103755727867035,1.0,False,5,120,190,6000,0.041666666666666664,0.03166666666666667,1.3157894736842104,3146;4792;6421;81570;84787,3146;4792;6421;81570;84787
dna_repair_biased,BP,GO:0050779,RNA destabilization,1.0,1.0,False,0,120,27,6000,0.0,0.0045,0.0,,
dna_repair_biased,BP,GO:0050795,regulation of behavior,1.0,1.0,False,0,120,22,6000,0.0,0.0036666666666666666,0.0,,
dna_repair_biased,BP,GO:0050796,regulation of insulin secretion,0.23438750474143355,1.0,False,2,120,46,6000,0.016666666666666666,0.007666666666666666,2.1739130434782608,11069;56262,11069;56262
dna_repair_biased,BP,GO:0050801,monoatomic ion homeostasis,0.9311585058221703,1.0,False,1,120,131,6000,0.008333333333333333,0.021833333333333333,0.3816793893129771,10463,10463
dna_repair_biased,BP,GO:0050803,regulation of synapse structure or activity,0.8431582686902698,1.0,False,1,120,91,6000,0.008333333333333333,0.015166666666666667,0.5494505494505494,1108,1108
dna_repair_biased,BP,GO:0050804,modulation of chemical synaptic transmission,0.7921340118285074,1.0,False,2,120,145,6000,0.016666666666666666,0.024166666666666666,0.6896551724137931,1137;6861,1137;6861
dna_repair_biased,BP,GO:0050806,positive regulation of synaptic transmission,1.0,1.0,False,0,120,37,6000,0.0,0.006166666666666667,0.0,,
dna_repair_biased,BP,GO:0050807,regulation of synapse organization,0.8431582686902698,1.0,False,1,120,91,6000,0.008333333333333333,0.015166666666666667,0.5494505494505494,1108,1108
dna_repair_biased,BP,GO:0050808,synapse organization,0.8799099852513991,1.0,False,1,120,104,6000,0.008333333333333333,0.017333333333333333,0.4807692307692308,1108,1108
dna_repair_biased,BP,GO:0050810,regulation of steroid biosynthetic process,1.0,1.0,False,0,120,30,6000,0.0,0.005,0.0,,
dna_repair_biased,BP,GO:0050817,coagulation,1.0,1.0,False,0,120,41,6000,0.0,0.006833333333333334,0.0,,
dna_repair_biased,BP,GO:0050818,regulation of coagulation,1.0,1.0,False,0,120,21,6000,0.0,0.0035,0.0,,
dna_repair_biased,BP,GO:0050819,negative regulation of coagulation,1.0,1.0,False,0,120,14,6000,0.0,0.0023333333333333335,0.0,,
dna_repair_biased,BP,GO:0050821,protein stabilization,0.18397678470757303,1.0,False,3,120,74,6000,0.025,0.012333333333333333,2.027027027027027,7320;10856;29997,10856;29997;7320
dna_repair_biased,BP,GO:0050829,defense response to Gram-negative bacterium,1.0,1.0,False,0,120,40,6000,0.0,0.006666666666666667,0.0,,
dna_repair_biased,BP,GO:0050830,defense response to Gram-positive bacterium,1.0,1.0,False,0,120,38,6000,0.0,0.006333333333333333,0.0,,
dna_repair_biased,BP,GO:0050832,defense response to fungus,1.0,1.0,False,0,120,15,6000,0.0,0.0025,0.0,,
dna_repair_biased,BP,GO:0050848,regulation of calcium-mediated signaling,1.0,1.0,False,0,120,29,6000,0.0,0.004833333333333334,0.0,,
dna_repair_biased,BP,GO:0050850,positive regulation of calcium-mediated signaling,1.0,1.0,False,0,120,17,6000,0.0,0.0028333333333333335,0.0,,
dna_repair_biased,BP,GO:0050851,antigen receptor-mediated signaling pathway,0.5275270586497346,1.0,False,1,120,37,6000,0.008333333333333333,0.006166666666666667,1.3513513513513513,4792,4792
dna_repair_biased,BP,GO:0050852,T cell receptor signaling pathway,1.0,1.0,False,0,120,26,6000,0.0,0.004333333333333333,0.0,,
dna_repair_biased,BP,GO:0050853,B cell receptor signaling pathway,0.24659164652108712,1.0,False,1,120,14,6000,0.008333333333333333,0.0023333333333333335,3.571428571428571,4792,4792
dna_repair_biased,BP,GO:0050854,regulation of antigen receptor-mediated signaling pathway,0.3721945741838406,1.0,False,1,120,23,6000,0.008333333333333333,0.003833333333333333,2.1739130434782608,4068,4068
dna_repair_biased,BP,GO:0050856,regulation of T cell receptor signaling pathway,0.3191643119150053,1.0,False,1,120,19,6000,0.008333333333333333,0.0031666666666666666,2.6315789473684212,4068,4068
dna_repair_biased,BP,GO:0050858,negative regulation of antigen receptor-mediated signaling pathway,0.24659164652108712,1.0,False,1,120,14,6000,0.008333333333333333,0.0023333333333333335,3.571428571428571,4068,4068
dna_repair_biased,BP,GO:0050860,negative regulation of T cell receptor signaling pathway,0.1994186086676354,1.0,False,1,120,11,6000,0.008333333333333333,0.0018333333333333333,4.545454545454546,4068,4068
dna_repair_biased,BP,GO:0050863,regulation of T cell activation,0.47956591529752424,1.0,False,3,120,129,6000,0.025,0.0215,1.1627906976744187,3146;5688;5692,3146;5688;5692
dna_repair_biased,BP,GO:0050865,regulation of cell activation,0.3670571608543478,1.0,False,5,120,199,6000,0.041666666666666664,0.033166666666666664,1.256281407035176,3146;5688;5692;10039;84787,10039;3146;5688;5692;84787
dna_repair_biased,BP,GO:0050867,positive regulation of cell activation,0.702059930694292,1.0,False,2,120,121,6000,0.016666666666666666,0.020166666666666666,0.8264462809917356,3146;84787,3146;84787
dna_repair_biased,BP,GO:0050870,positive regulation of T cell activation,0.8226250443396159,1.0,False,1,120,85,6000,0.008333333333333333,0.014166666666666666,0.5882352941176471,3146,3146
dna_repair_biased,BP,GO:0050871,positive regulation of B cell activation,0.2910068882529308,1.0,False,1,120,17,6000,0.008333333333333333,0.0028333333333333335,2.941176470588235,84787,84787
dna_repair_biased,BP,GO:0050877,nervous system process,0.9168118148829754,1.0,False,4,120,341,6000,0.03333333333333333,0.05683333333333333,0.5865102639296188,1137;2138;25836;219875,1137;2138;219875;25836
dna_repair_biased,BP,GO:0050878,regulation of body fluid levels,1.0,1.0,False,0,120,84,6000,0.0,0.014,0.0,,
dna_repair_biased,BP,GO:0050879,multicellular organismal movement,1.0,1.0,False,0,120,15,6000,0.0,0.0025,0.0,,
dna_repair_biased,BP,GO:0050881,musculoskeletal movement,1.0,1.0,False,0,120,14,6000,0.0,0.0023333333333333335,0.0,,
dna_repair_biased,BP,GO:0050890,cognition,0.41033742113857935,1.0,False,2,120,70,6000,0.016666666666666666,0.011666666666666667,1.4285714285714284,1137;25836,1137;25836
dna_repair_biased,BP,GO:0050891,multicellular organismal-level water homeostasis,1.0,1.0,False,0,120,10,6000,0.0,0.0016666666666666668,0.0,,
dna_repair_biased,BP,GO:0050900,leukocyte migration,0.7732279211339425,1.0,False,1,120,73,6000,0.008333333333333333,0.012166666666666666,0.6849315068493151,3146,3146
dna_repair_biased,BP,GO:0050905,neuromuscular process,1.0,1.0,False,0,120,28,6000,0.0,0.004666666666666667,0.0,,
dna_repair_biased,BP,GO:0050906,detection of stimulus involved in sensory perception,0.9637753907728033,1.0,False,1,120,162,6000,0.008333333333333333,0.027,0.30864197530864196,219875,219875
dna_repair_biased,BP,GO:0050907,detection of chemical stimulus involved in sensory perception,0.9473866171018214,1.0,False,1,120,144,6000,0.008333333333333333,0.024,0.3472222222222222,219875,219875
dna_repair_biased,BP,GO:0050909,sensory perception of taste,1.0,1.0,False,0,120,24,6000,0.0,0.004,0.0,,
dna_repair_biased,BP,GO:0050911,detection of chemical stimulus involved in sensory perception of smell,0.9236716036031679,1.0,False,1,120,126,6000,0.008333333333333333,0.021,0.3968253968253968,219875,219875
dna_repair_biased,BP,GO:0050912,detection of chemical stimulus involved in sensory perception of taste,1.0,1.0,False,0,120,18,6000,0.0,0.003,0.0,,
dna_repair_biased,BP,GO:0050913,sensory perception of bitter taste,1.0,1.0,False,0,120,15,6000,0.0,0.0025,0.0,,
dna_repair_biased,BP,GO:0050918,positive chemotaxis,0.3462124237427534,1.0,False,1,120,21,6000,0.008333333333333333,0.0035,2.380952380952381,3146,3146
dna_repair_biased,BP,GO:0050919,negative chemotaxis,0.27649816154596496,1.0,False,1,120,16,6000,0.008333333333333333,0.0026666666666666666,3.125,6091,6091
dna_repair_biased,BP,GO:0050920,regulation of chemotaxis,0.33842504355868663,1.0,False,2,120,60,6000,0.016666666666666666,0.01,1.6666666666666665,3146;6091,3146;6091
dna_repair_biased,BP,GO:0050921,positive regulation of chemotaxis,0.5984832752739089,1.0,False,1,120,45,6000,0.008333333333333333,0.0075,1.1111111111111112,3146,3146
dna_repair_biased,BP,GO:0050922,negative regulation of chemotaxis,0.23118189666298758,1.0,False,1,120,13,6000,0.008333333333333333,0.0021666666666666666,3.8461538461538463,6091,6091
dna_repair_biased,BP,GO:0050953,sensory perception of light stimulus,1.0,1.0,False,0,120,33,6000,0.0,0.0055,0.0,,
dna_repair_biased,BP,GO:0050954,sensory perception of mechanical stimulus,0.1685640436608267,1.0,False,2,120,37,6000,0.016666666666666666,0.006166666666666667,2.7027027027027026,2138;25836,2138;25836
dna_repair_biased,BP,GO:0050994,regulation of lipid catabolic process,1.0,1.0,False,0,120,18,6000,0.0,0.003,0.0,,
dna_repair_biased,BP,GO:0051017,actin filament bundle assembly,1.0,1.0,False,0,120,14,6000,0.0,0.0023333333333333335,0.0,,
dna_repair_biased,BP,GO:0051028,mRNA transport,0.3721945741838406,1.0,False,1,120,23,6000,0.008333333333333333,0.003833333333333333,2.1739130434782608,29890,29890
dna_repair_biased,BP,GO:0051046,regulation of secretion,0.18766630347419894,1.0,False,5,120,152,6000,0.041666666666666664,0.025333333333333333,1.644736842105263,1137;1408;6861;11069;56262,11069;1137;1408;56262;6861
dna_repair_biased,BP,GO:0051047,positive regulation of secretion,0.4717120338562029,1.0,False,2,120,79,6000,0.016666666666666666,0.013166666666666667,1.2658227848101264,11069;56262,11069;56262
dna_repair_biased,BP,GO:0051048,negative regulation of secretion,0.5554857542944451,1.0,False,1,120,40,6000,0.008333333333333333,0.006666666666666667,1.25,1408,1408
dna_repair_biased,BP,GO:0051049,regulation of transport,0.6099078698420206,1.0,False,8,120,420,6000,0.06666666666666667,0.07,0.9523809523809523,1137;1408;3146;4792;6861;11069;51366;56262,11069;1137;1408;3146;4792;51366;56262;6861
dna_repair_biased,BP,GO:0051050,positive regulation of transport,0.6367636085301756,1.0,False,4,120,217,6000,0.03333333333333333,0.036166666666666666,0.9216589861751152,6861;11069;51366;56262,11069;51366;56262;6861
dna_repair_biased,BP,GO:0051051,negative regulation of transport,0.3398034862368111,1.0,False,3,120,103,6000,0.025,0.017166666666666667,1.4563106796116505,1408;3146;4792,1408;3146;4792
dna_repair_biased,BP,GO:0051055,negative regulation of lipid biosynthetic process,1.0,1.0,False,0,120,21,6000,0.0,0.0035,0.0,,
dna_repair_biased,BP,GO:0051056,regulation of small GTPase mediated signal transduction,0.8494643982192128,1.0,False,1,120,93,6000,0.008333333333333333,0.0155,0.5376344086021505,6091,6091
dna_repair_biased,BP,GO:0051057,positive regulation of small GTPase mediated signal transduction,0.3847989996645063,1.0,False,1,120,24,6000,0.008333333333333333,0.004,2.0833333333333335,6091,6091
dna_repair_biased,BP,GO:0051058,negative regulation of small GTPase mediated signal transduction,1.0,1.0,False,0,120,17,6000,0.0,0.0028333333333333335,0.0,,
dna_repair_biased,BP,GO:0051093,negative regulation of developmental process,0.35140814090571126,1.0,False,6,120,241,6000,0.05,0.04016666666666667,1.2448132780082988,1647;3146;4792;5688;5692;10039,10039;1647;3146;4792;5688;5692
dna_repair_biased,BP,GO:0051094,positive regulation of developmental process,0.7349502617707658,1.0,False,6,120,360,6000,0.05,0.06,0.8333333333333334,3146;6091;8091;56262;84787;94056,3146;56262;6091;8091;84787;94056
dna_repair_biased,BP,GO:0051100,negative regulation of binding,0.23118189666298758,1.0,False,1,120,13,6000,0.008333333333333333,0.0021666666666666666,3.8461538461538463,8091,8091
dna_repair_biased,BP,GO:0051123,RNA polymerase II preinitiation complex assembly,1.0,1.0,False,0,120,17,6000,0.0,0.0028333333333333335,0.0,,
dna_repair_biased,BP,GO:0051125,regulation of actin nucleation,1.0,1.0,False,0,120,12,6000,0.0,0.002,0.0,,
dna_repair_biased,BP,GO:0051130,positive regulation of cellular component organization,0.20201251725895428,1.0,False,8,120,282,6000,0.06666666666666667,0.047,1.4184397163120568,2067;4683;5706;6091;6861;10856;51750;84464,10856;2067;4683;51750;5706;6091;6861;84464
dna_repair_biased,BP,GO:0051145,smooth muscle cell differentiation,1.0,1.0,False,0,120,11,6000,0.0,0.0018333333333333333,0.0,,
dna_repair_biased,BP,GO:0051146,striated muscle cell differentiation,0.5463534636790258,1.0,False,1,120,39,6000,0.008333333333333333,0.0065,1.2820512820512822,58,58
dna_repair_biased,BP,GO:0051147,regulation of muscle cell differentiation,1.0,1.0,False,0,120,31,6000,0.0,0.005166666666666667,0.0,,
dna_repair_biased,BP,GO:0051148,negative regulation of muscle cell differentiation,1.0,1.0,False,0,120,17,6000,0.0,0.0028333333333333335,0.0,,
dna_repair_biased,BP,GO:0051149,positive regulation of muscle cell differentiation,1.0,1.0,False,0,120,14,6000,0.0,0.0023333333333333335,0.0,,
dna_repair_biased,BP,GO:0051153,regulation of striated muscle cell differentiation,1.0,1.0,False,0,120,16,6000,0.0,0.0026666666666666666,0.0,,
dna_repair_biased,BP,GO:0051156,glucose 6-phosphate metabolic process,1.0,1.0,False,0,120,13,6000,0.0,0.0021666666666666666,0.0,,
dna_repair_biased,BP,GO:0051170,import into nucleus,0.3721945741838406,1.0,False,1,120,23,6000,0.008333333333333333,0.003833333333333333,2.1739130434782608,4869,4869
dna_repair_biased,BP,GO:0051174,regulation of phosphorus metabolic process,1.0,1.0,False,0,120,41,6000,0.0,0.006833333333333334,0.0,,
dna_repair_biased,BP,GO:0051179,localization,0.29316091671626704,1.0,False,27,120,1210,6000,0.225,0.20166666666666666,1.115702479338843,1137;2074;3146;4683;4869;6421;6861;7486;9874;10039;10463;10856;11073;25836;25988;27339;29890;29997;30849;55317;56262;78996;83695;126549;151636;200558;254394,10039;10463;10856;11073;1137;126549;151636;200558;2074;254394;25836;25988;27339;29890;29997;30849;3146;4683;4869;55317;56262;6421;6861;7486;78996;83695;9874
dna_repair_biased,BP,GO:0051180,vitamin transport,1.0,1.0,False,0,120,15,6000,0.0,0.0025,0.0,,
dna_repair_biased,BP,GO:0051205,protein insertion into membrane,1.0,1.0,False,0,120,13,6000,0.0,0.0021666666666666666,0.0,,
dna_repair_biased,BP,GO:0051209,release of sequestered calcium ion into cytosol,1.0,1.0,False,0,120,18,6000,0.0,0.003,0.0,,
dna_repair_biased,BP,GO:0051216,cartilage development,0.3191643119150053,1.0,False,1,120,19,6000,0.008333333333333333,0.0031666666666666666,2.6315789473684212,8091,8091
dna_repair_biased,BP,GO:0051223,regulation of protein transport,0.15428293192089904,1.0,False,4,120,104,6000,0.03333333333333333,0.017333333333333333,1.9230769230769231,4792;11069;51366;56262,11069;4792;51366;56262
dna_repair_biased,BP,GO:0051224,negative regulation of protein transport,0.4441539425635324,1.0,False,1,120,29,6000,0.008333333333333333,0.004833333333333334,1.7241379310344827,4792,4792
dna_repair_biased,BP,GO:0051225,spindle assembly,1.0,1.0,False,0,120,23,6000,0.0,0.003833333333333333,0.0,,
dna_repair_biased,BP,GO:0051234,establishment of localization,0.9165209122275813,1.0,False,16,120,1055,6000,0.13333333333333333,0.17583333333333334,0.7582938388625592,1137;3146;4869;6421;6861;9874;10463;10856;25836;25988;29890;30849;55317;56262;126549;151636,10463;10856;1137;126549;151636;25836;25988;29890;30849;3146;4869;55317;56262;6421;6861;9874
dna_repair_biased,BP,GO:0051235,maintenance of location,1.0,1.0,False,0,120,14,6000,0.0,0.0023333333333333335,0.0,,
dna_repair_biased,BP,GO:0051236,establishment of RNA localization,0.4770030767532584,1.0,False,1,120,32,6000,0.008333333333333333,0.005333333333333333,1.5625,29890,29890
dna_repair_biased,BP,GO:0051239,regulation of multicellular organismal process,0.8706175785923798,1.0,False,13,120,835,6000,0.10833333333333334,0.13916666666666666,0.7784431137724551,1408;1647;3146;4792;5688;5692;6091;8091;10039;10856;25836;55170;84787,10039;10856;1408;1647;25836;3146;4792;55170;5688;5692;6091;8091;84787
dna_repair_biased,BP,GO:0051240,positive regulation of multicellular organismal process,0.9231719372436387,1.0,False,6,120,476,6000,0.05,0.07933333333333334,0.6302521008403361,3146;5688;5692;6091;8091;84787,3146;5688;5692;6091;8091;84787
dna_repair_biased,BP,GO:0051241,negative regulation of multicellular organismal process,0.31824916961275407,1.0,False,8,120,323,6000,0.06666666666666667,0.05383333333333333,1.238390092879257,1408;1647;3146;4792;5688;5692;6091;10039,10039;1408;1647;3146;4792;5688;5692;6091
dna_repair_biased,BP,GO:0051248,negative regulation of protein metabolic process,0.18082656982637285,1.0,False,5,120,150,6000,0.041666666666666664,0.025,1.6666666666666665,1647;29997;55170;151636;221120,151636;1647;221120;29997;55170
dna_repair_biased,BP,GO:0051249,regulation of lymphocyte activation,0.20873306650164802,1.0,False,5,120,158,6000,0.041666666666666664,0.026333333333333334,1.5822784810126582,3146;5688;5692;10039;84787,10039;3146;5688;5692;84787
dna_repair_biased,BP,GO:0051251,positive regulation of lymphocyte activation,0.6044387110657619,1.0,False,2,120,101,6000,0.016666666666666666,0.016833333333333332,0.9900990099009902,3146;84787,3146;84787
dna_repair_biased,BP,GO:0051258,protein polymerization,1.0,1.0,False,0,120,24,6000,0.0,0.004,0.0,,
dna_repair_biased,BP,GO:0051259,protein complex oligomerization,0.8034938931650345,1.0,False,1,120,80,6000,0.008333333333333333,0.013333333333333334,0.625,56262,56262
dna_repair_biased,BP,GO:0051260,protein homooligomerization,1.0,1.0,False,0,120,62,6000,0.0,0.010333333333333333,0.0,,
dna_repair_biased,BP,GO:0051262,protein tetramerization,1.0,1.0,False,0,120,29,6000,0.0,0.004833333333333334,0.0,,
dna_repair_biased,BP,GO:0051279,regulation of release of sequestered calcium ion into cytosol,1.0,1.0,False,0,120,21,6000,0.0,0.0035,0.0,,
dna_repair_biased,BP,GO:0051289,protein homotetramerization,1.0,1.0,False,0,120,20,6000,0.0,0.0033333333333333335,0.0,,
dna_repair_biased,BP,GO:0051293,establishment of spindle localization,1.0,1.0,False,0,120,18,6000,0.0,0.003,0.0,,
dna_repair_biased,BP,GO:0051294,establishment of spindle orientation,1.0,1.0,False,0,120,14,6000,0.0,0.0023333333333333335,0.0,,
dna_repair_biased,BP,GO:0051298,centrosome duplication,1.0,1.0,False,0,120,13,6000,0.0,0.0021666666666666666,0.0,,
dna_repair_biased,BP,GO:0051301,cell division,1.0,1.0,False,0,120,54,6000,0.0,0.009,0.0,,
dna_repair_biased,BP,GO:0051302,regulation of cell division,0.5554857542944451,1.0,False,1,120,40,6000,0.008333333333333333,0.006666666666666667,1.25,30849,30849
dna_repair_biased,BP,GO:0051310,metaphase chromosome alignment,1.0,1.0,False,0,120,29,6000,0.0,0.004833333333333334,0.0,,
dna_repair_biased,BP,GO:0051336,regulation of hydrolase activity,1.0,1.0,False,0,120,50,6000,0.0,0.008333333333333333,0.0,,
dna_repair_biased,BP,GO:0051345,positive regulation of hydrolase activity,1.0,1.0,False,0,120,31,6000,0.0,0.005166666666666667,0.0,,
dna_repair_biased,BP,GO:0051346,negative regulation of hydrolase activity,1.0,1.0,False,0,120,11,6000,0.0,0.0018333333333333333,0.0,,
dna_repair_biased,BP,GO:0051384,response to glucocorticoid,1.0,1.0,False,0,120,35,6000,0.0,0.005833333333333334,0.0,,
dna_repair_biased,BP,GO:0051385,response to mineralocorticoid,1.0,1.0,False,0,120,11,6000,0.0,0.0018333333333333333,0.0,,
dna_repair_biased,BP,GO:0051445,regulation of meiotic cell cycle,0.3052270409204303,1.0,False,1,120,18,6000,0.008333333333333333,0.003,2.7777777777777777,5810,5810
dna_repair_biased,BP,GO:0051452,intracellular pH reduction,1.0,1.0,False,0,120,16,6000,0.0,0.0026666666666666666,0.0,,
dna_repair_biased,BP,GO:0051453,regulation of intracellular pH,1.0,1.0,False,0,120,24,6000,0.0,0.004,0.0,,
dna_repair_biased,BP,GO:0051480,regulation of cytosolic calcium ion concentration,1.0,1.0,False,0,120,18,6000,0.0,0.003,0.0,,
dna_repair_biased,BP,GO:0051489,regulation of filopodium assembly,1.0,1.0,False,0,120,12,6000,0.0,0.002,0.0,,
dna_repair_biased,BP,GO:0051492,regulation of stress fiber assembly,1.0,1.0,False,0,120,21,6000,0.0,0.0035,0.0,,
dna_repair_biased,BP,GO:0051493,regulation of cytoskeleton organization,0.7686658815486431,1.0,False,2,120,138,6000,0.016666666666666666,0.023,0.7246376811594203,4869;10039,10039;4869
dna_repair_biased,BP,GO:0051494,negative regulation of cytoskeleton organization,0.49782540333012903,1.0,False,1,120,34,6000,0.008333333333333333,0.005666666666666667,1.4705882352941175,4869,4869
dna_repair_biased,BP,GO:0051495,positive regulation of cytoskeleton organization,1.0,1.0,False,0,120,44,6000,0.0,0.007333333333333333,0.0,,
dna_repair_biased,BP,GO:0051496,positive regulation of stress fiber assembly,1.0,1.0,False,0,120,13,6000,0.0,0.0021666666666666666,0.0,,
dna_repair_biased,BP,GO:0051503,adenine nucleotide transport,0.2910068882529308,1.0,False,1,120,17,6000,0.008333333333333333,0.0028333333333333335,2.941176470588235,56262,56262
dna_repair_biased,BP,GO:0051588,regulation of neurotransmitter transport,0.42112605589102525,1.0,False,1,120,27,6000,0.008333333333333333,0.0045,1.8518518518518519,6861,6861
dna_repair_biased,BP,GO:0051591,response to cAMP,1.0,1.0,False,0,120,28,6000,0.0,0.004666666666666667,0.0,,
dna_repair_biased,BP,GO:0051592,response to calcium ion,1.0,1.0,False,0,120,41,6000,0.0,0.006833333333333334,0.0,,
dna_repair_biased,BP,GO:0051604,protein maturation,0.5726856145154657,1.0,False,3,120,148,6000,0.025,0.024666666666666667,1.0135135135135136,10856;83932;200558,10856;200558;83932
dna_repair_biased,BP,GO:0051606,detection of stimulus,0.9784704212992614,1.0,False,1,120,187,6000,0.008333333333333333,0.031166666666666665,0.26737967914438504,219875,219875
dna_repair_biased,BP,GO:0051607,defense response to virus,0.7218126275544963,1.0,False,1,120,63,6000,0.008333333333333333,0.0105,0.7936507936507936,81570,81570
dna_repair_biased,BP,GO:0051640,organelle localization,0.92523091711485,1.0,False,1,120,127,6000,0.008333333333333333,0.021166666666666667,0.39370078740157477,4869,4869
dna_repair_biased,BP,GO:0051641,cellular localization,0.8300850069534165,1.0,False,8,120,521,6000,0.06666666666666667,0.08683333333333333,0.7677543186180422,4869;6421;6861;29890;30849;55317;126549;151636,126549;151636;29890;30849;4869;55317;6421;6861
dna_repair_biased,BP,GO:0051646,mitochondrion localization,1.0,1.0,False,0,120,15,6000,0.0,0.0025,0.0,,
dna_repair_biased,BP,GO:0051648,vesicle localization,1.0,1.0,False,0,120,36,6000,0.0,0.006,0.0,,
dna_repair_biased,BP,GO:0051649,establishment of localization in cell,0.6447530300151645,1.0,False,8,120,433,6000,0.06666666666666667,0.07216666666666667,0.9237875288683602,4869;6421;6861;29890;30849;55317;126549;151636,126549;151636;29890;30849;4869;55317;6421;6861
dna_repair_biased,BP,GO:0051650,establishment of vesicle localization,1.0,1.0,False,0,120,30,6000,0.0,0.005,0.0,,
dna_repair_biased,BP,GO:0051651,maintenance of location in cell,1.0,1.0,False,0,120,13,6000,0.0,0.0021666666666666666,0.0,,
dna_repair_biased,BP,GO:0051653,spindle localization,1.0,1.0,False,0,120,18,6000,0.0,0.003,0.0,,
dna_repair_biased,BP,GO:0051654,establishment of mitochondrion localization,1.0,1.0,False,0,120,10,6000,0.0,0.0016666666666666668,0.0,,
dna_repair_biased,BP,GO:0051656,establishment of organelle localization,0.7823183280415722,1.0,False,1,120,75,6000,0.008333333333333333,0.0125,0.6666666666666666,4869,4869
dna_repair_biased,BP,GO:0051668,localization within membrane,1.0,1.0,False,0,120,150,6000,0.0,0.025,0.0,,
dna_repair_biased,BP,GO:0051701,biological process involved in interaction with host,1.0,1.0,False,0,120,29,6000,0.0,0.004833333333333334,0.0,,
dna_repair_biased,BP,GO:0051707,response to other organism,0.6656301380086465,1.0,False,6,120,334,6000,0.05,0.05566666666666667,0.8982035928143712,3146;5688;5692;5706;8091;81570,3146;5688;5692;5706;8091;81570
dna_repair_biased,BP,GO:0051781,positive regulation of cell division,1.0,1.0,False,0,120,15,6000,0.0,0.0025,0.0,,
dna_repair_biased,BP,GO:0051783,regulation of nuclear division,0.5818029618000387,1.0,False,1,120,43,6000,0.008333333333333333,0.007166666666666667,1.1627906976744187,5810,5810
dna_repair_biased,BP,GO:0051784,negative regulation of nuclear division,0.23118189666298758,1.0,False,1,120,13,6000,0.008333333333333333,0.0021666666666666666,3.8461538461538463,5810,5810
dna_repair_biased,BP,GO:0051785,positive regulation of nuclear division,1.0,1.0,False,0,120,15,6000,0.0,0.0025,0.0,,
dna_repair_biased,BP,GO:0051851,host-mediated perturbation of symbiont process,0.49782540333012903,1.0,False,1,120,34,6000,0.008333333333333333,0.005666666666666667,1.4705882352941175,8091,8091
dna_repair_biased,BP,GO:0051881,regulation of mitochondrial membrane potential,1.0,1.0,False,0,120,20,6000,0.0,0.0033333333333333335,0.0,,
dna_repair_biased,BP,GO:0051893,regulation of focal adhesion assembly,1.0,1.0,False,0,120,13,6000,0.0,0.0021666666666666666,0.0,,
dna_repair_biased,BP,GO:0051896,regulation of phosphatidylinositol 3-kinase/protein kinase B signal transduction,0.7732279211339425,1.0,False,1,120,73,6000,0.008333333333333333,0.012166666666666666,0.6849315068493151,29997,29997
dna_repair_biased,BP,GO:0051897,positive regulation of phosphatidylinositol 3-kinase/protein kinase B signal transduction,1.0,1.0,False,0,120,49,6000,0.0,0.008166666666666666,0.0,,
dna_repair_biased,BP,GO:0051898,negative regulation of phosphatidylinositol 3-kinase/protein kinase B signal transduction,0.3328242822494307,1.0,False,1,120,20,6000,0.008333333333333333,0.0033333333333333335,2.5,29997,29997
dna_repair_biased,BP,GO:0051899,membrane depolarization,0.3328242822494307,1.0,False,1,120,20,6000,0.008333333333333333,0.0033333333333333335,2.5,1137,1137
dna_repair_biased,BP,GO:0051924,regulation of calcium ion transport,1.0,1.0,False,0,120,63,6000,0.0,0.0105,0.0,,
dna_repair_biased,BP,GO:0051926,negative regulation of calcium ion transport,1.0,1.0,False,0,120,13,6000,0.0,0.0021666666666666666,0.0,,
dna_repair_biased,BP,GO:0051928,positive regulation of calcium ion transport,1.0,1.0,False,0,120,30,6000,0.0,0.005,0.0,,
dna_repair_biased,BP,GO:0051952,regulation of amine transport,0.27649816154596496,1.0,False,1,120,16,6000,0.008333333333333333,0.0026666666666666666,3.125,1137,1137
dna_repair_biased,BP,GO:0051960,regulation of nervous system development,0.8823541510875308,1.0,False,1,120,105,6000,0.008333333333333333,0.0175,0.47619047619047616,6091,6091
dna_repair_biased,BP,GO:0051961,negative regulation of nervous system development,1.0,1.0,False,0,120,29,6000,0.0,0.004833333333333334,0.0,,
dna_repair_biased,BP,GO:0051962,positive regulation of nervous system development,0.7588819051605297,1.0,False,1,120,70,6000,0.008333333333333333,0.011666666666666667,0.7142857142857142,6091,6091
dna_repair_biased,BP,GO:0051963,regulation of synapse assembly,0.6065742923968529,1.0,False,1,120,46,6000,0.008333333333333333,0.007666666666666666,1.0869565217391304,1108,1108
dna_repair_biased,BP,GO:0051965,positive regulation of synapse assembly,1.0,1.0,False,0,120,15,6000,0.0,0.0025,0.0,,
dna_repair_biased,BP,GO:0051966,"regulation of synaptic transmission, glutamatergic",1.0,1.0,False,0,120,19,6000,0.0,0.0031666666666666666,0.0,,
dna_repair_biased,BP,GO:0051968,"positive regulation of synaptic transmission, glutamatergic",1.0,1.0,False,0,120,10,6000,0.0,0.0016666666666666668,0.0,,
dna_repair_biased,BP,GO:0051983,regulation of chromosome segregation,1.0,1.0,False,0,120,36,6000,0.0,0.006,0.0,,
dna_repair_biased,BP,GO:0051985,negative regulation of chromosome segregation,1.0,1.0,False,0,120,10,6000,0.0,0.0016666666666666668,0.0,,
dna_repair_biased,BP,GO:0052652,cyclic purine nucleotide metabolic process,1.0,1.0,False,0,120,12,6000,0.0,0.002,0.0,,
dna_repair_biased,BP,GO:0055001,muscle cell development,0.5275270586497346,1.0,False,1,120,37,6000,0.008333333333333333,0.006166666666666667,1.3513513513513513,58,58
dna_repair_biased,BP,GO:0055002,striated muscle cell development,0.3847989996645063,1.0,False,1,120,24,6000,0.008333333333333333,0.004,2.0833333333333335,58,58
dna_repair_biased,BP,GO:0055007,cardiac muscle cell differentiation,1.0,1.0,False,0,120,14,6000,0.0,0.0023333333333333335,0.0,,
dna_repair_biased,BP,GO:0055008,cardiac muscle tissue morphogenesis,1.0,1.0,False,0,120,14,6000,0.0,0.0023333333333333335,0.0,,
dna_repair_biased,BP,GO:0055010,ventricular cardiac muscle tissue morphogenesis,1.0,1.0,False,0,120,12,6000,0.0,0.002,0.0,,
dna_repair_biased,BP,GO:0055021,regulation of cardiac muscle tissue growth,1.0,1.0,False,0,120,14,6000,0.0,0.0023333333333333335,0.0,,
dna_repair_biased,BP,GO:0055074,calcium ion homeostasis,1.0,1.0,False,0,120,53,6000,0.0,0.008833333333333334,0.0,,
dna_repair_biased,BP,GO:0055078,sodium ion homeostasis,1.0,1.0,False,0,120,15,6000,0.0,0.0025,0.0,,
dna_repair_biased,BP,GO:0055080,monoatomic cation homeostasis,0.9220800471187858,1.0,False,1,120,125,6000,0.008333333333333333,0.020833333333333332,0.4,10463,10463
dna_repair_biased,BP,GO:0055082,intracellular chemical homeostasis,0.8163839154492019,1.0,False,2,120,153,6000,0.016666666666666666,0.0255,0.6535947712418301,10463;56262,10463;56262
dna_repair_biased,BP,GO:0055085,transmembrane transport,0.9864177680546916,1.0,False,3,120,388,6000,0.025,0.06466666666666666,0.3865979381443299,1137;10463;56262,10463;1137;56262
dna_repair_biased,BP,GO:0055086,nucleobase-containing small molecule metabolic process,0.9525625782843693,1.0,False,1,120,149,6000,0.008333333333333333,0.024833333333333332,0.33557046979865773,8505,8505
dna_repair_biased,BP,GO:0055088,lipid homeostasis,1.0,1.0,False,0,120,52,6000,0.0,0.008666666666666666,0.0,,
dna_repair_biased,BP,GO:0055090,acylglycerol homeostasis,1.0,1.0,False,0,120,12,6000,0.0,0.002,0.0,,
dna_repair_biased,BP,GO:0055092,sterol homeostasis,1.0,1.0,False,0,120,30,6000,0.0,0.005,0.0,,
dna_repair_biased,BP,GO:0055117,regulation of cardiac muscle contraction,1.0,1.0,False,0,120,27,6000,0.0,0.0045,0.0,,
dna_repair_biased,BP,GO:0055123,digestive system development,0.4553248564627744,1.0,False,1,120,30,6000,0.008333333333333333,0.005,1.6666666666666665,25836,25836
dna_repair_biased,BP,GO:0060021,roof of mouth development,1.0,1.0,False,0,120,12,6000,0.0,0.002,0.0,,
dna_repair_biased,BP,GO:0060041,retina development in camera-type eye,0.4770030767532584,1.0,False,1,120,32,6000,0.008333333333333333,0.005333333333333333,1.5625,85015,85015
dna_repair_biased,BP,GO:0060042,retina morphogenesis in camera-type eye,1.0,1.0,False,0,120,14,6000,0.0,0.0023333333333333335,0.0,,
dna_repair_biased,BP,GO:0060043,regulation of cardiac muscle cell proliferation,1.0,1.0,False,0,120,10,6000,0.0,0.0016666666666666668,0.0,,
dna_repair_biased,BP,GO:0060047,heart contraction,1.0,1.0,False,0,120,24,6000,0.0,0.004,0.0,,
dna_repair_biased,BP,GO:0060048,cardiac muscle contraction,1.0,1.0,False,0,120,21,6000,0.0,0.0035,0.0,,
dna_repair_biased,BP,GO:0060070,canonical Wnt signaling pathway,1.0,1.0,False,0,120,31,6000,0.0,0.005166666666666667,0.0,,
dna_repair_biased,BP,GO:0060078,regulation of postsynaptic membrane potential,0.3593341011387844,1.0,False,1,120,22,6000,0.008333333333333333,0.0036666666666666666,2.272727272727273,1137,1137
dna_repair_biased,BP,GO:0060079,excitatory postsynaptic potential,0.23118189666298758,1.0,False,1,120,13,6000,0.008333333333333333,0.0021666666666666666,3.8461538461538463,1137,1137
dna_repair_biased,BP,GO:0060135,maternal process involved in female pregnancy,1.0,1.0,False,0,120,12,6000,0.0,0.002,0.0,,
dna_repair_biased,BP,GO:0060142,regulation of syncytium formation by plasma membrane fusion,1.0,1.0,False,0,120,20,6000,0.0,0.0033333333333333335,0.0,,
dna_repair_biased,BP,GO:0060147,regulation of post-transcriptional gene silencing,1.0,1.0,False,0,120,12,6000,0.0,0.002,0.0,,
dna_repair_biased,BP,GO:0060173,limb development,0.3721945741838406,1.0,False,1,120,23,6000,0.008333333333333333,0.003833333333333333,2.1739130434782608,25836,25836
dna_repair_biased,BP,GO:0060236,regulation of mitotic spindle organization,0.27649816154596496,1.0,False,1,120,16,6000,0.008333333333333333,0.0026666666666666666,3.125,10039,10039
dna_repair_biased,BP,GO:0060249,anatomical structure homeostasis,0.6724881482213413,1.0,False,1,120,55,6000,0.008333333333333333,0.009166666666666667,0.9090909090909091,85015,85015
dna_repair_biased,BP,GO:0060259,regulation of feeding behavior,1.0,1.0,False,0,120,14,6000,0.0,0.0023333333333333335,0.0,,
dna_repair_biased,BP,GO:0060271,cilium assembly,1.0,1.0,False,0,120,95,6000,0.0,0.015833333333333335,0.0,,
dna_repair_biased,BP,GO:0060284,regulation of cell development,0.4191719980347385,1.0,False,5,120,212,6000,0.041666666666666664,0.035333333333333335,1.1792452830188678,3146;5688;5692;6091;55170,3146;55170;5688;5692;6091
dna_repair_biased,BP,GO:0060285,cilium-dependent cell motility,0.38197239561614327,1.0,False,2,120,66,6000,0.016666666666666666,0.011,1.5151515151515151,5688;5692,5688;5692
dna_repair_biased,BP,GO:0060291,long-term synaptic potentiation,1.0,1.0,False,0,120,14,6000,0.0,0.0023333333333333335,0.0,,
dna_repair_biased,BP,GO:0060294,cilium movement involved in cell motility,0.38197239561614327,1.0,False,2,120,66,6000,0.016666666666666666,0.011,1.5151515151515151,5688;5692,5688;5692
dna_repair_biased,BP,GO:0060306,regulation of membrane repolarization,1.0,1.0,False,0,120,14,6000,0.0,0.0023333333333333335,0.0,,
dna_repair_biased,BP,GO:0060322,head development,0.6217222803471409,1.0,False,3,120,159,6000,0.025,0.0265,0.9433962264150945,5810;6091;25836,25836;5810;6091
dna_repair_biased,BP,GO:0060326,cell chemotaxis,0.7867270707647809,1.0,False,1,120,76,6000,0.008333333333333333,0.012666666666666666,0.6578947368421053,3146,3146
dna_repair_biased,BP,GO:0060337,type I interferon-mediated signaling pathway,1.0,1.0,False,0,120,14,6000,0.0,0.0023333333333333335,0.0,,
dna_repair_biased,BP,GO:0060338,regulation of type I interferon-mediated signaling pathway,1.0,1.0,False,0,120,12,6000,0.0,0.002,0.0,,
dna_repair_biased,BP,GO:0060341,regulation of cellular localization,0.7721527686422943,1.0,False,2,120,139,6000,0.016666666666666666,0.023166666666666665,0.7194244604316548,4792;51366,4792;51366
dna_repair_biased,BP,GO:0060348,bone development,1.0,1.0,False,0,120,32,6000,0.0,0.005333333333333333,0.0,,
dna_repair_biased,BP,GO:0060349,bone morphogenesis,1.0,1.0,False,0,120,11,6000,0.0,0.0018333333333333333,0.0,,
dna_repair_biased,BP,GO:0060390,regulation of SMAD protein signal transduction,1.0,1.0,False,0,120,17,6000,0.0,0.0028333333333333335,0.0,,
dna_repair_biased,BP,GO:0060391,positive regulation of SMAD protein signal transduction,1.0,1.0,False,0,120,10,6000,0.0,0.0016666666666666668,0.0,,
dna_repair_biased,BP,GO:0060411,cardiac septum morphogenesis,0.3052270409204303,1.0,False,1,120,18,6000,0.008333333333333333,0.003,2.7777777777777777,6091,6091
dna_repair_biased,BP,GO:0060412,ventricular septum morphogenesis,0.23118189666298758,1.0,False,1,120,13,6000,0.008333333333333333,0.0021666666666666666,3.8461538461538463,6091,6091
dna_repair_biased,BP,GO:0060415,muscle tissue morphogenesis,1.0,1.0,False,0,120,16,6000,0.0,0.0026666666666666666,0.0,,
dna_repair_biased,BP,GO:0060416,response to growth hormone,1.0,1.0,False,0,120,13,6000,0.0,0.0021666666666666666,0.0,,
dna_repair_biased,BP,GO:0060420,regulation of heart growth,1.0,1.0,False,0,120,15,6000,0.0,0.0025,0.0,,
dna_repair_biased,BP,GO:0060429,epithelium development,1.0,1.0,False,0,120,196,6000,0.0,0.03266666666666666,0.0,,
dna_repair_biased,BP,GO:0060491,regulation of cell projection assembly,1.0,1.0,False,0,120,61,6000,0.0,0.010166666666666666,0.0,,
dna_repair_biased,BP,GO:0060537,muscle tissue development,0.6724881482213413,1.0,False,1,120,55,6000,0.008333333333333333,0.009166666666666667,0.9090909090909091,58,58
dna_repair_biased,BP,GO:0060538,skeletal muscle organ development,0.3191643119150053,1.0,False,1,120,19,6000,0.008333333333333333,0.0031666666666666666,2.6315789473684212,58,58
dna_repair_biased,BP,GO:0060541,respiratory system development,1.0,1.0,False,0,120,21,6000,0.0,0.0035,0.0,,
dna_repair_biased,BP,GO:0060544,regulation of necroptotic process,1.0,1.0,False,0,120,10,6000,0.0,0.0016666666666666668,0.0,,
dna_repair_biased,BP,GO:0060560,developmental growth involved in morphogenesis,1.0,1.0,False,0,120,26,6000,0.0,0.004333333333333333,0.0,,
dna_repair_biased,BP,GO:0060562,epithelial tube morphogenesis,1.0,1.0,False,0,120,39,6000,0.0,0.0065,0.0,,
dna_repair_biased,BP,GO:0060627,regulation of vesicle-mediated transport,0.6932677799829061,1.0,False,2,120,119,6000,0.016666666666666666,0.019833333333333335,0.8403361344537814,6861;11069,11069;6861
dna_repair_biased,BP,GO:0060632,regulation of microtubule-based movement,1.0,1.0,False,0,120,17,6000,0.0,0.0028333333333333335,0.0,,
dna_repair_biased,BP,GO:0060675,ureteric bud morphogenesis,1.0,1.0,False,0,120,10,6000,0.0,0.0016666666666666668,0.0,,
dna_repair_biased,BP,GO:0060759,regulation of response to cytokine stimulus,0.6855774707694965,1.0,False,1,120,57,6000,0.008333333333333333,0.0095,0.8771929824561404,6091,6091
dna_repair_biased,BP,GO:0060760,positive regulation of response to cytokine stimulus,1.0,1.0,False,0,120,22,6000,0.0,0.0036666666666666666,0.0,,
dna_repair_biased,BP,GO:0060761,negative regulation of response to cytokine stimulus,0.4327558689318889,1.0,False,1,120,28,6000,0.008333333333333333,0.004666666666666667,1.7857142857142856,6091,6091
dna_repair_biased,BP,GO:0060840,artery development,0.3328242822494307,1.0,False,1,120,20,6000,0.008333333333333333,0.0033333333333333335,2.5,6091,6091
dna_repair_biased,BP,GO:0060964,regulation of miRNA-mediated gene silencing,1.0,1.0,False,0,120,12,6000,0.0,0.002,0.0,,
dna_repair_biased,BP,GO:0060966,regulation of gene silencing by regulatory ncRNA,1.0,1.0,False,0,120,13,6000,0.0,0.0021666666666666666,0.0,,
dna_repair_biased,BP,GO:0060972,left/right pattern formation,1.0,1.0,False,0,120,18,6000,0.0,0.003,0.0,,
dna_repair_biased,BP,GO:0060993,kidney morphogenesis,1.0,1.0,False,0,120,16,6000,0.0,0.0026666666666666666,0.0,,
dna_repair_biased,BP,GO:0060996,dendritic spine development,1.0,1.0,False,0,120,11,6000,0.0,0.0018333333333333333,0.0,,
dna_repair_biased,BP,GO:0060998,regulation of dendritic spine development,1.0,1.0,False,0,120,11,6000,0.0,0.0018333333333333333,0.0,,
dna_repair_biased,BP,GO:0061001,regulation of dendritic spine morphogenesis,1.0,1.0,False,0,120,12,6000,0.0,0.002,0.0,,
dna_repair_biased,BP,GO:0061008,hepaticobiliary system development,0.3462124237427534,1.0,False,1,120,21,6000,0.008333333333333333,0.0035,2.380952380952381,25836,25836
dna_repair_biased,BP,GO:0061014,positive regulation of mRNA catabolic process,1.0,1.0,False,0,120,29,6000,0.0,0.004833333333333334,0.0,,
dna_repair_biased,BP,GO:0061024,membrane organization,0.9797766364896743,1.0,False,1,120,190,6000,0.008333333333333333,0.03166666666666667,0.2631578947368421,9874,9874
dna_repair_biased,BP,GO:0061025,membrane fusion,0.5370351507111182,1.0,False,1,120,38,6000,0.008333333333333333,0.006333333333333333,1.3157894736842106,9874,9874
dna_repair_biased,BP,GO:0061035,regulation of cartilage development,1.0,1.0,False,0,120,13,6000,0.0,0.0021666666666666666,0.0,,
dna_repair_biased,BP,GO:0061041,regulation of wound healing,0.5275270586497346,1.0,False,1,120,37,6000,0.008333333333333333,0.006166666666666667,1.3513513513513513,3146,3146
dna_repair_biased,BP,GO:0061045,negative regulation of wound healing,1.0,1.0,False,0,120,16,6000,0.0,0.0026666666666666666,0.0,,
dna_repair_biased,BP,GO:0061061,muscle structure development,0.5650599093291517,1.0,False,2,120,94,6000,0.016666666666666666,0.015666666666666666,1.0638297872340425,58;25988,25988;58
dna_repair_biased,BP,GO:0061138,morphogenesis of a branching epithelium,1.0,1.0,False,0,120,18,6000,0.0,0.003,0.0,,
dna_repair_biased,BP,GO:0061157,mRNA destabilization,1.0,1.0,False,0,120,26,6000,0.0,0.004333333333333333,0.0,,
dna_repair_biased,BP,GO:0061178,regulation of insulin secretion involved in cellular response to glucose stimulus,1.0,1.0,False,0,120,17,6000,0.0,0.0028333333333333335,0.0,,
dna_repair_biased,BP,GO:0061326,renal tubule development,1.0,1.0,False,0,120,18,6000,0.0,0.003,0.0,,
dna_repair_biased,BP,GO:0061333,renal tubule morphogenesis,1.0,1.0,False,0,120,14,6000,0.0,0.0023333333333333335,0.0,,
dna_repair_biased,BP,GO:0061337,cardiac conduction,1.0,1.0,False,0,120,22,6000,0.0,0.0036666666666666666,0.0,,
dna_repair_biased,BP,GO:0061351,neural precursor cell proliferation,1.0,1.0,False,0,120,17,6000,0.0,0.0028333333333333335,0.0,,
dna_repair_biased,BP,GO:0061387,regulation of extent of cell growth,1.0,1.0,False,0,120,21,6000,0.0,0.0035,0.0,,
dna_repair_biased,BP,GO:0061458,reproductive system development,0.6065742923968529,1.0,False,1,120,46,6000,0.008333333333333333,0.007666666666666666,1.0869565217391304,25836,25836
dna_repair_biased,BP,GO:0061462,protein localization to lysosome,0.2616950548768287,1.0,False,1,120,15,6000,0.008333333333333333,0.0025,3.333333333333333,30849,30849
dna_repair_biased,BP,GO:0061512,protein localization to cilium,1.0,1.0,False,0,120,23,6000,0.0,0.003833333333333333,0.0,,
dna_repair_biased,BP,GO:0061515,myeloid cell development,1.0,1.0,False,0,120,15,6000,0.0,0.0025,0.0,,
dna_repair_biased,BP,GO:0061564,axon development,0.8641509745850324,1.0,False,1,120,98,6000,0.008333333333333333,0.01633333333333333,0.5102040816326531,6091,6091
dna_repair_biased,BP,GO:0061572,actin filament bundle organization,1.0,1.0,False,0,120,16,6000,0.0,0.0026666666666666666,0.0,,
dna_repair_biased,BP,GO:0061640,cytoskeleton-dependent cytokinesis,1.0,1.0,False,0,120,28,6000,0.0,0.004666666666666667,0.0,,
dna_repair_biased,BP,GO:0061668,mitochondrial ribosome assembly,1.0,1.0,False,0,120,11,6000,0.0,0.0018333333333333333,0.0,,
dna_repair_biased,BP,GO:0061844,antimicrobial humoral immune response mediated by antimicrobial peptide,1.0,1.0,False,0,120,36,6000,0.0,0.006,0.0,,
dna_repair_biased,BP,GO:0061919,process utilizing autophagic mechanism,0.777819223557416,1.0,False,1,120,74,6000,0.008333333333333333,0.012333333333333333,0.6756756756756757,30849,30849
dna_repair_biased,BP,GO:0061951,establishment of protein localization to plasma membrane,1.0,1.0,False,0,120,18,6000,0.0,0.003,0.0,,
dna_repair_biased,BP,GO:0062012,regulation of small molecule metabolic process,1.0,1.0,False,0,120,102,6000,0.0,0.017,0.0,,
dna_repair_biased,BP,GO:0062013,positive regulation of small molecule metabolic process,1.0,1.0,False,0,120,48,6000,0.0,0.008,0.0,,
dna_repair_biased,BP,GO:0062014,negative regulation of small molecule metabolic process,1.0,1.0,False,0,120,38,6000,0.0,0.006333333333333333,0.0,,
dna_repair_biased,BP,GO:0062098,regulation of programmed necrotic cell death,1.0,1.0,False,0,120,10,6000,0.0,0.0016666666666666668,0.0,,
dna_repair_biased,BP,GO:0062197,cellular response to chemical stress,0.7823183280415722,1.0,False,1,120,75,6000,0.008333333333333333,0.0125,0.6666666666666666,375748,375748
dna_repair_biased,BP,GO:0062207,regulation of pattern recognition receptor signaling pathway,0.3310724131514505,1.0,False,2,120,59,6000,0.016666666666666666,0.009833333333333333,1.6949152542372883,3146;29997,29997;3146
dna_repair_biased,BP,GO:0062208,positive regulation of pattern recognition receptor signaling pathway,0.4770030767532584,1.0,False,1,120,32,6000,0.008333333333333333,0.005333333333333333,1.5625,3146,3146
dna_repair_biased,BP,GO:0065002,intracellular protein transmembrane transport,1.0,1.0,False,0,120,20,6000,0.0,0.0033333333333333335,0.0,,
dna_repair_biased,BP,GO:0065003,protein-containing complex assembly,0.2303162884138177,1.0,False,10,120,381,6000,0.08333333333333333,0.0635,1.3123359580052492,4869;5889;6418;9874;10856;11144;23126;27339;29997;56262,10856;11144;23126;27339;29997;4869;56262;5889;6418;9874
dna_repair_biased,BP,GO:0065008,regulation of biological quality,0.7750638038841664,1.0,False,14,120,818,6000,0.11666666666666667,0.13633333333333333,0.8557457212713937,328;1108;1137;1408;3146;4869;7320;10856;11044;11069;29997;54840;56262;85015,10856;11044;11069;1108;1137;1408;29997;3146;328;4869;54840;56262;7320;85015
dna_repair_biased,BP,GO:0070050,neuron cellular homeostasis,1.0,1.0,False,0,120,16,6000,0.0,0.0026666666666666666,0.0,,
dna_repair_biased,BP,GO:0070059,intrinsic apoptotic signaling pathway in response to endoplasmic reticulum stress,1.0,1.0,False,0,120,10,6000,0.0,0.0016666666666666668,0.0,,
dna_repair_biased,BP,GO:0070098,chemokine-mediated signaling pathway,1.0,1.0,False,0,120,29,6000,0.0,0.004833333333333334,0.0,,
dna_repair_biased,BP,GO:0070167,regulation of biomineral tissue development,1.0,1.0,False,0,120,29,6000,0.0,0.004833333333333334,0.0,,
dna_repair_biased,BP,GO:0070169,positive regulation of biomineral tissue development,1.0,1.0,False,0,120,19,6000,0.0,0.0031666666666666666,0.0,,
dna_repair_biased,BP,GO:0070201,regulation of establishment of protein localization,0.18553794339711593,1.0,False,4,120,112,6000,0.03333333333333333,0.018666666666666668,1.7857142857142856,4792;11069;51366;56262,11069;4792;51366;56262
dna_repair_biased,BP,GO:0070228,regulation of lymphocyte apoptotic process,1.0,1.0,False,0,120,10,6000,0.0,0.0016666666666666668,0.0,,
dna_repair_biased,BP,GO:0070252,actin-mediated cell contraction,1.0,1.0,False,0,120,21,6000,0.0,0.0035,0.0,,
dna_repair_biased,BP,GO:0070269,pyroptotic inflammatory response,1.0,1.0,False,0,120,10,6000,0.0,0.0016666666666666668,0.0,,
dna_repair_biased,BP,GO:0070286,axonemal dynein complex assembly,1.0,1.0,False,0,120,11,6000,0.0,0.0018333333333333333,0.0,,
dna_repair_biased,BP,GO:0070293,renal absorption,1.0,1.0,False,0,120,12,6000,0.0,0.002,0.0,,
dna_repair_biased,BP,GO:0070301,cellular response to hydrogen peroxide,1.0,1.0,False,0,120,19,6000,0.0,0.0031666666666666666,0.0,,
dna_repair_biased,BP,GO:0070302,regulation of stress-activated protein kinase signaling cascade,1.0,1.0,False,0,120,12,6000,0.0,0.002,0.0,,
dna_repair_biased,BP,GO:0070316,regulation of G0 to G1 transition,0.2154596450610039,1.0,False,1,120,12,6000,0.008333333333333333,0.002,4.166666666666667,83695,83695
dna_repair_biased,BP,GO:0070328,triglyceride homeostasis,1.0,1.0,False,0,120,12,6000,0.0,0.002,0.0,,
dna_repair_biased,BP,GO:0070372,regulation of ERK1 and ERK2 cascade,0.8113802750844568,1.0,False,1,120,82,6000,0.008333333333333333,0.013666666666666667,0.6097560975609756,3146,3146
dna_repair_biased,BP,GO:0070373,negative regulation of ERK1 and ERK2 cascade,1.0,1.0,False,0,120,20,6000,0.0,0.0033333333333333335,0.0,,
dna_repair_biased,BP,GO:0070374,positive regulation of ERK1 and ERK2 cascade,0.6724881482213413,1.0,False,1,120,55,6000,0.008333333333333333,0.009166666666666667,0.9090909090909091,3146,3146
dna_repair_biased,BP,GO:0070482,response to oxygen levels,0.4650767308164933,1.0,False,2,120,78,6000,0.016666666666666666,0.013,1.2820512820512822,1137;29997,1137;29997
dna_repair_biased,BP,GO:0070498,interleukin-1-mediated signaling pathway,0.1994186086676354,1.0,False,1,120,11,6000,0.008333333333333333,0.0018333333333333333,4.545454545454546,4792,4792
dna_repair_biased,BP,GO:0070507,regulation of microtubule cytoskeleton organization,0.5984832752739089,1.0,False,1,120,45,6000,0.008333333333333333,0.0075,1.1111111111111112,10039,10039
dna_repair_biased,BP,GO:0070509,calcium ion import,1.0,1.0,False,0,120,12,6000,0.0,0.002,0.0,,
dna_repair_biased,BP,GO:0070542,response to fatty acid,1.0,1.0,False,0,120,23,6000,0.0,0.003833333333333333,0.0,,
dna_repair_biased,BP,GO:0070555,response to interleukin-1,0.42112605589102525,1.0,False,1,120,27,6000,0.008333333333333333,0.0045,1.8518518518518519,4792,4792
dna_repair_biased,BP,GO:0070585,protein localization to mitochondrion,1.0,1.0,False,0,120,18,6000,0.0,0.003,0.0,,
dna_repair_biased,BP,GO:0070588,calcium ion transmembrane transport,1.0,1.0,False,0,120,74,6000,0.0,0.012333333333333333,0.0,,
dna_repair_biased,BP,GO:0070613,regulation of protein processing,1.0,1.0,False,0,120,12,6000,0.0,0.002,0.0,,
dna_repair_biased,BP,GO:0070633,transepithelial transport,1.0,1.0,False,0,120,11,6000,0.0,0.0018333333333333333,0.0,,
dna_repair_biased,BP,GO:0070646,protein modification by small protein removal,0.40925983223317164,1.0,False,1,120,26,6000,0.008333333333333333,0.004333333333333333,1.9230769230769231,85015,85015
dna_repair_biased,BP,GO:0070661,leukocyte proliferation,1.0,1.0,False,0,120,18,6000,0.0,0.003,0.0,,
dna_repair_biased,BP,GO:0070663,regulation of leukocyte proliferation,0.8034938931650345,1.0,False,1,120,80,6000,0.008333333333333333,0.013333333333333334,0.625,3146,3146
dna_repair_biased,BP,GO:0070664,negative regulation of leukocyte proliferation,1.0,1.0,False,0,120,20,6000,0.0,0.0033333333333333335,0.0,,
dna_repair_biased,BP,GO:0070665,positive regulation of leukocyte proliferation,0.6724881482213413,1.0,False,1,120,55,6000,0.008333333333333333,0.009166666666666667,0.9090909090909091,3146,3146
dna_repair_biased,BP,GO:0070741,response to interleukin-6,1.0,1.0,False,0,120,14,6000,0.0,0.0023333333333333335,0.0,,
dna_repair_biased,BP,GO:0070848,response to growth factor,0.9505557498898445,1.0,False,1,120,147,6000,0.008333333333333333,0.0245,0.3401360544217687,94056,94056
dna_repair_biased,BP,GO:0070849,response to epidermal growth factor,0.23118189666298758,1.0,False,1,120,13,6000,0.008333333333333333,0.0021666666666666666,3.8461538461538463,94056,94056
dna_repair_biased,BP,GO:0070873,regulation of glycogen metabolic process,1.0,1.0,False,0,120,13,6000,0.0,0.0021666666666666666,0.0,,
dna_repair_biased,BP,GO:0070884,regulation of calcineurin-NFAT signaling cascade,1.0,1.0,False,0,120,12,6000,0.0,0.002,0.0,,
dna_repair_biased,BP,GO:0070887,cellular response to chemical stimulus,0.807823086293753,1.0,False,9,120,564,6000,0.075,0.094,0.7978723404255319,1137;3146;9325;10856;29997;51366;56160;94056;375748,10856;1137;29997;3146;375748;51366;56160;9325;94056
dna_repair_biased,BP,GO:0070897,transcription preinitiation complex assembly,1.0,1.0,False,0,120,20,6000,0.0,0.0033333333333333335,0.0,,
dna_repair_biased,BP,GO:0070918,regulatory ncRNA processing,1.0,1.0,False,0,120,22,6000,0.0,0.0036666666666666666,0.0,,
dna_repair_biased,BP,GO:0070925,organelle assembly,0.7232288405960761,1.0,False,4,120,243,6000,0.03333333333333333,0.0405,0.8230452674897119,58;4869;23126;29997,23126;29997;4869;58
dna_repair_biased,BP,GO:0070935,3'-UTR-mediated mRNA stabilization,1.0,1.0,False,0,120,11,6000,0.0,0.0018333333333333333,0.0,,
dna_repair_biased,BP,GO:0071044,histone mRNA catabolic process,1.0,1.0,False,0,120,11,6000,0.0,0.0018333333333333333,0.0,,
dna_repair_biased,BP,GO:0071173,spindle assembly checkpoint signaling,1.0,1.0,False,0,120,10,6000,0.0,0.0016666666666666668,0.0,,
dna_repair_biased,BP,GO:0071174,mitotic spindle checkpoint signaling,1.0,1.0,False,0,120,10,6000,0.0,0.0016666666666666668,0.0,,
dna_repair_biased,BP,GO:0071216,cellular response to biotic stimulus,0.4033029634689686,1.0,False,2,120,69,6000,0.016666666666666666,0.0115,1.4492753623188406,3146;84464,3146;84464
dna_repair_biased,BP,GO:0071219,cellular response to molecule of bacterial origin,0.7218126275544963,1.0,False,1,120,63,6000,0.008333333333333333,0.0105,0.7936507936507936,3146,3146
dna_repair_biased,BP,GO:0071222,cellular response to lipopolysaccharide,0.6790989845902964,1.0,False,1,120,56,6000,0.008333333333333333,0.009333333333333334,0.8928571428571428,3146,3146
dna_repair_biased,BP,GO:0071229,cellular response to acid chemical,1.0,1.0,False,0,120,24,6000,0.0,0.004,0.0,,
dna_repair_biased,BP,GO:0071230,cellular response to amino acid stimulus,1.0,1.0,False,0,120,23,6000,0.0,0.003833333333333333,0.0,,
dna_repair_biased,BP,GO:0071248,cellular response to metal ion,1.0,1.0,False,0,120,46,6000,0.0,0.007666666666666666,0.0,,
dna_repair_biased,BP,GO:0071260,cellular response to mechanical stimulus,0.40925983223317164,1.0,False,1,120,26,6000,0.008333333333333333,0.004333333333333333,1.9230769230769231,1647,1647
dna_repair_biased,BP,GO:0071277,cellular response to calcium ion,1.0,1.0,False,0,120,21,6000,0.0,0.0035,0.0,,
dna_repair_biased,BP,GO:0071300,cellular response to retinoic acid,1.0,1.0,False,0,120,16,6000,0.0,0.0026666666666666666,0.0,,
dna_repair_biased,BP,GO:0071320,cellular response to cAMP,1.0,1.0,False,0,120,18,6000,0.0,0.003,0.0,,
dna_repair_biased,BP,GO:0071322,cellular response to carbohydrate stimulus,1.0,1.0,False,0,120,27,6000,0.0,0.0045,0.0,,
dna_repair_biased,BP,GO:0071326,cellular response to monosaccharide stimulus,1.0,1.0,False,0,120,23,6000,0.0,0.003833333333333333,0.0,,
dna_repair_biased,BP,GO:0071331,cellular response to hexose stimulus,1.0,1.0,False,0,120,22,6000,0.0,0.0036666666666666666,0.0,,
dna_repair_biased,BP,GO:0071333,cellular response to glucose stimulus,1.0,1.0,False,0,120,21,6000,0.0,0.0035,0.0,,
dna_repair_biased,BP,GO:0071345,cellular response to cytokine stimulus,0.4836016802622755,1.0,False,4,120,179,6000,0.03333333333333333,0.029833333333333333,1.1173184357541899,4792;5688;5692;5706,4792;5688;5692;5706
dna_repair_biased,BP,GO:0071346,cellular response to type II interferon,1.0,1.0,False,0,120,19,6000,0.0,0.0031666666666666666,0.0,,
dna_repair_biased,BP,GO:0071347,cellular response to interleukin-1,0.3593341011387844,1.0,False,1,120,22,6000,0.008333333333333333,0.0036666666666666666,2.272727272727273,4792,4792
dna_repair_biased,BP,GO:0071354,cellular response to interleukin-6,1.0,1.0,False,0,120,13,6000,0.0,0.0021666666666666666,0.0,,
dna_repair_biased,BP,GO:0071356,cellular response to tumor necrosis factor,0.4327558689318889,1.0,False,1,120,28,6000,0.008333333333333333,0.004666666666666667,1.7857142857142856,4792,4792
dna_repair_biased,BP,GO:0071363,cellular response to growth factor stimulus,0.9404316978762435,1.0,False,1,120,138,6000,0.008333333333333333,0.023,0.36231884057971014,94056,94056
dna_repair_biased,BP,GO:0071364,cellular response to epidermal growth factor stimulus,0.1994186086676354,1.0,False,1,120,11,6000,0.008333333333333333,0.0018333333333333333,4.545454545454546,94056,94056
dna_repair_biased,BP,GO:0071375,cellular response to peptide hormone stimulus,0.8332046990012474,1.0,False,1,120,88,6000,0.008333333333333333,0.014666666666666666,0.5681818181818182,94056,94056
dna_repair_biased,BP,GO:0071377,cellular response to glucagon stimulus,1.0,1.0,False,0,120,11,6000,0.0,0.0018333333333333333,0.0,,
dna_repair_biased,BP,GO:0071379,cellular response to prostaglandin stimulus,1.0,1.0,False,0,120,11,6000,0.0,0.0018333333333333333,0.0,,
dna_repair_biased,BP,GO:0071383,cellular response to steroid hormone stimulus,0.2641953639869182,1.0,False,2,120,50,6000,0.016666666666666666,0.008333333333333333,2.0,9325;51366,51366;9325
dna_repair_biased,BP,GO:0071384,cellular response to corticosteroid stimulus,1.0,1.0,False,0,120,20,6000,0.0,0.0033333333333333335,0.0,,
dna_repair_biased,BP,GO:0071385,cellular response to glucocorticoid stimulus,1.0,1.0,False,0,120,17,6000,0.0,0.0028333333333333335,0.0,,
dna_repair_biased,BP,GO:0071396,cellular response to lipid,0.434739927557222,1.0,False,4,120,168,6000,0.03333333333333333,0.028,1.1904761904761905,3146;9325;10856;51366,10856;3146;51366;9325
dna_repair_biased,BP,GO:0071398,cellular response to fatty acid,1.0,1.0,False,0,120,16,6000,0.0,0.0026666666666666666,0.0,,
dna_repair_biased,BP,GO:0071453,cellular response to oxygen levels,0.5554857542944451,1.0,False,1,120,40,6000,0.008333333333333333,0.006666666666666667,1.25,29997,29997
dna_repair_biased,BP,GO:0071456,cellular response to hypoxia,0.5079261327301264,1.0,False,1,120,35,6000,0.008333333333333333,0.005833333333333334,1.4285714285714284,29997,29997
dna_repair_biased,BP,GO:0071466,cellular response to xenobiotic stimulus,1.0,1.0,False,0,120,42,6000,0.0,0.007,0.0,,
dna_repair_biased,BP,GO:0071467,cellular response to pH,1.0,1.0,False,0,120,12,6000,0.0,0.002,0.0,,
dna_repair_biased,BP,GO:0071470,cellular response to osmotic stress,1.0,1.0,False,0,120,12,6000,0.0,0.002,0.0,,
dna_repair_biased,BP,GO:0071495,cellular response to endogenous stimulus,0.8355722471509297,1.0,False,4,120,288,6000,0.03333333333333333,0.048,0.6944444444444444,9325;51366;84464;94056,51366;84464;9325;94056
dna_repair_biased,BP,GO:0071496,cellular response to external stimulus,0.40925983223317164,1.0,False,1,120,26,6000,0.008333333333333333,0.004333333333333333,1.9230769230769231,1647,1647
dna_repair_biased,BP,GO:0071498,cellular response to fluid shear stress,1.0,1.0,False,0,120,13,6000,0.0,0.0021666666666666666,0.0,,
dna_repair_biased,BP,GO:0071499,cellular response to laminar fluid shear stress,1.0,1.0,False,0,120,10,6000,0.0,0.0016666666666666668,0.0,,
dna_repair_biased,BP,GO:0071526,semaphorin-plexin signaling pathway,1.0,1.0,False,0,120,17,6000,0.0,0.0028333333333333335,0.0,,
dna_repair_biased,BP,GO:0071542,dopaminergic neuron differentiation,1.0,1.0,False,0,120,13,6000,0.0,0.0021666666666666666,0.0,,
dna_repair_biased,BP,GO:0071548,response to dexamethasone,1.0,1.0,False,0,120,10,6000,0.0,0.0016666666666666668,0.0,,
dna_repair_biased,BP,GO:0071559,response to transforming growth factor beta,1.0,1.0,False,0,120,38,6000,0.0,0.006333333333333333,0.0,,
dna_repair_biased,BP,GO:0071560,cellular response to transforming growth factor beta stimulus,1.0,1.0,False,0,120,36,6000,0.0,0.006,0.0,,
dna_repair_biased,BP,GO:0071577,zinc ion transmembrane transport,0.18305237920257855,1.0,False,1,120,10,6000,0.008333333333333333,0.0016666666666666668,5.0,10463,10463
dna_repair_biased,BP,GO:0071616,acyl-CoA biosynthetic process,1.0,1.0,False,0,120,11,6000,0.0,0.0018333333333333333,0.0,,
dna_repair_biased,BP,GO:0071621,granulocyte chemotaxis,1.0,1.0,False,0,120,25,6000,0.0,0.004166666666666667,0.0,,
dna_repair_biased,BP,GO:0071622,regulation of granulocyte chemotaxis,1.0,1.0,False,0,120,20,6000,0.0,0.0033333333333333335,0.0,,
dna_repair_biased,BP,GO:0071624,positive regulation of granulocyte chemotaxis,1.0,1.0,False,0,120,10,6000,0.0,0.0016666666666666668,0.0,,
dna_repair_biased,BP,GO:0071634,regulation of transforming growth factor beta production,1.0,1.0,False,0,120,12,6000,0.0,0.002,0.0,,
dna_repair_biased,BP,GO:0071674,mononuclear cell migration,0.5644357055502625,1.0,False,1,120,41,6000,0.008333333333333333,0.006833333333333334,1.2195121951219512,3146,3146
dna_repair_biased,BP,GO:0071675,regulation of mononuclear cell migration,0.5984832752739089,1.0,False,1,120,45,6000,0.008333333333333333,0.0075,1.1111111111111112,3146,3146
dna_repair_biased,BP,GO:0071676,negative regulation of mononuclear cell migration,1.0,1.0,False,0,120,11,6000,0.0,0.0018333333333333333,0.0,,
dna_repair_biased,BP,GO:0071677,positive regulation of mononuclear cell migration,0.4770030767532584,1.0,False,1,120,32,6000,0.008333333333333333,0.005333333333333333,1.5625,3146,3146
dna_repair_biased,BP,GO:0071692,protein localization to extracellular region,1.0,1.0,False,0,120,23,6000,0.0,0.003833333333333333,0.0,,
dna_repair_biased,BP,GO:0071695,anatomical structure maturation,1.0,1.0,False,0,120,47,6000,0.0,0.007833333333333333,0.0,,
dna_repair_biased,BP,GO:0071705,nitrogen compound transport,0.7789906177705528,1.0,False,2,120,141,6000,0.016666666666666666,0.0235,0.7092198581560284,29890;56262,29890;56262
dna_repair_biased,BP,GO:0071709,membrane assembly,1.0,1.0,False,0,120,13,6000,0.0,0.0021666666666666666,0.0,,
dna_repair_biased,BP,GO:0071715,icosanoid transport,1.0,1.0,False,0,120,13,6000,0.0,0.0021666666666666666,0.0,,
dna_repair_biased,BP,GO:0071772,response to BMP,1.0,1.0,False,0,120,29,6000,0.0,0.004833333333333334,0.0,,
dna_repair_biased,BP,GO:0071773,cellular response to BMP stimulus,1.0,1.0,False,0,120,29,6000,0.0,0.004833333333333334,0.0,,
dna_repair_biased,BP,GO:0071774,response to fibroblast growth factor,1.0,1.0,False,0,120,24,6000,0.0,0.004,0.0,,
dna_repair_biased,BP,GO:0071805,potassium ion transmembrane transport,1.0,1.0,False,0,120,50,6000,0.0,0.008333333333333333,0.0,,
dna_repair_biased,BP,GO:0071806,protein transmembrane transport,1.0,1.0,False,0,120,23,6000,0.0,0.003833333333333333,0.0,,
dna_repair_biased,BP,GO:0071825,protein-lipid complex organization,1.0,1.0,False,0,120,16,6000,0.0,0.0026666666666666666,0.0,,
dna_repair_biased,BP,GO:0071826,protein-RNA complex organization,0.1592763804812545,1.0,False,3,120,69,6000,0.025,0.0115,2.173913043478261,10856;27339;29997,10856;27339;29997
dna_repair_biased,BP,GO:0071827,plasma lipoprotein particle organization,1.0,1.0,False,0,120,16,6000,0.0,0.0026666666666666666,0.0,,
dna_repair_biased,BP,GO:0071867,response to monoamine,1.0,1.0,False,0,120,11,6000,0.0,0.0018333333333333333,0.0,,
dna_repair_biased,BP,GO:0071868,cellular response to monoamine stimulus,1.0,1.0,False,0,120,11,6000,0.0,0.0018333333333333333,0.0,,
dna_repair_biased,BP,GO:0071869,response to catecholamine,1.0,1.0,False,0,120,10,6000,0.0,0.0016666666666666668,0.0,,
dna_repair_biased,BP,GO:0071870,cellular response to catecholamine stimulus,1.0,1.0,False,0,120,10,6000,0.0,0.0016666666666666668,0.0,,
dna_repair_biased,BP,GO:0071985,multivesicular body sorting pathway,1.0,1.0,False,0,120,14,6000,0.0,0.0023333333333333335,0.0,,
dna_repair_biased,BP,GO:0072001,renal system development,0.7588819051605297,1.0,False,1,120,70,6000,0.008333333333333333,0.011666666666666667,0.7142857142857142,25836,25836
dna_repair_biased,BP,GO:0072006,nephron development,1.0,1.0,False,0,120,30,6000,0.0,0.005,0.0,,
dna_repair_biased,BP,GO:0072009,nephron epithelium development,1.0,1.0,False,0,120,24,6000,0.0,0.004,0.0,,
dna_repair_biased,BP,GO:0072028,nephron morphogenesis,1.0,1.0,False,0,120,14,6000,0.0,0.0023333333333333335,0.0,,
dna_repair_biased,BP,GO:0072073,kidney epithelium development,1.0,1.0,False,0,120,33,6000,0.0,0.0055,0.0,,
dna_repair_biased,BP,GO:0072078,nephron tubule morphogenesis,1.0,1.0,False,0,120,14,6000,0.0,0.0023333333333333335,0.0,,
dna_repair_biased,BP,GO:0072080,nephron tubule development,1.0,1.0,False,0,120,18,6000,0.0,0.003,0.0,,
dna_repair_biased,BP,GO:0072088,nephron epithelium morphogenesis,1.0,1.0,False,0,120,14,6000,0.0,0.0023333333333333335,0.0,,
dna_repair_biased,BP,GO:0072163,mesonephric epithelium development,1.0,1.0,False,0,120,20,6000,0.0,0.0033333333333333335,0.0,,
dna_repair_biased,BP,GO:0072164,mesonephric tubule development,1.0,1.0,False,0,120,20,6000,0.0,0.0033333333333333335,0.0,,
dna_repair_biased,BP,GO:0072171,mesonephric tubule morphogenesis,1.0,1.0,False,0,120,11,6000,0.0,0.0018333333333333333,0.0,,
dna_repair_biased,BP,GO:0072175,epithelial tube formation,1.0,1.0,False,0,120,14,6000,0.0,0.0023333333333333335,0.0,,
dna_repair_biased,BP,GO:0072210,metanephric nephron development,1.0,1.0,False,0,120,10,6000,0.0,0.0016666666666666668,0.0,,
dna_repair_biased,BP,GO:0072329,monocarboxylic acid catabolic process,1.0,1.0,False,0,120,33,6000,0.0,0.0055,0.0,,
dna_repair_biased,BP,GO:0072330,monocarboxylic acid biosynthetic process,1.0,1.0,False,0,120,47,6000,0.0,0.007833333333333333,0.0,,
dna_repair_biased,BP,GO:0072331,signal transduction by p53 class mediator,0.42112605589102525,1.0,False,1,120,27,6000,0.008333333333333333,0.0045,1.8518518518518519,4683,4683
dna_repair_biased,BP,GO:0072332,intrinsic apoptotic signaling pathway by p53 class mediator,1.0,1.0,False,0,120,14,6000,0.0,0.0023333333333333335,0.0,,
dna_repair_biased,BP,GO:0072337,modified amino acid transport,1.0,1.0,False,0,120,14,6000,0.0,0.0023333333333333335,0.0,,
dna_repair_biased,BP,GO:0072344,rescue of stalled cytosolic ribosome,0.18305237920257855,1.0,False,1,120,10,6000,0.008333333333333333,0.0016666666666666668,5.0,9325,9325
dna_repair_biased,BP,GO:0072348,sulfur compound transport,0.3593341011387844,1.0,False,1,120,22,6000,0.008333333333333333,0.0036666666666666666,2.272727272727273,56262,56262
dna_repair_biased,BP,GO:0072359,circulatory system development,0.8380949542602091,1.0,False,2,120,161,6000,0.016666666666666666,0.026833333333333334,0.6211180124223602,6091;25836,25836;6091
dna_repair_biased,BP,GO:0072384,organelle transport along microtubule,1.0,1.0,False,0,120,28,6000,0.0,0.004666666666666667,0.0,,
dna_repair_biased,BP,GO:0072521,purine-containing compound metabolic process,0.9297218137697635,1.0,False,1,120,130,6000,0.008333333333333333,0.021666666666666667,0.3846153846153846,8505,8505
dna_repair_biased,BP,GO:0072522,purine-containing compound biosynthetic process,1.0,1.0,False,0,120,62,6000,0.0,0.010333333333333333,0.0,,
dna_repair_biased,BP,GO:0072523,purine-containing compound catabolic process,1.0,1.0,False,0,120,21,6000,0.0,0.0035,0.0,,
dna_repair_biased,BP,GO:0072524,pyridine-containing compound metabolic process,1.0,1.0,False,0,120,33,6000,0.0,0.0055,0.0,,
dna_repair_biased,BP,GO:0072527,pyrimidine-containing compound metabolic process,1.0,1.0,False,0,120,15,6000,0.0,0.0025,0.0,,
dna_repair_biased,BP,GO:0072530,purine-containing compound transmembrane transport,0.27649816154596496,1.0,False,1,120,16,6000,0.008333333333333333,0.0026666666666666666,3.125,56262,56262
dna_repair_biased,BP,GO:0072583,clathrin-dependent endocytosis,1.0,1.0,False,0,120,12,6000,0.0,0.002,0.0,,
dna_repair_biased,BP,GO:0072593,reactive oxygen species metabolic process,1.0,1.0,False,0,120,26,6000,0.0,0.004333333333333333,0.0,,
dna_repair_biased,BP,GO:0072599,establishment of protein localization to endoplasmic reticulum,1.0,1.0,False,0,120,12,6000,0.0,0.002,0.0,,
dna_repair_biased,BP,GO:0072657,protein localization to membrane,1.0,1.0,False,0,120,80,6000,0.0,0.013333333333333334,0.0,,
dna_repair_biased,BP,GO:0072659,protein localization to plasma membrane,1.0,1.0,False,0,120,53,6000,0.0,0.008833333333333334,0.0,,
dna_repair_biased,BP,GO:0072665,protein localization to vacuole,0.3593341011387844,1.0,False,1,120,22,6000,0.008333333333333333,0.0036666666666666666,2.272727272727273,30849,30849
dna_repair_biased,BP,GO:0072666,establishment of protein localization to vacuole,0.3328242822494307,1.0,False,1,120,20,6000,0.008333333333333333,0.0033333333333333335,2.5,30849,30849
dna_repair_biased,BP,GO:0072676,lymphocyte migration,1.0,1.0,False,0,120,20,6000,0.0,0.0033333333333333335,0.0,,
dna_repair_biased,BP,GO:0072678,T cell migration,1.0,1.0,False,0,120,12,6000,0.0,0.002,0.0,,
dna_repair_biased,BP,GO:0072698,protein localization to microtubule cytoskeleton,1.0,1.0,False,0,120,11,6000,0.0,0.0018333333333333333,0.0,,
dna_repair_biased,BP,GO:0080164,regulation of nitric oxide metabolic process,1.0,1.0,False,0,120,13,6000,0.0,0.0021666666666666666,0.0,,
dna_repair_biased,BP,GO:0080171,lytic vacuole organization,0.3593341011387844,1.0,False,1,120,22,6000,0.008333333333333333,0.0036666666666666666,2.272727272727273,55317,55317
dna_repair_biased,BP,GO:0086001,cardiac muscle cell action potential,1.0,1.0,False,0,120,21,6000,0.0,0.0035,0.0,,
dna_repair_biased,BP,GO:0086002,cardiac muscle cell action potential involved in contraction,1.0,1.0,False,0,120,13,6000,0.0,0.0021666666666666666,0.0,,
dna_repair_biased,BP,GO:0086003,cardiac muscle cell contraction,1.0,1.0,False,0,120,15,6000,0.0,0.0025,0.0,,
dna_repair_biased,BP,GO:0086004,regulation of cardiac muscle cell contraction,1.0,1.0,False,0,120,12,6000,0.0,0.002,0.0,,
dna_repair_biased,BP,GO:0086009,membrane repolarization,1.0,1.0,False,0,120,10,6000,0.0,0.0016666666666666668,0.0,,
dna_repair_biased,BP,GO:0086010,membrane depolarization during action potential,1.0,1.0,False,0,120,12,6000,0.0,0.002,0.0,,
dna_repair_biased,BP,GO:0086012,membrane depolarization during cardiac muscle cell action potential,1.0,1.0,False,0,120,11,6000,0.0,0.0018333333333333333,0.0,,
dna_repair_biased,BP,GO:0086065,cell communication involved in cardiac conduction,1.0,1.0,False,0,120,16,6000,0.0,0.0026666666666666666,0.0,,
dna_repair_biased,BP,GO:0086091,regulation of heart rate by cardiac conduction,1.0,1.0,False,0,120,12,6000,0.0,0.002,0.0,,
dna_repair_biased,BP,GO:0090022,regulation of neutrophil chemotaxis,1.0,1.0,False,0,120,12,6000,0.0,0.002,0.0,,
dna_repair_biased,BP,GO:0090049,regulation of cell migration involved in sprouting angiogenesis,1.0,1.0,False,0,120,13,6000,0.0,0.0021666666666666666,0.0,,
dna_repair_biased,BP,GO:0090066,regulation of anatomical structure size,0.92523091711485,1.0,False,1,120,127,6000,0.008333333333333333,0.021166666666666667,0.39370078740157477,56262,56262
dna_repair_biased,BP,GO:0090087,regulation of peptide transport,0.3088921479288008,1.0,False,2,120,56,6000,0.016666666666666666,0.009333333333333334,1.7857142857142856,11069;56262,11069;56262
dna_repair_biased,BP,GO:0090090,negative regulation of canonical Wnt signaling pathway,0.46627310055397503,1.0,False,1,120,31,6000,0.008333333333333333,0.005166666666666667,1.6129032258064515,10856,10856
dna_repair_biased,BP,GO:0090092,regulation of transmembrane receptor protein serine/threonine kinase signaling pathway,0.8034938931650345,1.0,False,1,120,80,6000,0.008333333333333333,0.013333333333333334,0.625,54778,54778
dna_repair_biased,BP,GO:0090100,positive regulation of transmembrane receptor protein serine/threonine kinase signaling pathway,0.46627310055397503,1.0,False,1,120,31,6000,0.008333333333333333,0.005166666666666667,1.6129032258064515,54778,54778
dna_repair_biased,BP,GO:0090101,negative regulation of transmembrane receptor protein serine/threonine kinase signaling pathway,1.0,1.0,False,0,120,45,6000,0.0,0.0075,0.0,,
dna_repair_biased,BP,GO:0090102,cochlea development,0.1994186086676354,1.0,False,1,120,11,6000,0.008333333333333333,0.0018333333333333333,4.545454545454546,4171,4171
dna_repair_biased,BP,GO:0090109,regulation of cell-substrate junction assembly,1.0,1.0,False,0,120,13,6000,0.0,0.0021666666666666666,0.0,,
dna_repair_biased,BP,GO:0090114,COPII-coated vesicle budding,1.0,1.0,False,0,120,17,6000,0.0,0.0028333333333333335,0.0,,
dna_repair_biased,BP,GO:0090128,regulation of synapse maturation,1.0,1.0,False,0,120,13,6000,0.0,0.0021666666666666666,0.0,,
dna_repair_biased,BP,GO:0090140,regulation of mitochondrial fission,1.0,1.0,False,0,120,12,6000,0.0,0.002,0.0,,
dna_repair_biased,BP,GO:0090148,membrane fission,1.0,1.0,False,0,120,15,6000,0.0,0.0025,0.0,,
dna_repair_biased,BP,GO:0090150,establishment of protein localization to membrane,1.0,1.0,False,0,120,55,6000,0.0,0.009166666666666667,0.0,,
dna_repair_biased,BP,GO:0090169,regulation of spindle assembly,1.0,1.0,False,0,120,10,6000,0.0,0.0016666666666666668,0.0,,
dna_repair_biased,BP,GO:0090174,organelle membrane fusion,0.4441539425635324,1.0,False,1,120,29,6000,0.008333333333333333,0.004833333333333334,1.7241379310344827,9874,9874
dna_repair_biased,BP,GO:0090181,regulation of cholesterol metabolic process,1.0,1.0,False,0,120,19,6000,0.0,0.0031666666666666666,0.0,,
dna_repair_biased,BP,GO:0090207,regulation of triglyceride metabolic process,1.0,1.0,False,0,120,11,6000,0.0,0.0018333333333333333,0.0,,
dna_repair_biased,BP,GO:0090224,regulation of spindle organization,0.27649816154596496,1.0,False,1,120,16,6000,0.008333333333333333,0.0026666666666666666,3.125,10039,10039
dna_repair_biased,BP,GO:0090231,regulation of spindle checkpoint,1.0,1.0,False,0,120,10,6000,0.0,0.0016666666666666668,0.0,,
dna_repair_biased,BP,GO:0090257,regulation of muscle system process,1.0,1.0,False,0,120,76,6000,0.0,0.012666666666666666,0.0,,
dna_repair_biased,BP,GO:0090276,regulation of peptide hormone secretion,0.3014654531064851,1.0,False,2,120,55,6000,0.016666666666666666,0.009166666666666667,1.8181818181818181,11069;56262,11069;56262
dna_repair_biased,BP,GO:0090278,negative regulation of peptide hormone secretion,1.0,1.0,False,0,120,11,6000,0.0,0.0018333333333333333,0.0,,
dna_repair_biased,BP,GO:0090279,regulation of calcium ion import,1.0,1.0,False,0,120,10,6000,0.0,0.0016666666666666668,0.0,,
dna_repair_biased,BP,GO:0090287,regulation of cellular response to growth factor stimulus,0.5650599093291517,1.0,False,2,120,94,6000,0.016666666666666666,0.015666666666666666,1.0638297872340425,6091;54778,54778;6091
dna_repair_biased,BP,GO:0090288,negative regulation of cellular response to growth factor stimulus,1.0,1.0,False,0,120,34,6000,0.0,0.005666666666666667,0.0,,
dna_repair_biased,BP,GO:0090303,positive regulation of wound healing,0.3462124237427534,1.0,False,1,120,21,6000,0.008333333333333333,0.0035,2.380952380952381,3146,3146
dna_repair_biased,BP,GO:0090307,mitotic spindle assembly,1.0,1.0,False,0,120,12,6000,0.0,0.002,0.0,,
dna_repair_biased,BP,GO:0090316,positive regulation of intracellular protein transport,0.3052270409204303,1.0,False,1,120,18,6000,0.008333333333333333,0.003,2.7777777777777777,51366,51366
dna_repair_biased,BP,GO:0090407,organophosphate biosynthetic process,0.9484647601939973,1.0,False,1,120,145,6000,0.008333333333333333,0.024166666666666666,0.3448275862068966,30849,30849
dna_repair_biased,BP,GO:0090559,regulation of membrane permeability,1.0,1.0,False,0,120,20,6000,0.0,0.0033333333333333335,0.0,,
dna_repair_biased,BP,GO:0090596,sensory organ morphogenesis,0.3088921479288008,1.0,False,2,120,56,6000,0.016666666666666666,0.009333333333333334,1.7857142857142856,2138;25836,2138;25836
dna_repair_biased,BP,GO:0095500,acetylcholine receptor signaling pathway,0.1994186086676354,1.0,False,1,120,11,6000,0.008333333333333333,0.0018333333333333333,4.545454545454546,1137,1137
dna_repair_biased,BP,GO:0097006,regulation of plasma lipoprotein particle levels,1.0,1.0,False,0,120,22,6000,0.0,0.0036666666666666666,0.0,,
dna_repair_biased,BP,GO:0097009,energy homeostasis,1.0,1.0,False,0,120,25,6000,0.0,0.004166666666666667,0.0,,
dna_repair_biased,BP,GO:0097035,regulation of membrane lipid distribution,1.0,1.0,False,0,120,21,6000,0.0,0.0035,0.0,,
dna_repair_biased,BP,GO:0097061,dendritic spine organization,1.0,1.0,False,0,120,11,6000,0.0,0.0018333333333333333,0.0,,
dna_repair_biased,BP,GO:0097120,receptor localization to synapse,1.0,1.0,False,0,120,16,6000,0.0,0.0026666666666666666,0.0,,
dna_repair_biased,BP,GO:0097190,apoptotic signaling pathway,0.3747912063033416,1.0,False,2,120,65,6000,0.016666666666666666,0.010833333333333334,1.5384615384615383,328;6418,328;6418
dna_repair_biased,BP,GO:0097191,extrinsic apoptotic signaling pathway,1.0,1.0,False,0,120,17,6000,0.0,0.0028333333333333335,0.0,,
dna_repair_biased,BP,GO:0097193,intrinsic apoptotic signaling pathway,1.0,1.0,False,0,120,42,6000,0.0,0.007,0.0,,
dna_repair_biased,BP,GO:0097194,execution phase of apoptosis,1.0,1.0,False,0,120,14,6000,0.0,0.0023333333333333335,0.0,,
dna_repair_biased,BP,GO:0097237,cellular response to toxic substance,1.0,1.0,False,0,120,39,6000,0.0,0.0065,0.0,,
dna_repair_biased,BP,GO:0097242,amyloid-beta clearance,1.0,1.0,False,0,120,11,6000,0.0,0.0018333333333333333,0.0,,
dna_repair_biased,BP,GO:0097305,response to alcohol,1.0,1.0,False,0,120,81,6000,0.0,0.0135,0.0,,
dna_repair_biased,BP,GO:0097306,cellular response to alcohol,1.0,1.0,False,0,120,33,6000,0.0,0.0055,0.0,,
dna_repair_biased,BP,GO:0097352,autophagosome maturation,0.2910068882529308,1.0,False,1,120,17,6000,0.008333333333333333,0.0028333333333333335,2.941176470588235,30849,30849
dna_repair_biased,BP,GO:0097435,supramolecular fiber organization,0.4999711372066772,1.0,False,3,120,133,6000,0.025,0.022166666666666668,1.1278195488721805,58;5889;11034,11034;58;5889
dna_repair_biased,BP,GO:0097479,synaptic vesicle localization,1.0,1.0,False,0,120,20,6000,0.0,0.0033333333333333335,0.0,,
dna_repair_biased,BP,GO:0097485,neuron projection guidance,0.6588586485892609,1.0,False,1,120,53,6000,0.008333333333333333,0.008833333333333334,0.9433962264150942,6091,6091
dna_repair_biased,BP,GO:0097529,myeloid leukocyte migration,1.0,1.0,False,0,120,38,6000,0.0,0.006333333333333333,0.0,,
dna_repair_biased,BP,GO:0097530,granulocyte migration,1.0,1.0,False,0,120,28,6000,0.0,0.004666666666666667,0.0,,
dna_repair_biased,BP,GO:0097553,calcium ion transmembrane import into cytosol,1.0,1.0,False,0,120,34,6000,0.0,0.005666666666666667,0.0,,
dna_repair_biased,BP,GO:0097696,cell surface receptor signaling pathway via STAT,0.48751910067913096,1.0,False,1,120,33,6000,0.008333333333333333,0.0055,1.5151515151515151,9306,9306
dna_repair_biased,BP,GO:0097699,vascular endothelial cell response to fluid shear stress,1.0,1.0,False,0,120,10,6000,0.0,0.0016666666666666668,0.0,,
dna_repair_biased,BP,GO:0097720,calcineurin-mediated signaling,1.0,1.0,False,0,120,10,6000,0.0,0.0016666666666666668,0.0,,
dna_repair_biased,BP,GO:0097722,sperm motility,0.3675770648649201,1.0,False,2,120,64,6000,0.016666666666666666,0.010666666666666666,1.5625,5688;5692,5688;5692
dna_repair_biased,BP,GO:0097746,blood vessel diameter maintenance,1.0,1.0,False,0,120,43,6000,0.0,0.007166666666666667,0.0,,
dna_repair_biased,BP,GO:0098534,centriole assembly,1.0,1.0,False,0,120,10,6000,0.0,0.0016666666666666668,0.0,,
dna_repair_biased,BP,GO:0098542,defense response to other organism,0.6145582891756549,1.0,False,4,120,211,6000,0.03333333333333333,0.035166666666666666,0.9478672985781991,5688;5692;5706;81570,5688;5692;5706;81570
dna_repair_biased,BP,GO:0098586,cellular response to virus,1.0,1.0,False,0,120,25,6000,0.0,0.004166666666666667,0.0,,
dna_repair_biased,BP,GO:0098609,cell-cell adhesion,0.9297218137697635,1.0,False,1,120,130,6000,0.008333333333333333,0.021666666666666667,0.3846153846153846,6091,6091
dna_repair_biased,BP,GO:0098655,monoatomic cation transmembrane transport,0.9887418419971898,1.0,False,1,120,218,6000,0.008333333333333333,0.036333333333333336,0.2293577981651376,10463,10463
dna_repair_biased,BP,GO:0098656,monoatomic anion transmembrane transport,0.5463534636790258,1.0,False,1,120,39,6000,0.008333333333333333,0.0065,1.2820512820512822,56262,56262
dna_repair_biased,BP,GO:0098657,import into cell,0.8864061875373219,1.0,False,2,120,183,6000,0.016666666666666666,0.0305,0.546448087431694,3146;56262,3146;56262
dna_repair_biased,BP,GO:0098659,inorganic cation import across plasma membrane,1.0,1.0,False,0,120,44,6000,0.0,0.007333333333333333,0.0,,
dna_repair_biased,BP,GO:0098703,calcium ion import across plasma membrane,1.0,1.0,False,0,120,11,6000,0.0,0.0018333333333333333,0.0,,
dna_repair_biased,BP,GO:0098727,maintenance of cell number,1.0,1.0,False,0,120,14,6000,0.0,0.0023333333333333335,0.0,,
dna_repair_biased,BP,GO:0098739,import across plasma membrane,0.7329454800132373,1.0,False,1,120,65,6000,0.008333333333333333,0.010833333333333334,0.7692307692307692,56262,56262
dna_repair_biased,BP,GO:0098754,detoxification,1.0,1.0,False,0,120,45,6000,0.0,0.0075,0.0,,
dna_repair_biased,BP,GO:0098771,inorganic ion homeostasis,0.8916472007324211,1.0,False,1,120,109,6000,0.008333333333333333,0.018166666666666668,0.4587155963302752,10463,10463
dna_repair_biased,BP,GO:0098773,skin epidermis development,1.0,1.0,False,0,120,18,6000,0.0,0.003,0.0,,
dna_repair_biased,BP,GO:0098869,cellular oxidant detoxification,1.0,1.0,False,0,120,27,6000,0.0,0.0045,0.0,,
dna_repair_biased,BP,GO:0098876,vesicle-mediated transport to the plasma membrane,1.0,1.0,False,0,120,50,6000,0.0,0.008333333333333333,0.0,,
dna_repair_biased,BP,GO:0098900,regulation of action potential,1.0,1.0,False,0,120,22,6000,0.0,0.0036666666666666666,0.0,,
dna_repair_biased,BP,GO:0098916,anterograde trans-synaptic signaling,0.547353138137202,1.0,False,2,120,91,6000,0.016666666666666666,0.015166666666666667,1.0989010989010988,1137;6861,1137;6861
dna_repair_biased,BP,GO:0098926,postsynaptic signal transduction,0.23118189666298758,1.0,False,1,120,13,6000,0.008333333333333333,0.0021666666666666666,3.8461538461538463,1137,1137
dna_repair_biased,BP,GO:0098927,vesicle-mediated transport between endosomal compartments,0.23118189666298758,1.0,False,1,120,13,6000,0.008333333333333333,0.0021666666666666666,3.8461538461538463,30849,30849
dna_repair_biased,BP,GO:0098930,axonal transport,1.0,1.0,False,0,120,21,6000,0.0,0.0035,0.0,,
dna_repair_biased,BP,GO:0099003,vesicle-mediated transport in synapse,0.5644357055502625,1.0,False,1,120,41,6000,0.008333333333333333,0.006833333333333334,1.2195121951219512,6861,6861
dna_repair_biased,BP,GO:0099024,plasma membrane invagination,1.0,1.0,False,0,120,11,6000,0.0,0.0018333333333333333,0.0,,
dna_repair_biased,BP,GO:0099072,regulation of postsynaptic membrane neurotransmitter receptor levels,1.0,1.0,False,0,120,21,6000,0.0,0.0035,0.0,,
dna_repair_biased,BP,GO:0099111,microtubule-based transport,0.7218126275544963,1.0,False,1,120,63,6000,0.008333333333333333,0.0105,0.7936507936507936,6421,6421
dna_repair_biased,BP,GO:0099149,regulation of postsynaptic neurotransmitter receptor internalization,1.0,1.0,False,0,120,10,6000,0.0,0.0016666666666666668,0.0,,
dna_repair_biased,BP,GO:0099170,postsynaptic modulation of chemical synaptic transmission,1.0,1.0,False,0,120,18,6000,0.0,0.003,0.0,,
dna_repair_biased,BP,GO:0099171,presynaptic modulation of chemical synaptic transmission,0.23118189666298758,1.0,False,1,120,13,6000,0.008333333333333333,0.0021666666666666666,3.8461538461538463,1137,1137
dna_repair_biased,BP,GO:0099172,presynapse organization,0.2154596450610039,1.0,False,1,120,12,6000,0.008333333333333333,0.002,4.166666666666667,1108,1108
dna_repair_biased,BP,GO:0099173,postsynapse organization,1.0,1.0,False,0,120,34,6000,0.0,0.005666666666666667,0.0,,
dna_repair_biased,BP,GO:0099175,regulation of postsynapse organization,1.0,1.0,False,0,120,39,6000,0.0,0.0065,0.0,,
dna_repair_biased,BP,GO:0099177,regulation of trans-synaptic signaling,0.795311357525432,1.0,False,2,120,146,6000,0.016666666666666666,0.024333333333333332,0.6849315068493151,1137;6861,1137;6861
dna_repair_biased,BP,GO:0099504,synaptic vesicle cycle,0.5554857542944451,1.0,False,1,120,40,6000,0.008333333333333333,0.006666666666666667,1.25,6861,6861
dna_repair_biased,BP,GO:0099518,vesicle cytoskeletal trafficking,1.0,1.0,False,0,120,19,6000,0.0,0.0031666666666666666,0.0,,
dna_repair_biased,BP,GO:0099536,synaptic signaling,0.6656196054509501,1.0,False,2,120,113,6000,0.016666666666666666,0.018833333333333334,0.8849557522123893,1137;6861,1137;6861
dna_repair_biased,BP,GO:0099537,trans-synaptic signaling,0.5989800517454676,1.0,False,2,120,100,6000,0.016666666666666666,0.016666666666666666,1.0,1137;6861,1137;6861
dna_repair_biased,BP,GO:0099558,maintenance of synapse structure,1.0,1.0,False,0,120,11,6000,0.0,0.0018333333333333333,0.0,,
dna_repair_biased,BP,GO:0099565,"chemical synaptic transmission, postsynaptic",0.27649816154596496,1.0,False,1,120,16,6000,0.008333333333333333,0.0026666666666666666,3.125,1137,1137
dna_repair_biased,BP,GO:0099587,inorganic ion import across plasma membrane,1.0,1.0,False,0,120,44,6000,0.0,0.007333333333333333,0.0,,
dna_repair_biased,BP,GO:0099643,signal release from synapse,0.2910068882529308,1.0,False,1,120,17,6000,0.008333333333333333,0.0028333333333333335,2.941176470588235,6861,6861
dna_repair_biased,BP,GO:0106027,neuron projection organization,1.0,1.0,False,0,120,18,6000,0.0,0.003,0.0,,
dna_repair_biased,BP,GO:0106056,regulation of calcineurin-mediated signaling,1.0,1.0,False,0,120,12,6000,0.0,0.002,0.0,,
dna_repair_biased,BP,GO:0106118,regulation of sterol biosynthetic process,1.0,1.0,False,0,120,12,6000,0.0,0.002,0.0,,
dna_repair_biased,BP,GO:0110020,regulation of actomyosin structure organization,1.0,1.0,False,0,120,23,6000,0.0,0.003833333333333333,0.0,,
dna_repair_biased,BP,GO:0110053,regulation of actin filament organization,1.0,1.0,False,0,120,67,6000,0.0,0.011166666666666667,0.0,,
dna_repair_biased,BP,GO:0120009,intermembrane lipid transfer,1.0,1.0,False,0,120,14,6000,0.0,0.0023333333333333335,0.0,,
dna_repair_biased,BP,GO:0120031,plasma membrane bounded cell projection assembly,1.0,1.0,False,0,120,110,6000,0.0,0.018333333333333333,0.0,,
dna_repair_biased,BP,GO:0120032,regulation of plasma membrane bounded cell projection assembly,1.0,1.0,False,0,120,61,6000,0.0,0.010166666666666666,0.0,,
dna_repair_biased,BP,GO:0120033,negative regulation of plasma membrane bounded cell projection assembly,1.0,1.0,False,0,120,10,6000,0.0,0.0016666666666666668,0.0,,
dna_repair_biased,BP,GO:0120034,positive regulation of plasma membrane bounded cell projection assembly,1.0,1.0,False,0,120,33,6000,0.0,0.0055,0.0,,
dna_repair_biased,BP,GO:0120035,regulation of plasma membrane bounded cell projection organization,0.9780166893982974,1.0,False,1,120,186,6000,0.008333333333333333,0.031,0.26881720430107525,6091,6091
dna_repair_biased,BP,GO:0120036,plasma membrane bounded cell projection organization,0.9467184842822256,1.0,False,3,120,303,6000,0.025,0.0505,0.49504950495049505,2074;3146;6091,2074;3146;6091
dna_repair_biased,BP,GO:0120039,plasma membrane bounded cell projection morphogenesis,0.9171052424703762,1.0,False,1,120,122,6000,0.008333333333333333,0.02033333333333333,0.4098360655737705,6091,6091
dna_repair_biased,BP,GO:0120161,regulation of cold-induced thermogenesis,1.0,1.0,False,0,120,40,6000,0.0,0.006666666666666667,0.0,,
dna_repair_biased,BP,GO:0120162,positive regulation of cold-induced thermogenesis,1.0,1.0,False,0,120,21,6000,0.0,0.0035,0.0,,
dna_repair_biased,BP,GO:0120163,negative regulation of cold-induced thermogenesis,1.0,1.0,False,0,120,19,6000,0.0,0.0031666666666666666,0.0,,
dna_repair_biased,BP,GO:0120192,tight junction assembly,1.0,1.0,False,0,120,12,6000,0.0,0.002,0.0,,
dna_repair_biased,BP,GO:0120193,tight junction organization,1.0,1.0,False,0,120,12,6000,0.0,0.002,0.0,,
dna_repair_biased,BP,GO:0120254,olefinic compound metabolic process,1.0,1.0,False,0,120,46,6000,0.0,0.007666666666666666,0.0,,
dna_repair_biased,BP,GO:0120316,sperm flagellum assembly,1.0,1.0,False,0,120,11,6000,0.0,0.0018333333333333333,0.0,,
dna_repair_biased,BP,GO:0140014,mitotic nuclear division,0.23438750474143355,1.0,False,2,120,46,6000,0.016666666666666666,0.007666666666666666,2.1739130434782608,11044;25836,11044;25836
dna_repair_biased,BP,GO:0140053,mitochondrial gene expression,1.0,1.0,False,0,120,49,6000,0.0,0.008166666666666666,0.0,,
dna_repair_biased,BP,GO:0140115,export across plasma membrane,1.0,1.0,False,0,120,18,6000,0.0,0.003,0.0,,
dna_repair_biased,BP,GO:0140238,presynaptic endocytosis,1.0,1.0,False,0,120,15,6000,0.0,0.0025,0.0,,
dna_repair_biased,BP,GO:0140352,export from cell,0.8870954523667359,1.0,False,1,120,107,6000,0.008333333333333333,0.017833333333333333,0.4672897196261682,6861,6861
dna_repair_biased,BP,GO:0140374,antiviral innate immune response,0.48751910067913096,1.0,False,1,120,33,6000,0.008333333333333333,0.0055,1.5151515151515151,81570,81570
dna_repair_biased,BP,GO:0140467,integrated stress response signaling,1.0,1.0,False,0,120,11,6000,0.0,0.0018333333333333333,0.0,,
dna_repair_biased,BP,GO:0140546,defense response to symbiont,0.6069766277603704,1.0,False,4,120,209,6000,0.03333333333333333,0.034833333333333334,0.9569377990430622,5688;5692;5706;81570,5688;5692;5706;81570
dna_repair_biased,BP,GO:0140719,constitutive heterochromatin formation,1.0,1.0,False,0,120,18,6000,0.0,0.003,0.0,,
dna_repair_biased,BP,GO:0140888,interferon-mediated signaling pathway,1.0,1.0,False,0,120,19,6000,0.0,0.0031666666666666666,0.0,,
dna_repair_biased,BP,GO:0140894,endolysosomal toll-like receptor signaling pathway,1.0,1.0,False,0,120,11,6000,0.0,0.0018333333333333333,0.0,,
dna_repair_biased,BP,GO:0140895,cell surface toll-like receptor signaling pathway,0.1994186086676354,1.0,False,1,120,11,6000,0.008333333333333333,0.0018333333333333333,4.545454545454546,4792,4792
dna_repair_biased,BP,GO:0140962,multicellular organismal-level chemical homeostasis,1.0,1.0,False,0,120,21,6000,0.0,0.0035,0.0,,
dna_repair_biased,BP,GO:0141060,disruption of anatomical structure in another organism,1.0,1.0,False,0,120,29,6000,0.0,0.004833333333333334,0.0,,
dna_repair_biased,BP,GO:0141061,disruption of cell in another organism,1.0,1.0,False,0,120,29,6000,0.0,0.004833333333333334,0.0,,
dna_repair_biased,BP,GO:0141085,regulation of inflammasome-mediated signaling pathway,1.0,1.0,False,0,120,23,6000,0.0,0.003833333333333333,0.0,,
dna_repair_biased,BP,GO:0141086,negative regulation of inflammasome-mediated signaling pathway,1.0,1.0,False,0,120,11,6000,0.0,0.0018333333333333333,0.0,,
dna_repair_biased,BP,GO:0141087,positive regulation of inflammasome-mediated signaling pathway,1.0,1.0,False,0,120,12,6000,0.0,0.002,0.0,,
dna_repair_biased,BP,GO:0141091,transforming growth factor beta receptor superfamily signaling pathway,1.0,1.0,False,0,120,49,6000,0.0,0.008166666666666666,0.0,,
dna_repair_biased,BP,GO:0141124,intracellular signaling cassette,0.6183157178514422,1.0,False,4,120,212,6000,0.03333333333333333,0.035333333333333335,0.9433962264150942,4792;4869;11069;30849,11069;30849;4792;4869
dna_repair_biased,BP,GO:0141137,"positive regulation of gene expression, epigenetic",0.3328242822494307,1.0,False,1,120,20,6000,0.008333333333333333,0.0033333333333333335,2.5,328,328
dna_repair_biased,BP,GO:0141161,regulation of cAMP/PKA signal transduction,1.0,1.0,False,0,120,13,6000,0.0,0.0021666666666666666,0.0,,
dna_repair_biased,BP,GO:0141193,nuclear receptor-mediated signaling pathway,0.16145333431713965,1.0,False,2,120,36,6000,0.016666666666666666,0.006,2.7777777777777777,9325;51366,51366;9325
dna_repair_biased,BP,GO:0150052,regulation of postsynapse assembly,1.0,1.0,False,0,120,16,6000,0.0,0.0026666666666666666,0.0,,
dna_repair_biased,BP,GO:0150063,visual system development,0.45839332420414536,1.0,False,2,120,77,6000,0.016666666666666666,0.012833333333333334,1.2987012987012987,25836;85015,25836;85015
dna_repair_biased,BP,GO:0150076,neuroinflammatory response,1.0,1.0,False,0,120,11,6000,0.0,0.0018333333333333333,0.0,,
dna_repair_biased,BP,GO:0150077,regulation of neuroinflammatory response,1.0,1.0,False,0,120,16,6000,0.0,0.0026666666666666666,0.0,,
dna_repair_biased,BP,GO:0150104,transport across blood-brain barrier,1.0,1.0,False,0,120,23,6000,0.0,0.003833333333333333,0.0,,
dna_repair_biased,BP,GO:0150116,regulation of cell-substrate junction organization,1.0,1.0,False,0,120,14,6000,0.0,0.0023333333333333335,0.0,,
dna_repair_biased,BP,GO:0160108,animal gross anatomical part developmental process,0.8167612474286635,1.0,False,17,120,1009,6000,0.14166666666666666,0.16816666666666666,0.8424182358771061,58;2074;2138;3146;4171;4683;5426;5810;6091;8091;9149;25836;25988;55734;78996;85015;165918,165918;2074;2138;25836;25988;3146;4171;4683;5426;55734;58;5810;6091;78996;8091;85015;9149
dna_repair_biased,BP,GO:0160307,protein biosynthetic process,0.8870954523667359,1.0,False,1,120,107,6000,0.008333333333333333,0.017833333333333333,0.4672897196261682,9325,9325
dna_repair_biased,BP,GO:0170036,import into the mitochondrion,1.0,1.0,False,0,120,13,6000,0.0,0.0021666666666666666,0.0,,
dna_repair_biased,BP,GO:0170038,proteinogenic amino acid biosynthetic process,1.0,1.0,False,0,120,12,6000,0.0,0.002,0.0,,
dna_repair_biased,BP,GO:0170039,proteinogenic amino acid metabolic process,1.0,1.0,False,0,120,54,6000,0.0,0.009,0.0,,
dna_repair_biased,BP,GO:0170040,proteinogenic amino acid catabolic process,1.0,1.0,False,0,120,41,6000,0.0,0.006833333333333334,0.0,,
dna_repair_biased,BP,GO:0170041,non-proteinogenic amino acid metabolic process,1.0,1.0,False,0,120,13,6000,0.0,0.0021666666666666666,0.0,,
dna_repair_biased,BP,GO:0170062,nutrient storage,0.27649816154596496,1.0,False,1,120,16,6000,0.008333333333333333,0.0026666666666666666,3.125,1408,1408
dna_repair_biased,BP,GO:0180064,protein O-linked glycosylation via xylose,1.0,1.0,False,0,120,15,6000,0.0,0.0025,0.0,,
dna_repair_biased,BP,GO:1900015,regulation of cytokine production involved in inflammatory response,0.397152433406183,1.0,False,1,120,25,6000,0.008333333333333333,0.004166666666666667,2.0,4792,4792
dna_repair_biased,BP,GO:1900016,negative regulation of cytokine production involved in inflammatory response,0.1994186086676354,1.0,False,1,120,11,6000,0.008333333333333333,0.0018333333333333333,4.545454545454546,4792,4792
dna_repair_biased,BP,GO:1900017,positive regulation of cytokine production involved in inflammatory response,1.0,1.0,False,0,120,13,6000,0.0,0.0021666666666666666,0.0,,
dna_repair_biased,BP,GO:1900024,regulation of substrate adhesion-dependent cell spreading,1.0,1.0,False,0,120,15,6000,0.0,0.0025,0.0,,
dna_repair_biased,BP,GO:1900026,positive regulation of substrate adhesion-dependent cell spreading,1.0,1.0,False,0,120,11,6000,0.0,0.0018333333333333333,0.0,,
dna_repair_biased,BP,GO:1900046,regulation of hemostasis,1.0,1.0,False,0,120,20,6000,0.0,0.0033333333333333335,0.0,,
dna_repair_biased,BP,GO:1900047,negative regulation of hemostasis,1.0,1.0,False,0,120,13,6000,0.0,0.0021666666666666666,0.0,,
dna_repair_biased,BP,GO:1900076,regulation of cellular response to insulin stimulus,1.0,1.0,False,0,120,21,6000,0.0,0.0035,0.0,,
dna_repair_biased,BP,GO:1900077,negative regulation of cellular response to insulin stimulus,1.0,1.0,False,0,120,11,6000,0.0,0.0018333333333333333,0.0,,
dna_repair_biased,BP,GO:1900101,regulation of endoplasmic reticulum unfolded protein response,1.0,1.0,False,0,120,11,6000,0.0,0.0018333333333333333,0.0,,
dna_repair_biased,BP,GO:1900151,"regulation of nuclear-transcribed mRNA catabolic process, deadenylation-dependent decay",0.18305237920257855,1.0,False,1,120,10,6000,0.008333333333333333,0.0016666666666666668,5.0,11044,11044
dna_repair_biased,BP,GO:1900225,regulation of NLRP3 inflammasome complex assembly,1.0,1.0,False,0,120,21,6000,0.0,0.0035,0.0,,
dna_repair_biased,BP,GO:1900227,positive regulation of NLRP3 inflammasome complex assembly,1.0,1.0,False,0,120,12,6000,0.0,0.002,0.0,,
dna_repair_biased,BP,GO:1900271,regulation of long-term synaptic potentiation,1.0,1.0,False,0,120,10,6000,0.0,0.0016666666666666668,0.0,,
dna_repair_biased,BP,GO:1900368,regulation of post-transcriptional gene silencing by regulatory ncRNA,1.0,1.0,False,0,120,12,6000,0.0,0.002,0.0,,
dna_repair_biased,BP,GO:1900542,regulation of purine nucleotide metabolic process,1.0,1.0,False,0,120,25,6000,0.0,0.004166666666666667,0.0,,
dna_repair_biased,BP,GO:1900544,positive regulation of purine nucleotide metabolic process,1.0,1.0,False,0,120,15,6000,0.0,0.0025,0.0,,
dna_repair_biased,BP,GO:1900744,regulation of p38MAPK cascade,0.23118189666298758,1.0,False,1,120,13,6000,0.008333333333333333,0.0021666666666666666,3.8461538461538463,1647,1647
dna_repair_biased,BP,GO:1901135,carbohydrate derivative metabolic process,0.992603951641633,1.0,False,1,120,238,6000,0.008333333333333333,0.03966666666666667,0.21008403361344535,8505,8505
dna_repair_biased,BP,GO:1901136,carbohydrate derivative catabolic process,1.0,1.0,False,0,120,57,6000,0.0,0.0095,0.0,,
dna_repair_biased,BP,GO:1901137,carbohydrate derivative biosynthetic process,1.0,1.0,False,0,120,148,6000,0.0,0.024666666666666667,0.0,,
dna_repair_biased,BP,GO:1901184,regulation of ERBB signaling pathway,1.0,1.0,False,0,120,26,6000,0.0,0.004333333333333333,0.0,,
dna_repair_biased,BP,GO:1901185,negative regulation of ERBB signaling pathway,1.0,1.0,False,0,120,15,6000,0.0,0.0025,0.0,,
dna_repair_biased,BP,GO:1901186,positive regulation of ERBB signaling pathway,1.0,1.0,False,0,120,11,6000,0.0,0.0018333333333333333,0.0,,
dna_repair_biased,BP,GO:1901223,negative regulation of non-canonical NF-kappaB signal transduction,0.18305237920257855,1.0,False,1,120,10,6000,0.008333333333333333,0.0016666666666666668,5.0,4792,4792
dna_repair_biased,BP,GO:1901224,positive regulation of non-canonical NF-kappaB signal transduction,0.27649816154596496,1.0,False,1,120,16,6000,0.008333333333333333,0.0026666666666666666,3.125,3146,3146
dna_repair_biased,BP,GO:1901264,carbohydrate derivative transport,0.5079261327301264,1.0,False,1,120,35,6000,0.008333333333333333,0.005833333333333334,1.4285714285714284,56262,56262
dna_repair_biased,BP,GO:1901292,nucleoside phosphate catabolic process,1.0,1.0,False,0,120,24,6000,0.0,0.004,0.0,,
dna_repair_biased,BP,GO:1901293,nucleoside phosphate biosynthetic process,1.0,1.0,False,0,120,76,6000,0.0,0.012666666666666666,0.0,,
dna_repair_biased,BP,GO:1901342,regulation of vasculature development,0.2629320056581393,1.0,False,3,120,89,6000,0.025,0.014833333333333334,1.6853932584269664,1647;3146;8091,1647;3146;8091
dna_repair_biased,BP,GO:1901343,negative regulation of vasculature development,0.4441539425635324,1.0,False,1,120,29,6000,0.008333333333333333,0.004833333333333334,1.7241379310344827,1647,1647
dna_repair_biased,BP,GO:1901379,regulation of potassium ion transmembrane transport,1.0,1.0,False,0,120,21,6000,0.0,0.0035,0.0,,
dna_repair_biased,BP,GO:1901381,positive regulation of potassium ion transmembrane transport,1.0,1.0,False,0,120,12,6000,0.0,0.002,0.0,,
dna_repair_biased,BP,GO:1901524,regulation of mitophagy,1.0,1.0,False,0,120,15,6000,0.0,0.0025,0.0,,
dna_repair_biased,BP,GO:1901532,regulation of hematopoietic progenitor cell differentiation,0.18305237920257855,1.0,False,1,120,10,6000,0.008333333333333333,0.0016666666666666668,5.0,126549,126549
dna_repair_biased,BP,GO:1901568,fatty acid derivative metabolic process,1.0,1.0,False,0,120,27,6000,0.0,0.0045,0.0,,
dna_repair_biased,BP,GO:1901570,fatty acid derivative biosynthetic process,1.0,1.0,False,0,120,16,6000,0.0,0.0026666666666666666,0.0,,
dna_repair_biased,BP,GO:1901652,response to peptide,0.6145582891756549,1.0,False,4,120,211,6000,0.03333333333333333,0.035166666666666666,0.9478672985781991,4792;5688;5692;5706,4792;5688;5692;5706
dna_repair_biased,BP,GO:1901654,response to ketone,1.0,1.0,False,0,120,60,6000,0.0,0.01,0.0,,
dna_repair_biased,BP,GO:1901655,cellular response to ketone,1.0,1.0,False,0,120,34,6000,0.0,0.005666666666666667,0.0,,
dna_repair_biased,BP,GO:1901679,nucleotide transmembrane transport,0.2616950548768287,1.0,False,1,120,15,6000,0.008333333333333333,0.0025,3.333333333333333,56262,56262
dna_repair_biased,BP,GO:1901698,response to nitrogen compound,0.7078544104871288,1.0,False,4,120,238,6000,0.03333333333333333,0.03966666666666667,0.8403361344537814,1137;1408;56160;94056,1137;1408;56160;94056
dna_repair_biased,BP,GO:1901699,cellular response to nitrogen compound,0.6468287956203818,1.0,False,3,120,165,6000,0.025,0.0275,0.9090909090909092,1137;56160;94056,1137;56160;94056
dna_repair_biased,BP,GO:1901700,response to oxygen-containing compound,0.8640270332468043,1.0,False,6,120,426,6000,0.05,0.071,0.7042253521126761,1137;1408;3146;10856;94056;375748,10856;1137;1408;3146;375748;94056
dna_repair_biased,BP,GO:1901701,cellular response to oxygen-containing compound,0.7379098429803564,1.0,False,5,120,305,6000,0.041666666666666664,0.050833333333333335,0.8196721311475409,1137;3146;10856;94056;375748,10856;1137;3146;375748;94056
dna_repair_biased,BP,GO:1901739,regulation of myoblast fusion,1.0,1.0,False,0,120,16,6000,0.0,0.0026666666666666666,0.0,,
dna_repair_biased,BP,GO:1901740,negative regulation of myoblast fusion,1.0,1.0,False,0,120,13,6000,0.0,0.0021666666666666666,0.0,,
dna_repair_biased,BP,GO:1901799,negative regulation of proteasomal protein catabolic process,0.27649816154596496,1.0,False,1,120,16,6000,0.008333333333333333,0.0026666666666666666,3.125,29997,29997
dna_repair_biased,BP,GO:1901874,negative regulation of post-translational protein modification,0.397152433406183,1.0,False,1,120,25,6000,0.008333333333333333,0.004166666666666667,2.0,151636,151636
dna_repair_biased,BP,GO:1901879,regulation of protein depolymerization,1.0,1.0,False,0,120,17,6000,0.0,0.0028333333333333335,0.0,,
dna_repair_biased,BP,GO:1901880,negative regulation of protein depolymerization,1.0,1.0,False,0,120,14,6000,0.0,0.0023333333333333335,0.0,,
dna_repair_biased,BP,GO:1901888,regulation of cell junction assembly,0.7539026982459304,1.0,False,1,120,69,6000,0.008333333333333333,0.0115,0.7246376811594203,1108,1108
dna_repair_biased,BP,GO:1901890,positive regulation of cell junction assembly,1.0,1.0,False,0,120,23,6000,0.0,0.003833333333333333,0.0,,
dna_repair_biased,BP,GO:1901976,regulation of cell cycle checkpoint,0.24659164652108712,1.0,False,1,120,14,6000,0.008333333333333333,0.0023333333333333335,3.571428571428571,55159,55159
dna_repair_biased,BP,GO:1901992,positive regulation of mitotic cell cycle phase transition,0.2910068882529308,1.0,False,1,120,17,6000,0.008333333333333333,0.0028333333333333335,2.941176470588235,5889,5889
dna_repair_biased,BP,GO:1902017,regulation of cilium assembly,1.0,1.0,False,0,120,24,6000,0.0,0.004,0.0,,
dna_repair_biased,BP,GO:1902041,regulation of extrinsic apoptotic signaling pathway via death domain receptors,1.0,1.0,False,0,120,11,6000,0.0,0.0018333333333333333,0.0,,
dna_repair_biased,BP,GO:1902099,regulation of metaphase/anaphase transition of cell cycle,1.0,1.0,False,0,120,30,6000,0.0,0.005,0.0,,
dna_repair_biased,BP,GO:1902100,negative regulation of metaphase/anaphase transition of cell cycle,1.0,1.0,False,0,120,10,6000,0.0,0.0016666666666666668,0.0,,
dna_repair_biased,BP,GO:1902105,regulation of leukocyte differentiation,0.2629320056581393,1.0,False,3,120,89,6000,0.025,0.014833333333333334,1.6853932584269664,3146;5688;5692,3146;5688;5692
dna_repair_biased,BP,GO:1902107,positive regulation of leukocyte differentiation,0.6588586485892609,1.0,False,1,120,53,6000,0.008333333333333333,0.008833333333333334,0.9433962264150942,3146,3146
dna_repair_biased,BP,GO:1902115,regulation of organelle assembly,0.6518344615320735,1.0,False,1,120,52,6000,0.008333333333333333,0.008666666666666666,0.9615384615384616,4869,4869
dna_repair_biased,BP,GO:1902117,positive regulation of organelle assembly,1.0,1.0,False,0,120,19,6000,0.0,0.0031666666666666666,0.0,,
dna_repair_biased,BP,GO:1902175,regulation of oxidative stress-induced intrinsic apoptotic signaling pathway,0.18305237920257855,1.0,False,1,120,10,6000,0.008333333333333333,0.0016666666666666668,5.0,6421,6421
dna_repair_biased,BP,GO:1902305,regulation of sodium ion transmembrane transport,1.0,1.0,False,0,120,14,6000,0.0,0.0023333333333333335,0.0,,
dna_repair_biased,BP,GO:1902369,negative regulation of RNA catabolic process,0.5178253555419259,1.0,False,1,120,36,6000,0.008333333333333333,0.006,1.3888888888888888,11044,11044
dna_repair_biased,BP,GO:1902373,negative regulation of mRNA catabolic process,0.4441539425635324,1.0,False,1,120,29,6000,0.008333333333333333,0.004833333333333334,1.7241379310344827,11044,11044
dna_repair_biased,BP,GO:1902414,protein localization to cell junction,1.0,1.0,False,0,120,23,6000,0.0,0.003833333333333333,0.0,,
dna_repair_biased,BP,GO:1902455,negative regulation of stem cell population maintenance,1.0,1.0,False,0,120,10,6000,0.0,0.0016666666666666668,0.0,,
dna_repair_biased,BP,GO:1902459,positive regulation of stem cell population maintenance,1.0,1.0,False,0,120,18,6000,0.0,0.003,0.0,,
dna_repair_biased,BP,GO:1902475,L-alpha-amino acid transmembrane transport,1.0,1.0,False,0,120,14,6000,0.0,0.0023333333333333335,0.0,,
dna_repair_biased,BP,GO:1902476,chloride transmembrane transport,0.4327558689318889,1.0,False,1,120,28,6000,0.008333333333333333,0.004666666666666667,1.7857142857142856,56262,56262
dna_repair_biased,BP,GO:1902531,regulation of intracellular signal transduction,0.7073530805161325,1.0,False,10,120,566,6000,0.08333333333333333,0.09433333333333334,0.8833922261484098,1408;1647;3146;4792;6091;6421;8091;25788;29997;55159,1408;1647;25788;29997;3146;4792;55159;6091;6421;8091
dna_repair_biased,BP,GO:1902532,negative regulation of intracellular signal transduction,0.37508515565903544,1.0,False,5,120,201,6000,0.041666666666666664,0.0335,1.243781094527363,1408;4792;8091;25788;29997,1408;25788;29997;4792;8091
dna_repair_biased,BP,GO:1902533,positive regulation of intracellular signal transduction,0.8915841888964163,1.0,False,4,120,321,6000,0.03333333333333333,0.0535,0.6230529595015576,1647;3146;6091;6421,1647;3146;6091;6421
dna_repair_biased,BP,GO:1902547,regulation of cellular response to vascular endothelial growth factor stimulus,0.18305237920257855,1.0,False,1,120,10,6000,0.008333333333333333,0.0016666666666666668,5.0,6091,6091
dna_repair_biased,BP,GO:1902600,proton transmembrane transport,1.0,1.0,False,0,120,58,6000,0.0,0.009666666666666667,0.0,,
dna_repair_biased,BP,GO:1902622,regulation of neutrophil migration,1.0,1.0,False,0,120,14,6000,0.0,0.0023333333333333335,0.0,,
dna_repair_biased,BP,GO:1902624,positive regulation of neutrophil migration,1.0,1.0,False,0,120,11,6000,0.0,0.0018333333333333333,0.0,,
dna_repair_biased,BP,GO:1902652,secondary alcohol metabolic process,1.0,1.0,False,0,120,26,6000,0.0,0.004333333333333333,0.0,,
dna_repair_biased,BP,GO:1902653,secondary alcohol biosynthetic process,1.0,1.0,False,0,120,11,6000,0.0,0.0018333333333333333,0.0,,
dna_repair_biased,BP,GO:1902656,calcium ion import into cytosol,1.0,1.0,False,0,120,12,6000,0.0,0.002,0.0,,
dna_repair_biased,BP,GO:1902743,regulation of lamellipodium organization,1.0,1.0,False,0,120,18,6000,0.0,0.003,0.0,,
dna_repair_biased,BP,GO:1902745,positive regulation of lamellipodium organization,1.0,1.0,False,0,120,13,6000,0.0,0.0021666666666666666,0.0,,
dna_repair_biased,BP,GO:1902807,negative regulation of cell cycle G1/S phase transition,0.1994186086676354,1.0,False,1,120,11,6000,0.008333333333333333,0.0018333333333333333,4.545454545454546,55159,55159
dna_repair_biased,BP,GO:1902808,positive regulation of cell cycle G1/S phase transition,1.0,1.0,False,0,120,12,6000,0.0,0.002,0.0,,
dna_repair_biased,BP,GO:1902850,microtubule cytoskeleton organization involved in mitosis,1.0,1.0,False,0,120,38,6000,0.0,0.006333333333333333,0.0,,
dna_repair_biased,BP,GO:1902893,regulation of miRNA transcription,1.0,1.0,False,0,120,29,6000,0.0,0.004833333333333334,0.0,,
dna_repair_biased,BP,GO:1902894,negative regulation of miRNA transcription,1.0,1.0,False,0,120,11,6000,0.0,0.0018333333333333333,0.0,,
dna_repair_biased,BP,GO:1902895,positive regulation of miRNA transcription,1.0,1.0,False,0,120,19,6000,0.0,0.0031666666666666666,0.0,,
dna_repair_biased,BP,GO:1902903,regulation of supramolecular fiber organization,1.0,1.0,False,0,120,95,6000,0.0,0.015833333333333335,0.0,,
dna_repair_biased,BP,GO:1902904,negative regulation of supramolecular fiber organization,1.0,1.0,False,0,120,37,6000,0.0,0.006166666666666667,0.0,,
dna_repair_biased,BP,GO:1902905,positive regulation of supramolecular fiber organization,1.0,1.0,False,0,120,38,6000,0.0,0.006333333333333333,0.0,,
dna_repair_biased,BP,GO:1902930,regulation of alcohol biosynthetic process,1.0,1.0,False,0,120,16,6000,0.0,0.0026666666666666666,0.0,,
dna_repair_biased,BP,GO:1903008,organelle disassembly,0.3462124237427534,1.0,False,1,120,21,6000,0.008333333333333333,0.0035,2.380952380952381,9325,9325
dna_repair_biased,BP,GO:1903018,regulation of glycoprotein metabolic process,1.0,1.0,False,0,120,10,6000,0.0,0.0016666666666666668,0.0,,
dna_repair_biased,BP,GO:1903034,regulation of response to wounding,0.5818029618000387,1.0,False,1,120,43,6000,0.008333333333333333,0.007166666666666667,1.1627906976744187,3146,3146
dna_repair_biased,BP,GO:1903035,negative regulation of response to wounding,1.0,1.0,False,0,120,20,6000,0.0,0.0033333333333333335,0.0,,
dna_repair_biased,BP,GO:1903036,positive regulation of response to wounding,0.3721945741838406,1.0,False,1,120,23,6000,0.008333333333333333,0.003833333333333333,2.1739130434782608,3146,3146
dna_repair_biased,BP,GO:1903037,regulation of leukocyte cell-cell adhesion,0.47956591529752424,1.0,False,3,120,129,6000,0.025,0.0215,1.1627906976744187,3146;5688;5692,3146;5688;5692
dna_repair_biased,BP,GO:1903039,positive regulation of leukocyte cell-cell adhesion,0.8494643982192128,1.0,False,1,120,93,6000,0.008333333333333333,0.0155,0.5376344086021505,3146,3146
dna_repair_biased,BP,GO:1903053,regulation of extracellular matrix organization,1.0,1.0,False,0,120,13,6000,0.0,0.0021666666666666666,0.0,,
dna_repair_biased,BP,GO:1903076,regulation of protein localization to plasma membrane,1.0,1.0,False,0,120,28,6000,0.0,0.004666666666666667,0.0,,
dna_repair_biased,BP,GO:1903078,positive regulation of protein localization to plasma membrane,1.0,1.0,False,0,120,17,6000,0.0,0.0028333333333333335,0.0,,
dna_repair_biased,BP,GO:1903115,regulation of actin filament-based movement,1.0,1.0,False,0,120,13,6000,0.0,0.0021666666666666666,0.0,,
dna_repair_biased,BP,GO:1903146,regulation of autophagy of mitochondrion,1.0,1.0,False,0,120,15,6000,0.0,0.0025,0.0,,
dna_repair_biased,BP,GO:1903169,regulation of calcium ion transmembrane transport,1.0,1.0,False,0,120,41,6000,0.0,0.006833333333333334,0.0,,
dna_repair_biased,BP,GO:1903170,negative regulation of calcium ion transmembrane transport,1.0,1.0,False,0,120,10,6000,0.0,0.0016666666666666668,0.0,,
dna_repair_biased,BP,GO:1903305,regulation of regulated secretory pathway,0.4327558689318889,1.0,False,1,120,28,6000,0.008333333333333333,0.004666666666666667,1.7857142857142856,6861,6861
dna_repair_biased,BP,GO:1903312,negative regulation of mRNA metabolic process,0.5079261327301264,1.0,False,1,120,35,6000,0.008333333333333333,0.005833333333333334,1.4285714285714284,11044,11044
dna_repair_biased,BP,GO:1903313,positive regulation of mRNA metabolic process,1.0,1.0,False,0,120,33,6000,0.0,0.0055,0.0,,
dna_repair_biased,BP,GO:1903317,regulation of protein maturation,1.0,1.0,False,0,120,13,6000,0.0,0.0021666666666666666,0.0,,
dna_repair_biased,BP,GO:1903321,negative regulation of protein modification by small protein conjugation or removal,0.3847989996645063,1.0,False,1,120,24,6000,0.008333333333333333,0.004,2.0833333333333335,151636,151636
dna_repair_biased,BP,GO:1903426,regulation of reactive oxygen species biosynthetic process,1.0,1.0,False,0,120,17,6000,0.0,0.0028333333333333335,0.0,,
dna_repair_biased,BP,GO:1903432,regulation of TORC1 signaling,1.0,1.0,False,0,120,34,6000,0.0,0.005666666666666667,0.0,,
dna_repair_biased,BP,GO:1903509,liposaccharide metabolic process,1.0,1.0,False,0,120,39,6000,0.0,0.0065,0.0,,
dna_repair_biased,BP,GO:1903522,regulation of blood circulation,1.0,1.0,False,0,120,77,6000,0.0,0.012833333333333334,0.0,,
dna_repair_biased,BP,GO:1903524,positive regulation of blood circulation,1.0,1.0,False,0,120,14,6000,0.0,0.0023333333333333335,0.0,,
dna_repair_biased,BP,GO:1903530,regulation of secretion by cell,0.15130535449989452,1.0,False,5,120,141,6000,0.041666666666666664,0.0235,1.7730496453900708,1137;1408;6861;11069;56262,11069;1137;1408;56262;6861
dna_repair_biased,BP,GO:1903531,negative regulation of secretion by cell,0.4770030767532584,1.0,False,1,120,32,6000,0.008333333333333333,0.005333333333333333,1.5625,1408,1408
dna_repair_biased,BP,GO:1903532,positive regulation of secretion by cell,0.45166262380092165,1.0,False,2,120,76,6000,0.016666666666666666,0.012666666666666666,1.3157894736842106,11069;56262,11069;56262
dna_repair_biased,BP,GO:1903556,negative regulation of tumor necrosis factor superfamily cytokine production,1.0,1.0,False,0,120,20,6000,0.0,0.0033333333333333335,0.0,,
dna_repair_biased,BP,GO:1903573,negative regulation of response to endoplasmic reticulum stress,1.0,1.0,False,0,120,13,6000,0.0,0.0021666666666666666,0.0,,
dna_repair_biased,BP,GO:1903578,regulation of ATP metabolic process,1.0,1.0,False,0,120,24,6000,0.0,0.004,0.0,,
dna_repair_biased,BP,GO:1903580,positive regulation of ATP metabolic process,1.0,1.0,False,0,120,14,6000,0.0,0.0023333333333333335,0.0,,
dna_repair_biased,BP,GO:1903670,regulation of sprouting angiogenesis,0.27649816154596496,1.0,False,1,120,16,6000,0.008333333333333333,0.0026666666666666666,3.125,3146,3146
dna_repair_biased,BP,GO:1903706,regulation of hemopoiesis,0.18958468035059003,1.0,False,4,120,113,6000,0.03333333333333333,0.018833333333333334,1.7699115044247786,3146;5688;5692;55170,3146;55170;5688;5692
dna_repair_biased,BP,GO:1903708,positive regulation of hemopoiesis,0.6588586485892609,1.0,False,1,120,53,6000,0.008333333333333333,0.008833333333333334,0.9433962264150942,3146,3146
dna_repair_biased,BP,GO:1903725,regulation of phospholipid metabolic process,1.0,1.0,False,0,120,13,6000,0.0,0.0021666666666666666,0.0,,
dna_repair_biased,BP,GO:1903747,regulation of protein localization to mitochondrion,1.0,1.0,False,0,120,14,6000,0.0,0.0023333333333333335,0.0,,
dna_repair_biased,BP,GO:1903779,regulation of cardiac conduction,1.0,1.0,False,0,120,13,6000,0.0,0.0021666666666666666,0.0,,
dna_repair_biased,BP,GO:1903828,negative regulation of protein localization,0.6298898327348624,1.0,False,1,120,49,6000,0.008333333333333333,0.008166666666666666,1.0204081632653061,4792,4792
dna_repair_biased,BP,GO:1903844,regulation of cellular response to transforming growth factor beta stimulus,0.6145035978910377,1.0,False,1,120,47,6000,0.008333333333333333,0.007833333333333333,1.0638297872340425,54778,54778
dna_repair_biased,BP,GO:1903846,positive regulation of cellular response to transforming growth factor beta stimulus,0.24659164652108712,1.0,False,1,120,14,6000,0.008333333333333333,0.0023333333333333335,3.571428571428571,54778,54778
dna_repair_biased,BP,GO:1904018,positive regulation of vasculature development,0.28657673455832383,1.0,False,2,120,53,6000,0.016666666666666666,0.008833333333333334,1.8867924528301885,3146;8091,3146;8091
dna_repair_biased,BP,GO:1904062,regulation of monoatomic cation transmembrane transport,1.0,1.0,False,0,120,75,6000,0.0,0.0125,0.0,,
dna_repair_biased,BP,GO:1904063,negative regulation of cation transmembrane transport,1.0,1.0,False,0,120,17,6000,0.0,0.0028333333333333335,0.0,,
dna_repair_biased,BP,GO:1904064,positive regulation of cation transmembrane transport,1.0,1.0,False,0,120,34,6000,0.0,0.005666666666666667,0.0,,
dna_repair_biased,BP,GO:1904262,negative regulation of TORC1 signaling,1.0,1.0,False,0,120,18,6000,0.0,0.003,0.0,,
dna_repair_biased,BP,GO:1904263,positive regulation of TORC1 signaling,1.0,1.0,False,0,120,19,6000,0.0,0.0031666666666666666,0.0,,
dna_repair_biased,BP,GO:1904375,regulation of protein localization to cell periphery,1.0,1.0,False,0,120,38,6000,0.0,0.006333333333333333,0.0,,
dna_repair_biased,BP,GO:1904377,positive regulation of protein localization to cell periphery,1.0,1.0,False,0,120,21,6000,0.0,0.0035,0.0,,
dna_repair_biased,BP,GO:1904385,cellular response to angiotensin,1.0,1.0,False,0,120,12,6000,0.0,0.002,0.0,,
dna_repair_biased,BP,GO:1904427,positive regulation of calcium ion transmembrane transport,1.0,1.0,False,0,120,16,6000,0.0,0.0026666666666666666,0.0,,
dna_repair_biased,BP,GO:1904645,response to amyloid-beta,1.0,1.0,False,0,120,13,6000,0.0,0.0021666666666666666,0.0,,
dna_repair_biased,BP,GO:1904646,cellular response to amyloid-beta,1.0,1.0,False,0,120,11,6000,0.0,0.0018333333333333333,0.0,,
dna_repair_biased,BP,GO:1904659,D-glucose transmembrane transport,1.0,1.0,False,0,120,10,6000,0.0,0.0016666666666666668,0.0,,
dna_repair_biased,BP,GO:1904705,regulation of vascular associated smooth muscle cell proliferation,1.0,1.0,False,0,120,12,6000,0.0,0.002,0.0,,
dna_repair_biased,BP,GO:1904888,cranial skeletal system development,0.24659164652108712,1.0,False,1,120,14,6000,0.008333333333333333,0.0023333333333333335,3.571428571428571,25836,25836
dna_repair_biased,BP,GO:1904892,regulation of receptor signaling pathway via STAT,0.40925983223317164,1.0,False,1,120,26,6000,0.008333333333333333,0.004333333333333333,1.9230769230769231,8091,8091
dna_repair_biased,BP,GO:1904894,positive regulation of receptor signaling pathway via STAT,1.0,1.0,False,0,120,16,6000,0.0,0.0026666666666666666,0.0,,
dna_repair_biased,BP,GO:1904950,negative regulation of establishment of protein localization,0.4770030767532584,1.0,False,1,120,32,6000,0.008333333333333333,0.005333333333333333,1.5625,4792,4792
dna_repair_biased,BP,GO:1904994,regulation of leukocyte adhesion to vascular endothelial cell,1.0,1.0,False,0,120,11,6000,0.0,0.0018333333333333333,0.0,,
dna_repair_biased,BP,GO:1905037,autophagosome organization,1.0,1.0,False,0,120,23,6000,0.0,0.003833333333333333,0.0,,
dna_repair_biased,BP,GO:1905039,carboxylic acid transmembrane transport,0.5554857542944451,1.0,False,1,120,40,6000,0.008333333333333333,0.006666666666666667,1.25,56262,56262
dna_repair_biased,BP,GO:1905144,response to acetylcholine,0.24659164652108712,1.0,False,1,120,14,6000,0.008333333333333333,0.0023333333333333335,3.571428571428571,1137,1137
dna_repair_biased,BP,GO:1905145,cellular response to acetylcholine,0.23118189666298758,1.0,False,1,120,13,6000,0.008333333333333333,0.0021666666666666666,3.8461538461538463,1137,1137
dna_repair_biased,BP,GO:1905314,semi-lunar valve development,0.2154596450610039,1.0,False,1,120,12,6000,0.008333333333333333,0.002,4.166666666666667,6091,6091
dna_repair_biased,BP,GO:1905330,regulation of morphogenesis of an epithelium,1.0,1.0,False,0,120,14,6000,0.0,0.0023333333333333335,0.0,,
dna_repair_biased,BP,GO:1905332,positive regulation of morphogenesis of an epithelium,1.0,1.0,False,0,120,12,6000,0.0,0.002,0.0,,
dna_repair_biased,BP,GO:1905475,regulation of protein localization to membrane,1.0,1.0,False,0,120,45,6000,0.0,0.0075,0.0,,
dna_repair_biased,BP,GO:1905477,positive regulation of protein localization to membrane,1.0,1.0,False,0,120,23,6000,0.0,0.003833333333333333,0.0,,
dna_repair_biased,BP,GO:1905515,non-motile cilium assembly,1.0,1.0,False,0,120,13,6000,0.0,0.0021666666666666666,0.0,,
dna_repair_biased,BP,GO:1905521,regulation of macrophage migration,1.0,1.0,False,0,120,14,6000,0.0,0.0023333333333333335,0.0,,
dna_repair_biased,BP,GO:1905523,positive regulation of macrophage migration,1.0,1.0,False,0,120,10,6000,0.0,0.0016666666666666668,0.0,,
dna_repair_biased,BP,GO:1905818,regulation of chromosome separation,1.0,1.0,False,0,120,18,6000,0.0,0.003,0.0,,
dna_repair_biased,BP,GO:1905819,negative regulation of chromosome separation,1.0,1.0,False,0,120,10,6000,0.0,0.0016666666666666668,0.0,,
dna_repair_biased,BP,GO:1905897,regulation of response to endoplasmic reticulum stress,1.0,1.0,False,0,120,25,6000,0.0,0.004166666666666667,0.0,,
dna_repair_biased,BP,GO:1905898,positive regulation of response to endoplasmic reticulum stress,1.0,1.0,False,0,120,11,6000,0.0,0.0018333333333333333,0.0,,
dna_repair_biased,BP,GO:1905952,regulation of lipid localization,0.18293925793062543,1.0,False,2,120,39,6000,0.016666666666666666,0.0065,2.5641025641025643,1408;4792,1408;4792
dna_repair_biased,BP,GO:1905954,positive regulation of lipid localization,1.0,1.0,False,0,120,21,6000,0.0,0.0035,0.0,,
dna_repair_biased,BP,GO:1990089,response to nerve growth factor,1.0,1.0,False,0,120,20,6000,0.0,0.0033333333333333335,0.0,,
dna_repair_biased,BP,GO:1990090,cellular response to nerve growth factor stimulus,1.0,1.0,False,0,120,19,6000,0.0,0.0031666666666666666,0.0,,
dna_repair_biased,BP,GO:1990138,neuron projection extension,1.0,1.0,False,0,120,24,6000,0.0,0.004,0.0,,
dna_repair_biased,BP,GO:1990266,neutrophil migration,1.0,1.0,False,0,120,18,6000,0.0,0.003,0.0,,
dna_repair_biased,BP,GO:1990542,mitochondrial transmembrane transport,1.0,1.0,False,0,120,19,6000,0.0,0.0031666666666666666,0.0,,
dna_repair_biased,BP,GO:1990573,potassium ion import across plasma membrane,1.0,1.0,False,0,120,18,6000,0.0,0.003,0.0,,
dna_repair_biased,BP,GO:1990748,cellular detoxification,1.0,1.0,False,0,120,36,6000,0.0,0.006,0.0,,
dna_repair_biased,BP,GO:1990776,response to angiotensin,1.0,1.0,False,0,120,15,6000,0.0,0.0025,0.0,,
dna_repair_biased,BP,GO:1990778,protein localization to cell periphery,1.0,1.0,False,0,120,61,6000,0.0,0.010166666666666666,0.0,,
dna_repair_biased,BP,GO:1990849,vacuolar localization,1.0,1.0,False,0,120,16,6000,0.0,0.0026666666666666666,0.0,,
dna_repair_biased,BP,GO:1990868,response to chemokine,1.0,1.0,False,0,120,31,6000,0.0,0.005166666666666667,0.0,,
dna_repair_biased,BP,GO:1990869,cellular response to chemokine,1.0,1.0,False,0,120,31,6000,0.0,0.005166666666666667,0.0,,
dna_repair_biased,BP,GO:1990928,response to amino acid starvation,1.0,1.0,False,0,120,19,6000,0.0,0.0031666666666666666,0.0,,
dna_repair_biased,BP,GO:2000026,regulation of multicellular organismal development,0.33206705572985873,1.0,False,9,120,374,6000,0.075,0.06233333333333333,1.2032085561497325,1647;3146;5688;5692;6091;8091;10856;25836;55170,10856;1647;25836;3146;55170;5688;5692;6091;8091
dna_repair_biased,BP,GO:2000027,regulation of animal organ morphogenesis,0.2154596450610039,1.0,False,1,120,12,6000,0.008333333333333333,0.002,4.166666666666667,6091,6091
dna_repair_biased,BP,GO:2000036,regulation of stem cell population maintenance,0.3593341011387844,1.0,False,1,120,22,6000,0.008333333333333333,0.0036666666666666666,2.272727272727273,8091,8091
dna_repair_biased,BP,GO:2000106,regulation of leukocyte apoptotic process,1.0,1.0,False,0,120,22,6000,0.0,0.0036666666666666666,0.0,,
dna_repair_biased,BP,GO:2000108,positive regulation of leukocyte apoptotic process,1.0,1.0,False,0,120,11,6000,0.0,0.0018333333333333333,0.0,,
dna_repair_biased,BP,GO:2000134,negative regulation of G1/S transition of mitotic cell cycle,0.1994186086676354,1.0,False,1,120,11,6000,0.008333333333333333,0.0018333333333333333,4.545454545454546,55159,55159
dna_repair_biased,BP,GO:2000145,regulation of cell motility,0.8415028056451502,1.0,False,4,120,291,6000,0.03333333333333333,0.0485,0.6872852233676976,1647;3146;6091;25836,1647;25836;3146;6091
dna_repair_biased,BP,GO:2000146,negative regulation of cell motility,0.3287764153909136,1.0,False,3,120,101,6000,0.025,0.016833333333333332,1.4851485148514854,1647;3146;6091,1647;3146;6091
dna_repair_biased,BP,GO:2000147,positive regulation of cell motility,0.8551751114088593,1.0,False,2,120,168,6000,0.016666666666666666,0.028,0.5952380952380952,3146;25836,25836;3146
dna_repair_biased,BP,GO:2000177,regulation of neural precursor cell proliferation,1.0,1.0,False,0,120,15,6000,0.0,0.0025,0.0,,
dna_repair_biased,BP,GO:2000179,positive regulation of neural precursor cell proliferation,1.0,1.0,False,0,120,12,6000,0.0,0.002,0.0,,
dna_repair_biased,BP,GO:2000181,negative regulation of blood vessel morphogenesis,0.4441539425635324,1.0,False,1,120,29,6000,0.008333333333333333,0.004833333333333334,1.7241379310344827,1647,1647
dna_repair_biased,BP,GO:2000241,regulation of reproductive process,0.5732069281268636,1.0,False,1,120,42,6000,0.008333333333333333,0.007,1.1904761904761905,5810,5810
dna_repair_biased,BP,GO:2000242,negative regulation of reproductive process,0.2154596450610039,1.0,False,1,120,12,6000,0.008333333333333333,0.002,4.166666666666667,5810,5810
dna_repair_biased,BP,GO:2000243,positive regulation of reproductive process,1.0,1.0,False,0,120,17,6000,0.0,0.0028333333333333335,0.0,,
dna_repair_biased,BP,GO:2000279,negative regulation of DNA biosynthetic process,0.18305237920257855,1.0,False,1,120,10,6000,0.008333333333333333,0.0016666666666666668,5.0,10039,10039
dna_repair_biased,BP,GO:2000300,regulation of synaptic vesicle exocytosis,0.1994186086676354,1.0,False,1,120,11,6000,0.008333333333333333,0.0018333333333333333,4.545454545454546,6861,6861
dna_repair_biased,BP,GO:2000351,regulation of endothelial cell apoptotic process,1.0,1.0,False,0,120,10,6000,0.0,0.0016666666666666668,0.0,,
dna_repair_biased,BP,GO:2000377,regulation of reactive oxygen species metabolic process,0.5818029618000387,1.0,False,1,120,43,6000,0.008333333333333333,0.007166666666666667,1.1627906976744187,1647,1647
dna_repair_biased,BP,GO:2000378,negative regulation of reactive oxygen species metabolic process,1.0,1.0,False,0,120,14,6000,0.0,0.0023333333333333335,0.0,,
dna_repair_biased,BP,GO:2000379,positive regulation of reactive oxygen species metabolic process,0.3593341011387844,1.0,False,1,120,22,6000,0.008333333333333333,0.0036666666666666666,2.272727272727273,1647,1647
dna_repair_biased,BP,GO:2000401,regulation of lymphocyte migration,1.0,1.0,False,0,120,18,6000,0.0,0.003,0.0,,
dna_repair_biased,BP,GO:2000403,positive regulation of lymphocyte migration,1.0,1.0,False,0,120,11,6000,0.0,0.0018333333333333333,0.0,,
dna_repair_biased,BP,GO:2000404,regulation of T cell migration,1.0,1.0,False,0,120,14,6000,0.0,0.0023333333333333335,0.0,,
dna_repair_biased,BP,GO:2000514,"regulation of CD4-positive, alpha-beta T cell activation",0.3328242822494307,1.0,False,1,120,20,6000,0.008333333333333333,0.0033333333333333335,2.5,3146,3146
dna_repair_biased,BP,GO:2000515,"negative regulation of CD4-positive, alpha-beta T cell activation",0.18305237920257855,1.0,False,1,120,10,6000,0.008333333333333333,0.0016666666666666668,5.0,3146,3146
dna_repair_biased,BP,GO:2000516,"positive regulation of CD4-positive, alpha-beta T cell activation",1.0,1.0,False,0,120,13,6000,0.0,0.0021666666666666666,0.0,,
dna_repair_biased,BP,GO:2000573,positive regulation of DNA biosynthetic process,0.2154596450610039,1.0,False,1,120,12,6000,0.008333333333333333,0.002,4.166666666666667,5982,5982
dna_repair_biased,BP,GO:2000628,regulation of miRNA metabolic process,1.0,1.0,False,0,120,32,6000,0.0,0.005333333333333333,0.0,,
dna_repair_biased,BP,GO:2000629,negative regulation of miRNA metabolic process,1.0,1.0,False,0,120,12,6000,0.0,0.002,0.0,,
dna_repair_biased,BP,GO:2000630,positive regulation of miRNA metabolic process,1.0,1.0,False,0,120,21,6000,0.0,0.0035,0.0,,
dna_repair_biased,BP,GO:2000772,regulation of cellular senescence,0.2154596450610039,1.0,False,1,120,12,6000,0.008333333333333333,0.002,4.166666666666667,8091,8091
dna_repair_biased,BP,GO:2000785,regulation of autophagosome assembly,1.0,1.0,False,0,120,11,6000,0.0,0.0018333333333333333,0.0,,
dna_repair_biased,BP,GO:2000816,negative regulation of mitotic sister chromatid separation,1.0,1.0,False,0,120,10,6000,0.0,0.0016666666666666668,0.0,,
dna_repair_biased,BP,GO:2000819,regulation of nucleotide-excision repair,0.2154596450610039,1.0,False,1,120,12,6000,0.008333333333333333,0.002,4.166666666666667,3146,3146
dna_repair_biased,BP,GO:2001057,reactive nitrogen species metabolic process,1.0,1.0,False,0,120,11,6000,0.0,0.0018333333333333333,0.0,,
dna_repair_biased,BP,GO:2001222,regulation of neuron migration,0.27649816154596496,1.0,False,1,120,16,6000,0.008333333333333333,0.0026666666666666666,3.125,25836,25836
dna_repair_biased,BP,GO:2001224,positive regulation of neuron migration,0.23118189666298758,1.0,False,1,120,13,6000,0.008333333333333333,0.0021666666666666666,3.8461538461538463,25836,25836
dna_repair_biased,BP,GO:2001233,regulation of apoptotic signaling pathway,0.8152049400033254,1.0,False,1,120,83,6000,0.008333333333333333,0.013833333333333333,0.6024096385542169,6421,6421
dna_repair_biased,BP,GO:2001234,negative regulation of apoptotic signaling pathway,1.0,1.0,False,0,120,50,6000,0.0,0.008333333333333333,0.0,,
dna_repair_biased,BP,GO:2001235,positive regulation of apoptotic signaling pathway,0.4553248564627744,1.0,False,1,120,30,6000,0.008333333333333333,0.005,1.6666666666666665,6421,6421
dna_repair_biased,BP,GO:2001236,regulation of extrinsic apoptotic signaling pathway,1.0,1.0,False,0,120,31,6000,0.0,0.005166666666666667,0.0,,
dna_repair_biased,BP,GO:2001237,negative regulation of extrinsic apoptotic signaling pathway,1.0,1.0,False,0,120,20,6000,0.0,0.0033333333333333335,0.0,,
dna_repair_biased,BP,GO:2001238,positive regulation of extrinsic apoptotic signaling pathway,1.0,1.0,False,0,120,10,6000,0.0,0.0016666666666666668,0.0,,
dna_repair_biased,BP,GO:2001242,regulation of intrinsic apoptotic signaling pathway,0.5644357055502625,1.0,False,1,120,41,6000,0.008333333333333333,0.006833333333333334,1.2195121951219512,6421,6421
dna_repair_biased,BP,GO:2001243,negative regulation of intrinsic apoptotic signaling pathway,1.0,1.0,False,0,120,24,6000,0.0,0.004,0.0,,
dna_repair_biased,BP,GO:2001244,positive regulation of intrinsic apoptotic signaling pathway,0.24659164652108712,1.0,False,1,120,14,6000,0.008333333333333333,0.0023333333333333335,3.571428571428571,6421,6421
dna_repair_biased,BP,GO:7770058,mitochondrial protein import pathway,1.0,1.0,False,0,120,15,6000,0.0,0.0025,0.0,,
