list,source,GO_ID,description,p_value,p_adjust_BH,significant,Count,query_size,background_term_size,effective_background_size,GeneRatio,BgRatio,FoldEnrichment,overlap_entrez_ids,overlap_input_ids
immune_biased,MF,GO:0005102,signaling receptor binding,8.52609558146546e-07,0.0002630300486882094,True,25,120,430,6000,0.20833333333333334,0.07166666666666667,2.9069767441860463,640;867;972;2674;3572;3603;3623;3630;3676;4690;6376;6404;7186;8741;8995;9021;10148;10385;10603;51561;51752;64218;79908;85480;692094,10148;10385;10603;2674;3572;3603;3623;3630;3676;4690;51561;51752;6376;640;6404;64218;692094;7186;79908;85480;867;8741;8995;9021;972
immune_biased,MF,GO:0098772,molecular function regulator activity,4.96108185038479e-07,0.0002630300486882094,True,35,120,738,6000,0.2916666666666667,0.123,2.3712737127371275,306;713;1967;2896;3572;3603;3623;3630;4690;4792;5142;5175;5266;5292;5909;5987;6376;6404;8575;8741;8818;9021;10890;26472;27347;51561;64218;85480;96459;115362;115727;130120;134266;146850;259239,10890;115362;115727;130120;134266;146850;1967;259239;26472;27347;2896;306;3572;3603;3623;3630;4690;4792;5142;51561;5175;5266;5292;5909;5987;6376;6404;64218;713;85480;8575;8741;8818;9021;96459
immune_biased,MF,GO:0140375,immune receptor activity,1.7705399880513652e-06,0.0003641410575425641,True,9,120,58,6000,0.075,0.009666666666666667,7.758620689655172,728;972;2674;3119;3559;3572;3806;10148;57007,10148;2674;3119;3559;3572;3806;57007;728;972
immune_biased,MF,GO:0005126,cytokine receptor binding,2.445269985983225e-06,0.0003771828953379124,True,11,120,95,6000,0.09166666666666666,0.015833333333333335,5.789473684210526,3572;6376;7186;8741;8995;9021;10148;51561;51752;85480;692094,10148;3572;51561;51752;6376;692094;7186;85480;8741;8995;9021
immune_biased,MF,GO:0030546,signaling receptor activator activity,2.0887669583098774e-05,0.002147948688795324,True,14,120,189,6000,0.11666666666666667,0.0315,3.7037037037037037,713;2896;3572;3603;3623;3630;5175;6376;6404;8741;51561;64218;85480;130120,130120;2896;3572;3603;3623;3630;51561;5175;6376;6404;64218;713;85480;8741
immune_biased,MF,GO:0048018,receptor ligand activity,1.8513851309287096e-05,0.002147948688795324,True,14,120,187,6000,0.11666666666666667,0.031166666666666665,3.7433155080213907,713;2896;3572;3603;3623;3630;5175;6376;6404;8741;51561;64218;85480;130120,130120;2896;3572;3603;3623;3630;51561;5175;6376;6404;64218;713;85480;8741
immune_biased,MF,GO:0030545,signaling receptor regulator activity,3.9388545401105006e-05,0.0034718189303545414,True,14,120,200,6000,0.11666666666666667,0.03333333333333333,3.5,713;2896;3572;3603;3623;3630;5175;6376;6404;8741;51561;64218;85480;130120,130120;2896;3572;3603;3623;3630;51561;5175;6376;6404;64218;713;85480;8741
immune_biased,MF,GO:0140677,molecular function activator activity,6.253029231067641e-05,0.004822648794460918,True,20,120,384,6000,0.16666666666666666,0.064,2.6041666666666665,713;2896;3572;3603;3623;3630;5175;5292;5909;6376;6404;8575;8741;8818;27347;51561;64218;85480;96459;130120,130120;27347;2896;3572;3603;3623;3630;51561;5175;5292;5909;6376;6404;64218;713;85480;8575;8741;8818;96459
immune_biased,MF,GO:0004896,cytokine receptor activity,7.905677468820402e-05,0.0054197811091802085,True,6,120,37,6000,0.05,0.006166666666666667,8.108108108108109,972;2674;3559;3572;10148;57007,10148;2674;3559;3572;57007;972
immune_biased,MF,GO:0038023,signaling receptor activity,0.0001895390521570081,0.010631417743715819,True,22,120,483,6000,0.18333333333333332,0.0805,2.2774327122153206,728;972;2674;3119;3559;3572;3676;3806;5133;5175;5468;5724;7098;8698;10148;30835;57007;84868;114836;115350;338398;390265,10148;114836;115350;2674;30835;3119;338398;3559;3572;3676;3806;390265;5133;5175;5468;57007;5724;7098;728;84868;8698;972
immune_biased,MF,GO:0060089,molecular transducer activity,0.0001895390521570081,0.010631417743715819,True,22,120,483,6000,0.18333333333333332,0.0805,2.2774327122153206,728;972;2674;3119;3559;3572;3676;3806;5133;5175;5468;5724;7098;8698;10148;30835;57007;84868;114836;115350;338398;390265,10148;114836;115350;2674;30835;3119;338398;3559;3572;3676;3806;390265;5133;5175;5468;57007;5724;7098;728;84868;8698;972
immune_biased,MF,GO:0004888,transmembrane signaling receptor activity,0.00032510260864553715,0.01671569246119137,True,19,120,400,6000,0.15833333333333333,0.06666666666666667,2.375,728;972;2674;3119;3559;3572;3806;5133;5175;5468;5724;7098;8698;10148;57007;84868;115350;338398;390265,10148;115350;2674;3119;338398;3559;3572;3806;390265;5133;5175;5468;57007;5724;7098;728;84868;8698;972
immune_biased,MF,GO:0005125,cytokine activity,0.0006377799276171114,0.030270016564596748,True,7,120,74,6000,0.058333333333333334,0.012333333333333333,4.72972972972973,3572;3603;3623;6376;8741;51561;85480,3572;3603;3623;51561;6376;85480;8741
immune_biased,MF,GO:0019955,cytokine binding,0.0007353067480560361,0.03240601882504102,True,6,120,55,6000,0.05,0.009166666666666667,5.454545454545455,972;3559;3572;3676;7186;57007,3559;3572;3676;57007;7186;972
immune_biased,MF,GO:0005164,tumor necrosis factor receptor binding,0.0015044656091485655,0.05708342148797743,False,3,120,12,6000,0.025,0.002,12.5,7186;8741;8995,7186;8741;8995
immune_biased,MF,GO:0015026,coreceptor activity,0.0016183722743559792,0.05708342148797743,False,4,120,26,6000,0.03333333333333333,0.004333333333333333,7.6923076923076925,3572;3676;57007;115350,115350;3572;3676;57007
immune_biased,MF,GO:0030234,enzyme regulator activity,0.00157566039712555,0.05708342148797743,False,18,120,420,6000,0.15,0.07,2.142857142857143,306;1967;3572;4690;5266;5292;5909;5987;8575;8818;9021;26472;96459;115362;115727;134266;146850;259239,115362;115727;134266;146850;1967;259239;26472;306;3572;4690;5266;5292;5909;5987;8575;8818;9021;96459
immune_biased,MF,GO:0042802,identical protein binding,0.0016653186171533124,0.05708342148797743,False,24,120,641,6000,0.2,0.10683333333333334,1.8720748829953198,972;1051;1967;3572;3630;4792;5175;5468;5595;5806;5909;5987;6421;7098;7186;7551;8575;8995;29110;60489;114836;115362;134266;169026,1051;114836;115362;134266;169026;1967;29110;3572;3630;4792;5175;5468;5595;5806;5909;5987;60489;6421;7098;7186;7551;8575;8995;972
immune_biased,MF,GO:0038187,pattern recognition receptor activity,0.0019274121092001985,0.0625901721777117,False,3,120,13,6000,0.025,0.0021666666666666666,11.53846153846154,5724;7098;30835,30835;5724;7098
immune_biased,MF,GO:0001530,lipopolysaccharide binding,0.0024174898142116643,0.07457956076842984,False,3,120,14,6000,0.025,0.0023333333333333335,10.714285714285714,671;5692;5724,5692;5724;671
immune_biased,MF,GO:0140678,molecular function inhibitor activity,0.002607756919480473,0.07661838187235484,False,10,120,176,6000,0.08333333333333333,0.029333333333333333,2.840909090909091,306;4690;4792;5266;9021;26472;27347;96459;115362;259239,115362;259239;26472;27347;306;4690;4792;5266;9021;96459
immune_biased,MF,GO:0032813,tumor necrosis factor receptor superfamily binding,0.002978071793134319,0.08352137710744886,False,3,120,15,6000,0.025,0.0025,10.0,7186;8741;8995,7186;8741;8995
immune_biased,MF,GO:0051219,phosphoprotein binding,0.005468211341328749,0.14057859989999325,False,4,120,36,6000,0.03333333333333333,0.006,5.555555555555555,867;5595;9021;29110,29110;5595;867;9021
immune_biased,MF,GO:0140313,molecular sequestering activity,0.005468211341328749,0.14057859989999325,False,4,120,36,6000,0.03333333333333333,0.006,5.555555555555555,1493;3623;4690;4792,1493;3623;4690;4792
immune_biased,MF,GO:0016773,"phosphotransferase activity, alcohol group as acceptor",0.006248933743698594,0.15422368479448129,False,10,120,199,6000,0.08333333333333333,0.033166666666666664,2.512562814070352,640;1326;4261;5292;5298;5595;9770;27347;29110;146850,1326;146850;27347;29110;4261;5292;5298;5595;640;9770
immune_biased,MF,GO:0016301,kinase activity,0.007917602278480903,0.18093187428973026,False,10,120,206,6000,0.08333333333333333,0.034333333333333334,2.4271844660194173,640;1326;4261;5292;5298;5595;9770;27347;29110;146850,1326;146850;27347;29110;4261;5292;5298;5595;640;9770
immune_biased,MF,GO:0019207,kinase regulator activity,0.00763330783378558,0.18093187428973026,False,6,120,87,6000,0.05,0.0145,3.4482758620689657,3572;4690;5292;5987;9021;146850,146850;3572;4690;5292;5987;9021
immune_biased,MF,GO:0001784,phosphotyrosine residue binding,0.0091039919517848,0.18256611032333783,False,3,120,22,6000,0.025,0.0036666666666666666,6.818181818181818,867;5595;9021,5595;867;9021
immune_biased,MF,GO:0019899,enzyme binding,0.009172689497606926,0.18256611032333783,False,21,120,612,6000,0.175,0.102,1.7156862745098038,463;867;972;1051;3630;4261;4690;4792;5468;5595;5909;6421;7098;7186;8575;10603;23376;27347;29110;96459;149628,1051;10603;149628;23376;27347;29110;3630;4261;463;4690;4792;5468;5595;5909;6421;7098;7186;8575;867;96459;972
immune_biased,MF,GO:0061659,ubiquitin-like protein ligase activity,0.008685706775489627,0.18256611032333783,False,7,120,117,6000,0.058333333333333334,0.0195,2.9914529914529915,867;5987;7186;10107;10739;23376;165918,10107;10739;165918;23376;5987;7186;867
immune_biased,MF,GO:0140311,protein sequestering activity,0.0091039919517848,0.18256611032333783,False,3,120,22,6000,0.025,0.0036666666666666666,6.818181818181818,3623;4690;4792,3623;4690;4792
immune_biased,MF,GO:0097367,carbohydrate derivative binding,0.00988262859488993,0.19054943259522147,False,19,120,538,6000,0.15833333333333333,0.08966666666666667,1.765799256505576,566;640;671;1326;2794;4261;4345;5142;5292;5595;5692;5724;10890;27347;29110;64005;84929;115362;130120,10890;115362;130120;1326;27347;2794;29110;4261;4345;5142;5292;5595;566;5692;5724;640;64005;671;84929
immune_biased,MF,GO:0004857,enzyme inhibitor activity,0.010812839318997151,0.20216732908549218,False,7,120,122,6000,0.058333333333333334,0.02033333333333333,2.8688524590163937,306;4690;5266;9021;26472;115362;259239,115362;259239;26472;306;4690;5266;9021
immune_biased,MF,GO:0045309,protein phosphorylated amino acid binding,0.011623660356766164,0.21093524823896245,False,3,120,24,6000,0.025,0.004,6.25,867;5595;9021,5595;867;9021
immune_biased,MF,GO:0016772,"transferase activity, transferring phosphorus-containing groups",0.011987564758600773,0.21132364160161934,False,11,120,253,6000,0.09166666666666666,0.042166666666666665,2.1739130434782608,640;1326;4261;5292;5298;5595;9533;9770;27347;29110;146850,1326;146850;27347;29110;4261;5292;5298;5595;640;9533;9770
immune_biased,MF,GO:0003823,antigen binding,0.013019068167520511,0.2177268748654303,False,3,120,25,6000,0.025,0.004166666666666667,6.0,3119;3676;30835,30835;3119;3676
immune_biased,MF,GO:0008289,lipid binding,0.01340342482519821,0.2177268748654303,False,10,120,223,6000,0.08333333333333333,0.03716666666666667,2.242152466367713,306;671;713;5468;5692;5724;7186;8698;64005;115727,115727;306;5468;5692;5724;64005;671;713;7186;8698
immune_biased,MF,GO:0044389,ubiquitin-like protein ligase binding,0.013409434756703973,0.2177268748654303,False,5,120,71,6000,0.041666666666666664,0.011833333333333333,3.52112676056338,1051;4792;7098;7186;149628,1051;149628;4792;7098;7186
immune_biased,MF,GO:0001727,lipid kinase activity,0.016072793960387157,0.23611699698949704,False,2,120,10,6000,0.016666666666666666,0.0016666666666666668,10.0,5298;146850,146850;5298
immune_biased,MF,GO:0004532,RNA exonuclease activity,0.016072793960387157,0.23611699698949704,False,2,120,10,6000,0.016666666666666666,0.0016666666666666668,10.0,51010;118460,118460;51010
immune_biased,MF,GO:0046875,ephrin receptor binding,0.016072793960387157,0.23611699698949704,False,2,120,10,6000,0.016666666666666666,0.0016666666666666668,10.0,867;4690,4690;867
immune_biased,MF,GO:0050839,cell adhesion molecule binding,0.015999387026380128,0.23611699698949704,False,8,120,163,6000,0.06666666666666667,0.027166666666666665,2.4539877300613497,867;2674;3676;4345;4690;6376;10890;30835,10890;2674;30835;3676;4345;4690;6376;867
immune_biased,MF,GO:0106310,protein serine kinase activity,0.01822421838637231,0.2614963428928306,False,6,120,105,6000,0.05,0.0175,2.857142857142857,1326;4261;5292;5595;27347;29110,1326;27347;29110;4261;5292;5595
immune_biased,MF,GO:0004672,protein kinase activity,0.019483028773214846,0.2618709909182853,False,8,120,169,6000,0.06666666666666667,0.028166666666666666,2.366863905325444,640;1326;4261;5292;5595;9770;27347;29110,1326;27347;29110;4261;5292;5595;640;9770
immune_biased,MF,GO:0030971,receptor tyrosine kinase binding,0.019523607102497773,0.2618709909182853,False,3,120,29,6000,0.025,0.004833333333333334,5.172413793103448,867;4690;10603,10603;4690;867
immune_biased,MF,GO:0098631,cell adhesion mediator activity,0.019523607102497773,0.2618709909182853,False,3,120,29,6000,0.025,0.004833333333333334,5.172413793103448,4345;10890;30835,10890;30835;4345
immune_biased,MF,GO:0004540,RNA nuclease activity,0.023336072987299537,0.2925268108154999,False,3,120,31,6000,0.025,0.005166666666666667,4.838709677419355,6038;51010;118460,118460;51010;6038
immune_biased,MF,GO:0019787,ubiquitin-like protein transferase activity,0.023184770201365668,0.2925268108154999,False,7,120,142,6000,0.058333333333333334,0.023666666666666666,2.4647887323943665,867;5987;7186;10107;10739;23376;165918,10107;10739;165918;23376;5987;7186;867
immune_biased,MF,GO:0030296,protein tyrosine kinase activator activity,0.022967208340582274,0.2925268108154999,False,2,120,12,6000,0.016666666666666666,0.002,8.333333333333334,3572;5292,3572;5292
immune_biased,MF,GO:0042277,peptide binding,0.02370557624112641,0.2925268108154999,False,4,120,55,6000,0.03333333333333333,0.009166666666666667,3.6363636363636362,972;3119;5468;30835,30835;3119;5468;972
immune_biased,MF,GO:0061630,ubiquitin protein ligase activity,0.024225339202544143,0.2930791036856811,False,6,120,112,6000,0.05,0.018666666666666668,2.6785714285714284,867;5987;7186;10107;10739;165918,10107;10739;165918;5987;7186;867
immune_biased,MF,GO:0016755,aminoacyltransferase activity,0.026505638309750605,0.30613055817686424,False,7,120,146,6000,0.058333333333333334,0.024333333333333332,2.397260273972603,867;5987;7186;10107;10739;23376;165918,10107;10739;165918;23376;5987;7186;867
immune_biased,MF,GO:0042605,peptide antigen binding,0.026792625837197194,0.30613055817686424,False,2,120,13,6000,0.016666666666666666,0.0021666666666666666,7.6923076923076925,3119;30835,30835;3119
immune_biased,MF,GO:0140693,molecular condensate scaffold activity,0.026792625837197194,0.30613055817686424,False,2,120,13,6000,0.016666666666666666,0.0021666666666666666,7.6923076923076925,4690;6838,4690;6838
immune_biased,MF,GO:0004518,nuclease activity,0.02818191625339315,0.31614986051533767,False,4,120,58,6000,0.03333333333333333,0.009666666666666667,3.4482758620689653,1776;6038;51010;118460,118460;1776;51010;6038
immune_biased,MF,GO:0023026,MHC class II protein complex binding,0.0308551485076948,0.33399344963592437,False,2,120,14,6000,0.016666666666666666,0.0023333333333333335,7.142857142857142,972;3119,3119;972
immune_biased,MF,GO:0030159,signaling receptor complex adaptor activity,0.0308551485076948,0.33399344963592437,False,2,120,14,6000,0.016666666666666666,0.0023333333333333335,7.142857142857142,4690;10603,10603;4690
immune_biased,MF,GO:0001227,"DNA-binding transcription repressor activity, RNA polymerase II-specific",0.033631755668832815,0.35777229737361804,False,5,120,90,6000,0.041666666666666664,0.015,2.7777777777777777,463;1051;4775;5468;124411,1051;124411;463;4775;5468
immune_biased,MF,GO:0008270,zinc ion binding,0.035419011810777494,0.35825459487294614,False,10,120,261,6000,0.08333333333333333,0.0435,1.9157088122605364,463;5468;5987;7186;7551;7554;10107;51752;60489;169026,10107;169026;463;51752;5468;5987;60489;7186;7551;7554
immune_biased,MF,GO:0019956,chemokine binding,0.03514392954070408,0.35825459487294614,False,2,120,15,6000,0.016666666666666666,0.0025,6.666666666666666,3676;57007,3676;57007
immune_biased,MF,GO:0098632,cell-cell adhesion mediator activity,0.03514392954070408,0.35825459487294614,False,2,120,15,6000,0.016666666666666666,0.0025,6.666666666666666,4345;10890,10890;4345
immune_biased,MF,GO:0001217,DNA-binding transcription repressor activity,0.03795810989874438,0.37774441625040783,False,5,120,93,6000,0.041666666666666664,0.0155,2.6881720430107525,463;1051;4775;5468;124411,1051;124411;463;4775;5468
immune_biased,MF,GO:0023023,MHC protein complex binding,0.03964845483978493,0.3822358849398016,False,2,120,16,6000,0.016666666666666666,0.0026666666666666666,6.25,972;3119,3119;972
immune_biased,MF,GO:1990782,protein tyrosine kinase binding,0.03961908674212129,0.3822358849398016,False,3,120,38,6000,0.025,0.006333333333333333,3.947368421052632,867;4690;10603,10603;4690;867
immune_biased,MF,GO:0051087,protein-folding chaperone binding,0.04231294966481447,0.40164753758754657,False,3,120,39,6000,0.025,0.0065,3.8461538461538467,2896;96459;134266,134266;2896;96459
immune_biased,MF,GO:0004674,protein serine/threonine kinase activity,0.04535694208875314,0.40558309085160416,False,6,120,130,6000,0.05,0.021666666666666667,2.307692307692308,1326;4261;5292;5595;27347;29110,1326;27347;29110;4261;5292;5595
immune_biased,MF,GO:0004842,ubiquitin-protein transferase activity,0.04535694208875314,0.40558309085160416,False,6,120,130,6000,0.05,0.021666666666666667,2.307692307692308,867;5987;7186;10107;10739;165918,10107;10739;165918;5987;7186;867
immune_biased,MF,GO:0005178,integrin binding,0.04509669473701133,0.40558309085160416,False,3,120,40,6000,0.025,0.006666666666666667,3.75,2674;3676;6376,2674;3676;6376
immune_biased,MF,GO:0035591,signaling adaptor activity,0.04509669473701133,0.40558309085160416,False,3,120,40,6000,0.025,0.006666666666666667,3.75,4690;7186;10603,10603;4690;7186
immune_biased,MF,GO:0048020,CCR chemokine receptor binding,0.04926429290544311,0.4342295531808343,False,2,120,18,6000,0.016666666666666666,0.003,5.555555555555555,6376;692094,6376;692094
immune_biased,MF,GO:0042826,histone deacetylase binding,0.05093018710548757,0.4425904992124765,False,3,120,42,6000,0.025,0.007,3.5714285714285716,1051;4261;6421,1051;4261;6421
immune_biased,MF,GO:0042803,protein homodimerization activity,0.054752308390479,0.46919686495729923,False,8,120,207,6000,0.06666666666666667,0.0345,1.932367149758454,1051;5175;5909;6421;8575;115362;134266;169026,1051;115362;134266;169026;5175;5909;6421;8575
immune_biased,MF,GO:0004866,endopeptidase inhibitor activity,0.06032994117989263,0.5030212663242398,False,3,120,45,6000,0.025,0.0075,3.3333333333333335,5266;115362;259239,115362;259239;5266
immune_biased,MF,GO:0005179,hormone activity,0.06032994117989263,0.5030212663242398,False,3,120,45,6000,0.025,0.0075,3.3333333333333335,3623;3630;130120,130120;3623;3630
immune_biased,MF,GO:0004867,serine-type endopeptidase inhibitor activity,0.06506145238298199,0.5146527707730755,False,2,120,21,6000,0.016666666666666666,0.0035,4.761904761904762,5266;259239,259239;5266
immune_biased,MF,GO:0019887,protein kinase regulator activity,0.06504826572278587,0.5146527707730755,False,4,120,76,6000,0.03333333333333333,0.012666666666666666,2.6315789473684212,3572;4690;5292;9021,3572;4690;5292;9021
immune_biased,MF,GO:0030414,peptidase inhibitor activity,0.06363182894510311,0.5146527707730755,False,3,120,46,6000,0.025,0.007666666666666666,3.2608695652173916,5266;115362;259239,115362;259239;5266
immune_biased,MF,GO:0061980,regulatory RNA binding,0.06506145238298199,0.5146527707730755,False,2,120,21,6000,0.016666666666666666,0.0035,4.761904761904762,8575;9021,8575;9021
immune_biased,MF,GO:0001786,phosphatidylserine binding,0.0706571984261017,0.5518416636570221,False,2,120,22,6000,0.016666666666666666,0.0036666666666666666,4.545454545454546,306;713,306;713
immune_biased,MF,GO:0044877,protein-containing complex binding,0.07175872208726462,0.5534391440980284,False,12,120,376,6000,0.1,0.06266666666666666,1.595744680851064,713;972;2674;3119;3623;3676;4261;5806;6376;7186;165918;388552,165918;2674;3119;3623;3676;388552;4261;5806;6376;713;7186;972
immune_biased,MF,GO:0008083,growth factor activity,0.0776485456527054,0.5772187068399908,False,3,120,50,6000,0.025,0.008333333333333333,3.0,2896;3623;130120,130120;2896;3623
immune_biased,MF,GO:0097110,scaffold protein binding,0.07640369414754856,0.5772187068399908,False,2,120,23,6000,0.016666666666666666,0.003833333333333333,4.3478260869565215,3572;27347,27347;3572
immune_biased,MF,GO:0140297,DNA-binding transcription factor binding,0.07735278673537373,0.5772187068399908,False,6,120,149,6000,0.05,0.024833333333333332,2.0134228187919465,1051;4261;4792;5468;5595;29110,1051;29110;4261;4792;5468;5595
immune_biased,MF,GO:0003676,nucleic acid binding,0.08070838238284953,0.5904029101779328,False,28,120,1079,6000,0.23333333333333334,0.17983333333333335,1.2974976830398517,463;1051;1776;2896;4261;4775;5468;5987;6038;6421;6838;7098;7551;7554;8342;8575;9021;9533;25926;29110;51010;56342;60489;90987;118460;124411;149628;344167,1051;118460;124411;149628;1776;25926;2896;29110;344167;4261;463;4775;51010;5468;56342;5987;6038;60489;6421;6838;7098;7551;7554;8342;8575;9021;90987;9533
immune_biased,MF,GO:0003725,double-stranded RNA binding,0.08229278812852872,0.5904029101779328,False,2,120,24,6000,0.016666666666666666,0.004,4.166666666666667,7098;8575,7098;8575
immune_biased,MF,GO:0004527,exonuclease activity,0.08229278812852872,0.5904029101779328,False,2,120,24,6000,0.016666666666666666,0.004,4.166666666666667,51010;118460,118460;51010
immune_biased,MF,GO:0046914,transition metal ion binding,0.08455028769081188,0.5928128125594424,False,11,120,346,6000,0.09166666666666666,0.057666666666666665,1.5895953757225434,463;5292;5468;5987;7186;7551;7554;10107;51752;60489;169026,10107;169026;463;51752;5292;5468;5987;60489;7186;7551;7554
immune_biased,MF,GO:0061629,RNA polymerase II-specific DNA-binding transcription factor binding,0.08449199432455418,0.5928128125594424,False,5,120,117,6000,0.041666666666666664,0.0195,2.1367521367521367,1051;4261;4792;5468;29110,1051;29110;4261;4792;5468
immune_biased,MF,GO:0004860,protein kinase inhibitor activity,0.09446746273146321,0.64762693894792,False,2,120,26,6000,0.016666666666666666,0.004333333333333333,3.8461538461538463,4690;9021,4690;9021
immune_biased,MF,GO:0019210,kinase inhibitor activity,0.09446746273146321,0.64762693894792,False,2,120,26,6000,0.016666666666666666,0.004333333333333333,3.8461538461538463,4690;9021,4690;9021
immune_biased,MF,GO:0070851,growth factor receptor binding,0.09688403566971993,0.6568950550353537,False,3,120,55,6000,0.025,0.009166666666666667,2.7272727272727275,3572;51752;85480,3572;51752;85480
immune_biased,MF,GO:0042379,chemokine receptor binding,0.10073801712896961,0.6756017018323288,False,2,120,27,6000,0.016666666666666666,0.0045,3.7037037037037037,6376;692094,6376;692094
immune_biased,MF,GO:0140096,"catalytic activity, acting on a protein",0.10228732063272059,0.6786158798966516,False,18,120,657,6000,0.15,0.1095,1.36986301369863,566;640;867;1326;1521;4261;5292;5595;5987;7186;9770;10107;10739;23376;27347;29110;51752;165918,10107;10739;1326;1521;165918;23376;27347;29110;4261;51752;5292;5595;566;5987;640;7186;867;9770
immune_biased,MF,GO:0030246,carbohydrate binding,0.10507285570559399,0.6824205470563315,False,3,120,57,6000,0.025,0.0095,2.6315789473684212,5806;30835;130120,130120;30835;5806
immune_biased,MF,GO:0061135,endopeptidase regulator activity,0.10507285570559399,0.6824205470563315,False,3,120,57,6000,0.025,0.0095,2.6315789473684212,5266;115362;259239,115362;259239;5266
immune_biased,MF,GO:0046983,protein dimerization activity,0.10773851216856176,0.6924443959166938,False,10,120,321,6000,0.08333333333333333,0.0535,1.557632398753894,1051;5175;5909;6421;8342;8575;9533;115362;134266;169026,1051;115362;134266;169026;5175;5909;6421;8342;8575;9533
immune_biased,MF,GO:0016740,transferase activity,0.1161309789319071,0.7386888041338833,False,18,120,669,6000,0.15,0.1115,1.3452914798206277,640;867;1326;4261;5292;5298;5595;5987;7186;9533;9770;10107;10739;23376;27347;29110;146850;165918,10107;10739;1326;146850;165918;23376;27347;29110;4261;5292;5298;5595;5987;640;7186;867;9533;9770
immune_biased,MF,GO:0072341,modified amino acid binding,0.12019743948550393,0.7567532669648563,False,2,120,30,6000,0.016666666666666666,0.005,3.333333333333333,306;713,306;713
immune_biased,MF,GO:0019902,phosphatase binding,0.1222280019883349,0.7617644164323499,False,3,120,61,6000,0.025,0.010166666666666666,2.4590163934426235,5595;7186;29110,29110;5595;7186
immune_biased,MF,GO:0016746,acyltransferase activity,0.13601253407993777,0.8391973352732159,False,7,120,214,6000,0.058333333333333334,0.035666666666666666,1.6355140186915889,867;5987;7186;10107;10739;23376;165918,10107;10739;165918;23376;5987;7186;867
immune_biased,MF,GO:0008134,transcription factor binding,0.140038241463346,0.8554811384444009,False,6,120,176,6000,0.05,0.029333333333333333,1.7045454545454546,1051;4261;4792;5468;5595;29110,1051;29110;4261;4792;5468;5595
immune_biased,MF,GO:0031625,ubiquitin protein ligase binding,0.14499314829369075,0.8770663970314432,False,3,120,66,6000,0.025,0.011,2.272727272727273,4792;7186;149628,149628;4792;7186
immune_biased,MF,GO:0003924,GTPase activity,0.146808458218875,0.8794254244761736,False,4,120,102,6000,0.03333333333333333,0.017,1.9607843137254901,2794;5909;10890;115362,10890;115362;2794;5909
immune_biased,MF,GO:0004519,endonuclease activity,0.15440060373021774,0.9076787705530037,False,2,120,35,6000,0.016666666666666666,0.005833333333333334,2.8571428571428568,1776;6038,1776;6038
immune_biased,MF,GO:0061134,peptidase regulator activity,0.15446721378940906,0.9076787705530037,False,3,120,68,6000,0.025,0.011333333333333334,2.2058823529411766,5266;115362;259239,115362;259239;5266
immune_biased,MF,GO:0001968,fibronectin binding,0.18305237920257855,0.9182185190144108,False,1,120,10,6000,0.008333333333333333,0.0016666666666666668,5.0,3676,3676
immune_biased,MF,GO:0004112,cyclic-nucleotide phosphodiesterase activity,0.18305237920257855,0.9182185190144108,False,1,120,10,6000,0.008333333333333333,0.0016666666666666668,5.0,5142,5142
immune_biased,MF,GO:0004864,protein phosphatase inhibitor activity,0.1994186086676354,0.9182185190144108,False,1,120,11,6000,0.008333333333333333,0.0018333333333333333,4.545454545454546,26472,26472
immune_biased,MF,GO:0005044,scavenger receptor activity,0.1994186086676354,0.9182185190144108,False,1,120,11,6000,0.008333333333333333,0.0018333333333333333,4.545454545454546,57007,57007
immune_biased,MF,GO:0005243,gap junction channel activity,0.18305237920257855,0.9182185190144108,False,1,120,10,6000,0.008333333333333333,0.0016666666666666668,5.0,84694,84694
immune_biased,MF,GO:0005547,"phosphatidylinositol-3,4,5-trisphosphate binding",0.18305237920257855,0.9182185190144108,False,1,120,10,6000,0.008333333333333333,0.0016666666666666668,5.0,64005,64005
immune_biased,MF,GO:0008047,enzyme activator activity,0.18269500153427673,0.9182185190144108,False,6,120,191,6000,0.05,0.03183333333333333,1.5706806282722514,3572;5292;5909;8575;8818;96459,3572;5292;5909;8575;8818;96459
immune_biased,MF,GO:0016493,C-C chemokine receptor activity,0.1994186086676354,0.9182185190144108,False,1,120,11,6000,0.008333333333333333,0.0018333333333333333,4.545454545454546,57007,57007
immune_biased,MF,GO:0016814,"hydrolase activity, acting on carbon-nitrogen (but not peptide) bonds, in cyclic amidines",0.1994186086676354,0.9182185190144108,False,1,120,11,6000,0.008333333333333333,0.0018333333333333333,4.545454545454546,60489,60489
immune_biased,MF,GO:0019212,phosphatase inhibitor activity,0.1994186086676354,0.9182185190144108,False,1,120,11,6000,0.008333333333333333,0.0018333333333333333,4.545454545454546,26472,26472
immune_biased,MF,GO:0019789,SUMO transferase activity,0.1994186086676354,0.9182185190144108,False,1,120,11,6000,0.008333333333333333,0.0018333333333333333,4.545454545454546,5987,5987
immune_biased,MF,GO:0019838,growth factor binding,0.1901941296776577,0.9182185190144108,False,2,120,40,6000,0.016666666666666666,0.006666666666666667,2.5,3559;3572,3559;3572
immune_biased,MF,GO:0019900,kinase binding,0.19829328058808748,0.9182185190144108,False,7,120,238,6000,0.058333333333333334,0.03966666666666667,1.4705882352941175,867;1051;4690;7186;10603;23376;27347,1051;10603;23376;27347;4690;7186;867
immune_biased,MF,GO:0019957,C-C chemokine binding,0.1994186086676354,0.9182185190144108,False,1,120,11,6000,0.008333333333333333,0.0018333333333333333,4.545454545454546,57007,57007
immune_biased,MF,GO:0022884,macromolecule transmembrane transporter activity,0.18305237920257855,0.9182185190144108,False,1,120,10,6000,0.008333333333333333,0.0016666666666666668,5.0,388552,388552
immune_biased,MF,GO:0030215,semaphorin receptor binding,0.18305237920257855,0.9182185190144108,False,1,120,10,6000,0.008333333333333333,0.0016666666666666668,5.0,64218,64218
immune_biased,MF,GO:0030295,protein kinase activator activity,0.19748770406178495,0.9182185190144108,False,2,120,41,6000,0.016666666666666666,0.006833333333333334,2.4390243902439024,3572;5292,3572;5292
immune_biased,MF,GO:0030551,cyclic nucleotide binding,0.18305237920257855,0.9182185190144108,False,1,120,10,6000,0.008333333333333333,0.0016666666666666668,5.0,5142,5142
immune_biased,MF,GO:0031369,translation initiation factor binding,0.18305237920257855,0.9182185190144108,False,1,120,10,6000,0.008333333333333333,0.0016666666666666668,5.0,4690,4690
immune_biased,MF,GO:0031593,polyubiquitin modification-dependent protein binding,0.1994186086676354,0.9182185190144108,False,1,120,11,6000,0.008333333333333333,0.0018333333333333333,4.545454545454546,165918,165918
immune_biased,MF,GO:0032553,ribonucleotide binding,0.19117460079767729,0.9182185190144108,False,12,120,452,6000,0.1,0.07533333333333334,1.3274336283185841,640;1326;2794;4261;5142;5292;5595;10890;27347;29110;64005;115362,10890;115362;1326;27347;2794;29110;4261;5142;5292;5595;640;64005
immune_biased,MF,GO:0032555,purine ribonucleotide binding,0.18328460555637344,0.9182185190144108,False,12,120,448,6000,0.1,0.07466666666666667,1.3392857142857142,640;1326;2794;4261;5142;5292;5595;10890;27347;29110;64005;115362,10890;115362;1326;27347;2794;29110;4261;5142;5292;5595;640;64005
immune_biased,MF,GO:0035651,AP-3 adaptor complex binding,0.18305237920257855,0.9182185190144108,False,1,120,10,6000,0.008333333333333333,0.0016666666666666668,5.0,388552,388552
immune_biased,MF,GO:0042287,MHC protein binding,0.18305237920257855,0.9182185190144108,False,1,120,10,6000,0.008333333333333333,0.0016666666666666668,5.0,972,972
immune_biased,MF,GO:0045499,chemorepellent activity,0.1994186086676354,0.9182185190144108,False,1,120,11,6000,0.008333333333333333,0.0018333333333333333,4.545454545454546,64218,64218
immune_biased,MF,GO:0046872,metal ion binding,0.18705687889885855,0.9182185190144108,False,16,120,629,6000,0.13333333333333333,0.10483333333333333,1.2718600953895072,306;463;867;1326;1776;5292;5468;5987;7186;7551;7554;10107;51752;60489;115727;169026,10107;115727;1326;169026;1776;306;463;51752;5292;5468;5987;60489;7186;7551;7554;867
immune_biased,MF,GO:0046915,transition metal ion transmembrane transporter activity,0.18305237920257855,0.9182185190144108,False,1,120,10,6000,0.008333333333333333,0.0016666666666666668,5.0,169026,169026
immune_biased,MF,GO:0050699,WW domain binding,0.18305237920257855,0.9182185190144108,False,1,120,10,6000,0.008333333333333333,0.0016666666666666668,5.0,5468,5468
immune_biased,MF,GO:0051393,alpha-actinin binding,0.18305237920257855,0.9182185190144108,False,1,120,10,6000,0.008333333333333333,0.0016666666666666668,5.0,5468,5468
immune_biased,MF,GO:0003899,DNA-directed RNA polymerase activity,0.2154596450610039,0.9296405664520239,False,1,120,12,6000,0.008333333333333333,0.002,4.166666666666667,9533,9533
immune_biased,MF,GO:0004715,non-membrane spanning protein tyrosine kinase activity,0.2154596450610039,0.9296405664520239,False,1,120,12,6000,0.008333333333333333,0.002,4.166666666666667,640,640
immune_biased,MF,GO:0008093,cytoskeletal adaptor activity,0.2154596450610039,0.9296405664520239,False,1,120,12,6000,0.008333333333333333,0.002,4.166666666666667,4690,4690
immune_biased,MF,GO:0008527,taste receptor activity,0.2154596450610039,0.9296405664520239,False,1,120,12,6000,0.008333333333333333,0.002,4.166666666666667,338398,338398
immune_biased,MF,GO:0019239,deaminase activity,0.2154596450610039,0.9296405664520239,False,1,120,12,6000,0.008333333333333333,0.002,4.166666666666667,60489,60489
immune_biased,MF,GO:0034062,5'-3' RNA polymerase activity,0.2154596450610039,0.9296405664520239,False,1,120,12,6000,0.008333333333333333,0.002,4.166666666666667,9533,9533
immune_biased,MF,GO:0042169,SH2 domain binding,0.2154596450610039,0.9296405664520239,False,1,120,12,6000,0.008333333333333333,0.002,4.166666666666667,10603,10603
immune_biased,MF,GO:0042805,actinin binding,0.2154596450610039,0.9296405664520239,False,1,120,12,6000,0.008333333333333333,0.002,4.166666666666667,5468,5468
immune_biased,MF,GO:0097747,RNA polymerase activity,0.2154596450610039,0.9296405664520239,False,1,120,12,6000,0.008333333333333333,0.002,4.166666666666667,9533,9533
immune_biased,MF,GO:0001637,G protein-coupled chemoattractant receptor activity,0.23118189666298758,0.9322825505951852,False,1,120,13,6000,0.008333333333333333,0.0021666666666666666,3.8461538461538463,57007,57007
immune_biased,MF,GO:0004950,chemokine receptor activity,0.23118189666298758,0.9322825505951852,False,1,120,13,6000,0.008333333333333333,0.0021666666666666666,3.8461538461538463,57007,57007
immune_biased,MF,GO:0005504,fatty acid binding,0.23118189666298758,0.9322825505951852,False,1,120,13,6000,0.008333333333333333,0.0021666666666666666,3.8461538461538463,5468,5468
immune_biased,MF,GO:0016922,nuclear receptor binding,0.21955741586889918,0.9322825505951852,False,2,120,44,6000,0.016666666666666666,0.007333333333333333,2.272727272727273,1051;5468,1051;5468
immune_biased,MF,GO:0019209,kinase activator activity,0.21955741586889918,0.9322825505951852,False,2,120,44,6000,0.016666666666666666,0.007333333333333333,2.272727272727273,3572;5292,3572;5292
immune_biased,MF,GO:0030247,polysaccharide binding,0.23118189666298758,0.9322825505951852,False,1,120,13,6000,0.008333333333333333,0.0021666666666666666,3.8461538461538463,5806,5806
immune_biased,MF,GO:0036094,small molecule binding,0.23027249525487795,0.9322825505951852,False,29,120,1264,6000,0.24166666666666667,0.21066666666666667,1.1471518987341771,306;463;640;713;867;1326;1776;2794;3045;4261;5142;5292;5468;5595;5987;7186;7551;7554;10107;10890;27347;29110;30835;51752;60489;64005;115362;115727;169026,10107;10890;115362;115727;1326;169026;1776;27347;2794;29110;3045;306;30835;4261;463;5142;51752;5292;5468;5595;5987;60489;640;64005;713;7186;7551;7554;867
immune_biased,MF,GO:0043394,proteoglycan binding,0.23118189666298758,0.9322825505951852,False,1,120,13,6000,0.008333333333333333,0.0021666666666666666,3.8461538461538463,566,566
immune_biased,MF,GO:0051059,NF-kappaB binding,0.23118189666298758,0.9322825505951852,False,1,120,13,6000,0.008333333333333333,0.0021666666666666666,3.8461538461538463,4792,4792
immune_biased,MF,GO:0140828,metal cation:monoatomic cation antiporter activity,0.23118189666298758,0.9322825505951852,False,1,120,13,6000,0.008333333333333333,0.0021666666666666666,3.8461538461538463,169026,169026
immune_biased,MF,GO:0003677,DNA binding,0.23696493358564374,0.9493984676775467,False,16,120,657,6000,0.13333333333333333,0.1095,1.21765601217656,463;1051;1776;4261;4775;5468;6421;6838;7551;7554;8342;9533;90987;124411;149628;344167,1051;124411;149628;1776;344167;4261;463;4775;5468;6421;6838;7551;7554;8342;90987;9533
immune_biased,MF,GO:0017076,purine nucleotide binding,0.24168291300696682,0.9586325798539741,False,12,120,476,6000,0.1,0.07933333333333334,1.2605042016806722,640;1326;2794;4261;5142;5292;5595;10890;27347;29110;64005;115362,10890;115362;1326;27347;2794;29110;4261;5142;5292;5595;640;64005
immune_biased,MF,GO:0035639,purine ribonucleoside triphosphate binding,0.24237711905546186,0.9586325798539741,False,11,120,431,6000,0.09166666666666666,0.07183333333333333,1.2761020881670533,640;1326;2794;4261;5292;5595;10890;27347;29110;64005;115362,10890;115362;1326;27347;2794;29110;4261;5292;5595;640;64005
immune_biased,MF,GO:0035198,miRNA binding,0.24659164652108712,0.9634436551157248,False,1,120,14,6000,0.008333333333333333,0.0023333333333333335,3.571428571428571,9021,9021
immune_biased,MF,GO:0045296,cadherin binding,0.24671652756610132,0.9634436551157248,False,3,120,86,6000,0.025,0.014333333333333333,1.744186046511628,867;4690;10890,10890;4690;867
immune_biased,MF,GO:0001046,core promoter sequence-specific DNA binding,0.2616950548768287,0.970288926071003,False,1,120,15,6000,0.008333333333333333,0.0025,3.333333333333333,1051,1051
immune_biased,MF,GO:0004521,RNA endonuclease activity,0.2616950548768287,0.970288926071003,False,1,120,15,6000,0.008333333333333333,0.0025,3.333333333333333,6038,6038
immune_biased,MF,GO:0005539,glycosaminoglycan binding,0.2641953639869182,0.970288926071003,False,2,120,50,6000,0.016666666666666666,0.008333333333333333,2.0,566;130120,130120;566
immune_biased,MF,GO:0005543,phospholipid binding,0.2532537263387923,0.970288926071003,False,4,120,128,6000,0.03333333333333333,0.021333333333333333,1.5625,306;713;5724;64005,306;5724;64005;713
immune_biased,MF,GO:0019901,protein kinase binding,0.2599109848519529,0.970288926071003,False,6,120,215,6000,0.05,0.035833333333333335,1.3953488372093024,867;4690;7186;10603;23376;27347,10603;23376;27347;4690;7186;867
immune_biased,MF,GO:0019903,protein phosphatase binding,0.2641953639869182,0.970288926071003,False,2,120,50,6000,0.016666666666666666,0.008333333333333333,2.0,7186;29110,29110;7186
immune_biased,MF,GO:0043169,cation binding,0.25801516952701614,0.970288926071003,False,16,120,668,6000,0.13333333333333333,0.11133333333333334,1.1976047904191616,306;463;867;1326;1776;5292;5468;5987;7186;7551;7554;10107;51752;60489;115727;169026,10107;115727;1326;169026;1776;306;463;51752;5292;5468;5987;60489;7186;7551;7554;867
immune_biased,MF,GO:0044325,transmembrane transporter binding,0.2641953639869182,0.970288926071003,False,2,120,50,6000,0.016666666666666666,0.008333333333333333,2.0,5142;27347,27347;5142
immune_biased,MF,GO:0140098,"catalytic activity, acting on RNA",0.2620824267085903,0.970288926071003,False,4,120,130,6000,0.03333333333333333,0.021666666666666667,1.5384615384615383,6038;9533;51010;118460,118460;51010;6038;9533
immune_biased,MF,GO:0140416,transcription regulator inhibitor activity,0.2616950548768287,0.970288926071003,False,1,120,15,6000,0.008333333333333333,0.0025,3.333333333333333,4792,4792
immune_biased,MF,GO:0004930,G protein-coupled receptor activity,0.2697735264031958,0.9837110564685292,False,7,120,262,6000,0.058333333333333334,0.043666666666666666,1.33587786259542,728;5468;5724;8698;57007;338398;390265,338398;390265;5468;57007;5724;728;8698
immune_biased,MF,GO:0043167,ion binding,0.2710387027547001,0.9837110564685292,False,27,120,1196,6000,0.225,0.19933333333333333,1.12876254180602,306;463;640;713;867;1326;1776;2794;4261;5142;5292;5468;5595;5987;7186;7551;7554;10107;10890;27347;29110;51752;60489;64005;115362;115727;169026,10107;10890;115362;115727;1326;169026;1776;27347;2794;29110;306;4261;463;5142;51752;5292;5468;5595;5987;60489;640;64005;713;7186;7551;7554;867
immune_biased,MF,GO:0022829,wide pore channel activity,0.27649816154596496,0.9918567771736069,False,1,120,16,6000,0.008333333333333333,0.0026666666666666666,3.125,84694,84694
immune_biased,MF,GO:0032559,adenyl ribonucleotide binding,0.27626796274087717,0.9918567771736069,False,9,120,354,6000,0.075,0.059,1.271186440677966,640;1326;4261;5142;5292;5595;27347;29110;64005,1326;27347;29110;4261;5142;5292;5595;640;64005
immune_biased,MF,GO:0000049,tRNA binding,1.0,1.0,False,0,120,19,6000,0.0,0.0031666666666666666,0.0,,
immune_biased,MF,GO:0000149,SNARE binding,1.0,1.0,False,0,120,31,6000,0.0,0.005166666666666667,0.0,,
immune_biased,MF,GO:0000166,nucleotide binding,0.3453008795473079,1.0,False,12,120,520,6000,0.1,0.08666666666666667,1.153846153846154,640;1326;2794;4261;5142;5292;5595;10890;27347;29110;64005;115362,10890;115362;1326;27347;2794;29110;4261;5142;5292;5595;640;64005
immune_biased,MF,GO:0000217,DNA secondary structure binding,1.0,1.0,False,0,120,12,6000,0.0,0.002,0.0,,
immune_biased,MF,GO:0000287,magnesium ion binding,0.6518344615320735,1.0,False,1,120,52,6000,0.008333333333333333,0.008666666666666666,0.9615384615384616,1326,1326
immune_biased,MF,GO:0000295,adenine nucleotide transmembrane transporter activity,1.0,1.0,False,0,120,11,6000,0.0,0.0018333333333333333,0.0,,
immune_biased,MF,GO:0000976,transcription cis-regulatory region binding,0.3437530763511113,1.0,False,10,120,425,6000,0.08333333333333333,0.07083333333333333,1.1764705882352942,463;1051;4775;5468;6421;7551;7554;90987;124411;344167,1051;124411;344167;463;4775;5468;6421;7551;7554;90987
immune_biased,MF,GO:0000977,RNA polymerase II transcription regulatory region sequence-specific DNA binding,0.37235606104067576,1.0,False,9,120,388,6000,0.075,0.06466666666666666,1.1597938144329898,463;1051;4775;5468;7551;7554;90987;124411;344167,1051;124411;344167;463;4775;5468;7551;7554;90987
immune_biased,MF,GO:0000978,RNA polymerase II cis-regulatory region sequence-specific DNA binding,0.3578652258668839,1.0,False,8,120,336,6000,0.06666666666666667,0.056,1.1904761904761905,463;1051;4775;5468;7554;90987;124411;344167,1051;124411;344167;463;4775;5468;7554;90987
immune_biased,MF,GO:0000981,"DNA-binding transcription factor activity, RNA polymerase II-specific",0.3636660974185109,1.0,False,9,120,385,6000,0.075,0.06416666666666666,1.1688311688311688,463;1051;4775;5468;7551;7554;90987;124411;344167,1051;124411;344167;463;4775;5468;7551;7554;90987
immune_biased,MF,GO:0000987,cis-regulatory region sequence-specific DNA binding,0.3640210610507317,1.0,False,8,120,338,6000,0.06666666666666667,0.05633333333333333,1.183431952662722,463;1051;4775;5468;7554;90987;124411;344167,1051;124411;344167;463;4775;5468;7554;90987
immune_biased,MF,GO:0000993,RNA polymerase II complex binding,1.0,1.0,False,0,120,18,6000,0.0,0.003,0.0,,
immune_biased,MF,GO:0001067,transcription regulatory region nucleic acid binding,0.3437530763511113,1.0,False,10,120,425,6000,0.08333333333333333,0.07083333333333333,1.1764705882352942,463;1051;4775;5468;6421;7551;7554;90987;124411;344167,1051;124411;344167;463;4775;5468;6421;7551;7554;90987
immune_biased,MF,GO:0001216,DNA-binding transcription activator activity,0.4640167634252922,1.0,False,3,120,126,6000,0.025,0.021,1.1904761904761905,1051;4775;5468,1051;4775;5468
immune_biased,MF,GO:0001221,transcription coregulator binding,0.49782540333012903,1.0,False,1,120,34,6000,0.008333333333333333,0.005666666666666667,1.4705882352941175,5468,5468
immune_biased,MF,GO:0001223,transcription coactivator binding,1.0,1.0,False,0,120,14,6000,0.0,0.0023333333333333335,0.0,,
immune_biased,MF,GO:0001228,"DNA-binding transcription activator activity, RNA polymerase II-specific",0.45354228936338464,1.0,False,3,120,124,6000,0.025,0.020666666666666667,1.2096774193548387,1051;4775;5468,1051;4775;5468
immune_biased,MF,GO:0001540,amyloid-beta binding,0.42112605589102525,1.0,False,1,120,27,6000,0.008333333333333333,0.0045,1.8518518518518519,972,972
immune_biased,MF,GO:0001653,peptide receptor activity,1.0,1.0,False,0,120,39,6000,0.0,0.0065,0.0,,
immune_biased,MF,GO:0001664,G protein-coupled receptor binding,0.6098416733688516,1.0,False,2,120,102,6000,0.016666666666666666,0.017,0.9803921568627451,6376;692094,6376;692094
immune_biased,MF,GO:0002020,protease binding,0.5370351507111182,1.0,False,1,120,38,6000,0.008333333333333333,0.006333333333333333,1.3157894736842106,3630,3630
immune_biased,MF,GO:0002039,p53 binding,1.0,1.0,False,0,120,25,6000,0.0,0.004166666666666667,0.0,,
immune_biased,MF,GO:0003678,DNA helicase activity,1.0,1.0,False,0,120,16,6000,0.0,0.0026666666666666666,0.0,,
immune_biased,MF,GO:0003682,chromatin binding,0.5391223057521591,1.0,False,4,120,192,6000,0.03333333333333333,0.032,1.0416666666666667,1051;5468;6421;165918,1051;165918;5468;6421
immune_biased,MF,GO:0003684,damaged DNA binding,1.0,1.0,False,0,120,22,6000,0.0,0.0036666666666666666,0.0,,
immune_biased,MF,GO:0003690,double-stranded DNA binding,0.33320364510755524,1.0,False,11,120,468,6000,0.09166666666666666,0.078,1.175213675213675,463;1051;4775;5468;6421;7551;7554;90987;124411;149628;344167,1051;124411;149628;344167;463;4775;5468;6421;7551;7554;90987
immune_biased,MF,GO:0003697,single-stranded DNA binding,1.0,1.0,False,0,120,35,6000,0.0,0.005833333333333334,0.0,,
immune_biased,MF,GO:0003700,DNA-binding transcription factor activity,0.4510468029229168,1.0,False,9,120,415,6000,0.075,0.06916666666666667,1.0843373493975903,463;1051;4775;5468;7551;7554;90987;124411;344167,1051;124411;344167;463;4775;5468;7551;7554;90987
immune_biased,MF,GO:0003712,transcription coregulator activity,0.6344228012429367,1.0,False,3,120,162,6000,0.025,0.027,0.925925925925926,4261;5987;10743,10743;4261;5987
immune_biased,MF,GO:0003713,transcription coactivator activity,0.547353138137202,1.0,False,2,120,91,6000,0.016666666666666666,0.015166666666666667,1.0989010989010988,4261;5987,4261;5987
immune_biased,MF,GO:0003714,transcription corepressor activity,0.7329454800132373,1.0,False,1,120,65,6000,0.008333333333333333,0.010833333333333334,0.7692307692307692,4261,4261
immune_biased,MF,GO:0003723,RNA binding,0.3153799649374072,1.0,False,11,120,461,6000,0.09166666666666666,0.07683333333333334,1.193058568329718,2896;6421;6838;7098;8575;9021;25926;51010;56342;60489;118460,118460;25926;2896;51010;56342;60489;6421;6838;7098;8575;9021
immune_biased,MF,GO:0003724,RNA helicase activity,1.0,1.0,False,0,120,21,6000,0.0,0.0035,0.0,,
immune_biased,MF,GO:0003727,single-stranded RNA binding,1.0,1.0,False,0,120,18,6000,0.0,0.003,0.0,,
immune_biased,MF,GO:0003729,mRNA binding,1.0,1.0,False,0,120,99,6000,0.0,0.0165,0.0,,
immune_biased,MF,GO:0003730,mRNA 3'-UTR binding,1.0,1.0,False,0,120,40,6000,0.0,0.006666666666666667,0.0,,
immune_biased,MF,GO:0003735,structural constituent of ribosome,1.0,1.0,False,0,120,49,6000,0.0,0.008166666666666666,0.0,,
immune_biased,MF,GO:0003743,translation initiation factor activity,0.3191643119150053,1.0,False,1,120,19,6000,0.008333333333333333,0.0031666666666666666,2.6315789473684212,1967,1967
immune_biased,MF,GO:0003774,cytoskeletal motor activity,0.4770030767532584,1.0,False,1,120,32,6000,0.008333333333333333,0.005333333333333333,1.5625,64005,64005
immune_biased,MF,GO:0003777,microtubule motor activity,1.0,1.0,False,0,120,22,6000,0.0,0.0036666666666666666,0.0,,
immune_biased,MF,GO:0003779,actin binding,1.0,1.0,False,0,120,93,6000,0.0,0.0155,0.0,,
immune_biased,MF,GO:0003824,catalytic activity,0.5957516563267428,1.0,False,32,120,1637,6000,0.26666666666666666,0.2728333333333333,0.9773976786805132,566;640;867;1326;1521;1776;2794;4261;5142;5292;5298;5595;5909;5987;6038;7186;9533;9770;10107;10739;10890;23376;27347;29110;51010;51752;60489;64005;115362;118460;146850;165918,10107;10739;10890;115362;118460;1326;146850;1521;165918;1776;23376;27347;2794;29110;4261;51010;5142;51752;5292;5298;5595;566;5909;5987;6038;60489;640;64005;7186;867;9533;9770
immune_biased,MF,GO:0003925,G protein activity,0.5732069281268636,1.0,False,1,120,42,6000,0.008333333333333333,0.007,1.1904761904761905,10890,10890
immune_biased,MF,GO:0003954,NADH dehydrogenase activity,1.0,1.0,False,0,120,12,6000,0.0,0.002,0.0,,
immune_biased,MF,GO:0004175,endopeptidase activity,0.36182070560837704,1.0,False,3,120,107,6000,0.025,0.017833333333333333,1.4018691588785048,566;1521;51752,1521;51752;566
immune_biased,MF,GO:0004180,carboxypeptidase activity,1.0,1.0,False,0,120,18,6000,0.0,0.003,0.0,,
immune_biased,MF,GO:0004181,metallocarboxypeptidase activity,1.0,1.0,False,0,120,15,6000,0.0,0.0025,0.0,,
immune_biased,MF,GO:0004197,cysteine-type endopeptidase activity,0.3847989996645063,1.0,False,1,120,24,6000,0.008333333333333333,0.004,2.0833333333333335,1521,1521
immune_biased,MF,GO:0004222,metalloendopeptidase activity,1.0,1.0,False,0,120,32,6000,0.0,0.005333333333333333,0.0,,
immune_biased,MF,GO:0004252,serine-type endopeptidase activity,0.5554857542944451,1.0,False,1,120,40,6000,0.008333333333333333,0.006666666666666667,1.25,566,566
immune_biased,MF,GO:0004364,glutathione transferase activity,1.0,1.0,False,0,120,11,6000,0.0,0.0018333333333333333,0.0,,
immune_biased,MF,GO:0004386,helicase activity,1.0,1.0,False,0,120,38,6000,0.0,0.006333333333333333,0.0,,
immune_biased,MF,GO:0004402,histone acetyltransferase activity,1.0,1.0,False,0,120,10,6000,0.0,0.0016666666666666668,0.0,,
immune_biased,MF,GO:0004497,monooxygenase activity,1.0,1.0,False,0,120,33,6000,0.0,0.0055,0.0,,
immune_biased,MF,GO:0004520,DNA endonuclease activity,0.3847989996645063,1.0,False,1,120,24,6000,0.008333333333333333,0.004,2.0833333333333335,1776,1776
immune_biased,MF,GO:0004529,DNA exonuclease activity,1.0,1.0,False,0,120,11,6000,0.0,0.0018333333333333333,0.0,,
immune_biased,MF,GO:0004536,DNA nuclease activity,0.4553248564627744,1.0,False,1,120,30,6000,0.008333333333333333,0.005,1.6666666666666665,1776,1776
immune_biased,MF,GO:0004553,"hydrolase activity, hydrolyzing O-glycosyl compounds",1.0,1.0,False,0,120,29,6000,0.0,0.004833333333333334,0.0,,
immune_biased,MF,GO:0004601,peroxidase activity,1.0,1.0,False,0,120,19,6000,0.0,0.0031666666666666666,0.0,,
immune_biased,MF,GO:0004620,glycerophospholipase activity,1.0,1.0,False,0,120,41,6000,0.0,0.006833333333333334,0.0,,
immune_biased,MF,GO:0004623,A2-type glycerophospholipase activity,1.0,1.0,False,0,120,10,6000,0.0,0.0016666666666666668,0.0,,
immune_biased,MF,GO:0004629,C-type glycerophospholipase activity,1.0,1.0,False,0,120,11,6000,0.0,0.0018333333333333333,0.0,,
immune_biased,MF,GO:0004712,protein serine/threonine/tyrosine kinase activity,1.0,1.0,False,0,120,15,6000,0.0,0.0025,0.0,,
immune_biased,MF,GO:0004713,protein tyrosine kinase activity,0.5463534636790258,1.0,False,1,120,39,6000,0.008333333333333333,0.0065,1.2820512820512822,640,640
immune_biased,MF,GO:0004714,transmembrane receptor protein tyrosine kinase activity,1.0,1.0,False,0,120,17,6000,0.0,0.0028333333333333335,0.0,,
immune_biased,MF,GO:0004721,phosphoprotein phosphatase activity,1.0,1.0,False,0,120,49,6000,0.0,0.008166666666666666,0.0,,
immune_biased,MF,GO:0004722,protein serine/threonine phosphatase activity,1.0,1.0,False,0,120,27,6000,0.0,0.0045,0.0,,
immune_biased,MF,GO:0004725,protein tyrosine phosphatase activity,1.0,1.0,False,0,120,25,6000,0.0,0.004166666666666667,0.0,,
immune_biased,MF,GO:0004806,triacylglycerol lipase activity,1.0,1.0,False,0,120,10,6000,0.0,0.0016666666666666668,0.0,,
immune_biased,MF,GO:0004812,aminoacyl-tRNA ligase activity,1.0,1.0,False,0,120,12,6000,0.0,0.002,0.0,,
immune_biased,MF,GO:0004843,cysteine-type deubiquitinase activity,1.0,1.0,False,0,120,20,6000,0.0,0.0033333333333333335,0.0,,
immune_biased,MF,GO:0004869,cysteine-type endopeptidase inhibitor activity,1.0,1.0,False,0,120,12,6000,0.0,0.002,0.0,,
immune_biased,MF,GO:0004879,nuclear receptor activity,0.3191643119150053,1.0,False,1,120,19,6000,0.008333333333333333,0.0031666666666666666,2.6315789473684212,5468,5468
immune_biased,MF,GO:0004984,olfactory receptor activity,0.9220800471187858,1.0,False,1,120,125,6000,0.008333333333333333,0.020833333333333332,0.4,390265,390265
immune_biased,MF,GO:0005080,protein kinase C binding,1.0,1.0,False,0,120,13,6000,0.0,0.0021666666666666666,0.0,,
immune_biased,MF,GO:0005085,guanyl-nucleotide exchange factor activity,0.3675770648649201,1.0,False,2,120,64,6000,0.016666666666666666,0.010666666666666666,1.5625,1967;115727,115727;1967
immune_biased,MF,GO:0005096,GTPase activator activity,0.777819223557416,1.0,False,1,120,74,6000,0.008333333333333333,0.012333333333333333,0.6756756756756757,5909,5909
immune_biased,MF,GO:0005104,fibroblast growth factor receptor binding,1.0,1.0,False,0,120,13,6000,0.0,0.0021666666666666666,0.0,,
immune_biased,MF,GO:0005109,frizzled binding,1.0,1.0,False,0,120,14,6000,0.0,0.0023333333333333335,0.0,,
immune_biased,MF,GO:0005154,epidermal growth factor receptor binding,1.0,1.0,False,0,120,17,6000,0.0,0.0028333333333333335,0.0,,
immune_biased,MF,GO:0005160,transforming growth factor beta receptor binding,1.0,1.0,False,0,120,11,6000,0.0,0.0018333333333333333,0.0,,
immune_biased,MF,GO:0005184,neuropeptide hormone activity,1.0,1.0,False,0,120,11,6000,0.0,0.0018333333333333333,0.0,,
immune_biased,MF,GO:0005198,structural molecule activity,0.7408894662517787,1.0,False,4,120,249,6000,0.03333333333333333,0.0415,0.8032128514056225,2794;5266;5692;8342,2794;5266;5692;8342
immune_biased,MF,GO:0005200,structural constituent of cytoskeleton,1.0,1.0,False,0,120,43,6000,0.0,0.007166666666666667,0.0,,
immune_biased,MF,GO:0005201,extracellular matrix structural constituent,1.0,1.0,False,0,120,53,6000,0.0,0.008833333333333334,0.0,,
immune_biased,MF,GO:0005215,transporter activity,0.950151804230143,1.0,False,4,120,378,6000,0.03333333333333333,0.063,0.5291005291005291,84694;169026;256987;388552,169026;256987;388552;84694
immune_biased,MF,GO:0005216,monoatomic ion channel activity,1.0,1.0,False,0,120,130,6000,0.0,0.021666666666666667,0.0,,
immune_biased,MF,GO:0005230,extracellular ligand-gated monoatomic ion channel activity,1.0,1.0,False,0,120,18,6000,0.0,0.003,0.0,,
immune_biased,MF,GO:0005242,inward rectifier potassium channel activity,1.0,1.0,False,0,120,12,6000,0.0,0.002,0.0,,
immune_biased,MF,GO:0005244,voltage-gated monoatomic ion channel activity,1.0,1.0,False,0,120,60,6000,0.0,0.01,0.0,,
immune_biased,MF,GO:0005245,voltage-gated calcium channel activity,1.0,1.0,False,0,120,14,6000,0.0,0.0023333333333333335,0.0,,
immune_biased,MF,GO:0005246,calcium channel regulator activity,0.3191643119150053,1.0,False,1,120,19,6000,0.008333333333333333,0.0031666666666666666,2.6315789473684212,5142,5142
immune_biased,MF,GO:0005249,voltage-gated potassium channel activity,1.0,1.0,False,0,120,30,6000,0.0,0.005,0.0,,
immune_biased,MF,GO:0005253,monoatomic anion channel activity,1.0,1.0,False,0,120,27,6000,0.0,0.0045,0.0,,
immune_biased,MF,GO:0005254,chloride channel activity,1.0,1.0,False,0,120,17,6000,0.0,0.0028333333333333335,0.0,,
immune_biased,MF,GO:0005261,monoatomic cation channel activity,1.0,1.0,False,0,120,104,6000,0.0,0.017333333333333333,0.0,,
immune_biased,MF,GO:0005262,calcium channel activity,1.0,1.0,False,0,120,41,6000,0.0,0.006833333333333334,0.0,,
immune_biased,MF,GO:0005267,potassium channel activity,1.0,1.0,False,0,120,36,6000,0.0,0.006,0.0,,
immune_biased,MF,GO:0005272,sodium channel activity,1.0,1.0,False,0,120,14,6000,0.0,0.0023333333333333335,0.0,,
immune_biased,MF,GO:0005310,dicarboxylic acid transmembrane transporter activity,1.0,1.0,False,0,120,17,6000,0.0,0.0028333333333333335,0.0,,
immune_biased,MF,GO:0005319,lipid carrier activity,0.5644357055502625,1.0,False,1,120,41,6000,0.008333333333333333,0.006833333333333334,1.2195121951219512,256987,256987
immune_biased,MF,GO:0005346,purine ribonucleotide transmembrane transporter activity,1.0,1.0,False,0,120,12,6000,0.0,0.002,0.0,,
immune_biased,MF,GO:0005452,solute:inorganic anion antiporter activity,1.0,1.0,False,0,120,12,6000,0.0,0.002,0.0,,
immune_biased,MF,GO:0005484,SNAP receptor activity,1.0,1.0,False,0,120,10,6000,0.0,0.0016666666666666668,0.0,,
immune_biased,MF,GO:0005496,steroid binding,1.0,1.0,False,0,120,32,6000,0.0,0.005333333333333333,0.0,,
immune_biased,MF,GO:0005501,retinoid binding,1.0,1.0,False,0,120,10,6000,0.0,0.0016666666666666668,0.0,,
immune_biased,MF,GO:0005506,iron ion binding,1.0,1.0,False,0,120,46,6000,0.0,0.007666666666666666,0.0,,
immune_biased,MF,GO:0005507,copper ion binding,1.0,1.0,False,0,120,11,6000,0.0,0.0018333333333333333,0.0,,
immune_biased,MF,GO:0005509,calcium ion binding,0.6107785451335271,1.0,False,4,120,210,6000,0.03333333333333333,0.035,0.9523809523809523,306;867;1776;115727,115727;1776;306;867
immune_biased,MF,GO:0005516,calmodulin binding,1.0,1.0,False,0,120,40,6000,0.0,0.006666666666666667,0.0,,
immune_biased,MF,GO:0005518,collagen binding,1.0,1.0,False,0,120,19,6000,0.0,0.0031666666666666666,0.0,,
immune_biased,MF,GO:0005524,ATP binding,0.3640210610507317,1.0,False,8,120,338,6000,0.06666666666666667,0.05633333333333333,1.183431952662722,640;1326;4261;5292;5595;27347;29110;64005,1326;27347;29110;4261;5292;5595;640;64005
immune_biased,MF,GO:0005525,GTP binding,0.3012258124273143,1.0,False,3,120,96,6000,0.025,0.016,1.5625,2794;10890;115362,10890;115362;2794
immune_biased,MF,GO:0005540,hyaluronic acid binding,1.0,1.0,False,0,120,11,6000,0.0,0.0018333333333333333,0.0,,
immune_biased,MF,GO:0005544,calcium-dependent phospholipid binding,0.3191643119150053,1.0,False,1,120,19,6000,0.008333333333333333,0.0031666666666666666,2.6315789473684212,306,306
immune_biased,MF,GO:0005546,"phosphatidylinositol-4,5-bisphosphate binding",0.3847989996645063,1.0,False,1,120,24,6000,0.008333333333333333,0.004,2.0833333333333335,64005,64005
immune_biased,MF,GO:0005549,odorant binding,1.0,1.0,False,0,120,10,6000,0.0,0.0016666666666666668,0.0,,
immune_biased,MF,GO:0008009,chemokine activity,0.2910068882529308,1.0,False,1,120,17,6000,0.008333333333333333,0.0028333333333333335,2.941176470588235,6376,6376
immune_biased,MF,GO:0008013,beta-catenin binding,1.0,1.0,False,0,120,23,6000,0.0,0.003833333333333333,0.0,,
immune_biased,MF,GO:0008017,microtubule binding,1.0,1.0,False,0,120,87,6000,0.0,0.0145,0.0,,
immune_biased,MF,GO:0008028,monocarboxylic acid transmembrane transporter activity,1.0,1.0,False,0,120,19,6000,0.0,0.0031666666666666666,0.0,,
immune_biased,MF,GO:0008080,N-acetyltransferase activity,1.0,1.0,False,0,120,19,6000,0.0,0.0031666666666666666,0.0,,
immune_biased,MF,GO:0008081,phosphoric diester hydrolase activity,0.4553248564627744,1.0,False,1,120,30,6000,0.008333333333333333,0.005,1.6666666666666665,5142,5142
immune_biased,MF,GO:0008092,cytoskeletal protein binding,0.9766792321106643,1.0,False,2,120,275,6000,0.016666666666666666,0.04583333333333333,0.36363636363636365,5468;10890,10890;5468
immune_biased,MF,GO:0008094,"ATP-dependent activity, acting on DNA",1.0,1.0,False,0,120,37,6000,0.0,0.006166666666666667,0.0,,
immune_biased,MF,GO:0008106,alcohol dehydrogenase (NADP+) activity,1.0,1.0,False,0,120,14,6000,0.0,0.0023333333333333335,0.0,,
immune_biased,MF,GO:0008137,NADH dehydrogenase (ubiquinone) activity,1.0,1.0,False,0,120,12,6000,0.0,0.002,0.0,,
immune_biased,MF,GO:0008146,sulfotransferase activity,1.0,1.0,False,0,120,13,6000,0.0,0.0021666666666666666,0.0,,
immune_biased,MF,GO:0008157,protein phosphatase 1 binding,1.0,1.0,False,0,120,13,6000,0.0,0.0021666666666666666,0.0,,
immune_biased,MF,GO:0008168,methyltransferase activity,1.0,1.0,False,0,120,76,6000,0.0,0.012666666666666666,0.0,,
immune_biased,MF,GO:0008170,N-methyltransferase activity,1.0,1.0,False,0,120,36,6000,0.0,0.006,0.0,,
immune_biased,MF,GO:0008171,O-methyltransferase activity,1.0,1.0,False,0,120,10,6000,0.0,0.0016666666666666668,0.0,,
immune_biased,MF,GO:0008173,RNA methyltransferase activity,1.0,1.0,False,0,120,32,6000,0.0,0.005333333333333333,0.0,,
immune_biased,MF,GO:0008175,tRNA methyltransferase activity,1.0,1.0,False,0,120,11,6000,0.0,0.0018333333333333333,0.0,,
immune_biased,MF,GO:0008186,"ATP-dependent activity, acting on RNA",1.0,1.0,False,0,120,21,6000,0.0,0.0035,0.0,,
immune_biased,MF,GO:0008188,neuropeptide receptor activity,1.0,1.0,False,0,120,15,6000,0.0,0.0025,0.0,,
immune_biased,MF,GO:0008194,UDP-glycosyltransferase activity,1.0,1.0,False,0,120,43,6000,0.0,0.007166666666666667,0.0,,
immune_biased,MF,GO:0008200,ion channel inhibitor activity,1.0,1.0,False,0,120,17,6000,0.0,0.0028333333333333335,0.0,,
immune_biased,MF,GO:0008201,heparin binding,0.49782540333012903,1.0,False,1,120,34,6000,0.008333333333333333,0.005666666666666667,1.4705882352941175,566,566
immune_biased,MF,GO:0008227,G protein-coupled amine receptor activity,1.0,1.0,False,0,120,10,6000,0.0,0.0016666666666666668,0.0,,
immune_biased,MF,GO:0008233,peptidase activity,0.6130928976874555,1.0,False,3,120,157,6000,0.025,0.026166666666666668,0.9554140127388535,566;1521;51752,1521;51752;566
immune_biased,MF,GO:0008234,cysteine-type peptidase activity,0.5644357055502625,1.0,False,1,120,41,6000,0.008333333333333333,0.006833333333333334,1.2195121951219512,1521,1521
immune_biased,MF,GO:0008235,metalloexopeptidase activity,0.3847989996645063,1.0,False,1,120,24,6000,0.008333333333333333,0.004,2.0833333333333335,51752,51752
immune_biased,MF,GO:0008236,serine-type peptidase activity,0.5818029618000387,1.0,False,1,120,43,6000,0.008333333333333333,0.007166666666666667,1.1627906976744187,566,566
immune_biased,MF,GO:0008237,metallopeptidase activity,0.6790989845902964,1.0,False,1,120,56,6000,0.008333333333333333,0.009333333333333334,0.8928571428571428,51752,51752
immune_biased,MF,GO:0008238,exopeptidase activity,0.46627310055397503,1.0,False,1,120,31,6000,0.008333333333333333,0.005166666666666667,1.6129032258064515,51752,51752
immune_biased,MF,GO:0008276,protein methyltransferase activity,1.0,1.0,False,0,120,37,6000,0.0,0.006166666666666667,0.0,,
immune_biased,MF,GO:0008307,structural constituent of muscle,1.0,1.0,False,0,120,10,6000,0.0,0.0016666666666666668,0.0,,
immune_biased,MF,GO:0008324,monoatomic cation transmembrane transporter activity,0.9832420154180616,1.0,False,1,120,199,6000,0.008333333333333333,0.033166666666666664,0.2512562814070352,169026,169026
immune_biased,MF,GO:0008376,acetylgalactosaminyltransferase activity,1.0,1.0,False,0,120,11,6000,0.0,0.0018333333333333333,0.0,,
immune_biased,MF,GO:0008378,galactosyltransferase activity,1.0,1.0,False,0,120,13,6000,0.0,0.0021666666666666666,0.0,,
immune_biased,MF,GO:0008408,3'-5' exonuclease activity,0.3052270409204303,1.0,False,1,120,18,6000,0.008333333333333333,0.003,2.7777777777777777,51010,51010
immune_biased,MF,GO:0008509,monoatomic anion transmembrane transporter activity,1.0,1.0,False,0,120,41,6000,0.0,0.006833333333333334,0.0,,
immune_biased,MF,GO:0008528,G protein-coupled peptide receptor activity,1.0,1.0,False,0,120,38,6000,0.0,0.006333333333333333,0.0,,
immune_biased,MF,GO:0008649,rRNA methyltransferase activity,1.0,1.0,False,0,120,14,6000,0.0,0.0023333333333333335,0.0,,
immune_biased,MF,GO:0008757,S-adenosylmethionine-dependent methyltransferase activity,1.0,1.0,False,0,120,65,6000,0.0,0.010833333333333334,0.0,,
immune_biased,MF,GO:0008970,glycerophospholipid phospholipase A1 activity,1.0,1.0,False,0,120,10,6000,0.0,0.0016666666666666668,0.0,,
immune_biased,MF,GO:0009055,electron transfer activity,1.0,1.0,False,0,120,32,6000,0.0,0.005333333333333333,0.0,,
immune_biased,MF,GO:0010314,phosphatidylinositol-5-phosphate binding,1.0,1.0,False,0,120,10,6000,0.0,0.0016666666666666668,0.0,,
immune_biased,MF,GO:0015020,glucuronosyltransferase activity,1.0,1.0,False,0,120,12,6000,0.0,0.002,0.0,,
immune_biased,MF,GO:0015036,disulfide oxidoreductase activity,1.0,1.0,False,0,120,11,6000,0.0,0.0018333333333333333,0.0,,
immune_biased,MF,GO:0015075,monoatomic ion transmembrane transporter activity,0.9904817534813223,1.0,False,1,120,226,6000,0.008333333333333333,0.03766666666666667,0.22123893805309733,169026,169026
immune_biased,MF,GO:0015078,proton transmembrane transporter activity,0.7160748336917495,1.0,False,1,120,62,6000,0.008333333333333333,0.010333333333333333,0.8064516129032258,169026,169026
immune_biased,MF,GO:0015079,potassium ion transmembrane transporter activity,1.0,1.0,False,0,120,48,6000,0.0,0.008,0.0,,
immune_biased,MF,GO:0015081,sodium ion transmembrane transporter activity,1.0,1.0,False,0,120,49,6000,0.0,0.008166666666666666,0.0,,
immune_biased,MF,GO:0015085,calcium ion transmembrane transporter activity,1.0,1.0,False,0,120,48,6000,0.0,0.008,0.0,,
immune_biased,MF,GO:0015108,chloride transmembrane transporter activity,1.0,1.0,False,0,120,29,6000,0.0,0.004833333333333334,0.0,,
immune_biased,MF,GO:0015144,carbohydrate transmembrane transporter activity,1.0,1.0,False,0,120,12,6000,0.0,0.002,0.0,,
immune_biased,MF,GO:0015171,amino acid transmembrane transporter activity,1.0,1.0,False,0,120,28,6000,0.0,0.004666666666666667,0.0,,
immune_biased,MF,GO:0015175,neutral L-amino acid transmembrane transporter activity,1.0,1.0,False,0,120,10,6000,0.0,0.0016666666666666668,0.0,,
immune_biased,MF,GO:0015179,L-amino acid transmembrane transporter activity,1.0,1.0,False,0,120,16,6000,0.0,0.0026666666666666666,0.0,,
immune_biased,MF,GO:0015215,nucleotide transmembrane transporter activity,1.0,1.0,False,0,120,14,6000,0.0,0.0023333333333333335,0.0,,
immune_biased,MF,GO:0015216,purine nucleotide transmembrane transporter activity,1.0,1.0,False,0,120,12,6000,0.0,0.002,0.0,,
immune_biased,MF,GO:0015245,fatty acid transmembrane transporter activity,1.0,1.0,False,0,120,10,6000,0.0,0.0016666666666666668,0.0,,
immune_biased,MF,GO:0015252,proton channel activity,1.0,1.0,False,0,120,10,6000,0.0,0.0016666666666666668,0.0,,
immune_biased,MF,GO:0015267,channel activity,0.957233168228936,1.0,False,1,120,154,6000,0.008333333333333333,0.025666666666666667,0.3246753246753247,84694,84694
immune_biased,MF,GO:0015276,ligand-gated monoatomic ion channel activity,1.0,1.0,False,0,120,51,6000,0.0,0.0085,0.0,,
immune_biased,MF,GO:0015291,secondary active transmembrane transporter activity,0.7910472516405787,1.0,False,1,120,77,6000,0.008333333333333333,0.012833333333333334,0.6493506493506493,169026,169026
immune_biased,MF,GO:0015293,symporter activity,1.0,1.0,False,0,120,35,6000,0.0,0.005833333333333334,0.0,,
immune_biased,MF,GO:0015294,solute:monoatomic cation symporter activity,1.0,1.0,False,0,120,34,6000,0.0,0.005666666666666667,0.0,,
immune_biased,MF,GO:0015297,antiporter activity,0.5818029618000387,1.0,False,1,120,43,6000,0.008333333333333333,0.007166666666666667,1.1627906976744187,169026,169026
immune_biased,MF,GO:0015370,solute:sodium symporter activity,1.0,1.0,False,0,120,25,6000,0.0,0.004166666666666667,0.0,,
immune_biased,MF,GO:0015399,primary active transmembrane transporter activity,1.0,1.0,False,0,120,54,6000,0.0,0.009,0.0,,
immune_biased,MF,GO:0015453,oxidoreduction-driven active transmembrane transporter activity,1.0,1.0,False,0,120,24,6000,0.0,0.004,0.0,,
immune_biased,MF,GO:0015459,potassium channel regulator activity,1.0,1.0,False,0,120,17,6000,0.0,0.0028333333333333335,0.0,,
immune_biased,MF,GO:0015485,cholesterol binding,1.0,1.0,False,0,120,16,6000,0.0,0.0026666666666666666,0.0,,
immune_biased,MF,GO:0015605,organophosphate ester transmembrane transporter activity,1.0,1.0,False,0,120,22,6000,0.0,0.0036666666666666666,0.0,,
immune_biased,MF,GO:0015631,tubulin binding,1.0,1.0,False,0,120,115,6000,0.0,0.019166666666666665,0.0,,
immune_biased,MF,GO:0015645,fatty acid ligase activity,1.0,1.0,False,0,120,10,6000,0.0,0.0016666666666666668,0.0,,
immune_biased,MF,GO:0015932,nucleobase-containing compound transmembrane transporter activity,1.0,1.0,False,0,120,21,6000,0.0,0.0035,0.0,,
immune_biased,MF,GO:0016209,antioxidant activity,1.0,1.0,False,0,120,26,6000,0.0,0.004333333333333333,0.0,,
immune_biased,MF,GO:0016229,steroid dehydrogenase activity,1.0,1.0,False,0,120,14,6000,0.0,0.0023333333333333335,0.0,,
immune_biased,MF,GO:0016247,channel regulator activity,0.3310724131514505,1.0,False,2,120,59,6000,0.016666666666666666,0.009833333333333333,1.6949152542372883,5142;27347,27347;5142
immune_biased,MF,GO:0016248,channel inhibitor activity,1.0,1.0,False,0,120,17,6000,0.0,0.0028333333333333335,0.0,,
immune_biased,MF,GO:0016251,RNA polymerase II general transcription initiation factor activity,1.0,1.0,False,0,120,13,6000,0.0,0.0021666666666666666,0.0,,
immune_biased,MF,GO:0016278,lysine N-methyltransferase activity,1.0,1.0,False,0,120,19,6000,0.0,0.0031666666666666666,0.0,,
immune_biased,MF,GO:0016279,protein-lysine N-methyltransferase activity,1.0,1.0,False,0,120,18,6000,0.0,0.003,0.0,,
immune_biased,MF,GO:0016298,lipase activity,1.0,1.0,False,0,120,51,6000,0.0,0.0085,0.0,,
immune_biased,MF,GO:0016405,CoA-ligase activity,1.0,1.0,False,0,120,11,6000,0.0,0.0018333333333333333,0.0,,
immune_biased,MF,GO:0016407,acetyltransferase activity,1.0,1.0,False,0,120,27,6000,0.0,0.0045,0.0,,
immune_biased,MF,GO:0016409,palmitoyltransferase activity,1.0,1.0,False,0,120,10,6000,0.0,0.0016666666666666668,0.0,,
immune_biased,MF,GO:0016462,pyrophosphatase activity,0.7078544104871288,1.0,False,4,120,238,6000,0.03333333333333333,0.03966666666666667,0.8403361344537814,2794;5909;10890;115362,10890;115362;2794;5909
immune_biased,MF,GO:0016491,oxidoreductase activity,1.0,1.0,False,0,120,224,6000,0.0,0.037333333333333336,0.0,,
immune_biased,MF,GO:0016504,peptidase activator activity,1.0,1.0,False,0,120,21,6000,0.0,0.0035,0.0,,
immune_biased,MF,GO:0016538,cyclin-dependent protein serine/threonine kinase regulator activity,1.0,1.0,False,0,120,13,6000,0.0,0.0021666666666666666,0.0,,
immune_biased,MF,GO:0016597,amino acid binding,1.0,1.0,False,0,120,17,6000,0.0,0.0028333333333333335,0.0,,
immune_biased,MF,GO:0016614,"oxidoreductase activity, acting on CH-OH group of donors",1.0,1.0,False,0,120,42,6000,0.0,0.007,0.0,,
immune_biased,MF,GO:0016616,"oxidoreductase activity, acting on the CH-OH group of donors, NAD or NADP as acceptor",1.0,1.0,False,0,120,40,6000,0.0,0.006666666666666667,0.0,,
immune_biased,MF,GO:0016627,"oxidoreductase activity, acting on the CH-CH group of donors",1.0,1.0,False,0,120,25,6000,0.0,0.004166666666666667,0.0,,
immune_biased,MF,GO:0016628,"oxidoreductase activity, acting on the CH-CH group of donors, NAD or NADP as acceptor",1.0,1.0,False,0,120,14,6000,0.0,0.0023333333333333335,0.0,,
immune_biased,MF,GO:0016651,"oxidoreductase activity, acting on NAD(P)H",1.0,1.0,False,0,120,26,6000,0.0,0.004333333333333333,0.0,,
immune_biased,MF,GO:0016655,"oxidoreductase activity, acting on NAD(P)H, quinone or similar compound as acceptor",1.0,1.0,False,0,120,16,6000,0.0,0.0026666666666666666,0.0,,
immune_biased,MF,GO:0016667,"oxidoreductase activity, acting on a sulfur group of donors",1.0,1.0,False,0,120,16,6000,0.0,0.0026666666666666666,0.0,,
immune_biased,MF,GO:0016684,"oxidoreductase activity, acting on peroxide as acceptor",1.0,1.0,False,0,120,20,6000,0.0,0.0033333333333333335,0.0,,
immune_biased,MF,GO:0016705,"oxidoreductase activity, acting on paired donors, with incorporation or reduction of molecular oxygen",1.0,1.0,False,0,120,62,6000,0.0,0.010333333333333333,0.0,,
immune_biased,MF,GO:0016706,2-oxoglutarate-dependent dioxygenase activity,1.0,1.0,False,0,120,24,6000,0.0,0.004,0.0,,
immune_biased,MF,GO:0016709,"oxidoreductase activity, acting on paired donors, with incorporation or reduction of molecular oxygen, NAD(P)H as one donor, and incorporation of one atom of oxygen",1.0,1.0,False,0,120,11,6000,0.0,0.0018333333333333333,0.0,,
immune_biased,MF,GO:0016712,"oxidoreductase activity, acting on paired donors, with incorporation or reduction of molecular oxygen, reduced flavin or flavoprotein as one donor, and incorporation of one atom of oxygen",1.0,1.0,False,0,120,16,6000,0.0,0.0026666666666666666,0.0,,
immune_biased,MF,GO:0016741,"transferase activity, transferring one-carbon groups",1.0,1.0,False,0,120,78,6000,0.0,0.013,0.0,,
immune_biased,MF,GO:0016747,"acyltransferase activity, transferring groups other than amino-acyl groups",1.0,1.0,False,0,120,67,6000,0.0,0.011166666666666667,0.0,,
immune_biased,MF,GO:0016757,glycosyltransferase activity,1.0,1.0,False,0,120,78,6000,0.0,0.013,0.0,,
immune_biased,MF,GO:0016758,hexosyltransferase activity,1.0,1.0,False,0,120,60,6000,0.0,0.01,0.0,,
immune_biased,MF,GO:0016763,pentosyltransferase activity,1.0,1.0,False,0,120,11,6000,0.0,0.0018333333333333333,0.0,,
immune_biased,MF,GO:0016765,"transferase activity, transferring alkyl or aryl (other than methyl) groups",1.0,1.0,False,0,120,20,6000,0.0,0.0033333333333333335,0.0,,
immune_biased,MF,GO:0016779,nucleotidyltransferase activity,0.5554857542944451,1.0,False,1,120,40,6000,0.008333333333333333,0.006666666666666667,1.25,9533,9533
immune_biased,MF,GO:0016782,"transferase activity, transferring sulphur-containing groups",1.0,1.0,False,0,120,18,6000,0.0,0.003,0.0,,
immune_biased,MF,GO:0016787,hydrolase activity,0.6899297828827592,1.0,False,12,120,664,6000,0.1,0.11066666666666666,0.9036144578313254,566;1521;1776;2794;5142;5909;10890;51010;51752;60489;115362;118460,10890;115362;118460;1521;1776;2794;51010;5142;51752;566;5909;60489
immune_biased,MF,GO:0016788,"hydrolase activity, acting on ester bonds",0.629452788074957,1.0,False,4,120,215,6000,0.03333333333333333,0.035833333333333335,0.9302325581395349,1776;5142;51010;118460,118460;1776;51010;5142
immune_biased,MF,GO:0016790,thiolester hydrolase activity,1.0,1.0,False,0,120,13,6000,0.0,0.0021666666666666666,0.0,,
immune_biased,MF,GO:0016791,phosphatase activity,1.0,1.0,False,0,120,80,6000,0.0,0.013333333333333334,0.0,,
immune_biased,MF,GO:0016798,"hydrolase activity, acting on glycosyl bonds",1.0,1.0,False,0,120,31,6000,0.0,0.005166666666666667,0.0,,
immune_biased,MF,GO:0016810,"hydrolase activity, acting on carbon-nitrogen (but not peptide) bonds",0.5178253555419259,1.0,False,1,120,36,6000,0.008333333333333333,0.006,1.3888888888888888,60489,60489
immune_biased,MF,GO:0016811,"hydrolase activity, acting on carbon-nitrogen (but not peptide) bonds, in linear amides",1.0,1.0,False,0,120,16,6000,0.0,0.0026666666666666666,0.0,,
immune_biased,MF,GO:0016817,"hydrolase activity, acting on acid anhydrides",0.7078544104871288,1.0,False,4,120,238,6000,0.03333333333333333,0.03966666666666667,0.8403361344537814,2794;5909;10890;115362,10890;115362;2794;5909
immune_biased,MF,GO:0016818,"hydrolase activity, acting on acid anhydrides, in phosphorus-containing anhydrides",0.7078544104871288,1.0,False,4,120,238,6000,0.03333333333333333,0.03966666666666667,0.8403361344537814,2794;5909;10890;115362,10890;115362;2794;5909
immune_biased,MF,GO:0016829,lyase activity,0.6919262346105967,1.0,False,1,120,58,6000,0.008333333333333333,0.009666666666666667,0.8620689655172413,6038,6038
immune_biased,MF,GO:0016830,carbon-carbon lyase activity,1.0,1.0,False,0,120,17,6000,0.0,0.0028333333333333335,0.0,,
immune_biased,MF,GO:0016835,carbon-oxygen lyase activity,1.0,1.0,False,0,120,19,6000,0.0,0.0031666666666666666,0.0,,
immune_biased,MF,GO:0016836,hydro-lyase activity,1.0,1.0,False,0,120,15,6000,0.0,0.0025,0.0,,
immune_biased,MF,GO:0016853,isomerase activity,0.9099790979871996,1.0,False,1,120,118,6000,0.008333333333333333,0.019666666666666666,0.42372881355932207,64005,64005
immune_biased,MF,GO:0016859,cis-trans isomerase activity,1.0,1.0,False,0,120,10,6000,0.0,0.0016666666666666668,0.0,,
immune_biased,MF,GO:0016860,intramolecular oxidoreductase activity,1.0,1.0,False,0,120,22,6000,0.0,0.0036666666666666666,0.0,,
immune_biased,MF,GO:0016863,"intramolecular oxidoreductase activity, transposing C=C bonds",1.0,1.0,False,0,120,10,6000,0.0,0.0016666666666666668,0.0,,
immune_biased,MF,GO:0016874,ligase activity,1.0,1.0,False,0,120,49,6000,0.0,0.008166666666666666,0.0,,
immune_biased,MF,GO:0016875,"ligase activity, forming carbon-oxygen bonds",1.0,1.0,False,0,120,12,6000,0.0,0.002,0.0,,
immune_biased,MF,GO:0016877,"ligase activity, forming carbon-sulfur bonds",1.0,1.0,False,0,120,12,6000,0.0,0.002,0.0,,
immune_biased,MF,GO:0016878,acid-thiol ligase activity,1.0,1.0,False,0,120,11,6000,0.0,0.0018333333333333333,0.0,,
immune_biased,MF,GO:0016879,"ligase activity, forming carbon-nitrogen bonds",1.0,1.0,False,0,120,16,6000,0.0,0.0026666666666666666,0.0,,
immune_biased,MF,GO:0016887,ATP hydrolysis activity,1.0,1.0,False,0,120,118,6000,0.0,0.019666666666666666,0.0,,
immune_biased,MF,GO:0016895,"DNA exonuclease activity, producing 5'-phosphomonoesters",1.0,1.0,False,0,120,10,6000,0.0,0.0016666666666666668,0.0,,
immune_biased,MF,GO:0017022,myosin binding,0.397152433406183,1.0,False,1,120,25,6000,0.008333333333333333,0.004166666666666667,2.0,10890,10890
immune_biased,MF,GO:0017046,peptide hormone binding,1.0,1.0,False,0,120,13,6000,0.0,0.0021666666666666666,0.0,,
immune_biased,MF,GO:0017069,snRNA binding,1.0,1.0,False,0,120,11,6000,0.0,0.0018333333333333333,0.0,,
immune_biased,MF,GO:0017080,sodium channel regulator activity,1.0,1.0,False,0,120,10,6000,0.0,0.0016666666666666668,0.0,,
immune_biased,MF,GO:0017111,ribonucleoside triphosphate phosphatase activity,0.6475568492765478,1.0,False,4,120,220,6000,0.03333333333333333,0.03666666666666667,0.9090909090909091,2794;5909;10890;115362,10890;115362;2794;5909
immune_biased,MF,GO:0017124,SH3 domain binding,0.3191643119150053,1.0,False,1,120,19,6000,0.008333333333333333,0.0031666666666666666,2.6315789473684212,867,867
immune_biased,MF,GO:0017147,Wnt-protein binding,1.0,1.0,False,0,120,11,6000,0.0,0.0018333333333333333,0.0,,
immune_biased,MF,GO:0017171,serine hydrolase activity,0.6065742923968529,1.0,False,1,120,46,6000,0.008333333333333333,0.007666666666666666,1.0869565217391304,566,566
immune_biased,MF,GO:0018455,alcohol dehydrogenase [NAD(P)+] activity,1.0,1.0,False,0,120,17,6000,0.0,0.0028333333333333335,0.0,,
immune_biased,MF,GO:0019001,guanyl nucleotide binding,0.3398034862368111,1.0,False,3,120,103,6000,0.025,0.017166666666666667,1.4563106796116505,2794;10890;115362,10890;115362;2794
immune_biased,MF,GO:0019003,GDP binding,0.3052270409204303,1.0,False,1,120,18,6000,0.008333333333333333,0.003,2.7777777777777777,10890,10890
immune_biased,MF,GO:0019199,transmembrane receptor protein kinase activity,1.0,1.0,False,0,120,25,6000,0.0,0.004166666666666667,0.0,,
immune_biased,MF,GO:0019208,phosphatase regulator activity,0.4327558689318889,1.0,False,1,120,28,6000,0.008333333333333333,0.004666666666666667,1.7857142857142856,26472,26472
immune_biased,MF,GO:0019783,ubiquitin-like protein peptidase activity,1.0,1.0,False,0,120,26,6000,0.0,0.004333333333333333,0.0,,
immune_biased,MF,GO:0019829,ATPase-coupled monoatomic cation transmembrane transporter activity,1.0,1.0,False,0,120,18,6000,0.0,0.003,0.0,,
immune_biased,MF,GO:0019840,isoprenoid binding,1.0,1.0,False,0,120,11,6000,0.0,0.0018333333333333333,0.0,,
immune_biased,MF,GO:0019842,vitamin binding,1.0,1.0,False,0,120,39,6000,0.0,0.0065,0.0,,
immune_biased,MF,GO:0019843,rRNA binding,0.3593341011387844,1.0,False,1,120,22,6000,0.008333333333333333,0.0036666666666666666,2.272727272727273,56342,56342
immune_biased,MF,GO:0019888,protein phosphatase regulator activity,0.3721945741838406,1.0,False,1,120,23,6000,0.008333333333333333,0.003833333333333333,2.1739130434782608,26472,26472
immune_biased,MF,GO:0019894,kinesin binding,1.0,1.0,False,0,120,11,6000,0.0,0.0018333333333333333,0.0,,
immune_biased,MF,GO:0019904,protein domain specific binding,0.5095700362054987,1.0,False,4,120,185,6000,0.03333333333333333,0.030833333333333334,1.0810810810810811,867;4690;5468;10603,10603;4690;5468;867
immune_biased,MF,GO:0019905,syntaxin binding,1.0,1.0,False,0,120,11,6000,0.0,0.0018333333333333333,0.0,,
immune_biased,MF,GO:0019914,cyclin-dependent protein kinase regulator activity,1.0,1.0,False,0,120,13,6000,0.0,0.0021666666666666666,0.0,,
immune_biased,MF,GO:0020037,heme binding,0.6298898327348624,1.0,False,1,120,49,6000,0.008333333333333333,0.008166666666666666,1.0204081632653061,3045,3045
immune_biased,MF,GO:0022803,passive transmembrane transporter activity,0.957233168228936,1.0,False,1,120,154,6000,0.008333333333333333,0.025666666666666667,0.3246753246753247,84694,84694
immune_biased,MF,GO:0022804,active transmembrane transporter activity,0.9311585058221703,1.0,False,1,120,131,6000,0.008333333333333333,0.021833333333333333,0.3816793893129771,169026,169026
immune_biased,MF,GO:0022824,transmitter-gated monoatomic ion channel activity,1.0,1.0,False,0,120,14,6000,0.0,0.0023333333333333335,0.0,,
immune_biased,MF,GO:0022832,voltage-gated channel activity,1.0,1.0,False,0,120,61,6000,0.0,0.010166666666666666,0.0,,
immune_biased,MF,GO:0022834,ligand-gated channel activity,1.0,1.0,False,0,120,52,6000,0.0,0.008666666666666666,0.0,,
immune_biased,MF,GO:0022835,transmitter-gated channel activity,1.0,1.0,False,0,120,14,6000,0.0,0.0023333333333333335,0.0,,
immune_biased,MF,GO:0022836,gated channel activity,1.0,1.0,False,0,120,94,6000,0.0,0.015666666666666666,0.0,,
immune_biased,MF,GO:0022843,voltage-gated monoatomic cation channel activity,1.0,1.0,False,0,120,45,6000,0.0,0.0075,0.0,,
immune_biased,MF,GO:0022853,active monoatomic ion transmembrane transporter activity,1.0,1.0,False,0,120,38,6000,0.0,0.006333333333333333,0.0,,
immune_biased,MF,GO:0022857,transmembrane transporter activity,0.9750239621439469,1.0,False,3,120,351,6000,0.025,0.0585,0.42735042735042733,84694;169026;388552,169026;388552;84694
immune_biased,MF,GO:0030145,manganese ion binding,0.4553248564627744,1.0,False,1,120,30,6000,0.008333333333333333,0.005,1.6666666666666665,5292,5292
immune_biased,MF,GO:0030165,PDZ domain binding,1.0,1.0,False,0,120,29,6000,0.0,0.004833333333333334,0.0,,
immune_biased,MF,GO:0030170,pyridoxal phosphate binding,1.0,1.0,False,0,120,15,6000,0.0,0.0025,0.0,,
immune_biased,MF,GO:0030276,clathrin binding,1.0,1.0,False,0,120,12,6000,0.0,0.002,0.0,,
immune_biased,MF,GO:0030280,structural constituent of skin epidermis,0.3191643119150053,1.0,False,1,120,19,6000,0.008333333333333333,0.0031666666666666666,2.6315789473684212,5266,5266
immune_biased,MF,GO:0030291,protein serine/threonine kinase inhibitor activity,1.0,1.0,False,0,120,15,6000,0.0,0.0025,0.0,,
immune_biased,MF,GO:0030331,nuclear estrogen receptor binding,1.0,1.0,False,0,120,11,6000,0.0,0.0018333333333333333,0.0,,
immune_biased,MF,GO:0030371,translation repressor activity,1.0,1.0,False,0,120,10,6000,0.0,0.0016666666666666668,0.0,,
immune_biased,MF,GO:0030527,structural constituent of chromatin,0.397152433406183,1.0,False,1,120,25,6000,0.008333333333333333,0.004166666666666667,2.0,8342,8342
immune_biased,MF,GO:0030544,Hsp70 protein binding,1.0,1.0,False,0,120,12,6000,0.0,0.002,0.0,,
immune_biased,MF,GO:0030554,adenyl nucleotide binding,0.3492447359965919,1.0,False,9,120,380,6000,0.075,0.06333333333333334,1.1842105263157894,640;1326;4261;5142;5292;5595;27347;29110;64005,1326;27347;29110;4261;5142;5292;5595;640;64005
immune_biased,MF,GO:0030594,neurotransmitter receptor activity,1.0,1.0,False,0,120,24,6000,0.0,0.004,0.0,,
immune_biased,MF,GO:0030674,protein-macromolecule adaptor activity,0.704905038229101,1.0,False,5,120,293,6000,0.041666666666666664,0.04883333333333333,0.8532423208191126,4690;6838;7186;10603;203522,10603;203522;4690;6838;7186
immune_biased,MF,GO:0030695,GTPase regulator activity,0.5539246549257438,1.0,False,3,120,144,6000,0.025,0.024,1.0416666666666667,1967;5909;115727,115727;1967;5909
immune_biased,MF,GO:0031072,heat shock protein binding,1.0,1.0,False,0,120,33,6000,0.0,0.0055,0.0,,
immune_biased,MF,GO:0031267,small GTPase binding,0.8226250443396159,1.0,False,1,120,85,6000,0.008333333333333333,0.014166666666666666,0.5882352941176471,5909,5909
immune_biased,MF,GO:0031406,carboxylic acid binding,0.777819223557416,1.0,False,1,120,74,6000,0.008333333333333333,0.012333333333333333,0.6756756756756757,5468,5468
immune_biased,MF,GO:0031490,chromatin DNA binding,0.6222743971944265,1.0,False,1,120,48,6000,0.008333333333333333,0.008,1.0416666666666667,1051,1051
immune_biased,MF,GO:0031491,nucleosome binding,0.4327558689318889,1.0,False,1,120,28,6000,0.008333333333333333,0.004666666666666667,1.7857142857142856,165918,165918
immune_biased,MF,GO:0031492,nucleosomal DNA binding,1.0,1.0,False,0,120,19,6000,0.0,0.0031666666666666666,0.0,,
immune_biased,MF,GO:0031683,G-protein beta/gamma-subunit complex binding,1.0,1.0,False,0,120,10,6000,0.0,0.0016666666666666668,0.0,,
immune_biased,MF,GO:0032182,ubiquitin-like protein binding,0.3721945741838406,1.0,False,1,120,23,6000,0.008333333333333333,0.003833333333333333,2.1739130434782608,165918,165918
immune_biased,MF,GO:0032266,phosphatidylinositol-3-phosphate binding,1.0,1.0,False,0,120,16,6000,0.0,0.0026666666666666666,0.0,,
immune_biased,MF,GO:0032451,demethylase activity,1.0,1.0,False,0,120,16,6000,0.0,0.0026666666666666666,0.0,,
immune_biased,MF,GO:0032452,histone demethylase activity,1.0,1.0,False,0,120,11,6000,0.0,0.0018333333333333333,0.0,,
immune_biased,MF,GO:0032561,guanyl ribonucleotide binding,0.3287764153909136,1.0,False,3,120,101,6000,0.025,0.016833333333333332,1.4851485148514854,2794;10890;115362,10890;115362;2794
immune_biased,MF,GO:0032934,sterol binding,1.0,1.0,False,0,120,20,6000,0.0,0.0033333333333333335,0.0,,
immune_biased,MF,GO:0033293,monocarboxylic acid binding,0.4327558689318889,1.0,False,1,120,28,6000,0.008333333333333333,0.004666666666666667,1.7857142857142856,5468,5468
immune_biased,MF,GO:0033612,receptor serine/threonine kinase binding,1.0,1.0,False,0,120,10,6000,0.0,0.0016666666666666668,0.0,,
immune_biased,MF,GO:0033764,"steroid dehydrogenase activity, acting on the CH-OH group of donors, NAD or NADP as acceptor",1.0,1.0,False,0,120,11,6000,0.0,0.0018333333333333333,0.0,,
immune_biased,MF,GO:0034061,DNA polymerase activity,1.0,1.0,False,0,120,11,6000,0.0,0.0018333333333333333,0.0,,
immune_biased,MF,GO:0034212,protein N-acetyltransferase activity,1.0,1.0,False,0,120,15,6000,0.0,0.0025,0.0,,
immune_biased,MF,GO:0035091,phosphatidylinositol binding,1.0,1.0,False,0,120,35,6000,0.0,0.005833333333333334,0.0,,
immune_biased,MF,GO:0035250,UDP-galactosyltransferase activity,1.0,1.0,False,0,120,13,6000,0.0,0.0021666666666666666,0.0,,
immune_biased,MF,GO:0035254,glutamate receptor binding,1.0,1.0,False,0,120,14,6000,0.0,0.0023333333333333335,0.0,,
immune_biased,MF,GO:0035925,mRNA 3'-UTR AU-rich region binding,1.0,1.0,False,0,120,11,6000,0.0,0.0018333333333333333,0.0,,
immune_biased,MF,GO:0036002,pre-mRNA binding,1.0,1.0,False,0,120,11,6000,0.0,0.0018333333333333333,0.0,,
immune_biased,MF,GO:0038024,cargo receptor activity,0.3721945741838406,1.0,False,1,120,23,6000,0.008333333333333333,0.003833333333333333,2.1739130434782608,57007,57007
immune_biased,MF,GO:0042054,histone methyltransferase activity,1.0,1.0,False,0,120,22,6000,0.0,0.0036666666666666666,0.0,,
immune_biased,MF,GO:0042056,chemoattractant activity,0.3052270409204303,1.0,False,1,120,18,6000,0.008333333333333333,0.003,2.7777777777777777,6376,6376
immune_biased,MF,GO:0042393,histone binding,0.6446668745332489,1.0,False,1,120,51,6000,0.008333333333333333,0.0085,0.9803921568627451,165918,165918
immune_biased,MF,GO:0042562,hormone binding,1.0,1.0,False,0,120,25,6000,0.0,0.004166666666666667,0.0,,
immune_biased,MF,GO:0042578,phosphoric ester hydrolase activity,0.8893945437829911,1.0,False,1,120,108,6000,0.008333333333333333,0.018,0.46296296296296297,5142,5142
immune_biased,MF,GO:0042626,ATPase-coupled transmembrane transporter activity,1.0,1.0,False,0,120,30,6000,0.0,0.005,0.0,,
immune_biased,MF,GO:0043021,ribonucleoprotein complex binding,1.0,1.0,False,0,120,47,6000,0.0,0.007833333333333333,0.0,,
immune_biased,MF,GO:0043022,ribosome binding,1.0,1.0,False,0,120,28,6000,0.0,0.004666666666666667,0.0,,
immune_biased,MF,GO:0043130,ubiquitin binding,0.3593341011387844,1.0,False,1,120,22,6000,0.008333333333333333,0.0036666666666666666,2.272727272727273,165918,165918
immune_biased,MF,GO:0043168,anion binding,0.3481603051775853,1.0,False,15,120,664,6000,0.125,0.11066666666666666,1.1295180722891567,306;640;713;1326;2794;4261;5142;5292;5468;5595;10890;27347;29110;64005;115362,10890;115362;1326;27347;2794;29110;306;4261;5142;5292;5468;5595;640;64005;713
immune_biased,MF,GO:0043175,RNA polymerase core enzyme binding,1.0,1.0,False,0,120,19,6000,0.0,0.0031666666666666666,0.0,,
immune_biased,MF,GO:0043177,organic acid binding,0.7823183280415722,1.0,False,1,120,75,6000,0.008333333333333333,0.0125,0.6666666666666666,5468,5468
immune_biased,MF,GO:0043178,alcohol binding,1.0,1.0,False,0,120,26,6000,0.0,0.004333333333333333,0.0,,
immune_biased,MF,GO:0043425,bHLH transcription factor binding,1.0,1.0,False,0,120,10,6000,0.0,0.0016666666666666668,0.0,,
immune_biased,MF,GO:0043495,protein-membrane adaptor activity,1.0,1.0,False,0,120,17,6000,0.0,0.0028333333333333335,0.0,,
immune_biased,MF,GO:0043531,ADP binding,1.0,1.0,False,0,120,13,6000,0.0,0.0021666666666666666,0.0,,
immune_biased,MF,GO:0043539,protein serine/threonine kinase activator activity,1.0,1.0,False,0,120,21,6000,0.0,0.0035,0.0,,
immune_biased,MF,GO:0043565,sequence-specific DNA binding,0.4896188788834231,1.0,False,10,120,478,6000,0.08333333333333333,0.07966666666666666,1.0460251046025104,463;1051;4775;5468;6421;7551;7554;90987;124411;344167,1051;124411;344167;463;4775;5468;6421;7551;7554;90987
immune_biased,MF,GO:0044183,protein folding chaperone,0.4327558689318889,1.0,False,1,120,28,6000,0.008333333333333333,0.004666666666666667,1.7857142857142856,972,972
immune_biased,MF,GO:0045182,translation regulator activity,1.0,1.0,False,0,120,19,6000,0.0,0.0031666666666666666,0.0,,
immune_biased,MF,GO:0045505,dynein intermediate chain binding,1.0,1.0,False,0,120,15,6000,0.0,0.0025,0.0,,
immune_biased,MF,GO:0046332,SMAD binding,0.3847989996645063,1.0,False,1,120,24,6000,0.008333333333333333,0.004,2.0833333333333335,5468,5468
immune_biased,MF,GO:0046873,metal ion transmembrane transporter activity,0.9391870180477826,1.0,False,1,120,137,6000,0.008333333333333333,0.022833333333333334,0.36496350364963503,169026,169026
immune_biased,MF,GO:0046906,tetrapyrrole binding,0.6446668745332489,1.0,False,1,120,51,6000,0.008333333333333333,0.0085,0.9803921568627451,3045,3045
immune_biased,MF,GO:0046943,carboxylic acid transmembrane transporter activity,1.0,1.0,False,0,120,60,6000,0.0,0.01,0.0,,
immune_biased,MF,GO:0046966,nuclear thyroid hormone receptor binding,1.0,1.0,False,0,120,10,6000,0.0,0.0016666666666666668,0.0,,
immune_biased,MF,GO:0046982,protein heterodimerization activity,0.6098416733688516,1.0,False,2,120,102,6000,0.016666666666666666,0.017,0.9803921568627451,1051;8342,1051;8342
immune_biased,MF,GO:0048029,monosaccharide binding,0.3847989996645063,1.0,False,1,120,24,6000,0.008333333333333333,0.004,2.0833333333333335,30835,30835
immune_biased,MF,GO:0048306,calcium-dependent protein binding,0.3593341011387844,1.0,False,1,120,22,6000,0.008333333333333333,0.0036666666666666666,2.272727272727273,306,306
immune_biased,MF,GO:0048487,beta-tubulin binding,1.0,1.0,False,0,120,13,6000,0.0,0.0021666666666666666,0.0,,
immune_biased,MF,GO:0050431,transforming growth factor beta binding,1.0,1.0,False,0,120,12,6000,0.0,0.002,0.0,,
immune_biased,MF,GO:0050660,flavin adenine dinucleotide binding,1.0,1.0,False,0,120,24,6000,0.0,0.004,0.0,,
immune_biased,MF,GO:0050661,NADP binding,1.0,1.0,False,0,120,16,6000,0.0,0.0026666666666666666,0.0,,
immune_biased,MF,GO:0050840,extracellular matrix binding,1.0,1.0,False,0,120,16,6000,0.0,0.0026666666666666666,0.0,,
immune_biased,MF,GO:0050997,quaternary ammonium group binding,1.0,1.0,False,0,120,11,6000,0.0,0.0018333333333333333,0.0,,
immune_biased,MF,GO:0051015,actin filament binding,1.0,1.0,False,0,120,51,6000,0.0,0.0085,0.0,,
immune_biased,MF,GO:0051018,protein kinase A binding,1.0,1.0,False,0,120,11,6000,0.0,0.0018333333333333333,0.0,,
immune_biased,MF,GO:0051020,GTPase binding,0.8555190058691542,1.0,False,1,120,95,6000,0.008333333333333333,0.015833333333333335,0.5263157894736842,5909,5909
immune_biased,MF,GO:0051117,ATPase binding,1.0,1.0,False,0,120,19,6000,0.0,0.0031666666666666666,0.0,,
immune_biased,MF,GO:0051213,dioxygenase activity,1.0,1.0,False,0,120,32,6000,0.0,0.005333333333333333,0.0,,
immune_biased,MF,GO:0051287,NAD binding,1.0,1.0,False,0,120,12,6000,0.0,0.002,0.0,,
immune_biased,MF,GO:0051536,iron-sulfur cluster binding,1.0,1.0,False,0,120,10,6000,0.0,0.0016666666666666668,0.0,,
immune_biased,MF,GO:0051540,metal cluster binding,1.0,1.0,False,0,120,10,6000,0.0,0.0016666666666666668,0.0,,
immune_biased,MF,GO:0051861,glycolipid binding,1.0,1.0,False,0,120,10,6000,0.0,0.0016666666666666668,0.0,,
immune_biased,MF,GO:0051879,Hsp90 protein binding,1.0,1.0,False,0,120,12,6000,0.0,0.002,0.0,,
immune_biased,MF,GO:0051959,dynein light intermediate chain binding,1.0,1.0,False,0,120,12,6000,0.0,0.002,0.0,,
immune_biased,MF,GO:0052689,carboxylic ester hydrolase activity,1.0,1.0,False,0,120,51,6000,0.0,0.0085,0.0,,
immune_biased,MF,GO:0055106,ubiquitin-protein transferase regulator activity,1.0,1.0,False,0,120,12,6000,0.0,0.002,0.0,,
immune_biased,MF,GO:0060090,molecular adaptor activity,0.6797745972298079,1.0,False,6,120,339,6000,0.05,0.0565,0.8849557522123894,4690;6838;7186;10321;10603;203522,10321;10603;203522;4690;6838;7186
immune_biased,MF,GO:0060589,nucleoside-triphosphatase regulator activity,0.3481081704842304,1.0,False,4,120,149,6000,0.03333333333333333,0.024833333333333332,1.342281879194631,1967;5909;115727;134266,115727;134266;1967;5909
immune_biased,MF,GO:0061133,endopeptidase activator activity,1.0,1.0,False,0,120,11,6000,0.0,0.0018333333333333333,0.0,,
immune_biased,MF,GO:0061733,protein-lysine-acetyltransferase activity,1.0,1.0,False,0,120,13,6000,0.0,0.0021666666666666666,0.0,,
immune_biased,MF,GO:0070063,RNA polymerase binding,1.0,1.0,False,0,120,23,6000,0.0,0.003833333333333333,0.0,,
immune_biased,MF,GO:0070273,phosphatidylinositol-4-phosphate binding,1.0,1.0,False,0,120,16,6000,0.0,0.0026666666666666666,0.0,,
immune_biased,MF,GO:0070279,vitamin B6 binding,1.0,1.0,False,0,120,15,6000,0.0,0.0025,0.0,,
immune_biased,MF,GO:0070888,E-box binding,0.3462124237427534,1.0,False,1,120,21,6000,0.008333333333333333,0.0035,2.380952380952381,5468,5468
immune_biased,MF,GO:0071855,neuropeptide receptor binding,1.0,1.0,False,0,120,14,6000,0.0,0.0023333333333333335,0.0,,
immune_biased,MF,GO:0071949,FAD binding,1.0,1.0,False,0,120,14,6000,0.0,0.0023333333333333335,0.0,,
immune_biased,MF,GO:0072349,modified amino acid transmembrane transporter activity,1.0,1.0,False,0,120,14,6000,0.0,0.0023333333333333335,0.0,,
immune_biased,MF,GO:0080025,"phosphatidylinositol-3,5-bisphosphate binding",1.0,1.0,False,0,120,11,6000,0.0,0.0018333333333333333,0.0,,
immune_biased,MF,GO:0090482,vitamin transmembrane transporter activity,1.0,1.0,False,0,120,12,6000,0.0,0.002,0.0,,
immune_biased,MF,GO:0098531,ligand-modulated transcription factor activity,0.3191643119150053,1.0,False,1,120,19,6000,0.008333333333333333,0.0031666666666666666,2.6315789473684212,5468,5468
immune_biased,MF,GO:0098918,structural constituent of synapse,1.0,1.0,False,0,120,11,6000,0.0,0.0018333333333333333,0.0,,
immune_biased,MF,GO:0099094,ligand-gated monoatomic cation channel activity,1.0,1.0,False,0,120,41,6000,0.0,0.006833333333333334,0.0,,
immune_biased,MF,GO:0099106,ion channel regulator activity,0.3163037585550991,1.0,False,2,120,57,6000,0.016666666666666666,0.0095,1.7543859649122808,5142;27347,27347;5142
immune_biased,MF,GO:0101005,deubiquitinase activity,1.0,1.0,False,0,120,24,6000,0.0,0.004,0.0,,
immune_biased,MF,GO:0106222,lncRNA binding,1.0,1.0,False,0,120,12,6000,0.0,0.002,0.0,,
immune_biased,MF,GO:0120013,lipid transfer activity,1.0,1.0,False,0,120,19,6000,0.0,0.0031666666666666666,0.0,,
immune_biased,MF,GO:0120014,phospholipid transfer activity,1.0,1.0,False,0,120,11,6000,0.0,0.0018333333333333333,0.0,,
immune_biased,MF,GO:0120283,protein serine/threonine kinase binding,1.0,1.0,False,0,120,10,6000,0.0,0.0016666666666666668,0.0,,
immune_biased,MF,GO:0120515,fatty acid-CoA ligase activity,1.0,1.0,False,0,120,10,6000,0.0,0.0016666666666666668,0.0,,
immune_biased,MF,GO:0120543,macromolecular conformation isomerase activity,0.768542547603652,1.0,False,1,120,72,6000,0.008333333333333333,0.012,0.6944444444444444,64005,64005
immune_biased,MF,GO:0120544,polypeptide conformation or assembly isomerase activity,0.48751910067913096,1.0,False,1,120,33,6000,0.008333333333333333,0.0055,1.5151515151515151,64005,64005
immune_biased,MF,GO:0120545,nucleic acid conformation isomerase activity,1.0,1.0,False,0,120,39,6000,0.0,0.0065,0.0,,
immune_biased,MF,GO:0120558,lysophospholipase A1 activity,1.0,1.0,False,0,120,11,6000,0.0,0.0018333333333333333,0.0,,
immune_biased,MF,GO:0120569,phospholipase activity,1.0,1.0,False,0,120,42,6000,0.0,0.007,0.0,,
immune_biased,MF,GO:0140006,histone H3 reader activity,1.0,1.0,False,0,120,18,6000,0.0,0.003,0.0,,
immune_biased,MF,GO:0140030,modification-dependent protein binding,0.3191643119150053,1.0,False,1,120,19,6000,0.008333333333333333,0.0031666666666666666,2.6315789473684212,165918,165918
immune_biased,MF,GO:0140035,ubiquitin-like protein reader activity,1.0,1.0,False,0,120,12,6000,0.0,0.002,0.0,,
immune_biased,MF,GO:0140036,ubiquitin-modified protein reader activity,1.0,1.0,False,0,120,11,6000,0.0,0.0018333333333333333,0.0,,
immune_biased,MF,GO:0140097,"catalytic activity, acting on DNA",0.8034938931650345,1.0,False,1,120,80,6000,0.008333333333333333,0.013333333333333334,0.625,1776,1776
immune_biased,MF,GO:0140101,"catalytic activity, acting on a tRNA",1.0,1.0,False,0,120,39,6000,0.0,0.0065,0.0,,
immune_biased,MF,GO:0140102,"catalytic activity, acting on a rRNA",1.0,1.0,False,0,120,14,6000,0.0,0.0023333333333333335,0.0,,
immune_biased,MF,GO:0140104,molecular carrier activity,0.5041421045179643,1.0,False,2,120,84,6000,0.016666666666666666,0.014,1.1904761904761905,3045;256987,256987;3045
immune_biased,MF,GO:0140110,transcription regulator activity,0.4710839157840075,1.0,False,12,120,570,6000,0.1,0.095,1.0526315789473684,463;1051;4261;4775;5468;5987;7551;7554;10743;90987;124411;344167,1051;10743;124411;344167;4261;463;4775;5468;5987;7551;7554;90987
immune_biased,MF,GO:0140186,protein N-acyltransferase activity,1.0,1.0,False,0,120,15,6000,0.0,0.0025,0.0,,
immune_biased,MF,GO:0140223,general transcription initiation factor activity,1.0,1.0,False,0,120,16,6000,0.0,0.0026666666666666666,0.0,,
immune_biased,MF,GO:0140296,general transcription initiation factor binding,1.0,1.0,False,0,120,16,6000,0.0,0.0026666666666666666,0.0,,
immune_biased,MF,GO:0140299,molecular sensor activity,1.0,1.0,False,0,120,22,6000,0.0,0.0036666666666666666,0.0,,
immune_biased,MF,GO:0140303,intramembrane lipid carrier activity,0.2910068882529308,1.0,False,1,120,17,6000,0.008333333333333333,0.0028333333333333335,2.941176470588235,256987,256987
immune_biased,MF,GO:0140312,cargo adaptor activity,1.0,1.0,False,0,120,11,6000,0.0,0.0018333333333333333,0.0,,
immune_biased,MF,GO:0140322,A1-type glycerophospholipase activity,1.0,1.0,False,0,120,19,6000,0.0,0.0031666666666666666,0.0,,
immune_biased,MF,GO:0140359,ABC-type transporter activity,1.0,1.0,False,0,120,13,6000,0.0,0.0021666666666666666,0.0,,
immune_biased,MF,GO:0140457,protein demethylase activity,1.0,1.0,False,0,120,11,6000,0.0,0.0018333333333333333,0.0,,
immune_biased,MF,GO:0140463,chromatin-protein adaptor activity,1.0,1.0,False,0,120,37,6000,0.0,0.006166666666666667,0.0,,
immune_biased,MF,GO:0140517,protein-RNA adaptor activity,1.0,1.0,False,0,120,12,6000,0.0,0.002,0.0,,
immune_biased,MF,GO:0140522,fusogenic activity,1.0,1.0,False,0,120,12,6000,0.0,0.002,0.0,,
immune_biased,MF,GO:0140566,histone reader activity,1.0,1.0,False,0,120,28,6000,0.0,0.004666666666666667,0.0,,
immune_biased,MF,GO:0140597,protein carrier activity,1.0,1.0,False,0,120,20,6000,0.0,0.0033333333333333335,0.0,,
immune_biased,MF,GO:0140640,"catalytic activity, acting on a nucleic acid",0.37508515565903544,1.0,False,5,120,201,6000,0.041666666666666664,0.0335,1.243781094527363,1776;6038;9533;51010;118460,118460;1776;51010;6038;9533
immune_biased,MF,GO:0140657,ATP-dependent activity,0.9659639458923241,1.0,False,1,120,165,6000,0.008333333333333333,0.0275,0.30303030303030304,64005,64005
immune_biased,MF,GO:0140658,ATP-dependent chromatin remodeler activity,1.0,1.0,False,0,120,10,6000,0.0,0.0016666666666666668,0.0,,
immune_biased,MF,GO:0140767,enzyme-substrate adaptor activity,1.0,1.0,False,0,120,60,6000,0.0,0.01,0.0,,
immune_biased,MF,GO:0140938,histone H3 methyltransferase activity,1.0,1.0,False,0,120,14,6000,0.0,0.0023333333333333335,0.0,,
immune_biased,MF,GO:0140993,histone modifying activity,0.7218126275544963,1.0,False,1,120,63,6000,0.008333333333333333,0.0105,0.7936507936507936,165918,165918
immune_biased,MF,GO:0141052,histone H3 demethylase activity,1.0,1.0,False,0,120,10,6000,0.0,0.0016666666666666668,0.0,,
immune_biased,MF,GO:0141108,transporter regulator activity,0.3747912063033416,1.0,False,2,120,65,6000,0.016666666666666666,0.010833333333333334,1.5384615384615383,5142;27347,27347;5142
immune_biased,MF,GO:0141110,transporter inhibitor activity,0.3328242822494307,1.0,False,1,120,20,6000,0.008333333333333333,0.0033333333333333335,2.5,27347,27347
immune_biased,MF,GO:0160041,neuropeptide activity,1.0,1.0,False,0,120,12,6000,0.0,0.002,0.0,,
immune_biased,MF,GO:0160215,deacylase activity,1.0,1.0,False,0,120,18,6000,0.0,0.003,0.0,,
immune_biased,MF,GO:0170055,lipid transmembrane transporter activity,1.0,1.0,False,0,120,21,6000,0.0,0.0035,0.0,,
immune_biased,MF,GO:0180051,translation factor activity,0.40925983223317164,1.0,False,1,120,26,6000,0.008333333333333333,0.004333333333333333,1.9230769230769231,1967,1967
immune_biased,MF,GO:1901265,nucleoside phosphate binding,0.35768742810484416,1.0,False,12,120,525,6000,0.1,0.0875,1.142857142857143,640;1326;2794;4261;5142;5292;5595;10890;27347;29110;64005;115362,10890;115362;1326;27347;2794;29110;4261;5142;5292;5595;640;64005
immune_biased,MF,GO:1901363,heterocyclic compound binding,0.4458295210173611,1.0,False,12,120,560,6000,0.1,0.09333333333333334,1.0714285714285714,640;1326;2794;4261;5142;5292;5595;10890;27347;29110;64005;115362,10890;115362;1326;27347;2794;29110;4261;5142;5292;5595;640;64005
immune_biased,MF,GO:1901505,carbohydrate derivative transmembrane transporter activity,1.0,1.0,False,0,120,21,6000,0.0,0.0035,0.0,,
immune_biased,MF,GO:1901681,sulfur compound binding,0.7160748336917495,1.0,False,1,120,62,6000,0.008333333333333333,0.010333333333333333,0.8064516129032258,566,566
immune_biased,MF,GO:1901682,sulfur compound transmembrane transporter activity,1.0,1.0,False,0,120,22,6000,0.0,0.0036666666666666666,0.0,,
immune_biased,MF,GO:1901981,phosphatidylinositol phosphate binding,0.6919262346105967,1.0,False,1,120,58,6000,0.008333333333333333,0.009666666666666667,0.8620689655172413,64005,64005
immune_biased,MF,GO:1902936,phosphatidylinositol bisphosphate binding,0.5370351507111182,1.0,False,1,120,38,6000,0.008333333333333333,0.006333333333333333,1.3157894736842106,64005,64005
immune_biased,MF,GO:1904315,transmitter-gated monoatomic ion channel activity involved in regulation of postsynaptic membrane potential,1.0,1.0,False,0,120,12,6000,0.0,0.002,0.0,,
immune_biased,MF,GO:1990756,ubiquitin-like ligase-substrate adaptor activity,1.0,1.0,False,0,120,49,6000,0.0,0.008166666666666666,0.0,,
immune_biased,MF,GO:1990837,sequence-specific double-stranded DNA binding,0.39306605998140065,1.0,False,10,120,443,6000,0.08333333333333333,0.07383333333333333,1.128668171557562,463;1051;4775;5468;6421;7551;7554;90987;124411;344167,1051;124411;344167;463;4775;5468;6421;7551;7554;90987
immune_biased,MF,GO:1990841,promoter-specific chromatin binding,1.0,1.0,False,0,120,31,6000,0.0,0.005166666666666667,0.0,,
