list,source,GO_ID,description,p_value,p_adjust_BH,significant,Count,query_size,background_term_size,effective_background_size,GeneRatio,BgRatio,FoldEnrichment,overlap_entrez_ids,overlap_input_ids
immune_biased,BP,GO:0002376,immune system process,1.1009888028885188e-70,3.138919077035167e-67,True,90,120,541,6000,0.75,0.09016666666666667,8.317929759704251,306;566;640;671;713;728;867;972;1051;1326;1493;1521;1776;1967;2794;2896;3045;3119;3559;3572;3603;3623;3630;3676;3806;4261;4345;4690;4775;4792;5133;5142;5175;5266;5292;5468;5692;5724;5806;5909;5987;6038;6376;6404;6421;7098;7186;7551;8342;8575;8741;8995;9021;10107;10148;10321;10385;10603;10739;10890;23376;26472;27347;29110;30835;51010;51561;51752;57007;60489;64005;64218;79908;84868;85480;96459;114836;115350;115362;115727;118460;130120;146850;149628;165918;169026;256987;259239;344167;692094,10107;10148;10321;10385;1051;10603;10739;10890;114836;115350;115362;115727;118460;130120;1326;146850;1493;149628;1521;165918;169026;1776;1967;23376;256987;259239;26472;27347;2794;2896;29110;3045;306;30835;3119;344167;3559;3572;3603;3623;3630;3676;3806;4261;4345;4690;4775;4792;51010;5133;5142;51561;5175;51752;5266;5292;5468;566;5692;57007;5724;5806;5909;5987;6038;60489;6376;640;64005;6404;6421;64218;671;692094;7098;713;7186;728;7551;79908;8342;84868;85480;8575;867;8741;8995;9021;96459;972
immune_biased,BP,GO:0006955,immune response,2.4239793649677807e-50,3.4553825847615715e-47,True,66,120,361,6000,0.55,0.06016666666666667,9.141274238227147,306;566;671;713;728;867;972;1051;1493;1521;1776;2794;2896;3119;3559;3572;3603;3676;3806;4261;4345;4690;5133;5175;5266;5292;5468;5692;5724;5806;5909;5987;6038;6376;7098;8342;8575;8741;8995;9021;10107;10148;10321;10739;26472;29110;30835;51010;51561;57007;60489;64005;64218;84868;85480;114836;115350;115362;115727;118460;130120;146850;165918;169026;256987;259239,10107;10148;10321;1051;10739;114836;115350;115362;115727;118460;130120;146850;1493;1521;165918;169026;1776;256987;259239;26472;2794;2896;29110;306;30835;3119;3559;3572;3603;3676;3806;4261;4345;4690;51010;5133;51561;5175;5266;5292;5468;566;5692;57007;5724;5806;5909;5987;6038;60489;6376;64005;64218;671;7098;713;728;8342;84868;85480;8575;867;8741;8995;9021;972
immune_biased,BP,GO:0002682,regulation of immune system process,1.3853513433255095e-30,1.3165455599403425e-27,True,55,120,460,6000,0.4583333333333333,0.07666666666666666,5.978260869565218,640;671;713;728;867;972;1051;1326;1493;1776;1967;2896;3119;3559;3572;3603;3623;3630;3676;3806;4345;4690;4792;5133;5142;5292;5468;5595;5692;6376;6421;7098;7186;8741;8995;10107;10148;10385;10603;23376;27347;29110;30835;51561;51752;64005;79908;84868;85480;114836;115362;115727;130120;146850;149628,10107;10148;10385;1051;10603;114836;115362;115727;130120;1326;146850;1493;149628;1776;1967;23376;27347;2896;29110;30835;3119;3559;3572;3603;3623;3630;3676;3806;4345;4690;4792;5133;5142;51561;51752;5292;5468;5595;5692;6376;640;64005;6421;671;7098;713;7186;728;79908;84868;85480;867;8741;8995;972
immune_biased,BP,GO:0050776,regulation of immune response,1.2664666157795186e-27,9.026740803968519e-25,True,43,120,283,6000,0.35833333333333334,0.04716666666666667,7.597173144876325,640;713;728;867;972;1493;1967;2896;3119;3572;3630;3806;4345;4690;4792;5133;5142;5292;5468;5595;5692;6421;7098;7186;8741;8995;10107;10148;10385;10603;23376;29110;51561;51752;64005;79908;84868;114836;115362;115727;130120;146850;149628,10107;10148;10385;10603;114836;115362;115727;130120;146850;1493;149628;1967;23376;2896;29110;3119;3572;3630;3806;4345;4690;4792;5133;5142;51561;51752;5292;5468;5595;5692;640;64005;6421;7098;713;7186;728;79908;84868;867;8741;8995;972
immune_biased,BP,GO:0045321,leukocyte activation,3.001519553688988e-27,1.7114664495134607e-24,True,34,120,154,6000,0.2833333333333333,0.025666666666666667,11.038961038961038,306;566;728;867;972;1051;1776;2896;3572;3630;3676;4690;4775;5175;5692;6376;6404;7186;7551;8995;9021;10148;27347;29110;30835;51010;64218;79908;84868;96459;114836;115350;118460;165918,10148;1051;114836;115350;118460;165918;1776;27347;2896;29110;306;30835;3572;3630;3676;4690;4775;51010;5175;566;5692;6376;6404;64218;7186;728;7551;79908;84868;867;8995;9021;96459;972
immune_biased,BP,GO:0001775,cell activation,1.2828376294699318e-25,6.095616802697958e-23,True,35,120,185,6000,0.2916666666666667,0.030833333333333334,9.45945945945946,306;566;728;867;972;1051;1776;2896;3572;3630;3676;4690;4775;5175;5692;6376;6404;7186;7551;8995;9021;10148;27347;29110;30835;51010;64218;79908;84868;96459;114836;115350;118460;165918;388552,10148;1051;114836;115350;118460;165918;1776;27347;2896;29110;306;30835;3572;3630;3676;388552;4690;4775;51010;5175;566;5692;6376;6404;64218;7186;728;7551;79908;84868;867;8995;9021;96459;972
immune_biased,BP,GO:0002684,positive regulation of immune system process,1.6233709237664716e-24,6.611757862368873e-22,True,41,120,298,6000,0.3416666666666667,0.049666666666666665,6.879194630872484,640;713;728;972;1326;1493;1967;3119;3559;3572;3603;3676;4345;4690;4792;5142;5595;6376;6421;7098;7186;8741;8995;10107;10148;10385;10603;27347;29110;30835;51561;64005;79908;84868;85480;114836;115362;115727;130120;146850;149628,10107;10148;10385;10603;114836;115362;115727;130120;1326;146850;1493;149628;1967;27347;29110;30835;3119;3559;3572;3603;3676;4345;4690;4792;5142;51561;5595;6376;640;64005;6421;7098;713;7186;728;79908;84868;85480;8741;8995;972
immune_biased,BP,GO:0006952,defense response,2.655259409724863e-24,9.46268072140698e-22,True,44,120,359,6000,0.36666666666666664,0.059833333333333336,6.128133704735375,306;566;671;728;972;1051;2896;3559;3572;3630;4261;4345;4690;4775;5266;5292;5468;5692;5724;5806;5987;6038;6376;7098;7186;8342;8575;10107;10321;10739;26472;27347;29110;51561;60489;79807;84868;85480;115362;115727;130120;169026;256987;259239,10107;10321;1051;10739;115362;115727;130120;169026;256987;259239;26472;27347;2896;29110;306;3559;3572;3630;4261;4345;4690;4775;51561;5266;5292;5468;566;5692;5724;5806;5987;6038;60489;6376;671;7098;7186;728;79807;8342;84868;85480;8575;972
immune_biased,BP,GO:0009605,response to external stimulus,5.615865982865109e-20,1.778981546349825e-17,True,45,120,481,6000,0.375,0.08016666666666666,4.677754677754678,306;566;671;728;972;1051;3603;4261;4345;4690;5142;5175;5266;5292;5468;5595;5692;5724;5806;5987;6038;6376;7098;8342;8575;10107;10321;10739;26472;29110;51561;51752;57007;60489;64218;84868;85480;115362;115727;130120;169026;256987;259239;388552;692094,10107;10321;1051;10739;115362;115727;130120;169026;256987;259239;26472;29110;306;3603;388552;4261;4345;4690;5142;51561;5175;51752;5266;5292;5468;5595;566;5692;57007;5724;5806;5987;6038;60489;6376;64218;671;692094;7098;728;8342;84868;85480;8575;972
immune_biased,BP,GO:0032101,regulation of response to external stimulus,2.690712139599874e-19,7.671220309999241e-17,True,37,120,321,6000,0.30833333333333335,0.0535,5.7632398753894085,566;728;972;1051;1326;1776;2896;3572;3603;3630;4345;4792;5133;5292;5468;5595;5692;6376;6421;7098;7186;8995;10107;23376;27347;29110;51561;51752;60489;84868;85480;114836;115362;115727;130120;146850;149628,10107;1051;114836;115362;115727;130120;1326;146850;149628;1776;23376;27347;2896;29110;3572;3603;3630;4345;4792;5133;51561;51752;5292;5468;5595;566;5692;60489;6376;6421;7098;7186;728;84868;85480;8995;972
immune_biased,BP,GO:0031347,regulation of defense response,1.0010630074943253e-18,2.3235252486347e-16,True,33,120,255,6000,0.275,0.0425,6.470588235294118,1051;1326;1776;2896;3572;3603;3630;4345;4792;5133;5292;5468;5595;5692;6376;6421;7098;7186;8995;10107;23376;29110;51561;51752;60489;84868;85480;114836;115362;115727;130120;146850;149628,10107;1051;114836;115362;115727;130120;1326;146850;149628;1776;23376;2896;29110;3572;3603;3630;4345;4792;5133;51561;51752;5292;5468;5595;5692;60489;6376;6421;7098;7186;84868;85480;8995
immune_biased,BP,GO:0043207,response to external biotic stimulus,1.0594818741582286e-18,2.3235252486347e-16,True,37,120,334,6000,0.30833333333333335,0.05566666666666667,5.538922155688622,306;566;671;972;1051;4261;4345;4690;5142;5266;5292;5468;5692;5724;5806;5987;6038;6376;7098;8342;8575;10107;10321;10739;26472;29110;51561;51752;60489;84868;85480;115362;115727;130120;169026;256987;259239,10107;10321;1051;10739;115362;115727;130120;169026;256987;259239;26472;29110;306;4261;4345;4690;5142;51561;51752;5266;5292;5468;566;5692;5724;5806;5987;6038;60489;6376;671;7098;8342;84868;85480;8575;972
immune_biased,BP,GO:0051707,response to other organism,1.0594818741582286e-18,2.3235252486347e-16,True,37,120,334,6000,0.30833333333333335,0.05566666666666667,5.538922155688622,306;566;671;972;1051;4261;4345;4690;5142;5266;5292;5468;5692;5724;5806;5987;6038;6376;7098;8342;8575;10107;10321;10739;26472;29110;51561;51752;60489;84868;85480;115362;115727;130120;169026;256987;259239,10107;10321;1051;10739;115362;115727;130120;169026;256987;259239;26472;29110;306;4261;4345;4690;5142;51561;51752;5266;5292;5468;566;5692;5724;5806;5987;6038;60489;6376;671;7098;8342;84868;85480;8575;972
immune_biased,BP,GO:0044419,biological process involved in interspecies interaction between organisms,1.327042226115725e-18,2.702426704754237e-16,True,39,120,379,6000,0.325,0.06316666666666666,5.145118733509236,306;566;671;867;972;1051;4261;4345;4690;5142;5266;5292;5468;5692;5724;5806;5987;6038;6376;7098;8342;8575;10107;10321;10739;26472;29110;30835;51561;51752;60489;84868;85480;115362;115727;130120;169026;256987;259239,10107;10321;1051;10739;115362;115727;130120;169026;256987;259239;26472;29110;306;30835;4261;4345;4690;5142;51561;51752;5266;5292;5468;566;5692;5724;5806;5987;6038;60489;6376;671;7098;8342;84868;85480;8575;867;972
immune_biased,BP,GO:0140546,defense response to symbiont,2.592952243130382e-18,4.92833789677648e-16,True,30,120,209,6000,0.25,0.034833333333333334,7.177033492822966,566;671;972;4261;4345;4690;5266;5292;5468;5692;5806;5987;6038;6376;7098;8342;8575;10107;10321;10739;26472;29110;60489;85480;115362;115727;130120;169026;256987;259239,10107;10321;10739;115362;115727;130120;169026;256987;259239;26472;29110;4261;4345;4690;5266;5292;5468;566;5692;5806;5987;6038;60489;6376;671;7098;8342;85480;8575;972
immune_biased,BP,GO:0098542,defense response to other organism,3.421656276349711e-18,6.096963777420641e-16,True,30,120,211,6000,0.25,0.035166666666666666,7.109004739336493,566;671;972;4261;4345;4690;5266;5292;5468;5692;5806;5987;6038;6376;7098;8342;8575;10107;10321;10739;26472;29110;60489;85480;115362;115727;130120;169026;256987;259239,10107;10321;10739;115362;115727;130120;169026;256987;259239;26472;29110;4261;4345;4690;5266;5292;5468;566;5692;5806;5987;6038;60489;6376;671;7098;8342;85480;8575;972
immune_biased,BP,GO:0009607,response to biotic stimulus,3.91598616273906e-18,6.567339147040624e-16,True,37,120,347,6000,0.30833333333333335,0.057833333333333334,5.3314121037463975,306;566;671;972;1051;4261;4345;4690;5142;5266;5292;5468;5692;5724;5806;5987;6038;6376;7098;8342;8575;10107;10321;10739;26472;29110;51561;51752;60489;84868;85480;115362;115727;130120;169026;256987;259239,10107;10321;1051;10739;115362;115727;130120;169026;256987;259239;26472;29110;306;4261;4345;4690;5142;51561;51752;5266;5292;5468;566;5692;5724;5806;5987;6038;60489;6376;671;7098;8342;84868;85480;8575;972
immune_biased,BP,GO:0048584,positive regulation of response to stimulus,4.963569578551977e-18,7.861742704695381e-16,True,49,120,644,6000,0.4083333333333333,0.10733333333333334,3.8043478260869565,566;640;713;728;867;972;1051;1326;1493;1967;2896;3119;3572;3603;3630;4690;4792;5142;5175;5292;5468;5595;6376;6421;7098;7186;8741;8995;9770;10107;10148;10385;10603;27347;29110;51561;57007;64005;79908;84868;85480;96459;114836;115362;115727;130120;146850;149628;165918,10107;10148;10385;1051;10603;114836;115362;115727;130120;1326;146850;1493;149628;165918;1967;27347;2896;29110;3119;3572;3603;3630;4690;4792;5142;51561;5175;5292;5468;5595;566;57007;6376;640;64005;6421;7098;713;7186;728;79908;84868;85480;867;8741;8995;96459;972;9770
immune_biased,BP,GO:0002694,regulation of leukocyte activation,1.663336767040823e-16,2.49588059096494e-14,True,27,120,188,6000,0.225,0.03133333333333333,7.180851063829788,671;867;972;1051;1326;1493;2896;3119;3559;3572;3603;3623;4345;4690;5133;5692;6376;8741;8995;10148;10385;23376;30835;51561;84868;85480;146850,10148;10385;1051;1326;146850;1493;23376;2896;30835;3119;3559;3572;3603;3623;4345;4690;5133;51561;5692;6376;671;84868;85480;867;8741;8995;972
immune_biased,BP,GO:0050778,positive regulation of immune response,2.193043184470371e-16,3.126183059462514e-14,True,27,120,190,6000,0.225,0.03166666666666667,7.105263157894736,640;713;728;972;1493;1967;3119;3572;4792;5142;6421;7098;7186;8741;10107;10385;10603;29110;51561;64005;79908;84868;114836;115362;115727;130120;149628,10107;10385;10603;114836;115362;115727;130120;1493;149628;1967;29110;3119;3572;4792;5142;51561;640;64005;6421;7098;713;7186;728;79908;84868;8741;972
immune_biased,BP,GO:0032103,positive regulation of response to external stimulus,2.4195077997743017e-16,3.2847698748364445e-14,True,26,120,174,6000,0.21666666666666667,0.029,7.471264367816092,566;728;972;1051;1326;2896;3572;3603;4792;5595;6376;6421;7098;7186;8995;10107;27347;29110;51561;84868;85480;114836;115362;115727;130120;149628,10107;1051;114836;115362;115727;130120;1326;149628;27347;2896;29110;3572;3603;4792;51561;5595;566;6376;6421;7098;7186;728;84868;85480;8995;972
immune_biased,BP,GO:0046649,lymphocyte activation,3.459894774604715e-16,4.48370909199911e-14,True,23,120,130,6000,0.19166666666666668,0.021666666666666667,8.846153846153847,972;1051;3572;3630;3676;4690;4775;5175;5692;7186;8995;9021;10148;29110;30835;51010;64218;79908;96459;114836;115350;118460;165918,10148;1051;114836;115350;118460;165918;29110;30835;3572;3630;3676;4690;4775;51010;5175;5692;64218;7186;79908;8995;9021;96459;972
immune_biased,BP,GO:0006950,response to stress,4.252935485408401e-16,5.271790899521457e-14,True,55,120,901,6000,0.4583333333333333,0.15016666666666667,3.0521642619311873,306;566;671;728;867;972;1051;1493;1967;2794;2896;3559;3572;3630;4261;4345;4690;4775;4792;5266;5292;5468;5595;5692;5724;5806;5987;6038;6376;6421;7098;7186;8342;8575;10107;10321;10739;23376;26472;27347;29110;51561;60489;79807;84868;85480;96459;115362;115727;130120;165918;169026;256987;259239;388552,10107;10321;1051;10739;115362;115727;130120;1493;165918;169026;1967;23376;256987;259239;26472;27347;2794;2896;29110;306;3559;3572;3630;388552;4261;4345;4690;4775;4792;51561;5266;5292;5468;5595;566;5692;5724;5806;5987;6038;60489;6376;6421;671;7098;7186;728;79807;8342;84868;85480;8575;867;96459;972
immune_biased,BP,GO:0071345,cellular response to cytokine stimulus,4.953076341094924e-16,5.883841936859011e-14,True,26,120,179,6000,0.21666666666666667,0.029833333333333333,7.262569832402235,867;972;1051;3559;3572;3603;3676;4261;4345;4792;5292;5595;5692;6376;6404;7186;8995;9021;10148;27347;29110;51561;57007;85480;115362;149628,10148;1051;115362;149628;27347;29110;3559;3572;3603;3676;4261;4345;4792;51561;5292;5595;5692;57007;6376;6404;7186;85480;867;8995;9021;972
immune_biased,BP,GO:0050865,regulation of cell activation,7.29694412882356e-16,8.321435084510387e-14,True,27,120,199,6000,0.225,0.033166666666666664,6.783919597989951,671;867;972;1051;1326;1493;2896;3119;3559;3572;3603;3623;4345;4690;5133;5692;6376;8741;8995;10148;10385;23376;30835;51561;84868;85480;146850,10148;10385;1051;1326;146850;1493;23376;2896;30835;3119;3559;3572;3603;3623;4345;4690;5133;51561;5692;6376;671;84868;85480;867;8741;8995;972
immune_biased,BP,GO:0002252,immune effector process,8.290299570418941e-16,9.090632336640153e-14,True,20,120,94,6000,0.16666666666666666,0.015666666666666666,10.638297872340425,306;566;713;867;972;1051;1776;2794;2896;3572;5692;8995;9021;51010;64005;64218;84868;114836;118460;165918,1051;114836;118460;165918;1776;2794;2896;306;3572;51010;566;5692;64005;64218;713;84868;867;8995;9021;972
immune_biased,BP,GO:0080134,regulation of response to stress,8.853163655275092e-16,9.348285030070107e-14,True,37,120,408,6000,0.30833333333333335,0.068,4.534313725490196,972;1051;1326;1776;2896;3572;3603;3630;4345;4690;4792;5133;5292;5468;5595;5692;6376;6421;7098;7186;8995;10107;23376;29110;51561;51752;57007;60489;84868;85480;114836;115362;115727;130120;146850;149628;165918,10107;1051;114836;115362;115727;130120;1326;146850;149628;165918;1776;23376;2896;29110;3572;3603;3630;4345;4690;4792;5133;51561;51752;5292;5468;5595;5692;57007;60489;6376;6421;7098;7186;84868;85480;8995;972
immune_biased,BP,GO:0048583,regulation of response to stimulus,1.774346438552382e-15,1.8066648915403005e-13,True,61,120,1135,6000,0.5083333333333333,0.18916666666666668,2.687224669603524,566;640;713;728;867;972;1051;1326;1493;1776;1967;2896;3119;3572;3603;3623;3630;3806;4345;4690;4792;5133;5142;5175;5292;5468;5595;5692;5909;5987;6376;6421;7098;7186;8741;8995;9021;9770;10107;10148;10385;10603;23376;27347;29110;51561;51752;57007;60489;64005;79908;84868;85480;96459;114836;115362;115727;130120;146850;149628;165918,10107;10148;10385;1051;10603;114836;115362;115727;130120;1326;146850;1493;149628;165918;1776;1967;23376;27347;2896;29110;3119;3572;3603;3623;3630;3806;4345;4690;4792;5133;5142;51561;5175;51752;5292;5468;5595;566;5692;57007;5909;5987;60489;6376;640;64005;6421;7098;713;7186;728;79908;84868;85480;867;8741;8995;9021;96459;972;9770
immune_biased,BP,GO:0034097,response to cytokine,2.013174679407691e-15,1.9791589693073544e-13,True,27,120,207,6000,0.225,0.0345,6.521739130434782,867;972;1051;3559;3572;3603;3676;4261;4345;4792;5292;5595;5692;6376;6404;7186;8995;9021;10148;27347;29110;51561;57007;85480;115362;149628;169026,10148;1051;115362;149628;169026;27347;29110;3559;3572;3603;3676;4261;4345;4792;51561;5292;5595;5692;57007;6376;6404;7186;85480;867;8995;9021;972
immune_biased,BP,GO:1901652,response to peptide,3.285536069054929e-15,3.1223544442918676e-13,True,27,120,211,6000,0.225,0.035166666666666666,6.398104265402844,867;972;1051;3559;3572;3603;3676;4261;4345;4792;5292;5595;5692;6376;6404;7186;8995;9021;10148;27347;29110;51561;57007;85480;115362;149628;169026,10148;1051;115362;149628;169026;27347;29110;3559;3572;3603;3676;4261;4345;4792;51561;5292;5595;5692;57007;6376;6404;7186;85480;867;8995;9021;972
immune_biased,BP,GO:0045087,innate immune response,5.0701520173757195e-15,4.662904323076832e-13,True,25,120,179,6000,0.20833333333333334,0.029833333333333333,6.983240223463688,671;972;4261;4345;4690;5266;5292;5468;5692;5806;5987;7098;8342;8575;10107;10321;10739;26472;29110;60489;115362;115727;169026;256987;259239,10107;10321;10739;115362;115727;169026;256987;259239;26472;29110;4261;4345;4690;5266;5292;5468;5692;5806;5987;60489;671;7098;8342;8575;972
immune_biased,BP,GO:0002831,regulation of response to biotic stimulus,6.5233754488086314e-15,5.811919813922941e-13,True,24,120,164,6000,0.2,0.027333333333333334,7.317073170731708,2896;3630;4792;5133;5292;5468;5595;6376;6421;7098;7186;10107;23376;29110;51561;51752;60489;84868;114836;115362;115727;130120;146850;149628,10107;114836;115362;115727;130120;146850;149628;23376;2896;29110;3630;4792;5133;51561;51752;5292;5468;5595;60489;6376;6421;7098;7186;84868
immune_biased,BP,GO:0002253,activation of immune response,1.7296443256366626e-14,1.49430787042125e-12,True,20,120,109,6000,0.16666666666666666,0.018166666666666668,9.174311926605503,640;713;728;1493;1967;3119;4792;5142;6421;7098;7186;10385;10603;29110;64005;79908;84868;115362;130120;149628,10385;10603;115362;130120;1493;149628;1967;29110;3119;4792;5142;640;64005;6421;7098;713;7186;728;79908;84868
immune_biased,BP,GO:0007166,cell surface receptor signaling pathway,2.4402969708539915e-14,2.046260783501391e-12,True,40,120,530,6000,0.3333333333333333,0.08833333333333333,3.773584905660377,640;671;728;867;972;1493;1967;2674;3119;3559;3572;3603;3623;3630;3676;3806;4261;4690;4792;5142;5175;5468;5595;5724;6376;7186;8995;9021;10148;10385;10603;27347;29110;51561;57007;64005;64218;79908;85480;115350,10148;10385;10603;115350;1493;1967;2674;27347;29110;3119;3559;3572;3603;3623;3630;3676;3806;4261;4690;4792;5142;51561;5175;5468;5595;57007;5724;6376;640;64005;64218;671;7186;728;79908;85480;867;8995;9021;972
immune_biased,BP,GO:0031349,positive regulation of defense response,2.970471201667422e-14,2.41966097027252e-12,True,22,120,142,6000,0.18333333333333332,0.023666666666666666,7.746478873239436,1051;1326;2896;3572;3603;4792;5595;6376;6421;7098;7186;8995;10107;29110;51561;84868;85480;114836;115362;115727;130120;149628,10107;1051;114836;115362;115727;130120;1326;149628;2896;29110;3572;3603;4792;51561;5595;6376;6421;7098;7186;84868;85480;8995
immune_biased,BP,GO:0002366,leukocyte activation involved in immune response,3.2451446938119303e-14,2.569974311682726e-12,True,15,120,52,6000,0.125,0.008666666666666666,14.423076923076923,306;867;972;1776;2896;3572;5692;8995;9021;51010;64218;84868;114836;118460;165918,114836;118460;165918;1776;2896;306;3572;51010;5692;64218;84868;867;8995;9021;972
immune_biased,BP,GO:0002263,cell activation involved in immune response,4.451434339001194e-14,3.4300106217547037e-12,True,15,120,53,6000,0.125,0.008833333333333334,14.150943396226415,306;867;972;1776;2896;3572;5692;8995;9021;51010;64218;84868;114836;118460;165918,114836;118460;165918;1776;2896;306;3572;51010;5692;64218;84868;867;8995;9021;972
immune_biased,BP,GO:0002683,negative regulation of immune system process,9.605989020037749e-14,7.20701965687569e-12,True,22,120,150,6000,0.18333333333333332,0.025,7.333333333333332,671;867;1051;1493;2896;3572;3623;3630;4345;4690;5133;5292;5468;5595;5692;6376;7098;8995;10148;10385;23376;84868,10148;10385;1051;1493;23376;2896;3572;3623;3630;4345;4690;5133;5292;5468;5595;5692;6376;671;7098;84868;867;8995
immune_biased,BP,GO:0007165,signal transduction,1.8524063441019863e-13,1.3541565351371189e-11,True,64,120,1364,6000,0.5333333333333333,0.22733333333333333,2.346041055718475,566;640;671;713;728;867;972;1051;1326;1493;1967;2674;2794;2896;3119;3559;3572;3603;3623;3630;3676;3806;4261;4690;4775;4792;5142;5175;5292;5298;5468;5595;5724;5909;6376;6404;7098;7186;8698;8741;8995;9021;9770;10148;10385;10603;23376;27347;29110;30835;51561;57007;64005;64218;79908;84868;85480;114836;115350;115727;130120;146850;338398;390265,10148;10385;1051;10603;114836;115350;115727;130120;1326;146850;1493;1967;23376;2674;27347;2794;2896;29110;30835;3119;338398;3559;3572;3603;3623;3630;3676;3806;390265;4261;4690;4775;4792;5142;51561;5175;5292;5298;5468;5595;566;57007;5724;5909;6376;640;64005;6404;64218;671;7098;713;7186;728;79908;84868;85480;867;8698;8741;8995;9021;972;9770
immune_biased,BP,GO:0023052,signaling,2.337976802351577e-13,1.6663929658760866e-11,True,66,120,1449,6000,0.55,0.2415,2.277432712215321,566;640;671;713;728;867;972;1051;1326;1493;1967;2674;2794;2896;3119;3559;3572;3603;3623;3630;3676;3806;4261;4690;4775;4792;5142;5175;5292;5298;5468;5595;5724;5909;6376;6404;7098;7186;8698;8741;8995;9021;9770;10148;10385;10603;23376;27347;29110;30835;51561;57007;64005;64218;79908;84694;84868;85480;114836;115350;115727;130120;146850;169026;338398;390265,10148;10385;1051;10603;114836;115350;115727;130120;1326;146850;1493;169026;1967;23376;2674;27347;2794;2896;29110;30835;3119;338398;3559;3572;3603;3623;3630;3676;3806;390265;4261;4690;4775;4792;5142;51561;5175;5292;5298;5468;5595;566;57007;5724;5909;6376;640;64005;6404;64218;671;7098;713;7186;728;79908;84694;84868;85480;867;8698;8741;8995;9021;972;9770
immune_biased,BP,GO:0002460,adaptive immune response based on somatic recombination of immune receptors built from immunoglobulin superfamily domains,3.238771775596486e-13,2.252131300542825e-11,True,13,120,40,6000,0.10833333333333334,0.006666666666666667,16.25,713;972;2794;3572;5692;9021;10148;51010;64005;64218;114836;118460;165918,10148;114836;118460;165918;2794;3572;51010;5692;64005;64218;713;9021;972
immune_biased,BP,GO:0007154,cell communication,3.427483214881595e-13,2.3266082489589112e-11,True,66,120,1460,6000,0.55,0.24333333333333335,2.26027397260274,566;640;671;713;728;867;972;1051;1326;1493;1967;2674;2794;2896;3119;3559;3572;3603;3623;3630;3676;3806;4261;4690;4775;4792;5142;5175;5292;5298;5468;5595;5724;5909;6376;6404;7098;7186;8698;8741;8995;9021;9770;10148;10385;10603;23376;27347;29110;30835;51561;57007;64005;64218;79908;84694;84868;85480;114836;115350;115727;130120;146850;169026;338398;390265,10148;10385;1051;10603;114836;115350;115727;130120;1326;146850;1493;169026;1967;23376;2674;27347;2794;2896;29110;30835;3119;338398;3559;3572;3603;3623;3630;3676;3806;390265;4261;4690;4775;4792;5142;51561;5175;5292;5298;5468;5595;566;57007;5724;5909;6376;640;64005;6404;64218;671;7098;713;7186;728;79908;84694;84868;85480;867;8698;8741;8995;9021;972;9770
immune_biased,BP,GO:0050727,regulation of inflammatory response,3.6258366444658943e-13,2.404014017063317e-11,True,20,120,127,6000,0.16666666666666666,0.021166666666666667,7.874015748031495,1051;1326;1776;2896;3572;3603;3630;4345;4792;5133;5595;5692;6376;7098;7186;8995;23376;51561;85480;115362,1051;115362;1326;1776;23376;2896;3572;3603;3630;4345;4792;5133;51561;5595;5692;6376;7098;7186;85480;8995
immune_biased,BP,GO:0042110,T cell activation,4.25951528397308e-13,2.759972289683466e-11,True,17,120,85,6000,0.14166666666666666,0.014166666666666666,10.0,972;1051;3572;3630;4690;4775;5175;5692;7186;8995;9021;10148;29110;30835;64218;79908;114836,10148;1051;114836;29110;30835;3572;3630;4690;4775;5175;5692;64218;7186;79908;8995;9021;972
immune_biased,BP,GO:0001817,regulation of cytokine production,6.456153040505938e-13,4.090331626329429e-11,True,26,120,240,6000,0.21666666666666667,0.04,5.416666666666667,566;671;728;972;1051;3572;3603;3623;3630;4345;4792;5142;5692;5987;6376;7098;7186;10148;10385;29110;51561;79908;84868;85480;114836;115362,10148;10385;1051;114836;115362;29110;3572;3603;3623;3630;4345;4792;5142;51561;566;5692;5987;6376;671;7098;7186;728;79908;84868;85480;972
immune_biased,BP,GO:0051716,cellular response to stimulus,7.972324868183679e-13,4.941108304172102e-11,True,73,120,1777,6000,0.6083333333333333,0.2961666666666667,2.054023635340461,566;640;671;713;728;867;972;1051;1326;1493;1967;2674;2794;2896;3119;3559;3572;3603;3623;3630;3676;3806;4261;4345;4690;4775;4792;5142;5175;5292;5298;5468;5595;5692;5724;5909;6376;6404;6421;7098;7186;8698;8741;8995;9021;9770;10148;10385;10603;10890;23376;27347;29110;30835;51561;57007;64005;64218;79908;84868;85480;96459;114836;115350;115362;115727;130120;146850;165918;338398;388552;390265;692094,10148;10385;1051;10603;10890;114836;115350;115362;115727;130120;1326;146850;1493;165918;1967;23376;2674;27347;2794;2896;29110;30835;3119;338398;3559;3572;3603;3623;3630;3676;3806;388552;390265;4261;4345;4690;4775;4792;5142;51561;5175;5292;5298;5468;5595;566;5692;57007;5724;5909;6376;640;64005;6404;6421;64218;671;692094;7098;713;7186;728;79908;84868;85480;867;8698;8741;8995;9021;96459;972;9770
immune_biased,BP,GO:0051239,regulation of multicellular organismal process,9.22861288546848e-13,5.5980373056320504e-11,True,48,120,835,6000,0.4,0.13916666666666666,2.8742514970059885,306;463;566;671;728;867;972;1051;1326;1493;2896;3119;3559;3572;3603;3623;3630;3676;4345;4690;4792;5133;5142;5292;5468;5692;5909;5987;6376;7098;7186;8741;8995;10148;10385;23376;27347;29110;30835;51561;64218;79908;84868;85480;114836;115362;130120;146850,10148;10385;1051;114836;115362;130120;1326;146850;1493;23376;27347;2896;29110;306;30835;3119;3559;3572;3603;3623;3630;3676;4345;463;4690;4792;5133;5142;51561;5292;5468;566;5692;5909;5987;6376;64218;671;7098;7186;728;79908;84868;85480;867;8741;8995;972
immune_biased,BP,GO:0050729,positive regulation of inflammatory response,2.1770844965470767e-12,1.2930974790949409e-10,True,14,120,56,6000,0.11666666666666667,0.009333333333333334,12.5,1051;1326;2896;3572;3603;4792;5595;6376;7098;7186;8995;51561;85480;115362,1051;115362;1326;2896;3572;3603;4792;51561;5595;6376;7098;7186;85480;8995
immune_biased,BP,GO:0051249,regulation of lymphocyte activation,2.7095037234395798e-12,1.5764887990869882e-10,True,21,120,158,6000,0.175,0.026333333333333334,6.6455696202531644,867;972;1051;1326;1493;3119;3559;3572;3623;4690;5133;5692;8741;8995;10148;10385;23376;30835;51561;84868;146850,10148;10385;1051;1326;146850;1493;23376;30835;3119;3559;3572;3623;4690;5133;51561;5692;84868;867;8741;8995;972
immune_biased,BP,GO:0002250,adaptive immune response,3.67902785767799e-12,2.0566487102431272e-10,True,14,120,58,6000,0.11666666666666667,0.009666666666666667,12.068965517241379,713;972;2794;3572;5692;5909;9021;10148;51010;64005;64218;114836;118460;165918,10148;114836;118460;165918;2794;3572;51010;5692;5909;64005;64218;713;9021;972
immune_biased,BP,GO:0002695,negative regulation of leukocyte activation,3.67902785767799e-12,2.0566487102431272e-10,True,14,120,58,6000,0.11666666666666667,0.009666666666666667,12.068965517241379,671;867;1051;1493;2896;3623;4345;5133;5692;6376;8995;10385;23376;84868,10385;1051;1493;23376;2896;3623;4345;5133;5692;6376;671;84868;867;8995
immune_biased,BP,GO:0022407,regulation of cell-cell adhesion,5.025822220004816e-12,2.7555036825449483e-10,True,21,120,163,6000,0.175,0.027166666666666665,6.441717791411043,867;1051;1326;1493;3119;3559;3572;3676;4690;5133;5692;5909;6376;8995;10148;10385;23376;30835;51561;84868;146850,10148;10385;1051;1326;146850;1493;23376;30835;3119;3559;3572;3676;4690;5133;51561;5692;5909;6376;84868;867;8995
immune_biased,BP,GO:1903037,regulation of leukocyte cell-cell adhesion,5.149660013130135e-12,2.770128433478116e-10,True,19,120,129,6000,0.15833333333333333,0.0215,7.3643410852713185,867;1051;1326;1493;3119;3559;3572;3676;4690;5133;5692;8995;10148;10385;23376;30835;51561;84868;146850,10148;10385;1051;1326;146850;1493;23376;30835;3119;3559;3572;3676;4690;5133;51561;5692;84868;867;8995
immune_biased,BP,GO:0002764,immune response-regulating signaling pathway,1.840300403200808e-11,9.71610453615834e-10,True,17,120,106,6000,0.14166666666666666,0.017666666666666667,8.018867924528301,640;728;1493;1967;3119;3806;4792;5142;7098;7186;10385;10603;29110;64005;79908;84868;130120,10385;10603;130120;1493;1967;29110;3119;3806;4792;5142;640;64005;7098;7186;728;79908;84868
immune_biased,BP,GO:0050866,negative regulation of cell activation,1.9678650668377192e-11,1.0200696919189703e-09,True,14,120,65,6000,0.11666666666666667,0.010833333333333334,10.769230769230768,671;867;1051;1493;2896;3623;4345;5133;5692;6376;8995;10385;23376;84868,10385;1051;1493;23376;2896;3623;4345;5133;5692;6376;671;84868;867;8995
immune_biased,BP,GO:0019221,cytokine-mediated signaling pathway,2.2079814595378958e-11,1.1240991323468823e-09,True,18,120,123,6000,0.15,0.0205,7.317073170731707,867;972;3559;3572;3603;4261;4792;5595;6376;7186;8995;9021;10148;27347;29110;51561;57007;85480,10148;27347;29110;3559;3572;3603;4261;4792;51561;5595;57007;6376;7186;85480;867;8995;9021;972
immune_biased,BP,GO:0002757,immune response-activating signaling pathway,2.500363445684228e-11,1.2506203830957427e-09,True,16,120,93,6000,0.13333333333333333,0.0155,8.602150537634408,640;728;1493;1967;3119;4792;5142;7098;7186;10385;10603;29110;64005;79908;84868;130120,10385;10603;130120;1493;1967;29110;3119;4792;5142;640;64005;7098;7186;728;79908;84868
immune_biased,BP,GO:0050863,regulation of T cell activation,5.024648610584955e-11,2.4698746877202942e-09,True,18,120,129,6000,0.15,0.0215,6.976744186046512,867;1051;1326;1493;3119;3559;3572;4690;5133;5692;8995;10148;10385;23376;30835;51561;84868;146850,10148;10385;1051;1326;146850;1493;23376;30835;3119;3559;3572;4690;5133;51561;5692;84868;867;8995
immune_biased,BP,GO:0030155,regulation of cell adhesion,8.866310933328531e-11,4.270798350731074e-09,True,23,120,230,6000,0.19166666666666668,0.03833333333333333,5.000000000000001,463;566;867;1051;1326;1493;3119;3559;3572;3676;4690;5133;5692;5909;6376;8995;10148;10385;23376;30835;51561;84868;146850,10148;10385;1051;1326;146850;1493;23376;30835;3119;3559;3572;3676;463;4690;5133;51561;566;5692;5909;6376;84868;867;8995
immune_biased,BP,GO:0051240,positive regulation of multicellular organismal process,8.988000738122219e-11,4.270798350731074e-09,True,33,120,476,6000,0.275,0.07933333333333334,3.466386554621849,306;566;728;972;1051;1326;2896;3119;3559;3572;3603;3623;3630;4345;4690;5142;5292;5468;5692;6376;7098;7186;8741;10148;29110;30835;51561;64218;84868;85480;114836;115362;146850,10148;1051;114836;115362;1326;146850;2896;29110;306;30835;3119;3559;3572;3603;3623;3630;4345;4690;5142;51561;5292;5468;566;5692;6376;64218;7098;7186;728;84868;85480;8741;972
immune_biased,BP,GO:0001819,positive regulation of cytokine production,1.2530526814722997e-10,5.856480647340207e-09,True,19,120,154,6000,0.15833333333333333,0.025666666666666667,6.1688311688311686,566;728;972;1051;3572;3603;3630;4345;5142;5692;7098;7186;10148;29110;51561;84868;85480;114836;115362,10148;1051;114836;115362;29110;3572;3603;3630;4345;5142;51561;566;5692;7098;7186;728;84868;85480;972
immune_biased,BP,GO:0042742,defense response to bacterium,1.4916913885158897e-10,6.859374433320648e-09,True,15,120,89,6000,0.125,0.014833333333333334,8.426966292134832,306;566;671;1051;5266;6038;7098;8342;51561;84868;85480;115362;115727;130120;259239,1051;115362;115727;130120;259239;306;51561;5266;566;6038;671;7098;8342;84868;85480
immune_biased,BP,GO:0045088,regulation of innate immune response,1.5874851828201129e-10,7.184000406698638e-09,True,18,120,138,6000,0.15,0.023,6.521739130434782,2896;3630;4792;5292;5468;6421;7098;7186;10107;29110;51752;84868;114836;115362;115727;130120;146850;149628,10107;114836;115362;115727;130120;146850;149628;2896;29110;3630;4792;51752;5292;5468;6421;7098;7186;84868
immune_biased,BP,GO:0070663,regulation of leukocyte proliferation,3.7853900917770136e-10,1.6862729924462915e-08,True,14,120,80,6000,0.11666666666666667,0.013333333333333334,8.75,972;1051;1493;3559;3572;4690;5595;8741;8995;10148;10385;30835;51561;84868,10148;10385;1051;1493;30835;3559;3572;4690;51561;5595;84868;8741;8995;972
immune_biased,BP,GO:0051241,negative regulation of multicellular organismal process,5.683864536103545e-10,2.4930304296048014e-08,True,26,120,323,6000,0.21666666666666667,0.05383333333333333,4.024767801857585,671;867;1051;1493;2896;3623;3630;3676;4345;4792;5133;5142;5468;5692;5909;5987;6376;7098;8995;10385;23376;27347;51561;64218;84868;130120,10385;1051;130120;1493;23376;27347;2896;3623;3630;3676;4345;4792;5133;5142;51561;5468;5692;5909;5987;6376;64218;671;7098;84868;867;8995
immune_biased,BP,GO:0009617,response to bacterium,7.056015394972557e-10,3.0479848319798126e-08,True,19,120,170,6000,0.15833333333333333,0.028333333333333332,5.588235294117647,306;566;671;1051;4345;5142;5266;5724;6038;7098;8342;51561;51752;84868;85480;115362;115727;130120;259239,1051;115362;115727;130120;259239;306;4345;5142;51561;51752;5266;566;5724;6038;671;7098;8342;84868;85480
immune_biased,BP,GO:0050670,regulation of lymphocyte proliferation,7.72243596948461e-10,3.286069395373227e-08,True,13,120,70,6000,0.10833333333333334,0.011666666666666667,9.285714285714286,972;1051;1493;3559;3572;4690;8741;8995;10148;10385;30835;51561;84868,10148;10385;1051;1493;30835;3559;3572;4690;51561;84868;8741;8995;972
immune_biased,BP,GO:0032944,regulation of mononuclear cell proliferation,9.295878423513128e-10,3.897433733152342e-08,True,13,120,71,6000,0.10833333333333334,0.011833333333333333,9.15492957746479,972;1051;1493;3559;3572;4690;8741;8995;10148;10385;30835;51561;84868,10148;10385;1051;1493;30835;3559;3572;4690;51561;84868;8741;8995;972
immune_biased,BP,GO:0002697,regulation of immune effector process,1.4515882650793597e-09,5.997794411219209e-08,True,15,120,104,6000,0.125,0.017333333333333333,7.211538461538462,972;1776;2896;3630;5133;5595;7186;8741;8995;23376;51561;84868;114836;115727;146850,114836;115727;146850;1776;23376;2896;3630;5133;51561;5595;7186;84868;8741;8995;972
immune_biased,BP,GO:0048518,positive regulation of biological process,1.7064277233377766e-09,6.950036341765715e-08,True,65,120,1699,6000,0.5416666666666666,0.2831666666666667,1.9128899352560327,306;463;566;640;713;728;867;972;1051;1326;1493;1967;2896;3119;3559;3572;3603;3623;3630;3676;4261;4345;4690;4775;4792;5142;5175;5292;5468;5595;5692;5987;6376;6421;7098;7186;8741;8995;9770;10107;10148;10385;10603;10743;23376;25926;27347;29110;30835;51561;57007;64005;64218;79908;84868;85480;96459;114836;115362;115727;130120;146850;149628;165918;169026,10107;10148;10385;1051;10603;10743;114836;115362;115727;130120;1326;146850;1493;149628;165918;169026;1967;23376;25926;27347;2896;29110;306;30835;3119;3559;3572;3603;3623;3630;3676;4261;4345;463;4690;4775;4792;5142;51561;5175;5292;5468;5595;566;5692;57007;5987;6376;640;64005;6421;64218;7098;713;7186;728;79908;84868;85480;867;8741;8995;96459;972;9770
immune_biased,BP,GO:0002274,myeloid leukocyte activation,1.900882777770953e-09,7.632981407640827e-08,True,9,120,28,6000,0.075,0.004666666666666667,16.07142857142857,306;566;728;867;1776;2896;6376;27347;84868,1776;27347;2896;306;566;6376;728;84868;867
immune_biased,BP,GO:0006959,humoral immune response,2.2465166953256532e-09,8.895582081074218e-08,True,13,120,76,6000,0.10833333333333334,0.012666666666666666,8.552631578947368,566;671;713;3119;5133;5266;6038;6376;8342;10148;85480;130120;259239,10148;130120;259239;3119;5133;5266;566;6038;6376;671;713;8342;85480
immune_biased,BP,GO:1902533,positive regulation of intracellular signal transduction,2.5912396932040393e-09,1.0120033377157145e-07,True,25,120,321,6000,0.20833333333333334,0.0535,3.8940809968847354,728;867;972;3572;3630;4690;5175;5292;5595;6376;6421;7098;7186;9770;10107;10148;27347;29110;51561;57007;84868;96459;115362;146850;149628,10107;10148;115362;146850;149628;27347;29110;3572;3630;4690;51561;5175;5292;5595;57007;6376;6421;7098;7186;728;84868;867;96459;972;9770
immune_biased,BP,GO:0002768,immune response-regulating cell surface receptor signaling pathway,4.334217992538049e-09,1.6698453373954027e-07,True,13,120,80,6000,0.10833333333333334,0.013333333333333334,8.125,640;728;1493;1967;3119;3806;4792;5142;10385;10603;29110;64005;79908,10385;10603;1493;1967;29110;3119;3806;4792;5142;640;64005;728;79908
immune_biased,BP,GO:0002285,lymphocyte activation involved in immune response,4.6685759047697624e-09,1.7746813205998122e-07,True,10,120,41,6000,0.08333333333333333,0.006833333333333334,12.19512195121951,972;3572;5692;8995;9021;51010;64218;114836;118460;165918,114836;118460;165918;3572;51010;5692;64218;8995;9021;972
immune_biased,BP,GO:0002429,immune response-activating cell surface receptor signaling pathway,5.579950512912341e-09,2.0137264445965928e-07,True,12,120,67,6000,0.1,0.011166666666666667,8.955223880597016,640;728;1493;1967;3119;4792;5142;10385;10603;29110;64005;79908,10385;10603;1493;1967;29110;3119;4792;5142;640;64005;728;79908
immune_biased,BP,GO:0006954,inflammatory response,5.403936018433317e-09,2.0137264445965928e-07,True,16,120,132,6000,0.13333333333333333,0.022,6.0606060606060606,566;728;1051;2896;3559;3572;3630;4775;5724;5806;6376;7098;7186;27347;29110;79807,1051;27347;2896;29110;3559;3572;3630;4775;566;5724;5806;6376;7098;7186;728;79807
immune_biased,BP,GO:0030097,hemopoiesis,5.440524278104446e-09,2.0137264445965928e-07,True,17,120,151,6000,0.14166666666666666,0.025166666666666667,5.629139072847682,972;1051;3045;3572;3623;3676;4775;5468;5692;9021;23376;29110;64218;79908;96459;114836;115727,1051;114836;115727;23376;29110;3045;3572;3623;3676;4775;5468;5692;64218;79908;9021;96459;972
immune_biased,BP,GO:0050777,negative regulation of immune response,5.579950512912341e-09,2.0137264445965928e-07,True,12,120,67,6000,0.1,0.011166666666666667,8.955223880597016,2896;3572;3630;5133;5292;5468;5595;5692;8995;10148;23376;84868,10148;23376;2896;3572;3630;5133;5292;5468;5595;5692;84868;8995
immune_biased,BP,GO:0042129,regulation of T cell proliferation,7.352066024434841e-09,2.620092529457966e-07,True,11,120,55,6000,0.09166666666666666,0.009166666666666667,10.0,1051;1493;3559;3572;4690;8995;10148;10385;30835;51561;84868,10148;10385;1051;1493;30835;3559;3572;4690;51561;84868;8995
immune_biased,BP,GO:0002696,positive regulation of leukocyte activation,7.73047366698531e-09,2.720935854885817e-07,True,15,120,117,6000,0.125,0.0195,6.410256410256411,972;1326;3119;3559;3572;3603;4345;4690;8741;10148;30835;51561;84868;85480;146850,10148;1326;146850;30835;3119;3559;3572;3603;4345;4690;51561;84868;85480;8741;972
immune_biased,BP,GO:0042127,regulation of cell population proliferation,1.0638531514298308e-08,3.6988357740566433e-07,True,28,120,425,6000,0.23333333333333334,0.07083333333333333,3.294117647058824,728;972;1051;1493;2896;3559;3572;3623;3630;3676;4345;4690;5292;5468;5595;5909;6376;8575;8741;8995;10148;10385;23376;30835;51561;84868;85480;130120,10148;10385;1051;130120;1493;23376;2896;30835;3559;3572;3623;3630;3676;4345;4690;51561;5292;5468;5595;5909;6376;728;84868;85480;8575;8741;8995;972
immune_biased,BP,GO:0050867,positive regulation of cell activation,1.2364395267264715e-08,4.247095289996591e-07,True,15,120,121,6000,0.125,0.020166666666666666,6.198347107438017,972;1326;3119;3559;3572;3603;4345;4690;8741;10148;30835;51561;84868;85480;146850,10148;1326;146850;30835;3119;3559;3572;3603;4345;4690;51561;84868;85480;8741;972
immune_biased,BP,GO:0002443,leukocyte mediated immunity,1.949091474905831e-08,6.537482111713557e-07,True,10,120,47,6000,0.08333333333333333,0.007833333333333333,10.638297872340425,306;566;713;867;972;2794;51010;64005;118460;165918,118460;165918;2794;306;51010;566;64005;713;867;972
immune_biased,BP,GO:0051250,negative regulation of lymphocyte activation,1.949091474905831e-08,6.537482111713557e-07,True,10,120,47,6000,0.08333333333333333,0.007833333333333333,10.638297872340425,867;1051;1493;3623;5133;5692;8995;10385;23376;84868,10385;1051;1493;23376;3623;5133;5692;84868;867;8995
immune_biased,BP,GO:0050851,antigen receptor-mediated signaling pathway,2.9431898452521117e-08,9.757016568388105e-07,True,9,120,37,6000,0.075,0.006166666666666667,12.162162162162161,640;1493;1967;3119;4792;5142;10385;10603;79908,10385;10603;1493;1967;3119;4792;5142;640;79908
immune_biased,BP,GO:0043410,positive regulation of MAPK cascade,2.9952977804755686e-08,9.815625255328559e-07,True,15,120,129,6000,0.125,0.0215,5.813953488372094,728;972;3572;3630;5175;5595;6376;7098;7186;9770;10148;27347;57007;84868;146850,10148;146850;27347;3572;3630;5175;5595;57007;6376;7098;7186;728;84868;972;9770
immune_biased,BP,GO:0010604,positive regulation of macromolecule metabolic process,3.184215483039319e-08,1.0316134479710339e-06,True,41,120,864,6000,0.3416666666666667,0.144,2.3726851851851856,463;566;728;972;1051;1967;2896;3572;3603;3630;4261;4345;4690;4775;4792;5142;5292;5468;5595;5692;5987;6376;6421;7098;7186;8741;8995;9770;10148;10743;23376;25926;29110;51561;84868;85480;114836;115362;146850;149628;165918,10148;1051;10743;114836;115362;146850;149628;165918;1967;23376;25926;2896;29110;3572;3603;3630;4261;4345;463;4690;4775;4792;5142;51561;5292;5468;5595;566;5692;5987;6376;6421;7098;7186;728;84868;85480;8741;8995;972;9770
immune_biased,BP,GO:0010647,positive regulation of cell communication,3.569458422215736e-08,1.1434298833412431e-06,True,30,120,508,6000,0.25,0.08466666666666667,2.952755905511811,640;728;867;972;3572;3623;3630;4690;5175;5292;5468;5595;6376;6421;7098;7186;9770;10107;10148;27347;29110;51561;57007;84868;85480;96459;115362;146850;149628;169026,10107;10148;115362;146850;149628;169026;27347;29110;3572;3623;3630;4690;51561;5175;5292;5468;5595;57007;6376;640;6421;7098;7186;728;84868;85480;867;96459;972;9770
immune_biased,BP,GO:0023056,positive regulation of signaling,4.0836325521032244e-08,1.2936040451162548e-06,True,30,120,511,6000,0.25,0.08516666666666667,2.935420743639922,640;728;867;972;3572;3623;3630;4690;5175;5292;5468;5595;6376;6421;7098;7186;9770;10107;10148;27347;29110;51561;57007;84868;85480;96459;115362;146850;149628;169026,10107;10148;115362;146850;149628;169026;27347;29110;3572;3623;3630;4690;51561;5175;5292;5468;5595;57007;6376;640;6421;7098;7186;728;84868;85480;867;96459;972;9770
immune_biased,BP,GO:0045058,T cell selection,4.436136089277466e-08,1.3898268121461599e-06,True,7,120,19,6000,0.058333333333333334,0.0031666666666666666,18.42105263157895,972;3572;4775;5692;9021;79908;114836,114836;3572;4775;5692;79908;9021;972
immune_biased,BP,GO:0002833,positive regulation of response to biotic stimulus,6.181590197181944e-08,1.915621049148448e-06,True,13,120,99,6000,0.10833333333333334,0.0165,6.565656565656566,2896;4792;6421;7098;7186;10107;29110;84868;114836;115362;115727;130120;149628,10107;114836;115362;115727;130120;149628;2896;29110;4792;6421;7098;7186;84868
immune_biased,BP,GO:0032729,positive regulation of type II interferon production,6.712392818547835e-08,2.0577453683526753e-06,True,7,120,20,6000,0.058333333333333334,0.0033333333333333335,17.5,5142;5692;7098;10148;51561;84868;114836,10148;114836;5142;51561;5692;7098;84868
immune_biased,BP,GO:0002703,regulation of leukocyte mediated immunity,7.567059678926576e-08,2.295073100491454e-06,True,11,120,68,6000,0.09166666666666666,0.011333333333333334,8.088235294117647,1776;5133;5595;7186;8741;23376;51561;84868;114836;115727;146850,114836;115727;146850;1776;23376;5133;51561;5595;7186;84868;8741
immune_biased,BP,GO:0050868,negative regulation of T cell activation,7.749821464300553e-08,2.3257622099706187e-06,True,9,120,41,6000,0.075,0.006833333333333334,10.97560975609756,867;1051;1493;5133;5692;8995;10385;23376;84868,10385;1051;1493;23376;5133;5692;84868;867;8995
immune_biased,BP,GO:0042221,response to chemical,8.808806778293687e-08,2.589062693290237e-06,True,44,120,1004,6000,0.36666666666666664,0.16733333333333333,2.191235059760956,566;671;728;867;972;1051;1967;3559;3572;3603;3630;3676;4261;4345;4792;5142;5292;5468;5595;5692;5724;6376;6404;7098;7186;8995;9021;10148;10603;10890;27347;29110;51561;57007;64218;84868;85480;115362;130120;149628;169026;338398;390265;692094,10148;1051;10603;10890;115362;130120;149628;169026;1967;27347;29110;338398;3559;3572;3603;3630;3676;390265;4261;4345;4792;5142;51561;5292;5468;5595;566;5692;57007;5724;6376;6404;64218;671;692094;7098;7186;728;84868;85480;867;8995;9021;972
immune_biased,BP,GO:0048522,positive regulation of cellular process,8.745258381815465e-08,2.589062693290237e-06,True,59,120,1599,6000,0.49166666666666664,0.2665,1.8449030644152593,306;463;566;640;728;867;972;1051;1326;1493;1967;2896;3119;3559;3572;3603;3623;3630;3676;4261;4345;4690;4775;4792;5142;5175;5292;5468;5595;5692;5987;6376;6421;7098;7186;8741;8995;9770;10107;10148;10743;23376;25926;27347;29110;30835;51561;57007;64218;84868;85480;96459;114836;115362;130120;146850;149628;165918;169026,10107;10148;1051;10743;114836;115362;130120;1326;146850;1493;149628;165918;169026;1967;23376;25926;27347;2896;29110;306;30835;3119;3559;3572;3603;3623;3630;3676;4261;4345;463;4690;4775;4792;5142;51561;5175;5292;5468;5595;566;5692;57007;5987;6376;640;6421;64218;7098;7186;728;84868;85480;867;8741;8995;96459;972;9770
immune_biased,BP,GO:0045785,positive regulation of cell adhesion,9.1085766552076e-08,2.6498522493874356e-06,True,15,120,140,6000,0.125,0.023333333333333334,5.357142857142857,463;566;1326;3119;3559;3572;3676;4690;6376;8995;10148;30835;51561;84868;146850,10148;1326;146850;30835;3119;3559;3572;3676;463;4690;51561;566;6376;84868;8995
immune_biased,BP,GO:0070665,positive regulation of leukocyte proliferation,9.622132730958966e-08,2.770979839996365e-06,True,10,120,55,6000,0.08333333333333333,0.009166666666666667,9.09090909090909,972;3559;3572;4690;5595;8741;10148;30835;51561;84868,10148;30835;3559;3572;4690;51561;5595;84868;8741;972
immune_biased,BP,GO:1902531,regulation of intracellular signal transduction,1.1448349816910224e-07,3.263924532801105e-06,True,31,120,566,6000,0.25833333333333336,0.09433333333333334,2.7385159010600706,728;867;972;3572;3630;4345;4690;4792;5142;5175;5292;5468;5595;5909;6376;6421;7098;7186;9770;10107;10148;23376;27347;29110;51561;57007;84868;96459;115362;146850;149628,10107;10148;115362;146850;149628;23376;27347;29110;3572;3630;4345;4690;4792;5142;51561;5175;5292;5468;5595;57007;5909;6376;6421;7098;7186;728;84868;867;96459;972;9770
immune_biased,BP,GO:0002706,regulation of lymphocyte mediated immunity,1.3735810802694332e-07,3.8773065939090635e-06,True,10,120,57,6000,0.08333333333333333,0.0095,8.771929824561402,5133;5595;7186;8741;23376;51561;84868;114836;115727;146850,114836;115727;146850;23376;5133;51561;5595;7186;84868;8741
immune_biased,BP,GO:0046631,alpha-beta T cell activation,1.4262693990676612e-07,3.986562800727355e-06,True,8,120,32,6000,0.06666666666666667,0.005333333333333333,12.5,1051;3572;3630;5692;9021;29110;64218;114836,1051;114836;29110;3572;3630;5692;64218;9021
immune_biased,BP,GO:1903038,negative regulation of leukocyte cell-cell adhesion,1.4911224057992245e-07,4.127368911586009e-06,True,9,120,44,6000,0.075,0.007333333333333333,10.227272727272727,867;1051;1493;5133;5692;8995;10385;23376;84868,10385;1051;1493;23376;5133;5692;84868;867;8995
immune_biased,BP,GO:0030098,lymphocyte differentiation,1.6145330555867522e-07,4.425993982190222e-06,True,11,120,73,6000,0.09166666666666666,0.012166666666666666,7.534246575342466,972;3572;3676;4775;5692;9021;29110;64218;79908;96459;114836,114836;29110;3572;3676;4775;5692;64218;79908;9021;96459;972
immune_biased,BP,GO:0010628,positive regulation of gene expression,1.650575974615606e-07,4.481706765361041e-06,True,23,120,339,6000,0.19166666666666668,0.0565,3.392330383480826,566;728;972;1051;1967;3572;3603;3630;4345;4690;5142;5468;5692;7098;7186;8741;10148;29110;51561;84868;85480;114836;115362,10148;1051;114836;115362;1967;29110;3572;3603;3630;4345;4690;5142;51561;5468;566;5692;7098;7186;728;84868;85480;8741;972
immune_biased,BP,GO:0009967,positive regulation of signal transduction,1.6877589956310955e-07,4.539434808060616e-06,True,27,120,453,6000,0.225,0.0755,2.980132450331126,728;867;972;3572;3630;4690;5175;5292;5468;5595;6376;6421;7098;7186;9770;10107;10148;27347;29110;51561;57007;84868;85480;96459;115362;146850;149628,10107;10148;115362;146850;149628;27347;29110;3572;3630;4690;51561;5175;5292;5468;5595;57007;6376;6421;7098;7186;728;84868;85480;867;96459;972;9770
immune_biased,BP,GO:1903131,mononuclear cell differentiation,1.7301450511676566e-07,4.609947234466345e-06,True,12,120,90,6000,0.1,0.015,6.666666666666667,972;3572;3676;4775;5468;5692;9021;29110;64218;79908;96459;114836,114836;29110;3572;3676;4775;5468;5692;64218;79908;9021;96459;972
immune_biased,BP,GO:0140374,antiviral innate immune response,1.8514476172213147e-07,4.887478848794414e-06,True,8,120,33,6000,0.06666666666666667,0.0055,12.121212121212121,4690;5987;8575;10107;29110;60489;115362;256987,10107;115362;256987;29110;4690;5987;60489;8575
immune_biased,BP,GO:0002822,regulation of adaptive immune response based on somatic recombination of immune receptors built from immunoglobulin superfamily domains,1.9322931695755396e-07,5.008152569508967e-06,True,10,120,59,6000,0.08333333333333333,0.009833333333333333,8.474576271186441,3572;5133;5595;7186;8741;8995;10148;23376;51561;84868,10148;23376;3572;5133;51561;5595;7186;84868;8741;8995
immune_biased,BP,GO:0010557,positive regulation of macromolecule biosynthetic process,1.9150243144764618e-07,5.008152569508967e-06,True,35,120,710,6000,0.2916666666666667,0.11833333333333333,2.4647887323943665,463;566;728;972;1051;1967;3572;3603;3630;4261;4345;4690;4775;4792;5142;5292;5468;5595;5692;5987;6376;6421;7098;7186;8741;10148;10743;25926;29110;51561;84868;85480;114836;115362;149628,10148;1051;10743;114836;115362;149628;1967;25926;29110;3572;3603;3630;4261;4345;463;4690;4775;4792;5142;51561;5292;5468;5595;566;5692;5987;6376;6421;7098;7186;728;84868;85480;8741;972
immune_biased,BP,GO:0032946,positive regulation of mononuclear cell proliferation,2.2407267253208164e-07,5.703849905258614e-06,True,9,120,46,6000,0.075,0.007666666666666666,9.782608695652174,972;3559;3572;4690;8741;10148;30835;51561;84868,10148;30835;3559;3572;4690;51561;84868;8741;972
immune_biased,BP,GO:0050671,positive regulation of lymphocyte proliferation,2.2407267253208164e-07,5.703849905258614e-06,True,9,120,46,6000,0.075,0.007666666666666666,9.782608695652174,972;3559;3572;4690;8741;10148;30835;51561;84868,10148;30835;3559;3572;4690;51561;84868;8741;972
immune_biased,BP,GO:0032649,regulation of type II interferon production,2.3809677305404543e-07,6.007202654664456e-06,True,8,120,34,6000,0.06666666666666667,0.005666666666666667,11.76470588235294,3623;5142;5692;7098;10148;51561;84868;114836,10148;114836;3623;5142;51561;5692;7098;84868
immune_biased,BP,GO:0040017,positive regulation of locomotion,2.402068745240363e-07,6.00727894094761e-06,True,16,120,172,6000,0.13333333333333333,0.028666666666666667,4.651162790697675,306;566;728;972;2896;3603;3630;3676;5175;5595;6376;8995;27347;51561;57007;64218,27347;2896;306;3603;3630;3676;51561;5175;5595;566;57007;6376;64218;728;8995;972
immune_biased,BP,GO:0019730,antimicrobial humoral response,2.7252624674385005e-07,6.698037322988935e-06,True,9,120,47,6000,0.075,0.007833333333333333,9.574468085106384,566;671;5266;6038;6376;8342;85480;130120;259239,130120;259239;5266;566;6038;6376;671;8342;85480
immune_biased,BP,GO:0030217,T cell differentiation,2.7252624674385005e-07,6.698037322988935e-06,True,9,120,47,6000,0.075,0.007833333333333333,9.574468085106384,972;3572;4775;5692;9021;29110;64218;79908;114836,114836;29110;3572;4775;5692;64218;79908;9021;972
immune_biased,BP,GO:0035710,"CD4-positive, alpha-beta T cell activation",2.804291666780399e-07,6.833363711103348e-06,True,7,120,24,6000,0.058333333333333334,0.004,14.583333333333334,1051;3572;5692;9021;29110;64218;114836,1051;114836;29110;3572;5692;64218;9021
immune_biased,BP,GO:0045089,positive regulation of innate immune response,3.173718525064673e-07,7.668026707592697e-06,True,12,120,95,6000,0.1,0.015833333333333335,6.315789473684211,4792;6421;7098;7186;10107;29110;84868;114836;115362;115727;130120;149628,10107;114836;115362;115727;130120;149628;29110;4792;6421;7098;7186;84868
immune_biased,BP,GO:0002819,regulation of adaptive immune response,3.674683387236319e-07,8.730435280842289e-06,True,10,120,63,6000,0.08333333333333333,0.0105,7.936507936507936,3572;5133;5595;7186;8741;8995;10148;23376;51561;84868,10148;23376;3572;5133;51561;5595;7186;84868;8741;8995
immune_biased,BP,GO:0051607,defense response to virus,3.674683387236319e-07,8.730435280842289e-06,True,10,120,63,6000,0.08333333333333333,0.0105,7.936507936507936,566;4690;5987;7098;8575;10107;29110;60489;115362;256987,10107;115362;256987;29110;4690;566;5987;60489;7098;8575
immune_biased,BP,GO:0002823,negative regulation of adaptive immune response based on somatic recombination of immune receptors built from immunoglobulin superfamily domains,3.8307282306910563e-07,8.973781962862008e-06,True,7,120,25,6000,0.058333333333333334,0.004166666666666667,14.0,3572;5133;5595;8995;10148;23376;84868,10148;23376;3572;5133;5595;84868;8995
immune_biased,BP,GO:0042116,macrophage activation,3.840061029355191e-07,8.973781962862008e-06,True,6,120,16,6000,0.05,0.0026666666666666666,18.75,566;728;2896;6376;27347;84868,27347;2896;566;6376;728;84868
immune_biased,BP,GO:0060255,regulation of macromolecule metabolic process,3.9192096144658687e-07,9.084281797432675e-06,True,57,120,1578,6000,0.475,0.263,1.8060836501901139,463;566;671;728;972;1051;1967;2896;3572;3603;3623;3630;4261;4345;4690;4775;4792;5142;5292;5468;5595;5692;5806;5987;6376;6421;7098;7186;7551;7554;8575;8741;8995;9770;10148;10385;10739;10743;23376;25926;29110;51010;51561;60489;79908;84868;85480;90987;96459;114836;115362;118460;124411;146850;149628;165918;344167,10148;10385;1051;10739;10743;114836;115362;118460;124411;146850;149628;165918;1967;23376;25926;2896;29110;344167;3572;3603;3623;3630;4261;4345;463;4690;4775;4792;51010;5142;51561;5292;5468;5595;566;5692;5806;5987;60489;6376;6421;671;7098;7186;728;7551;7554;79908;84868;85480;8575;8741;8995;90987;96459;972;9770
immune_biased,BP,GO:0008284,positive regulation of cell population proliferation,4.856636115756087e-07,1.1166346424210166e-05,True,19,120,253,6000,0.15833333333333333,0.042166666666666665,3.7549407114624507,728;972;2896;3559;3572;3630;3676;4690;5292;5595;6376;8741;10148;23376;30835;51561;84868;85480;130120,10148;130120;23376;2896;30835;3559;3572;3630;3676;4690;51561;5292;5595;6376;728;84868;85480;8741;972
immune_biased,BP,GO:0009893,positive regulation of metabolic process,5.106127625852901e-07,1.1646055889045296e-05,True,41,120,953,6000,0.3416666666666667,0.15883333333333333,2.1511017838405038,463;566;728;972;1051;1967;2896;3572;3603;3630;4261;4345;4690;4775;4792;5142;5292;5468;5595;5692;5987;6376;6421;7098;7186;8741;8995;9770;10148;10743;23376;25926;29110;51561;84868;85480;114836;115362;146850;149628;165918,10148;1051;10743;114836;115362;146850;149628;165918;1967;23376;25926;2896;29110;3572;3603;3630;4261;4345;463;4690;4775;4792;5142;51561;5292;5468;5595;566;5692;5987;6376;6421;7098;7186;728;84868;85480;8741;8995;972;9770
immune_biased,BP,GO:0002820,negative regulation of adaptive immune response,5.155760412510972e-07,1.166593090164189e-05,True,7,120,26,6000,0.058333333333333334,0.004333333333333333,13.461538461538462,3572;5133;5595;8995;10148;23376;84868,10148;23376;3572;5133;5595;84868;8995
immune_biased,BP,GO:0002521,leukocyte differentiation,5.606409203757046e-07,1.2585726488119163e-05,True,12,120,100,6000,0.1,0.016666666666666666,6.0,972;3572;3676;4775;5468;5692;9021;29110;64218;79908;96459;114836,114836;29110;3572;3676;4775;5468;5692;64218;79908;9021;96459;972
immune_biased,BP,GO:0043408,regulation of MAPK cascade,6.067229378976133e-07,1.3513805437078872e-05,True,16,120,184,6000,0.13333333333333333,0.030666666666666665,4.3478260869565215,728;972;3572;3630;5175;5468;5595;6376;7098;7186;9770;10148;27347;57007;84868;146850,10148;146850;27347;3572;3630;5175;5468;5595;57007;6376;7098;7186;728;84868;972;9770
immune_biased,BP,GO:0051251,positive regulation of lymphocyte activation,6.256013345191095e-07,1.3826274455147141e-05,True,12,120,101,6000,0.1,0.016833333333333332,5.940594059405941,972;1326;3119;3559;3572;4690;8741;10148;30835;51561;84868;146850,10148;1326;146850;30835;3119;3559;3572;4690;51561;84868;8741;972
immune_biased,BP,GO:0009891,positive regulation of biosynthetic process,6.657679101870456e-07,1.4600802399563593e-05,True,35,120,747,6000,0.2916666666666667,0.1245,2.342704149933066,463;566;728;972;1051;1967;3572;3603;3630;4261;4345;4690;4775;4792;5142;5292;5468;5595;5692;5987;6376;6421;7098;7186;8741;10148;10743;25926;29110;51561;84868;85480;114836;115362;149628,10148;1051;10743;114836;115362;149628;1967;25926;29110;3572;3603;3630;4261;4345;463;4690;4775;4792;5142;51561;5292;5468;5595;566;5692;5987;6376;6421;7098;7186;728;84868;85480;8741;972
immune_biased,BP,GO:0002286,T cell activation involved in immune response,6.845719853913803e-07,1.4898585727868895e-05,True,7,120,27,6000,0.058333333333333334,0.0045,12.962962962962964,972;3572;5692;8995;9021;64218;114836,114836;3572;5692;64218;8995;9021;972
immune_biased,BP,GO:0010468,regulation of gene expression,7.809022416942379e-07,1.6866305235380853e-05,True,51,120,1358,6000,0.425,0.22633333333333333,1.877761413843888,463;566;671;728;972;1051;1967;3572;3603;3623;3630;4261;4345;4690;4775;4792;5142;5292;5468;5595;5692;5987;6376;6421;7098;7186;7551;7554;8575;8741;10148;10385;10739;10743;25926;29110;51010;51561;60489;79908;84868;85480;90987;96459;114836;115362;118460;124411;149628;165918;344167,10148;10385;1051;10739;10743;114836;115362;118460;124411;149628;165918;1967;25926;29110;344167;3572;3603;3623;3630;4261;4345;463;4690;4775;4792;51010;5142;51561;5292;5468;5595;566;5692;5987;60489;6376;6421;671;7098;7186;728;7551;7554;79908;84868;85480;8575;8741;90987;96459;972
immune_biased,BP,GO:0002218,activation of innate immune response,8.013526977687055e-07,1.717786873186902e-05,True,9,120,53,6000,0.075,0.008833333333333334,8.490566037735848,4792;6421;7098;7186;29110;84868;115362;130120;149628,115362;130120;149628;29110;4792;6421;7098;7186;84868
immune_biased,BP,GO:0042093,T-helper cell differentiation,8.614702688842749e-07,1.832874430290349e-05,True,6,120,18,6000,0.05,0.003,16.666666666666668,3572;5692;9021;29110;64218;114836,114836;29110;3572;5692;64218;9021
immune_biased,BP,GO:0034341,response to type II interferon,8.977418711620761e-07,1.895897833098577e-05,True,7,120,28,6000,0.058333333333333334,0.004666666666666667,12.5,972;4261;4345;5292;5692;115362;169026,115362;169026;4261;4345;5292;5692;972
immune_biased,BP,GO:0002832,negative regulation of response to biotic stimulus,9.122476802507633e-07,1.912366276760975e-05,True,8,120,40,6000,0.06666666666666667,0.006666666666666667,10.0,2896;3630;5133;5292;5468;5595;23376;84868,23376;2896;3630;5133;5292;5468;5595;84868
immune_biased,BP,GO:0022409,positive regulation of cell-cell adhesion,1.0616601107034078e-06,2.209337938405413e-05,True,12,120,106,6000,0.1,0.017666666666666667,5.660377358490567,1326;3119;3559;3572;3676;4690;6376;10148;30835;51561;84868;146850,10148;1326;146850;30835;3119;3559;3572;3676;4690;51561;6376;84868
immune_biased,BP,GO:0050900,leukocyte migration,1.509656772762645e-06,3.1188633761929716e-05,True,10,120,73,6000,0.08333333333333333,0.012166666666666666,6.8493150684931505,566;3603;3676;5142;5175;6376;6404;30835;64005;692094,30835;3603;3676;5142;5175;566;6376;64005;6404;692094
immune_biased,BP,GO:0043367,"CD4-positive, alpha-beta T cell differentiation",1.7406575410462871e-06,3.5702263665632836e-05,True,6,120,20,6000,0.05,0.0033333333333333335,15.0,3572;5692;9021;29110;64218;114836,114836;29110;3572;5692;64218;9021
immune_biased,BP,GO:0010556,regulation of macromolecule biosynthetic process,1.8066197861103722e-06,3.6790521501433364e-05,True,51,120,1394,6000,0.425,0.23233333333333334,1.8292682926829267,463;566;671;728;972;1051;1967;3572;3603;3623;3630;4261;4345;4690;4775;4792;5142;5292;5468;5595;5692;5987;6376;6421;7098;7186;7551;7554;8575;8741;10148;10385;10739;10743;25926;29110;51010;51561;60489;79908;84868;85480;90987;96459;114836;115362;118460;124411;149628;165918;344167,10148;10385;1051;10739;10743;114836;115362;118460;124411;149628;165918;1967;25926;29110;344167;3572;3603;3623;3630;4261;4345;463;4690;4775;4792;51010;5142;51561;5292;5468;5595;566;5692;5987;60489;6376;6421;671;7098;7186;728;7551;7554;79908;84868;85480;8575;8741;90987;96459;972
immune_biased,BP,GO:1903039,positive regulation of leukocyte cell-cell adhesion,1.974565142554523e-06,3.992542710229039e-05,True,11,120,93,6000,0.09166666666666666,0.0155,5.913978494623655,1326;3119;3559;3572;3676;4690;10148;30835;51561;84868;146850,10148;1326;146850;30835;3119;3559;3572;3676;4690;51561;84868
immune_biased,BP,GO:0048468,cell development,2.1041039607756317e-06,4.224507318430511e-05,True,27,120,514,6000,0.225,0.08566666666666667,2.6264591439688716,728;972;1051;1776;1967;2674;2896;3045;3572;3623;3676;4775;5175;5468;5595;5692;6376;9021;10890;23376;29110;64218;79908;96459;114836;115727;388552,1051;10890;114836;115727;1776;1967;23376;2674;2896;29110;3045;3572;3623;3676;388552;4775;5175;5468;5595;5692;6376;64218;728;79908;9021;96459;972
immune_biased,BP,GO:0002687,positive regulation of leukocyte migration,2.351929441274528e-06,4.6564936368567214e-05,True,8,120,45,6000,0.06666666666666667,0.0075,8.88888888888889,728;972;3676;5595;6376;8995;27347;51561,27347;3676;51561;5595;6376;728;8995;972
immune_biased,BP,GO:0050921,positive regulation of chemotaxis,2.351929441274528e-06,4.6564936368567214e-05,True,8,120,45,6000,0.06666666666666667,0.0075,8.88888888888889,566;728;972;3603;5595;8995;27347;51561,27347;3603;51561;5595;566;728;8995;972
immune_biased,BP,GO:0022408,negative regulation of cell-cell adhesion,2.3767709587226844e-06,4.6732234505643954e-05,True,9,120,60,6000,0.075,0.01,7.5,867;1051;1493;5133;5692;8995;10385;23376;84868,10385;1051;1493;23376;5133;5692;84868;867;8995
immune_biased,BP,GO:0009966,regulation of signal transduction,2.5806136932776997e-06,5.0392668763936456e-05,True,37,120,863,6000,0.30833333333333335,0.14383333333333334,2.1436848203939745,728;867;972;1493;3572;3623;3630;4345;4690;4792;5133;5142;5175;5292;5468;5595;5909;5987;6376;6421;7098;7186;9021;9770;10107;10148;23376;27347;29110;51561;57007;84868;85480;96459;115362;146850;149628,10107;10148;115362;146850;1493;149628;23376;27347;29110;3572;3623;3630;4345;4690;4792;5133;5142;51561;5175;5292;5468;5595;57007;5909;5987;6376;6421;7098;7186;728;84868;85480;867;9021;96459;972;9770
immune_biased,BP,GO:0042981,regulation of apoptotic process,2.759801980487987e-06,5.352513909096089e-05,True,22,120,368,6000,0.18333333333333332,0.06133333333333333,2.989130434782609,566;867;972;1493;2896;3572;3630;3676;4690;5292;5468;6376;6421;7186;8995;9021;9770;10148;57007;79269;85480;96459,10148;1493;2896;3572;3630;3676;4690;5292;5468;566;57007;6376;6421;7186;79269;85480;867;8995;9021;96459;972;9770
immune_biased,BP,GO:0046632,alpha-beta T cell differentiation,3.242732635369241e-06,6.246642394214665e-05,True,6,120,22,6000,0.05,0.0036666666666666666,13.636363636363637,3572;5692;9021;29110;64218;114836,114836;29110;3572;5692;64218;9021
immune_biased,BP,GO:0002275,myeloid cell activation involved in immune response,3.33331570181078e-06,6.378042326082238e-05,True,5,120,13,6000,0.041666666666666664,0.0021666666666666666,19.23076923076923,306;867;1776;2896;84868,1776;2896;306;84868;867
immune_biased,BP,GO:0042102,positive regulation of T cell proliferation,3.692490915125113e-06,7.018194399347799e-05,True,7,120,34,6000,0.058333333333333334,0.005666666666666667,10.294117647058822,3559;3572;4690;10148;30835;51561;84868,10148;30835;3559;3572;4690;51561;84868
immune_biased,BP,GO:0019222,regulation of metabolic process,3.7310065054833396e-06,7.044436786180796e-05,True,58,120,1726,6000,0.48333333333333334,0.2876666666666667,1.6801853997682503,463;566;671;728;972;1051;1967;2896;3572;3603;3623;3630;4261;4345;4690;4775;4792;5142;5292;5468;5595;5692;5806;5987;6376;6421;7098;7186;7551;7554;8575;8741;8995;9770;10148;10385;10739;10743;23376;25926;29110;51010;51561;60489;79908;84868;85480;90987;96459;114836;115362;118460;124411;134266;146850;149628;165918;344167,10148;10385;1051;10739;10743;114836;115362;118460;124411;134266;146850;149628;165918;1967;23376;25926;2896;29110;344167;3572;3603;3623;3630;4261;4345;463;4690;4775;4792;51010;5142;51561;5292;5468;5595;566;5692;5806;5987;60489;6376;6421;671;7098;7186;728;7551;7554;79908;84868;85480;8575;8741;8995;90987;96459;972;9770
immune_biased,BP,GO:0030335,positive regulation of cell migration,3.7590679502696505e-06,7.05072547777551e-05,True,14,120,163,6000,0.11666666666666667,0.027166666666666665,4.294478527607362,306;728;972;2896;3630;3676;5175;5595;6376;8995;27347;51561;57007;64218,27347;2896;306;3630;3676;51561;5175;5595;57007;6376;64218;728;8995;972
immune_biased,BP,GO:0048585,negative regulation of response to stimulus,4.042985518499146e-06,7.533693930222918e-05,True,25,120,468,6000,0.20833333333333334,0.078,2.670940170940171,867;972;1493;2896;3572;3623;3630;4345;4690;4792;5133;5142;5292;5468;5595;5692;6376;8995;9021;10148;23376;29110;57007;84868;96459,10148;1493;23376;2896;29110;3572;3623;3630;4345;4690;4792;5133;5142;5292;5468;5595;5692;57007;6376;84868;867;8995;9021;96459;972
immune_biased,BP,GO:0048519,negative regulation of biological process,4.390877204752467e-06,8.128825266720314e-05,True,52,120,1476,6000,0.43333333333333335,0.246,1.7615176151761518,463;566;671;867;972;1051;1493;2896;3572;3623;3630;3676;4261;4345;4690;4775;4792;5133;5142;5292;5468;5595;5692;5806;5909;5987;6376;6421;7098;7186;8575;8995;9021;9770;10148;10385;10890;23376;27347;29110;51010;51561;57007;60489;64218;84868;85480;96459;118460;124411;130120;165918,10148;10385;1051;10890;118460;124411;130120;1493;165918;23376;27347;2896;29110;3572;3623;3630;3676;4261;4345;463;4690;4775;4792;51010;5133;5142;51561;5292;5468;5595;566;5692;57007;5806;5909;5987;60489;6376;6421;64218;671;7098;7186;84868;85480;8575;867;8995;9021;96459;972;9770
immune_biased,BP,GO:0002449,lymphocyte mediated immunity,4.539732321156872e-06,8.296651825396309e-05,True,7,120,35,6000,0.058333333333333334,0.005833333333333334,10.0,713;972;2794;51010;64005;118460;165918,118460;165918;2794;51010;64005;713;972
immune_biased,BP,GO:0002698,negative regulation of immune effector process,4.539732321156872e-06,8.296651825396309e-05,True,7,120,35,6000,0.058333333333333334,0.005833333333333334,10.0,2896;3630;5133;5595;8995;23376;84868,23376;2896;3630;5133;5595;84868;8995
immune_biased,BP,GO:0048523,negative regulation of cellular process,4.84679265275828e-06,8.801405001919654e-05,True,50,120,1397,6000,0.4166666666666667,0.23283333333333334,1.7895490336435218,463;566;671;867;972;1051;1493;2896;3572;3623;3630;4261;4345;4690;4775;4792;5133;5142;5292;5468;5595;5692;5806;5909;5987;6376;6421;7098;7186;8575;8995;9021;9770;10148;10385;10890;23376;27347;29110;51010;51561;57007;60489;84868;85480;96459;118460;124411;130120;165918,10148;10385;1051;10890;118460;124411;130120;1493;165918;23376;27347;2896;29110;3572;3623;3630;4261;4345;463;4690;4775;4792;51010;5133;5142;51561;5292;5468;5595;566;5692;57007;5806;5909;5987;60489;6376;6421;671;7098;7186;84868;85480;8575;867;8995;9021;96459;972;9770
immune_biased,BP,GO:0045123,cellular extravasation,5.102487688870336e-06,9.149177610672534e-05,True,5,120,14,6000,0.041666666666666664,0.0023333333333333335,17.857142857142854,566;3676;5175;6376;6404,3676;5175;566;6376;6404
immune_biased,BP,GO:1905521,regulation of macrophage migration,5.102487688870336e-06,9.149177610672534e-05,True,5,120,14,6000,0.041666666666666664,0.0023333333333333335,17.857142857142854,728;4345;5595;6376;8995,4345;5595;6376;728;8995
immune_biased,BP,GO:0002685,regulation of leukocyte migration,5.3808692138193354e-06,9.528483309688773e-05,True,9,120,66,6000,0.075,0.011,6.818181818181818,728;972;3676;4345;5595;6376;8995;27347;51561,27347;3676;4345;51561;5595;6376;728;8995;972
immune_biased,BP,GO:2000147,positive regulation of cell motility,5.368568963335063e-06,9.528483309688773e-05,True,14,120,168,6000,0.11666666666666667,0.028,4.166666666666667,306;728;972;2896;3630;3676;5175;5595;6376;8995;27347;51561;57007;64218,27347;2896;306;3630;3676;51561;5175;5595;57007;6376;64218;728;8995;972
immune_biased,BP,GO:0043067,regulation of programmed cell death,5.554472402399567e-06,9.775185690889607e-05,True,22,120,384,6000,0.18333333333333332,0.064,2.864583333333333,566;867;972;1493;2896;3572;3630;3676;4690;5292;5468;6376;6421;7186;8995;9021;9770;10148;57007;79269;85480;96459,10148;1493;2896;3572;3630;3676;4690;5292;5468;566;57007;6376;6421;7186;79269;85480;867;8995;9021;96459;972;9770
immune_biased,BP,GO:0007162,negative regulation of cell adhesion,6.212572039804269e-06,0.00010800026149684128,True,10,120,85,6000,0.08333333333333333,0.014166666666666666,5.88235294117647,867;1051;1493;5133;5692;6376;8995;10385;23376;84868,10385;1051;1493;23376;5133;5692;6376;84868;867;8995
immune_biased,BP,GO:0050870,positive regulation of T cell activation,6.212572039804269e-06,0.00010800026149684128,True,10,120,85,6000,0.08333333333333333,0.014166666666666666,5.88235294117647,1326;3119;3559;3572;4690;10148;30835;51561;84868;146850,10148;1326;146850;30835;3119;3559;3572;4690;51561;84868
immune_biased,BP,GO:0032675,regulation of interleukin-6 production,6.28522596202294e-06,0.00010860108616804487,True,8,120,51,6000,0.06666666666666667,0.0085,7.8431372549019605,671;972;3603;4345;6376;7098;84868;85480,3603;4345;6376;671;7098;84868;85480;972
immune_biased,BP,GO:0043030,regulation of macrophage activation,7.327868688309478e-06,0.00012585393753235136,True,6,120,25,6000,0.05,0.004166666666666667,12.0,671;972;2896;4345;6376;84868,2896;4345;6376;671;84868;972
immune_biased,BP,GO:0002287,alpha-beta T cell activation involved in immune response,7.53174466020968e-06,0.0001278155001562964,True,5,120,15,6000,0.041666666666666664,0.0025,16.666666666666664,3572;5692;9021;64218;114836,114836;3572;5692;64218;9021
immune_biased,BP,GO:0002292,T cell differentiation involved in immune response,7.53174466020968e-06,0.0001278155001562964,True,5,120,15,6000,0.041666666666666664,0.0025,16.666666666666664,3572;5692;9021;64218;114836,114836;3572;5692;64218;9021
immune_biased,BP,GO:0009889,regulation of biosynthetic process,7.934257361465574e-06,0.0001338495132398719,True,51,120,1462,6000,0.425,0.24366666666666667,1.744186046511628,463;566;671;728;972;1051;1967;3572;3603;3623;3630;4261;4345;4690;4775;4792;5142;5292;5468;5595;5692;5987;6376;6421;7098;7186;7551;7554;8575;8741;10148;10385;10739;10743;25926;29110;51010;51561;60489;79908;84868;85480;90987;96459;114836;115362;118460;124411;149628;165918;344167,10148;10385;1051;10739;10743;114836;115362;118460;124411;149628;165918;1967;25926;29110;344167;3572;3603;3623;3630;4261;4345;463;4690;4775;4792;51010;5142;51561;5292;5468;5595;566;5692;5987;60489;6376;6421;671;7098;7186;728;7551;7554;79908;84868;85480;8575;8741;90987;96459;972
immune_biased,BP,GO:0050852,T cell receptor signaling pathway,9.371556482426993e-06,0.00015716651489058447,True,6,120,26,6000,0.05,0.004333333333333333,11.53846153846154,1493;1967;3119;5142;10385;79908,10385;1493;1967;3119;5142;79908
immune_biased,BP,GO:1902105,regulation of leukocyte differentiation,9.438484276698355e-06,0.00015736326709278953,True,10,120,89,6000,0.08333333333333333,0.014833333333333334,5.617977528089887,972;1051;1493;3559;3623;5692;7098;8995;51561;146850,1051;146850;1493;3559;3623;51561;5692;7098;8995;972
immune_biased,BP,GO:0009615,response to virus,1.0441114297309927e-05,0.0001730675398932012,True,10,120,90,6000,0.08333333333333333,0.015,5.555555555555555,566;4690;5987;7098;8575;10107;29110;60489;115362;256987,10107;115362;256987;29110;4690;566;5987;60489;7098;8575
immune_biased,BP,GO:0023051,regulation of signaling,1.3665416134834865e-05,0.00022520289826829016,True,39,120,1002,6000,0.325,0.167,1.9461077844311376,640;728;867;972;1493;3572;3623;3630;4345;4690;4792;5133;5142;5175;5292;5468;5595;5909;5987;6376;6421;7098;7186;9021;9770;10107;10148;23376;27347;29110;51561;57007;84868;85480;96459;115362;146850;149628;169026,10107;10148;115362;146850;1493;149628;169026;23376;27347;29110;3572;3623;3630;4345;4690;4792;5133;5142;51561;5175;5292;5468;5595;57007;5909;5987;6376;640;6421;7098;7186;728;84868;85480;867;9021;96459;972;9770
immune_biased,BP,GO:0010646,regulation of cell communication,1.4339048084478796e-05,0.00023494612694740832,True,39,120,1004,6000,0.325,0.16733333333333333,1.9422310756972112,640;728;867;972;1493;3572;3623;3630;4345;4690;4792;5133;5142;5175;5292;5468;5595;5909;5987;6376;6421;7098;7186;9021;9770;10107;10148;23376;27347;29110;51561;57007;84868;85480;96459;115362;146850;149628;169026,10107;10148;115362;146850;1493;149628;169026;23376;27347;29110;3572;3623;3630;4345;4690;4792;5133;5142;51561;5175;5292;5468;5595;57007;5909;5987;6376;640;6421;7098;7186;728;84868;85480;867;9021;96459;972;9770
immune_biased,BP,GO:0007259,cell surface receptor signaling pathway via JAK-STAT,1.8409565900115064e-05,0.0002999181278927317,True,6,120,29,6000,0.05,0.004833333333333334,10.344827586206897,3559;3572;9021;10148;51561;85480,10148;3559;3572;51561;85480;9021
immune_biased,BP,GO:0045595,regulation of cell differentiation,1.922647201327242e-05,0.00031144699835136176,True,22,120,415,6000,0.18333333333333332,0.06916666666666667,2.650602409638554,463;972;1051;1493;2896;3559;3572;3623;3630;4775;4792;5292;5468;5692;5909;6376;7098;8995;51561;96459;130120;146850,1051;130120;146850;1493;2896;3559;3572;3623;3630;463;4775;4792;51561;5292;5468;5692;5909;6376;7098;8995;96459;972
immune_biased,BP,GO:0016064,immunoglobulin mediated immune response,2.047864279438992e-05,0.0003280034303753127,True,5,120,18,6000,0.041666666666666664,0.003,13.888888888888888,713;972;51010;118460;165918,118460;165918;51010;713;972
immune_biased,BP,GO:0019724,B cell mediated immunity,2.047864279438992e-05,0.0003280034303753127,True,5,120,18,6000,0.041666666666666664,0.003,13.888888888888888,713;972;51010;118460;165918,118460;165918;51010;713;972
immune_biased,BP,GO:0050920,regulation of chemotaxis,2.173227671818092e-05,0.00034613810571806593,True,8,120,60,6000,0.06666666666666667,0.01,6.666666666666666,566;728;972;3603;5595;8995;27347;51561,27347;3603;51561;5595;566;728;8995;972
immune_biased,BP,GO:0040012,regulation of locomotion,2.3900890717197765e-05,0.0003785635524151713,True,18,120,300,6000,0.15,0.05,2.9999999999999996,306;566;728;972;2896;3603;3630;3676;4345;5175;5468;5595;6376;8995;27347;51561;57007;64218,27347;2896;306;3603;3630;3676;4345;51561;5175;5468;5595;566;57007;6376;64218;728;8995;972
immune_biased,BP,GO:0071675,regulation of mononuclear cell migration,2.595954389467231e-05,0.0004088986720647003,True,7,120,45,6000,0.058333333333333334,0.0075,7.777777777777779,728;3676;4345;5595;6376;8995;27347,27347;3676;4345;5595;6376;728;8995
immune_biased,BP,GO:0031348,negative regulation of defense response,2.6655838562641707e-05,0.00041755931726423904,True,9,120,80,6000,0.075,0.013333333333333334,5.624999999999999,2896;3630;4345;5133;5292;5468;5692;6376;84868,2896;3630;4345;5133;5292;5468;5692;6376;84868
immune_biased,BP,GO:0019731,antibacterial humoral response,2.7350087557676306e-05,0.00042609344058434505,True,5,120,19,6000,0.041666666666666664,0.0031666666666666666,13.157894736842104,671;5266;6038;8342;259239,259239;5266;6038;671;8342
immune_biased,BP,GO:1905523,positive regulation of macrophage migration,2.9124149089946546e-05,0.0004512660274752044,True,4,120,10,6000,0.03333333333333333,0.0016666666666666668,20.0,728;5595;6376;8995,5595;6376;728;8995
immune_biased,BP,GO:0071677,positive regulation of mononuclear cell migration,3.3438635687205004e-05,0.000515316488347143,True,6,120,32,6000,0.05,0.005333333333333333,9.375,728;3676;5595;6376;8995;27347,27347;3676;5595;6376;728;8995
immune_biased,BP,GO:0030154,cell differentiation,3.410317826962354e-05,0.0005227320497134232,True,33,120,812,6000,0.275,0.13533333333333333,2.0320197044334978,566;640;728;972;1051;1776;1967;2674;2896;3045;3572;3623;3676;4775;5175;5266;5468;5595;5692;6376;9021;10890;23376;29110;51752;57007;64218;79908;96459;114836;115727;344167;388552,1051;10890;114836;115727;1776;1967;23376;2674;2896;29110;3045;344167;3572;3623;3676;388552;4775;5175;51752;5266;5468;5595;566;5692;57007;6376;640;64218;728;79908;9021;96459;972
immune_biased,BP,GO:0048869,cellular developmental process,3.4980728242678163e-05,0.0005333158086624355,True,33,120,813,6000,0.275,0.1355,2.029520295202952,566;640;728;972;1051;1776;1967;2674;2896;3045;3572;3623;3676;4775;5175;5266;5468;5595;5692;6376;9021;10890;23376;29110;51752;57007;64218;79908;96459;114836;115727;344167;388552,1051;10890;114836;115727;1776;1967;23376;2674;2896;29110;3045;344167;3572;3623;3676;388552;4775;5175;51752;5266;5468;5595;566;5692;57007;6376;640;64218;728;79908;9021;96459;972
immune_biased,BP,GO:0032722,positive regulation of chemokine production,3.588656422988629e-05,0.0005413364794677557,True,5,120,20,6000,0.041666666666666664,0.0033333333333333335,12.499999999999998,566;972;7098;84868;85480,566;7098;84868;85480;972
immune_biased,BP,GO:0071622,regulation of granulocyte chemotaxis,3.588656422988629e-05,0.0005413364794677557,True,5,120,20,6000,0.041666666666666664,0.0033333333333333335,12.499999999999998,728;972;5595;8995;51561,51561;5595;728;8995;972
immune_biased,BP,GO:0097696,cell surface receptor signaling pathway via STAT,4.020693425743515e-05,0.0006033156293049873,True,6,120,33,6000,0.05,0.0055,9.090909090909092,3559;3572;9021;10148;51561;85480,10148;3559;3572;51561;85480;9021
immune_biased,BP,GO:0032501,multicellular organismal process,4.144895351467378e-05,0.0006186961595305495,True,51,120,1546,6000,0.425,0.25766666666666665,1.649417852522639,306;566;728;867;972;1051;1776;1967;2674;2896;3045;3572;3623;3630;3676;4690;4775;5142;5175;5266;5468;5595;5692;6376;6404;7186;7551;8741;8995;9021;10148;10890;23376;27347;29110;30835;51010;51752;57007;64218;79908;84868;96459;114836;115350;118460;165918;338398;344167;388552;390265,10148;1051;10890;114836;115350;118460;165918;1776;1967;23376;2674;27347;2896;29110;3045;306;30835;338398;344167;3572;3623;3630;3676;388552;390265;4690;4775;51010;5142;5175;51752;5266;5468;5595;566;5692;57007;6376;6404;64218;7186;728;7551;79908;84868;867;8741;8995;9021;96459;972
immune_biased,BP,GO:0002834,regulation of response to tumor cell,4.506041561001581e-05,0.0006554451270620156,True,4,120,11,6000,0.03333333333333333,0.0018333333333333333,18.181818181818183,5133;5595;23376;84868,23376;5133;5595;84868
immune_biased,BP,GO:0002837,regulation of immune response to tumor cell,4.506041561001581e-05,0.0006554451270620156,True,4,120,11,6000,0.03333333333333333,0.0018333333333333333,18.181818181818183,5133;5595;23376;84868,23376;5133;5595;84868
immune_biased,BP,GO:0050860,negative regulation of T cell receptor signaling pathway,4.506041561001581e-05,0.0006554451270620156,True,4,120,11,6000,0.03333333333333333,0.0018333333333333333,18.181818181818183,867;1493;4690;5133,1493;4690;5133;867
immune_biased,BP,GO:0072538,T-helper 17 type immune response,4.506041561001581e-05,0.0006554451270620156,True,4,120,11,6000,0.03333333333333333,0.0018333333333333333,18.181818181818183,3572;5692;9021;114836,114836;3572;5692;9021
immune_biased,BP,GO:0150076,neuroinflammatory response,4.506041561001581e-05,0.0006554451270620156,True,4,120,11,6000,0.03333333333333333,0.0018333333333333333,18.181818181818183,566;728;2896;6376,2896;566;6376;728
immune_biased,BP,GO:0002690,positive regulation of leukocyte chemotaxis,4.803145783078728e-05,0.0006916044761392653,True,6,120,34,6000,0.05,0.005666666666666667,8.823529411764707,728;972;5595;8995;27347;51561,27347;51561;5595;728;8995;972
immune_biased,BP,GO:0043122,regulation of canonical NF-kappaB signal transduction,4.7800042734446186e-05,0.0006916044761392653,True,9,120,86,6000,0.075,0.014333333333333333,5.232558139534883,972;3630;4345;4792;6376;7098;7186;23376;29110,23376;29110;3630;4345;4792;6376;7098;7186;972
immune_biased,BP,GO:0001818,negative regulation of cytokine production,6.283079104998633e-05,0.0009001536948920152,True,9,120,89,6000,0.075,0.014833333333333334,5.056179775280898,671;3623;4345;4792;5987;6376;10385;51561;84868,10385;3623;4345;4792;51561;5987;6376;671;84868
immune_biased,BP,GO:0002825,regulation of T-helper 1 type immune response,6.654836489195008e-05,0.0009486469415347484,True,4,120,12,6000,0.03333333333333333,0.002,16.666666666666668,3572;10148;51561;84868,10148;3572;51561;84868
immune_biased,BP,GO:0032680,regulation of tumor necrosis factor production,6.816416837596036e-05,0.0009668459902480745,True,7,120,52,6000,0.058333333333333334,0.008666666666666666,6.730769230769231,566;671;5692;6376;7098;51561;84868,51561;566;5692;6376;671;7098;84868
immune_biased,BP,GO:0043066,negative regulation of apoptotic process,7.097545309021182e-05,0.0010017377067336331,True,14,120,211,6000,0.11666666666666667,0.035166666666666666,3.3175355450236967,566;867;972;2896;3572;3630;5292;6376;7186;8995;9021;10148;57007;85480,10148;2896;3572;3630;5292;566;57007;6376;7186;85480;867;8995;9021;972
immune_biased,BP,GO:0001959,regulation of cytokine-mediated signaling pathway,7.724940441159796e-05,0.0010743319608656867,True,7,120,53,6000,0.058333333333333334,0.008833333333333334,6.60377358490566,972;3572;5468;5987;7186;29110;85480,29110;3572;5468;5987;7186;85480;972
immune_biased,BP,GO:1903555,regulation of tumor necrosis factor superfamily cytokine production,7.724940441159796e-05,0.0010743319608656867,True,7,120,53,6000,0.058333333333333334,0.008833333333333334,6.60377358490566,566;671;5692;6376;7098;51561;84868,51561;566;5692;6376;671;7098;84868
immune_biased,BP,GO:1903706,regulation of hemopoiesis,7.696481947263259e-05,0.0010743319608656867,True,10,120,113,6000,0.08333333333333333,0.018833333333333334,4.424778761061947,972;1051;1493;3559;3623;5692;7098;8995;51561;146850,1051;146850;1493;3559;3623;51561;5692;7098;8995;972
immune_biased,BP,GO:0002715,regulation of natural killer cell mediated immunity,9.464394230978982e-05,0.0013035259880444965,True,4,120,13,6000,0.03333333333333333,0.0021666666666666666,15.384615384615385,84868;114836;115727;146850,114836;115727;146850;84868
immune_biased,BP,GO:0043368,positive T cell selection,9.464394230978982e-05,0.0013035259880444965,True,4,120,13,6000,0.03333333333333333,0.0021666666666666666,15.384615384615385,3572;4775;9021;114836,114836;3572;4775;9021
immune_biased,BP,GO:0042113,B cell activation,9.839159680697394e-05,0.0013486271273878978,True,7,120,55,6000,0.058333333333333334,0.009166666666666667,6.363636363636363,3572;3676;51010;96459;115350;118460;165918,115350;118460;165918;3572;3676;51010;96459
immune_biased,BP,GO:0050821,protein stabilization,0.00010136429863291771,0.0013827254325476,True,8,120,74,6000,0.06666666666666667,0.012333333333333333,5.405405405405405,867;972;2896;5292;8575;9770;23376;149628,149628;23376;2896;5292;8575;867;972;9770
immune_biased,BP,GO:0002221,pattern recognition receptor signaling pathway,0.00010738575495069465,0.0014578894636401451,True,6,120,39,6000,0.05,0.0065,7.692307692307693,4792;7098;7186;29110;84868;130120,130120;29110;4792;7098;7186;84868
immune_biased,BP,GO:0071222,cellular response to lipopolysaccharide,0.00011060494032966411,0.0014944771795254615,True,7,120,56,6000,0.058333333333333334,0.009333333333333334,6.25,671;1051;4345;5142;5724;84868;115362,1051;115362;4345;5142;5724;671;84868
immune_biased,BP,GO:0009968,negative regulation of signal transduction,0.00011383946933838998,0.0015309260711497633,True,19,120,369,6000,0.15833333333333333,0.0615,2.5745257452574526,867;972;1493;3572;3623;3630;4345;4690;4792;5133;5142;5468;5595;6376;9021;23376;29110;57007;96459,1493;23376;29110;3572;3623;3630;4345;4690;4792;5133;5142;5468;5595;57007;6376;867;9021;96459;972
immune_biased,BP,GO:0043069,negative regulation of programmed cell death,0.00011700798052046532,0.001566149072600219,True,14,120,221,6000,0.11666666666666667,0.036833333333333336,3.167420814479638,566;867;972;2896;3572;3630;5292;6376;7186;8995;9021;10148;57007;85480,10148;2896;3572;3630;5292;566;57007;6376;7186;85480;867;8995;9021;972
immune_biased,BP,GO:0060759,regulation of response to cytokine stimulus,0.00012402383784152534,0.0016522988863840594,True,7,120,57,6000,0.058333333333333334,0.0095,6.140350877192983,972;3572;5468;5987;7186;29110;85480,29110;3572;5468;5987;7186;85480;972
immune_biased,BP,GO:0030334,regulation of cell migration,0.00012645050193608496,0.0016767924698594336,True,16,120,280,6000,0.13333333333333333,0.04666666666666667,2.8571428571428568,306;728;972;2896;3630;3676;4345;5175;5468;5595;6376;8995;27347;51561;57007;64218,27347;2896;306;3630;3676;4345;51561;5175;5468;5595;57007;6376;64218;728;8995;972
immune_biased,BP,GO:0050853,B cell receptor signaling pathway,0.00013046052415815757,0.0017140228312207708,True,4,120,14,6000,0.03333333333333333,0.0023333333333333335,14.285714285714285,640;1493;4792;10603,10603;1493;4792;640
immune_biased,BP,GO:0050858,negative regulation of antigen receptor-mediated signaling pathway,0.00013046052415815757,0.0017140228312207708,True,4,120,14,6000,0.03333333333333333,0.0023333333333333335,14.285714285714285,867;1493;4690;5133,1493;4690;5133;867
immune_biased,BP,GO:0002688,regulation of leukocyte chemotaxis,0.00014324314844816306,0.001873331267090426,True,6,120,41,6000,0.05,0.006833333333333334,7.317073170731708,728;972;5595;8995;27347;51561,27347;51561;5595;728;8995;972
immune_biased,BP,GO:0001910,regulation of leukocyte mediated cytotoxicity,0.00016704498497673007,0.00216475114622117,True,5,120,27,6000,0.041666666666666664,0.0045,9.25925925925926,1776;51561;84868;114836;146850,114836;146850;1776;51561;84868
immune_biased,BP,GO:0002520,immune system development,0.00016704498497673007,0.00216475114622117,True,5,120,27,6000,0.041666666666666664,0.0045,9.25925925925926,51010;84868;118460;165918;344167,118460;165918;344167;51010;84868
immune_biased,BP,GO:0002761,regulation of myeloid leukocyte differentiation,0.00020013269904027567,0.0025472246650170803,True,5,120,28,6000,0.041666666666666664,0.004666666666666667,8.928571428571427,972;1051;3623;7098;51561,1051;3623;51561;7098;972
immune_biased,BP,GO:0032642,regulation of chemokine production,0.00020013269904027567,0.0025472246650170803,True,5,120,28,6000,0.041666666666666664,0.004666666666666667,8.928571428571427,566;972;7098;84868;85480,566;7098;84868;85480;972
immune_biased,BP,GO:0050793,regulation of developmental process,0.00019959762954609246,0.0025472246650170803,True,26,120,625,6000,0.21666666666666667,0.10416666666666667,2.08,306;463;728;972;1051;1493;2896;3559;3572;3623;3630;4775;4792;5292;5468;5692;5909;6376;7098;8741;8995;51561;64218;96459;130120;146850,1051;130120;146850;1493;2896;306;3559;3572;3623;3630;463;4775;4792;51561;5292;5468;5692;5909;6376;64218;7098;728;8741;8995;96459;972
immune_biased,BP,GO:2000145,regulation of cell motility,0.00019790681032128758,0.0025472246650170803,True,16,120,291,6000,0.13333333333333333,0.0485,2.7491408934707904,306;728;972;2896;3630;3676;4345;5175;5468;5595;6376;8995;27347;51561;57007;64218,27347;2896;306;3630;3676;4345;51561;5175;5468;5595;57007;6376;64218;728;8995;972
immune_biased,BP,GO:0043085,positive regulation of catalytic activity,0.00020981215418903307,0.0026585531181908145,True,8,120,82,6000,0.06666666666666667,0.013666666666666667,4.878048780487805,2896;3630;5595;5909;7098;7186;9770;146850,146850;2896;3630;5595;5909;7098;7186;9770
immune_biased,BP,GO:0044093,positive regulation of molecular function,0.00021124868782036778,0.0026649115441410116,True,9,120,104,6000,0.075,0.017333333333333333,4.326923076923077,2896;3630;5595;5909;7098;7186;9770;146850;149628,146850;149628;2896;3630;5595;5909;7098;7186;9770
immune_biased,BP,GO:2001233,regulation of apoptotic signaling pathway,0.00022835975711569758,0.002868077830558827,True,8,120,83,6000,0.06666666666666667,0.013833333333333333,4.819277108433735,972;3630;4690;5468;6376;6421;7186;57007,3630;4690;5468;57007;6376;6421;7186;972
immune_biased,BP,GO:0150077,regulation of neuroinflammatory response,0.0002299556257841643,0.0028754538996081246,True,4,120,16,6000,0.03333333333333333,0.0026666666666666666,12.5,2896;4345;5595;6376,2896;4345;5595;6376
immune_biased,BP,GO:0071219,cellular response to molecule of bacterial origin,0.00023506362161323377,0.0029264907651499104,True,7,120,63,6000,0.058333333333333334,0.0105,5.555555555555555,671;1051;4345;5142;5724;84868;115362,1051;115362;4345;5142;5724;671;84868
immune_biased,BP,GO:0031341,regulation of cell killing,0.00023799168511114247,0.0029500621489211617,True,5,120,29,6000,0.041666666666666664,0.004833333333333334,8.620689655172413,1776;51561;84868;114836;146850,114836;146850;1776;51561;84868
immune_biased,BP,GO:0002758,innate immune response-activating signaling pathway,0.00024310074620174593,0.003000347304853583,True,6,120,45,6000,0.05,0.0075,6.666666666666667,4792;7098;7186;29110;84868;130120,130120;29110;4792;7098;7186;84868
immune_biased,BP,GO:0051094,positive regulation of developmental process,0.0002538008373192849,0.003118905979298626,True,18,120,360,6000,0.15,0.06,2.5,306;463;728;972;1051;2896;3559;3572;3630;4775;5292;5468;6376;7098;8741;51561;64218;146850,1051;146850;2896;306;3559;3572;3630;463;4775;51561;5292;5468;6376;64218;7098;728;8741;972
immune_biased,BP,GO:0010648,negative regulation of cell communication,0.0002594247268916856,0.0031743343191768052,True,19,120,393,6000,0.15833333333333333,0.0655,2.4173027989821882,867;972;1493;3572;3623;3630;4345;4690;4792;5133;5142;5468;5595;6376;9021;23376;29110;57007;96459,1493;23376;29110;3572;3623;3630;4345;4690;4792;5133;5142;5468;5595;57007;6376;867;9021;96459;972
immune_biased,BP,GO:0023057,negative regulation of signaling,0.0002680278924718441,0.0032655876984496904,True,19,120,394,6000,0.15833333333333333,0.06566666666666666,2.4111675126903553,867;972;1493;3572;3623;3630;4345;4690;4792;5133;5142;5468;5595;6376;9021;23376;29110;57007;96459,1493;23376;29110;3572;3623;3630;4345;4690;4792;5133;5142;5468;5595;57007;6376;867;9021;96459;972
immune_biased,BP,GO:0045824,negative regulation of innate immune response,0.0002810622893683782,0.0033810488902499846,True,5,120,30,6000,0.041666666666666664,0.005,8.333333333333332,2896;3630;5292;5468;84868,2896;3630;5292;5468;84868
immune_biased,BP,GO:0050864,regulation of B cell activation,0.0002810622893683782,0.0033810488902499846,True,5,120,30,6000,0.041666666666666664,0.005,8.333333333333332,972;1493;3623;8741;10148,10148;1493;3623;8741;972
immune_biased,BP,GO:1902106,negative regulation of leukocyte differentiation,0.0002810622893683782,0.0033810488902499846,True,5,120,30,6000,0.041666666666666664,0.005,8.333333333333332,1493;3623;5692;7098;8995,1493;3623;5692;7098;8995
immune_biased,BP,GO:0060284,regulation of cell development,0.0002867097319537807,0.0034344934697488603,True,13,120,212,6000,0.10833333333333334,0.035333333333333335,3.0660377358490565,972;1051;1493;2896;3559;3623;3630;5692;6376;7098;8995;51561;146850,1051;146850;1493;2896;3559;3623;3630;51561;5692;6376;7098;8995;972
immune_biased,BP,GO:0032715,negative regulation of interleukin-6 production,0.00029608676350114673,0.003531980597245897,True,4,120,17,6000,0.03333333333333333,0.0028333333333333335,11.76470588235294,671;4345;6376;84868,4345;6376;671;84868
immune_biased,BP,GO:0010605,negative regulation of macromolecule metabolic process,0.0003108619621890082,0.00369278105917026,True,29,120,754,6000,0.24166666666666667,0.12566666666666668,1.923076923076923,463;671;1051;3623;3630;4261;4345;4690;4775;4792;5468;5806;5987;6376;6421;7186;8575;9770;10385;23376;29110;51010;51561;60489;84868;96459;118460;124411;165918,10385;1051;118460;124411;165918;23376;29110;3623;3630;4261;4345;463;4690;4775;4792;51010;51561;5468;5806;5987;60489;6376;6421;671;7186;84868;8575;96459;9770
immune_biased,BP,GO:0045619,regulation of lymphocyte differentiation,0.00031490194869484726,0.0037252508536473427,True,7,120,66,6000,0.058333333333333334,0.011,5.303030303030304,1493;3559;3623;5692;8995;51561;146850,146850;1493;3559;3623;51561;5692;8995
immune_biased,BP,GO:0032102,negative regulation of response to external stimulus,0.00032291059339058134,0.0038042070320518486,True,9,120,110,6000,0.075,0.018333333333333333,4.090909090909091,2896;3630;4345;5133;5292;5468;5692;6376;84868,2896;3630;4345;5133;5292;5468;5692;6376;84868
immune_biased,BP,GO:1903707,negative regulation of hemopoiesis,0.00032980183090802203,0.00386940337415132,True,5,120,31,6000,0.041666666666666664,0.005166666666666667,8.064516129032258,1493;3623;5692;7098;8995,1493;3623;5692;7098;8995
immune_biased,BP,GO:0035556,intracellular signal transduction,0.0003572634702093437,0.004174418662159176,True,22,120,505,6000,0.18333333333333332,0.08416666666666667,2.178217821782178,566;640;1051;1326;3630;4775;4792;5292;5298;5468;5595;7098;7186;9021;10603;23376;27347;29110;30835;57007;84868;115727,1051;10603;115727;1326;23376;27347;29110;30835;3630;4775;4792;5292;5298;5468;5595;566;57007;640;7098;7186;84868;9021
immune_biased,BP,GO:0030888,regulation of B cell proliferation,0.0003748319408459342,0.00432650147105975,True,4,120,18,6000,0.03333333333333333,0.003,11.11111111111111,972;1493;8741;10148,10148;1493;8741;972
immune_biased,BP,GO:0045620,negative regulation of lymphocyte differentiation,0.0003748319408459342,0.00432650147105975,True,4,120,18,6000,0.03333333333333333,0.003,11.11111111111111,1493;3623;5692;8995,1493;3623;5692;8995
immune_biased,BP,GO:0070661,leukocyte proliferation,0.0003748319408459342,0.00432650147105975,True,4,120,18,6000,0.03333333333333333,0.003,11.11111111111111,6376;8995;10148;30835,10148;30835;6376;8995
immune_biased,BP,GO:0010629,negative regulation of gene expression,0.00037730585846051533,0.00433749597770536,True,16,120,308,6000,0.13333333333333333,0.051333333333333335,2.5974025974025974,671;3623;3630;4345;4792;5468;5987;6376;8575;10385;29110;51010;51561;60489;84868;118460,10385;118460;29110;3623;3630;4345;4792;51010;51561;5468;5987;60489;6376;671;84868;8575
immune_biased,BP,GO:0042063,gliogenesis,0.00039104670884788814,0.004477406292872807,True,6,120,49,6000,0.05,0.008166666666666666,6.122448979591837,566;728;1967;2896;5595;6376,1967;2896;5595;566;6376;728
immune_biased,BP,GO:2000026,regulation of multicellular organismal development,0.00040506709066772165,0.004619385101974697,True,18,120,374,6000,0.15,0.06233333333333333,2.406417112299465,306;728;972;1051;1493;2896;3559;3623;5292;5468;5692;6376;7098;8995;51561;64218;130120;146850,1051;130120;146850;1493;2896;306;3559;3623;51561;5292;5468;5692;6376;64218;7098;728;8995;972
immune_biased,BP,GO:0030099,myeloid cell differentiation,0.00041519739069386535,0.00469733238439766,True,7,120,69,6000,0.058333333333333334,0.0115,5.072463768115942,1051;3045;3572;3623;5468;23376;115727,1051;115727;23376;3045;3572;3623;5468
immune_biased,BP,GO:0071216,cellular response to biotic stimulus,0.00041519739069386535,0.00469733238439766,True,7,120,69,6000,0.058333333333333334,0.0115,5.072463768115942,671;1051;4345;5142;5724;84868;115362,1051;115362;4345;5142;5724;671;84868
immune_biased,BP,GO:0006935,chemotaxis,0.0004215866167285119,0.0047320608043031,True,9,120,114,6000,0.075,0.019,3.9473684210526314,566;728;3603;5142;5724;6376;57007;64218;692094,3603;5142;566;57007;5724;6376;64218;692094;728
immune_biased,BP,GO:0042330,taxis,0.0004215866167285119,0.0047320608043031,True,9,120,114,6000,0.075,0.019,3.9473684210526314,566;728;3603;5142;5724;6376;57007;64218;692094,3603;5142;566;57007;5724;6376;64218;692094;728
immune_biased,BP,GO:0002708,positive regulation of lymphocyte mediated immunity,0.00044619764871128094,0.004969177720608836,True,5,120,33,6000,0.041666666666666664,0.0055,7.575757575757576,7186;8741;51561;114836;115727,114836;115727;51561;7186;8741
immune_biased,BP,GO:0032760,positive regulation of tumor necrosis factor production,0.00044619764871128094,0.004969177720608836,True,5,120,33,6000,0.041666666666666664,0.0055,7.575757575757576,566;5692;7098;51561;84868,51561;566;5692;7098;84868
immune_biased,BP,GO:0001961,positive regulation of cytokine-mediated signaling pathway,0.00046749376838947003,0.0050485785366605265,True,4,120,19,6000,0.03333333333333333,0.0031666666666666666,10.526315789473685,972;7186;29110;85480,29110;7186;85480;972
immune_biased,BP,GO:0007159,leukocyte cell-cell adhesion,0.00046749376838947003,0.0050485785366605265,True,4,120,19,6000,0.03333333333333333,0.0031666666666666666,10.526315789473685,3676;5175;6404;30835,30835;3676;5175;6404
immune_biased,BP,GO:0009892,negative regulation of metabolic process,0.0004601521809734711,0.0050485785366605265,True,30,120,810,6000,0.25,0.135,1.8518518518518516,463;671;1051;2896;3623;3630;4261;4345;4690;4775;4792;5468;5806;5987;6376;6421;7186;8575;9770;10385;23376;29110;51010;51561;60489;84868;96459;118460;124411;165918,10385;1051;118460;124411;165918;23376;2896;29110;3623;3630;4261;4345;463;4690;4775;4792;51010;51561;5468;5806;5987;60489;6376;6421;671;7186;84868;8575;96459;9770
immune_biased,BP,GO:0032733,positive regulation of interleukin-10 production,0.00046749376838947003,0.0050485785366605265,True,4,120,19,6000,0.03333333333333333,0.0031666666666666666,10.526315789473685,3572;10148;51561;85480,10148;3572;51561;85480
immune_biased,BP,GO:0042130,negative regulation of T cell proliferation,0.00046749376838947003,0.0050485785366605265,True,4,120,19,6000,0.03333333333333333,0.0031666666666666666,10.526315789473685,1051;1493;10385;84868,10385;1051;1493;84868
immune_biased,BP,GO:0050672,negative regulation of lymphocyte proliferation,0.00046749376838947003,0.0050485785366605265,True,4,120,19,6000,0.03333333333333333,0.0031666666666666666,10.526315789473685,1051;1493;10385;84868,10385;1051;1493;84868
immune_biased,BP,GO:0050856,regulation of T cell receptor signaling pathway,0.00046749376838947003,0.0050485785366605265,True,4,120,19,6000,0.03333333333333333,0.0031666666666666666,10.526315789473685,867;1493;4690;5133,1493;4690;5133;867
immune_biased,BP,GO:0071346,cellular response to type II interferon,0.00046749376838947003,0.0050485785366605265,True,4,120,19,6000,0.03333333333333333,0.0031666666666666666,10.526315789473685,4261;4345;5292;115362,115362;4261;4345;5292
immune_biased,BP,GO:0019882,antigen processing and presentation,0.0005148469919665385,0.005518153286077449,True,5,120,34,6000,0.041666666666666664,0.005666666666666667,7.352941176470587,972;3119;10890;30835;51752,10890;30835;3119;51752;972
immune_biased,BP,GO:1903557,positive regulation of tumor necrosis factor superfamily cytokine production,0.0005148469919665385,0.005518153286077449,True,5,120,34,6000,0.041666666666666664,0.005666666666666667,7.352941176470587,566;5692;7098;51561;84868,51561;566;5692;7098;84868
immune_biased,BP,GO:0040011,locomotion,0.0005439025683275933,0.005807738660306998,True,9,120,118,6000,0.075,0.019666666666666666,3.8135593220338984,566;728;3603;5142;5724;6376;57007;64218;692094,3603;5142;566;57007;5724;6376;64218;692094;728
immune_biased,BP,GO:0002707,negative regulation of lymphocyte mediated immunity,0.0005753955694293653,0.006053331248867603,True,4,120,20,6000,0.03333333333333333,0.0033333333333333335,10.0,5133;5595;23376;84868,23376;5133;5595;84868
immune_biased,BP,GO:0032945,negative regulation of mononuclear cell proliferation,0.0005753955694293653,0.006053331248867603,True,4,120,20,6000,0.03333333333333333,0.0033333333333333335,10.0,1051;1493;10385;84868,10385;1051;1493;84868
immune_biased,BP,GO:0045600,positive regulation of fat cell differentiation,0.0005753955694293653,0.006053331248867603,True,4,120,20,6000,0.03333333333333333,0.0033333333333333335,10.0,1051;3630;5292;5468,1051;3630;5292;5468
immune_biased,BP,GO:0070664,negative regulation of leukocyte proliferation,0.0005753955694293653,0.006053331248867603,True,4,120,20,6000,0.03333333333333333,0.0033333333333333335,10.0,1051;1493;10385;84868,10385;1051;1493;84868
immune_biased,BP,GO:0016477,cell migration,0.0005788516848446295,0.006067302034897201,True,13,120,228,6000,0.10833333333333334,0.038,2.8508771929824563,566;2674;3603;3676;4690;5142;5175;6376;6404;30835;57007;64005;692094,2674;30835;3603;3676;4690;5142;5175;566;57007;6376;64005;6404;692094
immune_biased,BP,GO:0050728,negative regulation of inflammatory response,0.0006015445056977542,0.006282063684045044,True,6,120,53,6000,0.05,0.008833333333333334,5.660377358490567,2896;3630;4345;5133;5692;6376,2896;3630;4345;5133;5692;6376
immune_biased,BP,GO:1902532,negative regulation of intracellular signal transduction,0.0006312172793692736,0.0065678849032182445,True,12,120,201,6000,0.1,0.0335,2.985074626865672,972;3630;4345;4690;4792;5142;5468;5595;23376;29110;57007;96459,23376;29110;3630;4345;4690;4792;5142;5468;5595;57007;96459;972
immune_biased,BP,GO:0061844,antimicrobial humoral immune response mediated by antimicrobial peptide,0.0006756374066627272,0.007004517259619765,True,5,120,36,6000,0.041666666666666664,0.006,6.944444444444444,671;6376;8342;85480;130120,130120;6376;671;8342;85480
immune_biased,BP,GO:0032663,regulation of interleukin-2 production,0.0006998764195765126,0.007229520551495064,True,4,120,21,6000,0.03333333333333333,0.0035,9.523809523809524,5142;5692;7186;84868,5142;5692;7186;84868
immune_biased,BP,GO:1901700,response to oxygen-containing compound,0.0007134589647173053,0.007343218441909882,True,19,120,426,6000,0.15833333333333333,0.071,2.2300469483568075,671;867;1051;1967;3630;3676;4345;5142;5292;5468;5595;5724;10603;10890;27347;84868;115362;130120;169026,1051;10603;10890;115362;130120;169026;1967;27347;3630;3676;4345;5142;5292;5468;5595;5724;671;84868;867
immune_biased,BP,GO:0070374,positive regulation of ERK1 and ERK2 cascade,0.0007353067480560361,0.00754086165002791,True,6,120,55,6000,0.05,0.009166666666666667,5.454545454545455,728;972;5595;6376;57007;84868,5595;57007;6376;728;84868;972
immune_biased,BP,GO:0002360,T cell lineage commitment,0.0008450065119550315,0.008336033098905864,True,3,120,10,6000,0.025,0.0016666666666666668,15.0,3572;9021;114836,114836;3572;9021
immune_biased,BP,GO:0002377,immunoglobulin production,0.0008450065119550315,0.008336033098905864,True,3,120,10,6000,0.025,0.0016666666666666668,15.0,51010;118460;165918,118460;165918;51010
immune_biased,BP,GO:0002440,production of molecular mediator of immune response,0.0008450065119550315,0.008336033098905864,True,3,120,10,6000,0.025,0.0016666666666666668,15.0,51010;118460;165918,118460;165918;51010
immune_biased,BP,GO:0002562,somatic diversification of immune receptors via germline recombination within a single locus,0.0008450065119550315,0.008336033098905864,True,3,120,10,6000,0.025,0.0016666666666666668,15.0,51010;118460;165918,118460;165918;51010
immune_biased,BP,GO:0002704,negative regulation of leukocyte mediated immunity,0.0008422864817633073,0.008336033098905864,True,4,120,22,6000,0.03333333333333333,0.0036666666666666666,9.090909090909092,5133;5595;23376;84868,23376;5133;5595;84868
immune_biased,BP,GO:0010558,negative regulation of macromolecule biosynthetic process,0.0008299652609941725,0.008336033098905864,True,25,120,647,6000,0.20833333333333334,0.10783333333333334,1.9319938176197837,463;671;1051;3623;3630;4261;4345;4690;4775;4792;5468;5987;6376;6421;8575;10385;29110;51010;51561;60489;84868;96459;118460;124411;165918,10385;1051;118460;124411;165918;29110;3623;3630;4261;4345;463;4690;4775;4792;51010;51561;5468;5987;60489;6376;6421;671;84868;8575;96459
immune_biased,BP,GO:0010758,regulation of macrophage chemotaxis,0.0008450065119550315,0.008336033098905864,True,3,120,10,6000,0.025,0.0016666666666666668,15.0,728;5595;8995,5595;728;8995
immune_biased,BP,GO:0016444,somatic cell DNA recombination,0.0008450065119550315,0.008336033098905864,True,3,120,10,6000,0.025,0.0016666666666666668,15.0,51010;118460;165918,118460;165918;51010
immune_biased,BP,GO:0016445,somatic diversification of immunoglobulins,0.0008450065119550315,0.008336033098905864,True,3,120,10,6000,0.025,0.0016666666666666668,15.0,51010;118460;165918,118460;165918;51010
immune_biased,BP,GO:0060760,positive regulation of response to cytokine stimulus,0.0008422864817633073,0.008336033098905864,True,4,120,22,6000,0.03333333333333333,0.0036666666666666666,9.090909090909092,972;7186;29110;85480,29110;7186;85480;972
immune_biased,BP,GO:0071624,positive regulation of granulocyte chemotaxis,0.0008450065119550315,0.008336033098905864,True,3,120,10,6000,0.025,0.0016666666666666668,15.0,728;972;51561,51561;728;972
immune_biased,BP,GO:0002705,positive regulation of leukocyte mediated immunity,0.0008713521035779802,0.008536855145363648,True,5,120,38,6000,0.041666666666666664,0.006333333333333333,6.578947368421052,7186;8741;51561;114836;115727,114836;115727;51561;7186;8741
immune_biased,BP,GO:0097529,myeloid leukocyte migration,0.0008713521035779802,0.008536855145363648,True,5,120,38,6000,0.041666666666666664,0.006333333333333333,6.578947368421052,566;5142;5175;6376;692094,5142;5175;566;6376;692094
immune_biased,BP,GO:0045596,negative regulation of cell differentiation,0.000881721663089552,0.008608864594069565,True,11,120,180,6000,0.09166666666666666,0.03,3.0555555555555554,463;1493;3623;4775;4792;5468;5692;5909;7098;8995;130120,130120;1493;3623;463;4775;4792;5468;5692;5909;7098;8995
immune_biased,BP,GO:0002709,regulation of T cell mediated immunity,0.0009837000960231698,0.009539214196469583,True,5,120,39,6000,0.041666666666666664,0.0065,6.410256410256411,5133;5595;7186;23376;51561,23376;5133;51561;5595;7186
immune_biased,BP,GO:0032652,regulation of interleukin-1 production,0.0009837000960231698,0.009539214196469583,True,5,120,39,6000,0.041666666666666664,0.0065,6.410256410256411,566;3603;6376;84868;115362,115362;3603;566;6376;84868
immune_biased,BP,GO:0032653,regulation of interleukin-10 production,0.0010039826242846377,0.00967011642511994,True,4,120,23,6000,0.03333333333333333,0.003833333333333333,8.695652173913043,3572;10148;51561;85480,10148;3572;51561;85480
immune_biased,BP,GO:0050854,regulation of antigen receptor-mediated signaling pathway,0.0010039826242846377,0.00967011642511994,True,4,120,23,6000,0.03333333333333333,0.003833333333333333,8.695652173913043,867;1493;4690;5133,1493;4690;5133;867
immune_biased,BP,GO:0048872,homeostasis of number of cells,0.0010709729139657764,0.010280618780189994,True,6,120,59,6000,0.05,0.009833333333333333,5.084745762711865,3045;3623;5142;5692;8741;23376,23376;3045;3623;5142;5692;8741
immune_biased,BP,GO:0051048,negative regulation of secretion,0.001106472728561086,0.010585750835998846,True,5,120,40,6000,0.041666666666666664,0.006666666666666667,6.249999999999999,972;3623;3630;4345;27347,27347;3623;3630;4345;972
immune_biased,BP,GO:1902624,positive regulation of neutrophil migration,0.0011449862980844126,0.010917578380731307,True,3,120,11,6000,0.025,0.0018333333333333333,13.636363636363637,728;972;51561,51561;728;972
immune_biased,BP,GO:0043123,positive regulation of canonical NF-kappaB signal transduction,0.0011708128255805313,0.011052938297119518,True,6,120,60,6000,0.05,0.01,5.0,972;3630;6376;7098;7186;29110,29110;3630;6376;7098;7186;972
immune_biased,BP,GO:0045165,cell fate commitment,0.0011708128255805313,0.011052938297119518,True,6,120,60,6000,0.05,0.01,5.0,3572;5468;9021;10890;114836;344167,10890;114836;344167;3572;5468;9021
immune_biased,BP,GO:0045580,regulation of T cell differentiation,0.0011708128255805313,0.011052938297119518,True,6,120,60,6000,0.05,0.01,5.0,1493;3559;5692;8995;51561;146850,146850;1493;3559;51561;5692;8995
immune_biased,BP,GO:0021782,glial cell development,0.001186324309915414,0.0111624112461018,True,4,120,24,6000,0.03333333333333333,0.004,8.333333333333334,728;1967;2896;5595,1967;2896;5595;728
immune_biased,BP,GO:0043065,positive regulation of apoptotic process,0.001221482632302966,0.011455417712814987,True,9,120,132,6000,0.075,0.022,3.409090909090909,1493;2896;3676;4690;5468;6421;7186;9770;96459,1493;2896;3676;4690;5468;6421;7186;96459;9770
immune_biased,BP,GO:0046887,positive regulation of hormone secretion,0.0012402546146878814,0.011517804255619381,True,5,120,41,6000,0.041666666666666664,0.006833333333333334,6.097560975609755,640;3623;3630;5468;169026,169026;3623;3630;5468;640
immune_biased,BP,GO:0071674,mononuclear cell migration,0.0012402546146878814,0.011517804255619381,True,5,120,41,6000,0.041666666666666664,0.006833333333333334,6.097560975609755,566;5175;30835;64005;692094,30835;5175;566;64005;692094
immune_biased,BP,GO:2001242,regulation of intrinsic apoptotic signaling pathway,0.0012402546146878814,0.011517804255619381,True,5,120,41,6000,0.041666666666666664,0.006833333333333334,6.097560975609755,972;3630;4690;6421;57007,3630;4690;57007;6421;972
immune_biased,BP,GO:0070534,protein K63-linked ubiquitination,0.001390669744567612,0.012872725460267083,True,4,120,25,6000,0.03333333333333333,0.004166666666666667,8.0,867;5987;7186;165918,165918;5987;7186;867
immune_biased,BP,GO:0002200,somatic diversification of immune receptors,0.0015044656091485655,0.013703614861605625,True,3,120,12,6000,0.025,0.002,12.5,51010;118460;165918,118460;165918;51010
immune_biased,BP,GO:0009890,negative regulation of biosynthetic process,0.0014977377923413489,0.013703614861605625,True,25,120,674,6000,0.20833333333333334,0.11233333333333333,1.85459940652819,463;671;1051;3623;3630;4261;4345;4690;4775;4792;5468;5987;6376;6421;8575;10385;29110;51010;51561;60489;84868;96459;118460;124411;165918,10385;1051;118460;124411;165918;29110;3623;3630;4261;4345;463;4690;4775;4792;51010;51561;5468;5987;60489;6376;6421;671;84868;8575;96459
immune_biased,BP,GO:0034472,snRNA 3'-end processing,0.0015044656091485655,0.013703614861605625,True,3,120,12,6000,0.025,0.002,12.5,51010;118460;203522,118460;203522;51010
immune_biased,BP,GO:0042269,regulation of natural killer cell mediated cytotoxicity,0.0015044656091485655,0.013703614861605625,True,3,120,12,6000,0.025,0.002,12.5,84868;114836;146850,114836;146850;84868
immune_biased,BP,GO:0090022,regulation of neutrophil chemotaxis,0.0015044656091485655,0.013703614861605625,True,3,120,12,6000,0.025,0.002,12.5,728;972;51561,51561;728;972
immune_biased,BP,GO:0006897,endocytosis,0.001514686214779036,0.013752771969219845,True,8,120,110,6000,0.06666666666666667,0.018333333333333333,3.6363636363636362,306;867;3676;5175;5298;5595;57007;64005,306;3676;5175;5298;5595;57007;64005;867
immune_biased,BP,GO:0032496,response to lipopolysaccharide,0.001563204343799517,0.014148239949753724,True,7,120,86,6000,0.058333333333333334,0.014333333333333333,4.069767441860465,671;1051;4345;5142;5724;84868;115362,1051;115362;4345;5142;5724;671;84868
immune_biased,BP,GO:0031647,regulation of protein stability,0.0016054911603393248,0.014484985120656378,True,8,120,111,6000,0.06666666666666667,0.0185,3.6036036036036037,867;972;2896;5292;8575;9770;23376;149628,149628;23376;2896;5292;8575;867;972;9770
immune_biased,BP,GO:1904892,regulation of receptor signaling pathway via STAT,0.0016183722743559792,0.014555139918576961,True,4,120,26,6000,0.03333333333333333,0.004333333333333333,7.6923076923076925,5468;9021;51561;85480,51561;5468;85480;9021
immune_biased,BP,GO:0043068,positive regulation of programmed cell death,0.0016692322033245368,0.014965349093327843,True,9,120,138,6000,0.075,0.023,3.260869565217391,1493;2896;3676;4690;5468;6421;7186;9770;96459,1493;2896;3676;4690;5468;6421;7186;96459;9770
immune_biased,BP,GO:0050708,regulation of protein secretion,0.0017812489448909758,0.015919563454182356,True,6,120,65,6000,0.05,0.010833333333333334,4.615384615384616,640;3572;3630;4345;5468;169026,169026;3572;3630;4345;5468;640
immune_biased,BP,GO:0045765,regulation of angiogenesis,0.0017872146488209038,0.01592296551183874,True,7,120,88,6000,0.058333333333333334,0.014666666666666666,3.9772727272727275,306;728;2896;5468;7098;64218;146850,146850;2896;306;5468;64218;7098;728
immune_biased,BP,GO:0032732,positive regulation of interleukin-1 production,0.001870777020334978,0.01651264794109914,True,4,120,27,6000,0.03333333333333333,0.0045,7.407407407407407,566;3603;84868;115362,115362;3603;566;84868
immune_biased,BP,GO:0070555,response to interleukin-1,0.001870777020334978,0.01651264794109914,True,4,120,27,6000,0.03333333333333333,0.0045,7.407407407407407,1051;4792;5595;169026,1051;169026;4792;5595
immune_biased,BP,GO:1901222,regulation of non-canonical NF-kappaB signal transduction,0.001870777020334978,0.01651264794109914,True,4,120,27,6000,0.03333333333333333,0.0045,7.407407407407407,4792;9770;51561;84868,4792;51561;84868;9770
immune_biased,BP,GO:0032735,positive regulation of interleukin-12 production,0.0019274121092001985,0.01670228548124549,True,3,120,13,6000,0.025,0.0021666666666666666,11.53846153846154,3603;7098;51561,3603;51561;7098
immune_biased,BP,GO:0032943,mononuclear cell proliferation,0.0019274121092001985,0.01670228548124549,True,3,120,13,6000,0.025,0.0021666666666666666,11.53846153846154,8995;10148;30835,10148;30835;8995
immune_biased,BP,GO:0033209,tumor necrosis factor-mediated signaling pathway,0.0019274121092001985,0.01670228548124549,True,3,120,13,6000,0.025,0.0021666666666666666,11.53846153846154,4792;7186;8995,4792;7186;8995
immune_biased,BP,GO:0046651,lymphocyte proliferation,0.0019274121092001985,0.01670228548124549,True,3,120,13,6000,0.025,0.0021666666666666666,11.53846153846154,8995;10148;30835,10148;30835;8995
immune_biased,BP,GO:0071354,cellular response to interleukin-6,0.0019274121092001985,0.01670228548124549,True,3,120,13,6000,0.025,0.0021666666666666666,11.53846153846154,3572;6404;9021,3572;6404;9021
immune_biased,BP,GO:1901342,regulation of vasculature development,0.0019081922529323528,0.01670228548124549,True,7,120,89,6000,0.058333333333333334,0.014833333333333334,3.932584269662921,306;728;2896;5468;7098;64218;146850,146850;2896;306;5468;64218;7098;728
immune_biased,BP,GO:0032869,cellular response to insulin stimulus,0.002095285319452308,0.01804730648265417,True,5,120,46,6000,0.041666666666666664,0.007666666666666666,5.434782608695652,3630;5468;5595;10603;10890,10603;10890;3630;5468;5595
immune_biased,BP,GO:0048856,anatomical structure development,0.002090787857890866,0.01804730648265417,True,38,120,1220,6000,0.31666666666666665,0.20333333333333334,1.5573770491803278,566;728;867;972;1051;1776;1967;2674;2896;3045;3572;3623;3676;4775;5175;5266;5298;5468;5595;5692;6376;9021;10890;23376;29110;51010;51752;57007;64218;79908;84868;96459;114836;115727;118460;165918;344167;388552,1051;10890;114836;115727;118460;165918;1776;1967;23376;2674;2896;29110;3045;344167;3572;3623;3676;388552;4775;51010;5175;51752;5266;5298;5468;5595;566;5692;57007;6376;64218;728;79908;84868;867;9021;96459;972
immune_biased,BP,GO:0048870,cell motility,0.002127786506363376,0.018272046173620438,True,14,120,295,6000,0.11666666666666667,0.049166666666666664,2.3728813559322037,566;2674;3603;3676;4690;5142;5175;5692;6376;6404;30835;57007;64005;692094,2674;30835;3603;3676;4690;5142;5175;566;5692;57007;6376;64005;6404;692094
immune_biased,BP,GO:0002444,myeloid leukocyte mediated immunity,0.0024174898142116643,0.020211916305916292,True,3,120,14,6000,0.025,0.0023333333333333335,10.714285714285714,306;566;867,306;566;867
immune_biased,BP,GO:0002673,regulation of acute inflammatory response,0.0024174898142116643,0.020211916305916292,True,3,120,14,6000,0.025,0.0023333333333333335,10.714285714285714,1776;3572;3630,1776;3572;3630
immune_biased,BP,GO:0002710,negative regulation of T cell mediated immunity,0.0024174898142116643,0.020211916305916292,True,3,120,14,6000,0.025,0.0023333333333333335,10.714285714285714,5133;5595;23376,23376;5133;5595
immune_biased,BP,GO:0032647,regulation of interferon-alpha production,0.0024174898142116643,0.020211916305916292,True,3,120,14,6000,0.025,0.0023333333333333335,10.714285714285714,7098;29110;84868,29110;7098;84868
immune_biased,BP,GO:0032743,positive regulation of interleukin-2 production,0.0024174898142116643,0.020211916305916292,True,3,120,14,6000,0.025,0.0023333333333333335,10.714285714285714,5142;5692;7186,5142;5692;7186
immune_biased,BP,GO:0045670,regulation of osteoclast differentiation,0.0024174898142116643,0.020211916305916292,True,3,120,14,6000,0.025,0.0023333333333333335,10.714285714285714,1051;7098;51561,1051;51561;7098
immune_biased,BP,GO:0070741,response to interleukin-6,0.0024174898142116643,0.020211916305916292,True,3,120,14,6000,0.025,0.0023333333333333335,10.714285714285714,3572;6404;9021,3572;6404;9021
immune_biased,BP,GO:1902622,regulation of neutrophil migration,0.0024174898142116643,0.020211916305916292,True,3,120,14,6000,0.025,0.0023333333333333335,10.714285714285714,728;972;51561,51561;728;972
immune_biased,BP,GO:2000404,regulation of T cell migration,0.0024174898142116643,0.020211916305916292,True,3,120,14,6000,0.025,0.0023333333333333335,10.714285714285714,3676;4345;27347,27347;3676;4345
immune_biased,BP,GO:0002237,response to molecule of bacterial origin,0.002456938074509606,0.0204219546659676,True,7,120,93,6000,0.058333333333333334,0.0155,3.763440860215054,671;1051;4345;5142;5724;84868;115362,1051;115362;4345;5142;5724;671;84868
immune_biased,BP,GO:0032755,positive regulation of interleukin-6 production,0.0024550139094211025,0.0204219546659676,True,4,120,29,6000,0.03333333333333333,0.004833333333333334,6.896551724137931,972;3603;7098;85480,3603;7098;85480;972
immune_biased,BP,GO:0032879,regulation of localization,0.002730749248451641,0.02263187821899892,True,20,120,514,6000,0.16666666666666666,0.08566666666666667,1.9455252918287935,566;640;867;972;1051;3572;3623;3630;4345;4792;5142;5175;5292;5468;5595;6376;23376;27347;149628;169026,1051;149628;169026;23376;27347;3572;3623;3630;4345;4792;5142;5175;5292;5468;5595;566;6376;640;867;972
immune_biased,BP,GO:0030595,leukocyte chemotaxis,0.002779283014072128,0.02296735035686851,True,5,120,49,6000,0.041666666666666664,0.008166666666666666,5.1020408163265305,566;3603;5142;6376;692094,3603;5142;566;6376;692094
immune_biased,BP,GO:2001235,positive regulation of apoptotic signaling pathway,0.002789468004813827,0.02298489387781567,True,4,120,30,6000,0.03333333333333333,0.005,6.666666666666666,4690;5468;6421;7186,4690;5468;6421;7186
immune_biased,BP,GO:0002699,positive regulation of immune effector process,0.0028026124523074895,0.023026651589419748,True,6,120,71,6000,0.05,0.011833333333333333,4.225352112676057,972;7186;8741;51561;114836;115727,114836;115727;51561;7186;8741;972
immune_biased,BP,GO:1901701,cellular response to oxygen-containing compound,0.002895669336812584,0.023722854250726084,True,14,120,305,6000,0.11666666666666667,0.050833333333333335,2.2950819672131146,671;1051;3630;3676;4345;5142;5292;5468;5595;5724;10603;10890;84868;115362,1051;10603;10890;115362;3630;3676;4345;5142;5292;5468;5595;5724;671;84868
immune_biased,BP,GO:0032371,regulation of sterol transport,0.002978071793134319,0.024189409351071063,True,3,120,15,6000,0.025,0.0025,10.0,4792;5468;5595,4792;5468;5595
immune_biased,BP,GO:0032374,regulation of cholesterol transport,0.002978071793134319,0.024189409351071063,True,3,120,15,6000,0.025,0.0025,10.0,4792;5468;5595,4792;5468;5595
immune_biased,BP,GO:0046006,regulation of activated T cell proliferation,0.002978071793134319,0.024189409351071063,True,3,120,15,6000,0.025,0.0025,10.0,3559;10385;51561,10385;3559;51561
immune_biased,BP,GO:0046883,regulation of hormone secretion,0.003008344374217693,0.02429685498837009,True,6,120,72,6000,0.05,0.012,4.166666666666667,640;3572;3623;3630;5468;169026,169026;3572;3623;3630;5468;640
immune_biased,BP,GO:0051093,negative regulation of developmental process,0.003003849363956963,0.02429685498837009,True,12,120,241,6000,0.1,0.04016666666666667,2.4896265560165975,463;1493;3623;4775;4792;5468;5692;5909;7098;8995;64218;130120,130120;1493;3623;463;4775;4792;5468;5692;5909;64218;7098;8995
immune_biased,BP,GO:0051046,regulation of secretion,0.003233601808948886,0.026042369370941454,True,9,120,152,6000,0.075,0.025333333333333333,2.9605263157894735,640;972;3572;3623;3630;4345;5468;27347;169026,169026;27347;3572;3623;3630;4345;5468;640;972
immune_biased,BP,GO:0141124,intracellular signaling cassette,0.0032664370793043466,0.02623271017773716,True,11,120,212,6000,0.09166666666666666,0.035333333333333335,2.594339622641509,1051;1326;3630;4775;4792;5595;7098;7186;29110;57007;115727,1051;115727;1326;29110;3630;4775;4792;5595;57007;7098;7186
immune_biased,BP,GO:0045893,positive regulation of DNA-templated transcription,0.0035326558650971116,0.02829101649267378,True,18,120,452,6000,0.15,0.07533333333333334,1.9911504424778759,463;1051;4261;4345;4690;4775;4792;5292;5468;5595;5987;6376;6421;7098;10743;25926;29110;149628,1051;10743;149628;25926;29110;4261;4345;463;4690;4775;4792;5292;5468;5595;5987;6376;6421;7098
immune_biased,BP,GO:0002821,positive regulation of adaptive immune response,0.0035494600063182627,0.02834596772552764,True,4,120,32,6000,0.03333333333333333,0.005333333333333333,6.25,3572;7186;8741;51561,3572;51561;7186;8741
immune_biased,BP,GO:0002224,toll-like receptor signaling pathway,0.0036122524471382017,0.028408955046612117,True,3,120,16,6000,0.025,0.0026666666666666666,9.375,7098;7186;130120,130120;7098;7186
immune_biased,BP,GO:0016180,snRNA processing,0.0036122524471382017,0.028408955046612117,True,3,120,16,6000,0.025,0.0026666666666666666,9.375,51010;118460;203522,118460;203522;51010
immune_biased,BP,GO:0045581,negative regulation of T cell differentiation,0.0036122524471382017,0.028408955046612117,True,3,120,16,6000,0.025,0.0026666666666666666,9.375,1493;5692;8995,1493;5692;8995
immune_biased,BP,GO:0045766,positive regulation of angiogenesis,0.003612090847750731,0.028408955046612117,True,5,120,52,6000,0.041666666666666664,0.008666666666666666,4.8076923076923075,306;728;2896;7098;146850,146850;2896;306;7098;728
immune_biased,BP,GO:0070887,cellular response to chemical stimulus,0.003605362007388355,0.028408955046612117,True,21,120,564,6000,0.175,0.094,1.8617021276595744,566;671;867;1051;3603;3630;3676;4345;5142;5292;5468;5595;5724;6376;10603;10890;27347;57007;84868;115362;692094,1051;10603;10890;115362;27347;3603;3630;3676;4345;5142;5292;5468;5595;566;57007;5724;6376;671;692094;84868;867
immune_biased,BP,GO:1902680,positive regulation of RNA biosynthetic process,0.0036171345780148015,0.028408955046612117,True,18,120,453,6000,0.15,0.0755,1.9867549668874172,463;1051;4261;4345;4690;4775;4792;5292;5468;5595;5987;6376;6421;7098;10743;25926;29110;149628,1051;10743;149628;25926;29110;4261;4345;463;4690;4775;4792;5292;5468;5595;5987;6376;6421;7098
immune_biased,BP,GO:0032502,developmental process,0.003941432025283082,0.030405113558339934,True,40,120,1350,6000,0.3333333333333333,0.225,1.4814814814814814,566;640;728;867;972;1051;1776;1967;2674;2896;3045;3572;3623;3676;4775;5175;5266;5298;5468;5595;5692;5987;6376;9021;10890;23376;29110;51010;51752;57007;64218;79908;84868;96459;114836;115727;118460;165918;344167;388552,1051;10890;114836;115727;118460;165918;1776;1967;23376;2674;2896;29110;3045;344167;3572;3623;3676;388552;4775;51010;5175;51752;5266;5298;5468;5595;566;5692;57007;5987;6376;640;64218;728;79908;84868;867;9021;96459;972
immune_biased,BP,GO:0045637,regulation of myeloid cell differentiation,0.003925689425047913,0.030405113558339934,True,5,120,53,6000,0.041666666666666664,0.008833333333333334,4.716981132075471,972;1051;3623;7098;51561,1051;3623;51561;7098;972
immune_biased,BP,GO:0050678,regulation of epithelial cell proliferation,0.003945945989682839,0.030405113558339934,True,6,120,76,6000,0.05,0.012666666666666666,3.947368421052632,728;2896;3676;5468;5909;130120,130120;2896;3676;5468;5909;728
immune_biased,BP,GO:0051049,regulation of transport,0.003895038566132009,0.030405113558339934,True,17,120,420,6000,0.14166666666666666,0.07,2.0238095238095237,566;640;867;972;1051;3572;3623;3630;4345;4792;5142;5292;5468;5595;6376;27347;169026,1051;169026;27347;3572;3623;3630;4345;4792;5142;5292;5468;5595;566;6376;640;867;972
immune_biased,BP,GO:0051050,positive regulation of transport,0.0039051308901808988,0.030405113558339934,True,11,120,217,6000,0.09166666666666666,0.036166666666666666,2.5345622119815667,566;640;867;1051;3623;3630;5292;5468;6376;27347;169026,1051;169026;27347;3623;3630;5292;5468;566;6376;640;867
immune_biased,BP,GO:0060326,cell chemotaxis,0.003945945989682839,0.030405113558339934,True,6,120,76,6000,0.05,0.012666666666666666,3.947368421052632,566;3603;5142;6376;57007;692094,3603;5142;566;57007;6376;692094
immune_biased,BP,GO:1904018,positive regulation of vasculature development,0.003925689425047913,0.030405113558339934,True,5,120,53,6000,0.041666666666666664,0.008833333333333334,4.716981132075471,306;728;2896;7098;146850,146850;2896;306;7098;728
immune_biased,BP,GO:0045860,positive regulation of protein kinase activity,0.0039774961935743975,0.0305656109107294,True,4,120,33,6000,0.03333333333333333,0.0055,6.0606060606060606,7098;7186;9770;146850,146850;7098;7186;9770
immune_biased,BP,GO:1905953,negative regulation of lipid localization,0.004322859379346141,0.033130301318590995,True,3,120,17,6000,0.025,0.0028333333333333335,8.823529411764707,4792;5468;5595,4792;5468;5595
immune_biased,BP,GO:0051051,negative regulation of transport,0.0043619320115521575,0.0333401291285126,True,7,120,103,6000,0.058333333333333334,0.017166666666666667,3.3980582524271843,972;3623;3630;4345;4792;5595;27347,27347;3623;3630;4345;4792;5595;972
immune_biased,BP,GO:0035821,modulation of process of another organism,0.00443918275378878,0.03365986710386121,True,4,120,34,6000,0.03333333333333333,0.005666666666666667,5.88235294117647,972;4261;5806;10107,10107;4261;5806;972
immune_biased,BP,GO:0051851,host-mediated perturbation of symbiont process,0.00443918275378878,0.03365986710386121,True,4,120,34,6000,0.03333333333333333,0.005666666666666667,5.88235294117647,972;4261;5806;10107,10107;4261;5806;972
immune_biased,BP,GO:1903432,regulation of TORC1 signaling,0.00443918275378878,0.03365986710386121,True,4,120,34,6000,0.03333333333333333,0.005666666666666667,5.88235294117647,5292;5595;29110;96459,29110;5292;5595;96459
immune_biased,BP,GO:0051247,positive regulation of protein metabolic process,0.004485095822070136,0.03391779360403702,True,11,120,221,6000,0.09166666666666666,0.036833333333333336,2.4886877828054295,1967;2896;4690;7098;7186;8995;9770;23376;51561;146850;149628,146850;149628;1967;23376;2896;4690;51561;7098;7186;8995;9770
immune_biased,BP,GO:0051223,regulation of protein transport,0.0046007992082205094,0.034700736885282205,True,7,120,104,6000,0.058333333333333334,0.017333333333333333,3.3653846153846154,640;3572;3630;4345;4792;5468;169026,169026;3572;3630;4345;4792;5468;640
immune_biased,BP,GO:0033674,positive regulation of kinase activity,0.004935703126365862,0.03712846863659386,True,4,120,35,6000,0.03333333333333333,0.005833333333333334,5.7142857142857135,7098;7186;9770;146850,146850;7098;7186;9770
immune_biased,BP,GO:0002791,regulation of peptide secretion,0.004983215132482042,0.037289098012352494,True,5,120,56,6000,0.041666666666666664,0.009333333333333334,4.4642857142857135,640;972;3572;3630;169026,169026;3572;3630;640;972
immune_biased,BP,GO:0090087,regulation of peptide transport,0.004983215132482042,0.037289098012352494,True,5,120,56,6000,0.041666666666666664,0.009333333333333334,4.4642857142857135,640;972;3572;3630;169026,169026;3572;3630;640;972
immune_biased,BP,GO:0002312,B cell activation involved in immune response,0.005112464867046183,0.037957388895699655,True,3,120,18,6000,0.025,0.003,8.333333333333334,51010;118460;165918,118460;165918;51010
immune_biased,BP,GO:0065008,regulation of biological quality,0.005103424246511845,0.037957388895699655,True,27,120,818,6000,0.225,0.13633333333333333,1.6503667481662592,566;640;728;867;972;2896;3572;3623;3630;3676;4690;5175;5292;5468;6376;7186;8575;9770;23376;27347;51752;57007;64218;149628;169026;256987;388552,149628;169026;23376;256987;27347;2896;3572;3623;3630;3676;388552;4690;5175;51752;5292;5468;566;57007;6376;640;64218;7186;728;8575;867;972;9770
immune_biased,BP,GO:2000401,regulation of lymphocyte migration,0.005112464867046183,0.037957388895699655,True,3,120,18,6000,0.025,0.003,8.333333333333334,3676;4345;27347,27347;3676;4345
immune_biased,BP,GO:0008406,gonad development,0.005468211341328749,0.04028390318896192,True,4,120,36,6000,0.03333333333333333,0.006,5.555555555555555,867;1051;2674;3623,1051;2674;3623;867
immune_biased,BP,GO:0045137,development of primary sexual characteristics,0.005468211341328749,0.04028390318896192,True,4,120,36,6000,0.03333333333333333,0.006,5.555555555555555,867;1051;2674;3623,1051;2674;3623;867
immune_biased,BP,GO:0045598,regulation of fat cell differentiation,0.005468211341328749,0.04028390318896192,True,4,120,36,6000,0.03333333333333333,0.006,5.555555555555555,1051;3630;5292;5468,1051;3630;5292;5468
immune_biased,BP,GO:0070372,regulation of ERK1 and ERK2 cascade,0.005736996803313782,0.042155097644968026,True,6,120,82,6000,0.05,0.013666666666666667,3.658536585365854,728;972;5595;6376;57007;84868,5595;57007;6376;728;84868;972
immune_biased,BP,GO:0080090,regulation of primary metabolic process,0.005797722124134894,0.04249178862701435,True,41,120,1423,6000,0.3416666666666667,0.23716666666666666,1.4406184118060437,463;972;1051;1967;2896;3630;4261;4345;4690;4775;4792;5292;5468;5595;5692;5806;5987;6376;6421;7098;7186;7551;7554;8575;8741;8995;9770;10743;23376;25926;29110;51561;60489;90987;96459;124411;134266;146850;149628;165918;344167,1051;10743;124411;134266;146850;149628;165918;1967;23376;25926;2896;29110;344167;3630;4261;4345;463;4690;4775;4792;51561;5292;5468;5595;5692;5806;5987;60489;6376;6421;7098;7186;7551;7554;8575;8741;8995;90987;96459;972;9770
immune_biased,BP,GO:0007249,canonical NF-kappaB signal transduction,0.0059833969480443195,0.04351700178284274,True,3,120,19,6000,0.025,0.0031666666666666666,7.894736842105264,4792;7186;29110,29110;4792;7186
immune_biased,BP,GO:0032655,regulation of interleukin-12 production,0.0059833969480443195,0.04351700178284274,True,3,120,19,6000,0.025,0.0031666666666666666,7.894736842105264,3603;7098;51561,3603;51561;7098
immune_biased,BP,GO:1904263,positive regulation of TORC1 signaling,0.0059833969480443195,0.04351700178284274,True,3,120,19,6000,0.025,0.0031666666666666666,7.894736842105264,5292;29110;96459,29110;5292;96459
immune_biased,BP,GO:0008285,negative regulation of cell population proliferation,0.006007584289806382,0.043581737430631026,True,9,120,167,6000,0.075,0.027833333333333335,2.6946107784431135,1051;1493;3572;4345;5468;5909;8575;10385;84868,10385;1051;1493;3572;4345;5468;5909;84868;8575
immune_biased,BP,GO:0010001,glial cell differentiation,0.006037830518409968,0.04361151700058779,True,4,120,37,6000,0.03333333333333333,0.006166666666666667,5.405405405405405,728;1967;2896;5595,1967;2896;5595;728
immune_biased,BP,GO:0045597,positive regulation of cell differentiation,0.0060422831340695106,0.04361151700058779,True,11,120,230,6000,0.09166666666666666,0.03833333333333333,2.391304347826087,463;972;1051;3559;3572;3630;5292;5468;6376;51561;146850,1051;146850;3559;3572;3630;463;51561;5292;5468;6376;972
immune_biased,BP,GO:0032868,response to insulin,0.006228789565298432,0.04484413901683291,True,5,120,59,6000,0.041666666666666664,0.009833333333333333,4.237288135593221,3630;5468;5595;10603;10890,10603;10890;3630;5468;5595
immune_biased,BP,GO:0080135,regulation of cellular response to stress,0.006441695105926111,0.046260132863968115,True,8,120,139,6000,0.06666666666666667,0.023166666666666665,2.877697841726619,972;2896;4690;5595;23376;57007;149628;165918,149628;165918;23376;2896;4690;5595;57007;972
immune_biased,BP,GO:0070201,regulation of establishment of protein localization,0.0068842356453770156,0.04931395935922078,True,7,120,112,6000,0.058333333333333334,0.018666666666666668,3.125,640;3572;3630;4345;4792;5468;169026,169026;3572;3630;4345;4792;5468;640
immune_biased,BP,GO:0032720,negative regulation of tumor necrosis factor production,0.006937750132505773,0.0494488140694349,True,3,120,20,6000,0.025,0.0033333333333333335,7.5,671;6376;84868,6376;671;84868
immune_biased,BP,GO:1903556,negative regulation of tumor necrosis factor superfamily cytokine production,0.006937750132505773,0.0494488140694349,True,3,120,20,6000,0.025,0.0033333333333333335,7.5,671;6376;84868,6376;671;84868
