list,source,GO_ID,description,p_value,p_adjust_BH,significant,Count,query_size,background_term_size,effective_background_size,GeneRatio,BgRatio,FoldEnrichment,overlap_entrez_ids,overlap_input_ids
immune_biased,BP,GO:0002376,immune system process,1.1009888028885188e-70,3.138919077035167e-67,True,90,120,541,6000,0.75,0.09016666666666667,8.317929759704251,306;566;640;671;713;728;867;972;1051;1326;1493;1521;1776;1967;2794;2896;3045;3119;3559;3572;3603;3623;3630;3676;3806;4261;4345;4690;4775;4792;5133;5142;5175;5266;5292;5468;5692;5724;5806;5909;5987;6038;6376;6404;6421;7098;7186;7551;8342;8575;8741;8995;9021;10107;10148;10321;10385;10603;10739;10890;23376;26472;27347;29110;30835;51010;51561;51752;57007;60489;64005;64218;79908;84868;85480;96459;114836;115350;115362;115727;118460;130120;146850;149628;165918;169026;256987;259239;344167;692094,10107;10148;10321;10385;1051;10603;10739;10890;114836;115350;115362;115727;118460;130120;1326;146850;1493;149628;1521;165918;169026;1776;1967;23376;256987;259239;26472;27347;2794;2896;29110;3045;306;30835;3119;344167;3559;3572;3603;3623;3630;3676;3806;4261;4345;4690;4775;4792;51010;5133;5142;51561;5175;51752;5266;5292;5468;566;5692;57007;5724;5806;5909;5987;6038;60489;6376;640;64005;6404;6421;64218;671;692094;7098;713;7186;728;7551;79908;8342;84868;85480;8575;867;8741;8995;9021;96459;972
immune_biased,BP,GO:0006955,immune response,2.4239793649677807e-50,3.4553825847615715e-47,True,66,120,361,6000,0.55,0.06016666666666667,9.141274238227147,306;566;671;713;728;867;972;1051;1493;1521;1776;2794;2896;3119;3559;3572;3603;3676;3806;4261;4345;4690;5133;5175;5266;5292;5468;5692;5724;5806;5909;5987;6038;6376;7098;8342;8575;8741;8995;9021;10107;10148;10321;10739;26472;29110;30835;51010;51561;57007;60489;64005;64218;84868;85480;114836;115350;115362;115727;118460;130120;146850;165918;169026;256987;259239,10107;10148;10321;1051;10739;114836;115350;115362;115727;118460;130120;146850;1493;1521;165918;169026;1776;256987;259239;26472;2794;2896;29110;306;30835;3119;3559;3572;3603;3676;3806;4261;4345;4690;51010;5133;51561;5175;5266;5292;5468;566;5692;57007;5724;5806;5909;5987;6038;60489;6376;64005;64218;671;7098;713;728;8342;84868;85480;8575;867;8741;8995;9021;972
immune_biased,BP,GO:0002682,regulation of immune system process,1.3853513433255095e-30,1.3165455599403425e-27,True,55,120,460,6000,0.4583333333333333,0.07666666666666666,5.978260869565218,640;671;713;728;867;972;1051;1326;1493;1776;1967;2896;3119;3559;3572;3603;3623;3630;3676;3806;4345;4690;4792;5133;5142;5292;5468;5595;5692;6376;6421;7098;7186;8741;8995;10107;10148;10385;10603;23376;27347;29110;30835;51561;51752;64005;79908;84868;85480;114836;115362;115727;130120;146850;149628,10107;10148;10385;1051;10603;114836;115362;115727;130120;1326;146850;1493;149628;1776;1967;23376;27347;2896;29110;30835;3119;3559;3572;3603;3623;3630;3676;3806;4345;4690;4792;5133;5142;51561;51752;5292;5468;5595;5692;6376;640;64005;6421;671;7098;713;7186;728;79908;84868;85480;867;8741;8995;972
immune_biased,BP,GO:0050776,regulation of immune response,1.2664666157795186e-27,9.026740803968519e-25,True,43,120,283,6000,0.35833333333333334,0.04716666666666667,7.597173144876325,640;713;728;867;972;1493;1967;2896;3119;3572;3630;3806;4345;4690;4792;5133;5142;5292;5468;5595;5692;6421;7098;7186;8741;8995;10107;10148;10385;10603;23376;29110;51561;51752;64005;79908;84868;114836;115362;115727;130120;146850;149628,10107;10148;10385;10603;114836;115362;115727;130120;146850;1493;149628;1967;23376;2896;29110;3119;3572;3630;3806;4345;4690;4792;5133;5142;51561;51752;5292;5468;5595;5692;640;64005;6421;7098;713;7186;728;79908;84868;867;8741;8995;972
immune_biased,BP,GO:0045321,leukocyte activation,3.001519553688988e-27,1.7114664495134607e-24,True,34,120,154,6000,0.2833333333333333,0.025666666666666667,11.038961038961038,306;566;728;867;972;1051;1776;2896;3572;3630;3676;4690;4775;5175;5692;6376;6404;7186;7551;8995;9021;10148;27347;29110;30835;51010;64218;79908;84868;96459;114836;115350;118460;165918,10148;1051;114836;115350;118460;165918;1776;27347;2896;29110;306;30835;3572;3630;3676;4690;4775;51010;5175;566;5692;6376;6404;64218;7186;728;7551;79908;84868;867;8995;9021;96459;972
immune_biased,BP,GO:0001775,cell activation,1.2828376294699318e-25,6.095616802697958e-23,True,35,120,185,6000,0.2916666666666667,0.030833333333333334,9.45945945945946,306;566;728;867;972;1051;1776;2896;3572;3630;3676;4690;4775;5175;5692;6376;6404;7186;7551;8995;9021;10148;27347;29110;30835;51010;64218;79908;84868;96459;114836;115350;118460;165918;388552,10148;1051;114836;115350;118460;165918;1776;27347;2896;29110;306;30835;3572;3630;3676;388552;4690;4775;51010;5175;566;5692;6376;6404;64218;7186;728;7551;79908;84868;867;8995;9021;96459;972
immune_biased,BP,GO:0002684,positive regulation of immune system process,1.6233709237664716e-24,6.611757862368873e-22,True,41,120,298,6000,0.3416666666666667,0.049666666666666665,6.879194630872484,640;713;728;972;1326;1493;1967;3119;3559;3572;3603;3676;4345;4690;4792;5142;5595;6376;6421;7098;7186;8741;8995;10107;10148;10385;10603;27347;29110;30835;51561;64005;79908;84868;85480;114836;115362;115727;130120;146850;149628,10107;10148;10385;10603;114836;115362;115727;130120;1326;146850;1493;149628;1967;27347;29110;30835;3119;3559;3572;3603;3676;4345;4690;4792;5142;51561;5595;6376;640;64005;6421;7098;713;7186;728;79908;84868;85480;8741;8995;972
immune_biased,BP,GO:0006952,defense response,2.655259409724863e-24,9.46268072140698e-22,True,44,120,359,6000,0.36666666666666664,0.059833333333333336,6.128133704735375,306;566;671;728;972;1051;2896;3559;3572;3630;4261;4345;4690;4775;5266;5292;5468;5692;5724;5806;5987;6038;6376;7098;7186;8342;8575;10107;10321;10739;26472;27347;29110;51561;60489;79807;84868;85480;115362;115727;130120;169026;256987;259239,10107;10321;1051;10739;115362;115727;130120;169026;256987;259239;26472;27347;2896;29110;306;3559;3572;3630;4261;4345;4690;4775;51561;5266;5292;5468;566;5692;5724;5806;5987;6038;60489;6376;671;7098;7186;728;79807;8342;84868;85480;8575;972
immune_biased,BP,GO:0009605,response to external stimulus,5.615865982865109e-20,1.778981546349825e-17,True,45,120,481,6000,0.375,0.08016666666666666,4.677754677754678,306;566;671;728;972;1051;3603;4261;4345;4690;5142;5175;5266;5292;5468;5595;5692;5724;5806;5987;6038;6376;7098;8342;8575;10107;10321;10739;26472;29110;51561;51752;57007;60489;64218;84868;85480;115362;115727;130120;169026;256987;259239;388552;692094,10107;10321;1051;10739;115362;115727;130120;169026;256987;259239;26472;29110;306;3603;388552;4261;4345;4690;5142;51561;5175;51752;5266;5292;5468;5595;566;5692;57007;5724;5806;5987;6038;60489;6376;64218;671;692094;7098;728;8342;84868;85480;8575;972
immune_biased,BP,GO:0032101,regulation of response to external stimulus,2.690712139599874e-19,7.671220309999241e-17,True,37,120,321,6000,0.30833333333333335,0.0535,5.7632398753894085,566;728;972;1051;1326;1776;2896;3572;3603;3630;4345;4792;5133;5292;5468;5595;5692;6376;6421;7098;7186;8995;10107;23376;27347;29110;51561;51752;60489;84868;85480;114836;115362;115727;130120;146850;149628,10107;1051;114836;115362;115727;130120;1326;146850;149628;1776;23376;27347;2896;29110;3572;3603;3630;4345;4792;5133;51561;51752;5292;5468;5595;566;5692;60489;6376;6421;7098;7186;728;84868;85480;8995;972
immune_biased,BP,GO:0031347,regulation of defense response,1.0010630074943253e-18,2.3235252486347e-16,True,33,120,255,6000,0.275,0.0425,6.470588235294118,1051;1326;1776;2896;3572;3603;3630;4345;4792;5133;5292;5468;5595;5692;6376;6421;7098;7186;8995;10107;23376;29110;51561;51752;60489;84868;85480;114836;115362;115727;130120;146850;149628,10107;1051;114836;115362;115727;130120;1326;146850;149628;1776;23376;2896;29110;3572;3603;3630;4345;4792;5133;51561;51752;5292;5468;5595;5692;60489;6376;6421;7098;7186;84868;85480;8995
immune_biased,BP,GO:0043207,response to external biotic stimulus,1.0594818741582286e-18,2.3235252486347e-16,True,37,120,334,6000,0.30833333333333335,0.05566666666666667,5.538922155688622,306;566;671;972;1051;4261;4345;4690;5142;5266;5292;5468;5692;5724;5806;5987;6038;6376;7098;8342;8575;10107;10321;10739;26472;29110;51561;51752;60489;84868;85480;115362;115727;130120;169026;256987;259239,10107;10321;1051;10739;115362;115727;130120;169026;256987;259239;26472;29110;306;4261;4345;4690;5142;51561;51752;5266;5292;5468;566;5692;5724;5806;5987;6038;60489;6376;671;7098;8342;84868;85480;8575;972
immune_biased,BP,GO:0051707,response to other organism,1.0594818741582286e-18,2.3235252486347e-16,True,37,120,334,6000,0.30833333333333335,0.05566666666666667,5.538922155688622,306;566;671;972;1051;4261;4345;4690;5142;5266;5292;5468;5692;5724;5806;5987;6038;6376;7098;8342;8575;10107;10321;10739;26472;29110;51561;51752;60489;84868;85480;115362;115727;130120;169026;256987;259239,10107;10321;1051;10739;115362;115727;130120;169026;256987;259239;26472;29110;306;4261;4345;4690;5142;51561;51752;5266;5292;5468;566;5692;5724;5806;5987;6038;60489;6376;671;7098;8342;84868;85480;8575;972
immune_biased,BP,GO:0044419,biological process involved in interspecies interaction between organisms,1.327042226115725e-18,2.702426704754237e-16,True,39,120,379,6000,0.325,0.06316666666666666,5.145118733509236,306;566;671;867;972;1051;4261;4345;4690;5142;5266;5292;5468;5692;5724;5806;5987;6038;6376;7098;8342;8575;10107;10321;10739;26472;29110;30835;51561;51752;60489;84868;85480;115362;115727;130120;169026;256987;259239,10107;10321;1051;10739;115362;115727;130120;169026;256987;259239;26472;29110;306;30835;4261;4345;4690;5142;51561;51752;5266;5292;5468;566;5692;5724;5806;5987;6038;60489;6376;671;7098;8342;84868;85480;8575;867;972
immune_biased,BP,GO:0140546,defense response to symbiont,2.592952243130382e-18,4.92833789677648e-16,True,30,120,209,6000,0.25,0.034833333333333334,7.177033492822966,566;671;972;4261;4345;4690;5266;5292;5468;5692;5806;5987;6038;6376;7098;8342;8575;10107;10321;10739;26472;29110;60489;85480;115362;115727;130120;169026;256987;259239,10107;10321;10739;115362;115727;130120;169026;256987;259239;26472;29110;4261;4345;4690;5266;5292;5468;566;5692;5806;5987;6038;60489;6376;671;7098;8342;85480;8575;972
immune_biased,BP,GO:0098542,defense response to other organism,3.421656276349711e-18,6.096963777420641e-16,True,30,120,211,6000,0.25,0.035166666666666666,7.109004739336493,566;671;972;4261;4345;4690;5266;5292;5468;5692;5806;5987;6038;6376;7098;8342;8575;10107;10321;10739;26472;29110;60489;85480;115362;115727;130120;169026;256987;259239,10107;10321;10739;115362;115727;130120;169026;256987;259239;26472;29110;4261;4345;4690;5266;5292;5468;566;5692;5806;5987;6038;60489;6376;671;7098;8342;85480;8575;972
immune_biased,BP,GO:0009607,response to biotic stimulus,3.91598616273906e-18,6.567339147040624e-16,True,37,120,347,6000,0.30833333333333335,0.057833333333333334,5.3314121037463975,306;566;671;972;1051;4261;4345;4690;5142;5266;5292;5468;5692;5724;5806;5987;6038;6376;7098;8342;8575;10107;10321;10739;26472;29110;51561;51752;60489;84868;85480;115362;115727;130120;169026;256987;259239,10107;10321;1051;10739;115362;115727;130120;169026;256987;259239;26472;29110;306;4261;4345;4690;5142;51561;51752;5266;5292;5468;566;5692;5724;5806;5987;6038;60489;6376;671;7098;8342;84868;85480;8575;972
immune_biased,BP,GO:0048584,positive regulation of response to stimulus,4.963569578551977e-18,7.861742704695381e-16,True,49,120,644,6000,0.4083333333333333,0.10733333333333334,3.8043478260869565,566;640;713;728;867;972;1051;1326;1493;1967;2896;3119;3572;3603;3630;4690;4792;5142;5175;5292;5468;5595;6376;6421;7098;7186;8741;8995;9770;10107;10148;10385;10603;27347;29110;51561;57007;64005;79908;84868;85480;96459;114836;115362;115727;130120;146850;149628;165918,10107;10148;10385;1051;10603;114836;115362;115727;130120;1326;146850;1493;149628;165918;1967;27347;2896;29110;3119;3572;3603;3630;4690;4792;5142;51561;5175;5292;5468;5595;566;57007;6376;640;64005;6421;7098;713;7186;728;79908;84868;85480;867;8741;8995;96459;972;9770
immune_biased,BP,GO:0002694,regulation of leukocyte activation,1.663336767040823e-16,2.49588059096494e-14,True,27,120,188,6000,0.225,0.03133333333333333,7.180851063829788,671;867;972;1051;1326;1493;2896;3119;3559;3572;3603;3623;4345;4690;5133;5692;6376;8741;8995;10148;10385;23376;30835;51561;84868;85480;146850,10148;10385;1051;1326;146850;1493;23376;2896;30835;3119;3559;3572;3603;3623;4345;4690;5133;51561;5692;6376;671;84868;85480;867;8741;8995;972
immune_biased,BP,GO:0050778,positive regulation of immune response,2.193043184470371e-16,3.126183059462514e-14,True,27,120,190,6000,0.225,0.03166666666666667,7.105263157894736,640;713;728;972;1493;1967;3119;3572;4792;5142;6421;7098;7186;8741;10107;10385;10603;29110;51561;64005;79908;84868;114836;115362;115727;130120;149628,10107;10385;10603;114836;115362;115727;130120;1493;149628;1967;29110;3119;3572;4792;5142;51561;640;64005;6421;7098;713;7186;728;79908;84868;8741;972
immune_biased,BP,GO:0032103,positive regulation of response to external stimulus,2.4195077997743017e-16,3.2847698748364445e-14,True,26,120,174,6000,0.21666666666666667,0.029,7.471264367816092,566;728;972;1051;1326;2896;3572;3603;4792;5595;6376;6421;7098;7186;8995;10107;27347;29110;51561;84868;85480;114836;115362;115727;130120;149628,10107;1051;114836;115362;115727;130120;1326;149628;27347;2896;29110;3572;3603;4792;51561;5595;566;6376;6421;7098;7186;728;84868;85480;8995;972
immune_biased,BP,GO:0046649,lymphocyte activation,3.459894774604715e-16,4.48370909199911e-14,True,23,120,130,6000,0.19166666666666668,0.021666666666666667,8.846153846153847,972;1051;3572;3630;3676;4690;4775;5175;5692;7186;8995;9021;10148;29110;30835;51010;64218;79908;96459;114836;115350;118460;165918,10148;1051;114836;115350;118460;165918;29110;30835;3572;3630;3676;4690;4775;51010;5175;5692;64218;7186;79908;8995;9021;96459;972
immune_biased,BP,GO:0006950,response to stress,4.252935485408401e-16,5.271790899521457e-14,True,55,120,901,6000,0.4583333333333333,0.15016666666666667,3.0521642619311873,306;566;671;728;867;972;1051;1493;1967;2794;2896;3559;3572;3630;4261;4345;4690;4775;4792;5266;5292;5468;5595;5692;5724;5806;5987;6038;6376;6421;7098;7186;8342;8575;10107;10321;10739;23376;26472;27347;29110;51561;60489;79807;84868;85480;96459;115362;115727;130120;165918;169026;256987;259239;388552,10107;10321;1051;10739;115362;115727;130120;1493;165918;169026;1967;23376;256987;259239;26472;27347;2794;2896;29110;306;3559;3572;3630;388552;4261;4345;4690;4775;4792;51561;5266;5292;5468;5595;566;5692;5724;5806;5987;6038;60489;6376;6421;671;7098;7186;728;79807;8342;84868;85480;8575;867;96459;972
immune_biased,BP,GO:0071345,cellular response to cytokine stimulus,4.953076341094924e-16,5.883841936859011e-14,True,26,120,179,6000,0.21666666666666667,0.029833333333333333,7.262569832402235,867;972;1051;3559;3572;3603;3676;4261;4345;4792;5292;5595;5692;6376;6404;7186;8995;9021;10148;27347;29110;51561;57007;85480;115362;149628,10148;1051;115362;149628;27347;29110;3559;3572;3603;3676;4261;4345;4792;51561;5292;5595;5692;57007;6376;6404;7186;85480;867;8995;9021;972
immune_biased,BP,GO:0050865,regulation of cell activation,7.29694412882356e-16,8.321435084510387e-14,True,27,120,199,6000,0.225,0.033166666666666664,6.783919597989951,671;867;972;1051;1326;1493;2896;3119;3559;3572;3603;3623;4345;4690;5133;5692;6376;8741;8995;10148;10385;23376;30835;51561;84868;85480;146850,10148;10385;1051;1326;146850;1493;23376;2896;30835;3119;3559;3572;3603;3623;4345;4690;5133;51561;5692;6376;671;84868;85480;867;8741;8995;972
immune_biased,BP,GO:0002252,immune effector process,8.290299570418941e-16,9.090632336640153e-14,True,20,120,94,6000,0.16666666666666666,0.015666666666666666,10.638297872340425,306;566;713;867;972;1051;1776;2794;2896;3572;5692;8995;9021;51010;64005;64218;84868;114836;118460;165918,1051;114836;118460;165918;1776;2794;2896;306;3572;51010;566;5692;64005;64218;713;84868;867;8995;9021;972
immune_biased,BP,GO:0080134,regulation of response to stress,8.853163655275092e-16,9.348285030070107e-14,True,37,120,408,6000,0.30833333333333335,0.068,4.534313725490196,972;1051;1326;1776;2896;3572;3603;3630;4345;4690;4792;5133;5292;5468;5595;5692;6376;6421;7098;7186;8995;10107;23376;29110;51561;51752;57007;60489;84868;85480;114836;115362;115727;130120;146850;149628;165918,10107;1051;114836;115362;115727;130120;1326;146850;149628;165918;1776;23376;2896;29110;3572;3603;3630;4345;4690;4792;5133;51561;51752;5292;5468;5595;5692;57007;60489;6376;6421;7098;7186;84868;85480;8995;972
immune_biased,BP,GO:0048583,regulation of response to stimulus,1.774346438552382e-15,1.8066648915403005e-13,True,61,120,1135,6000,0.5083333333333333,0.18916666666666668,2.687224669603524,566;640;713;728;867;972;1051;1326;1493;1776;1967;2896;3119;3572;3603;3623;3630;3806;4345;4690;4792;5133;5142;5175;5292;5468;5595;5692;5909;5987;6376;6421;7098;7186;8741;8995;9021;9770;10107;10148;10385;10603;23376;27347;29110;51561;51752;57007;60489;64005;79908;84868;85480;96459;114836;115362;115727;130120;146850;149628;165918,10107;10148;10385;1051;10603;114836;115362;115727;130120;1326;146850;1493;149628;165918;1776;1967;23376;27347;2896;29110;3119;3572;3603;3623;3630;3806;4345;4690;4792;5133;5142;51561;5175;51752;5292;5468;5595;566;5692;57007;5909;5987;60489;6376;640;64005;6421;7098;713;7186;728;79908;84868;85480;867;8741;8995;9021;96459;972;9770
immune_biased,BP,GO:0034097,response to cytokine,2.013174679407691e-15,1.9791589693073544e-13,True,27,120,207,6000,0.225,0.0345,6.521739130434782,867;972;1051;3559;3572;3603;3676;4261;4345;4792;5292;5595;5692;6376;6404;7186;8995;9021;10148;27347;29110;51561;57007;85480;115362;149628;169026,10148;1051;115362;149628;169026;27347;29110;3559;3572;3603;3676;4261;4345;4792;51561;5292;5595;5692;57007;6376;6404;7186;85480;867;8995;9021;972
immune_biased,BP,GO:1901652,response to peptide,3.285536069054929e-15,3.1223544442918676e-13,True,27,120,211,6000,0.225,0.035166666666666666,6.398104265402844,867;972;1051;3559;3572;3603;3676;4261;4345;4792;5292;5595;5692;6376;6404;7186;8995;9021;10148;27347;29110;51561;57007;85480;115362;149628;169026,10148;1051;115362;149628;169026;27347;29110;3559;3572;3603;3676;4261;4345;4792;51561;5292;5595;5692;57007;6376;6404;7186;85480;867;8995;9021;972
immune_biased,BP,GO:0045087,innate immune response,5.0701520173757195e-15,4.662904323076832e-13,True,25,120,179,6000,0.20833333333333334,0.029833333333333333,6.983240223463688,671;972;4261;4345;4690;5266;5292;5468;5692;5806;5987;7098;8342;8575;10107;10321;10739;26472;29110;60489;115362;115727;169026;256987;259239,10107;10321;10739;115362;115727;169026;256987;259239;26472;29110;4261;4345;4690;5266;5292;5468;5692;5806;5987;60489;671;7098;8342;8575;972
immune_biased,BP,GO:0002831,regulation of response to biotic stimulus,6.5233754488086314e-15,5.811919813922941e-13,True,24,120,164,6000,0.2,0.027333333333333334,7.317073170731708,2896;3630;4792;5133;5292;5468;5595;6376;6421;7098;7186;10107;23376;29110;51561;51752;60489;84868;114836;115362;115727;130120;146850;149628,10107;114836;115362;115727;130120;146850;149628;23376;2896;29110;3630;4792;5133;51561;51752;5292;5468;5595;60489;6376;6421;7098;7186;84868
immune_biased,BP,GO:0002253,activation of immune response,1.7296443256366626e-14,1.49430787042125e-12,True,20,120,109,6000,0.16666666666666666,0.018166666666666668,9.174311926605503,640;713;728;1493;1967;3119;4792;5142;6421;7098;7186;10385;10603;29110;64005;79908;84868;115362;130120;149628,10385;10603;115362;130120;1493;149628;1967;29110;3119;4792;5142;640;64005;6421;7098;713;7186;728;79908;84868
immune_biased,BP,GO:0007166,cell surface receptor signaling pathway,2.4402969708539915e-14,2.046260783501391e-12,True,40,120,530,6000,0.3333333333333333,0.08833333333333333,3.773584905660377,640;671;728;867;972;1493;1967;2674;3119;3559;3572;3603;3623;3630;3676;3806;4261;4690;4792;5142;5175;5468;5595;5724;6376;7186;8995;9021;10148;10385;10603;27347;29110;51561;57007;64005;64218;79908;85480;115350,10148;10385;10603;115350;1493;1967;2674;27347;29110;3119;3559;3572;3603;3623;3630;3676;3806;4261;4690;4792;5142;51561;5175;5468;5595;57007;5724;6376;640;64005;64218;671;7186;728;79908;85480;867;8995;9021;972
immune_biased,BP,GO:0031349,positive regulation of defense response,2.970471201667422e-14,2.41966097027252e-12,True,22,120,142,6000,0.18333333333333332,0.023666666666666666,7.746478873239436,1051;1326;2896;3572;3603;4792;5595;6376;6421;7098;7186;8995;10107;29110;51561;84868;85480;114836;115362;115727;130120;149628,10107;1051;114836;115362;115727;130120;1326;149628;2896;29110;3572;3603;4792;51561;5595;6376;6421;7098;7186;84868;85480;8995
immune_biased,BP,GO:0002366,leukocyte activation involved in immune response,3.2451446938119303e-14,2.569974311682726e-12,True,15,120,52,6000,0.125,0.008666666666666666,14.423076923076923,306;867;972;1776;2896;3572;5692;8995;9021;51010;64218;84868;114836;118460;165918,114836;118460;165918;1776;2896;306;3572;51010;5692;64218;84868;867;8995;9021;972
immune_biased,BP,GO:0002263,cell activation involved in immune response,4.451434339001194e-14,3.4300106217547037e-12,True,15,120,53,6000,0.125,0.008833333333333334,14.150943396226415,306;867;972;1776;2896;3572;5692;8995;9021;51010;64218;84868;114836;118460;165918,114836;118460;165918;1776;2896;306;3572;51010;5692;64218;84868;867;8995;9021;972
immune_biased,BP,GO:0002683,negative regulation of immune system process,9.605989020037749e-14,7.20701965687569e-12,True,22,120,150,6000,0.18333333333333332,0.025,7.333333333333332,671;867;1051;1493;2896;3572;3623;3630;4345;4690;5133;5292;5468;5595;5692;6376;7098;8995;10148;10385;23376;84868,10148;10385;1051;1493;23376;2896;3572;3623;3630;4345;4690;5133;5292;5468;5595;5692;6376;671;7098;84868;867;8995
immune_biased,BP,GO:0007165,signal transduction,1.8524063441019863e-13,1.3541565351371189e-11,True,64,120,1364,6000,0.5333333333333333,0.22733333333333333,2.346041055718475,566;640;671;713;728;867;972;1051;1326;1493;1967;2674;2794;2896;3119;3559;3572;3603;3623;3630;3676;3806;4261;4690;4775;4792;5142;5175;5292;5298;5468;5595;5724;5909;6376;6404;7098;7186;8698;8741;8995;9021;9770;10148;10385;10603;23376;27347;29110;30835;51561;57007;64005;64218;79908;84868;85480;114836;115350;115727;130120;146850;338398;390265,10148;10385;1051;10603;114836;115350;115727;130120;1326;146850;1493;1967;23376;2674;27347;2794;2896;29110;30835;3119;338398;3559;3572;3603;3623;3630;3676;3806;390265;4261;4690;4775;4792;5142;51561;5175;5292;5298;5468;5595;566;57007;5724;5909;6376;640;64005;6404;64218;671;7098;713;7186;728;79908;84868;85480;867;8698;8741;8995;9021;972;9770
immune_biased,BP,GO:0023052,signaling,2.337976802351577e-13,1.6663929658760866e-11,True,66,120,1449,6000,0.55,0.2415,2.277432712215321,566;640;671;713;728;867;972;1051;1326;1493;1967;2674;2794;2896;3119;3559;3572;3603;3623;3630;3676;3806;4261;4690;4775;4792;5142;5175;5292;5298;5468;5595;5724;5909;6376;6404;7098;7186;8698;8741;8995;9021;9770;10148;10385;10603;23376;27347;29110;30835;51561;57007;64005;64218;79908;84694;84868;85480;114836;115350;115727;130120;146850;169026;338398;390265,10148;10385;1051;10603;114836;115350;115727;130120;1326;146850;1493;169026;1967;23376;2674;27347;2794;2896;29110;30835;3119;338398;3559;3572;3603;3623;3630;3676;3806;390265;4261;4690;4775;4792;5142;51561;5175;5292;5298;5468;5595;566;57007;5724;5909;6376;640;64005;6404;64218;671;7098;713;7186;728;79908;84694;84868;85480;867;8698;8741;8995;9021;972;9770
immune_biased,BP,GO:0002460,adaptive immune response based on somatic recombination of immune receptors built from immunoglobulin superfamily domains,3.238771775596486e-13,2.252131300542825e-11,True,13,120,40,6000,0.10833333333333334,0.006666666666666667,16.25,713;972;2794;3572;5692;9021;10148;51010;64005;64218;114836;118460;165918,10148;114836;118460;165918;2794;3572;51010;5692;64005;64218;713;9021;972
immune_biased,BP,GO:0007154,cell communication,3.427483214881595e-13,2.3266082489589112e-11,True,66,120,1460,6000,0.55,0.24333333333333335,2.26027397260274,566;640;671;713;728;867;972;1051;1326;1493;1967;2674;2794;2896;3119;3559;3572;3603;3623;3630;3676;3806;4261;4690;4775;4792;5142;5175;5292;5298;5468;5595;5724;5909;6376;6404;7098;7186;8698;8741;8995;9021;9770;10148;10385;10603;23376;27347;29110;30835;51561;57007;64005;64218;79908;84694;84868;85480;114836;115350;115727;130120;146850;169026;338398;390265,10148;10385;1051;10603;114836;115350;115727;130120;1326;146850;1493;169026;1967;23376;2674;27347;2794;2896;29110;30835;3119;338398;3559;3572;3603;3623;3630;3676;3806;390265;4261;4690;4775;4792;5142;51561;5175;5292;5298;5468;5595;566;57007;5724;5909;6376;640;64005;6404;64218;671;7098;713;7186;728;79908;84694;84868;85480;867;8698;8741;8995;9021;972;9770
immune_biased,BP,GO:0050727,regulation of inflammatory response,3.6258366444658943e-13,2.404014017063317e-11,True,20,120,127,6000,0.16666666666666666,0.021166666666666667,7.874015748031495,1051;1326;1776;2896;3572;3603;3630;4345;4792;5133;5595;5692;6376;7098;7186;8995;23376;51561;85480;115362,1051;115362;1326;1776;23376;2896;3572;3603;3630;4345;4792;5133;51561;5595;5692;6376;7098;7186;85480;8995
immune_biased,BP,GO:0042110,T cell activation,4.25951528397308e-13,2.759972289683466e-11,True,17,120,85,6000,0.14166666666666666,0.014166666666666666,10.0,972;1051;3572;3630;4690;4775;5175;5692;7186;8995;9021;10148;29110;30835;64218;79908;114836,10148;1051;114836;29110;30835;3572;3630;4690;4775;5175;5692;64218;7186;79908;8995;9021;972
immune_biased,BP,GO:0001817,regulation of cytokine production,6.456153040505938e-13,4.090331626329429e-11,True,26,120,240,6000,0.21666666666666667,0.04,5.416666666666667,566;671;728;972;1051;3572;3603;3623;3630;4345;4792;5142;5692;5987;6376;7098;7186;10148;10385;29110;51561;79908;84868;85480;114836;115362,10148;10385;1051;114836;115362;29110;3572;3603;3623;3630;4345;4792;5142;51561;566;5692;5987;6376;671;7098;7186;728;79908;84868;85480;972
immune_biased,BP,GO:0051716,cellular response to stimulus,7.972324868183679e-13,4.941108304172102e-11,True,73,120,1777,6000,0.6083333333333333,0.2961666666666667,2.054023635340461,566;640;671;713;728;867;972;1051;1326;1493;1967;2674;2794;2896;3119;3559;3572;3603;3623;3630;3676;3806;4261;4345;4690;4775;4792;5142;5175;5292;5298;5468;5595;5692;5724;5909;6376;6404;6421;7098;7186;8698;8741;8995;9021;9770;10148;10385;10603;10890;23376;27347;29110;30835;51561;57007;64005;64218;79908;84868;85480;96459;114836;115350;115362;115727;130120;146850;165918;338398;388552;390265;692094,10148;10385;1051;10603;10890;114836;115350;115362;115727;130120;1326;146850;1493;165918;1967;23376;2674;27347;2794;2896;29110;30835;3119;338398;3559;3572;3603;3623;3630;3676;3806;388552;390265;4261;4345;4690;4775;4792;5142;51561;5175;5292;5298;5468;5595;566;5692;57007;5724;5909;6376;640;64005;6404;6421;64218;671;692094;7098;713;7186;728;79908;84868;85480;867;8698;8741;8995;9021;96459;972;9770
immune_biased,BP,GO:0051239,regulation of multicellular organismal process,9.22861288546848e-13,5.5980373056320504e-11,True,48,120,835,6000,0.4,0.13916666666666666,2.8742514970059885,306;463;566;671;728;867;972;1051;1326;1493;2896;3119;3559;3572;3603;3623;3630;3676;4345;4690;4792;5133;5142;5292;5468;5692;5909;5987;6376;7098;7186;8741;8995;10148;10385;23376;27347;29110;30835;51561;64218;79908;84868;85480;114836;115362;130120;146850,10148;10385;1051;114836;115362;130120;1326;146850;1493;23376;27347;2896;29110;306;30835;3119;3559;3572;3603;3623;3630;3676;4345;463;4690;4792;5133;5142;51561;5292;5468;566;5692;5909;5987;6376;64218;671;7098;7186;728;79908;84868;85480;867;8741;8995;972
immune_biased,BP,GO:0050729,positive regulation of inflammatory response,2.1770844965470767e-12,1.2930974790949409e-10,True,14,120,56,6000,0.11666666666666667,0.009333333333333334,12.5,1051;1326;2896;3572;3603;4792;5595;6376;7098;7186;8995;51561;85480;115362,1051;115362;1326;2896;3572;3603;4792;51561;5595;6376;7098;7186;85480;8995
immune_biased,BP,GO:0051249,regulation of lymphocyte activation,2.7095037234395798e-12,1.5764887990869882e-10,True,21,120,158,6000,0.175,0.026333333333333334,6.6455696202531644,867;972;1051;1326;1493;3119;3559;3572;3623;4690;5133;5692;8741;8995;10148;10385;23376;30835;51561;84868;146850,10148;10385;1051;1326;146850;1493;23376;30835;3119;3559;3572;3623;4690;5133;51561;5692;84868;867;8741;8995;972
immune_biased,BP,GO:0002250,adaptive immune response,3.67902785767799e-12,2.0566487102431272e-10,True,14,120,58,6000,0.11666666666666667,0.009666666666666667,12.068965517241379,713;972;2794;3572;5692;5909;9021;10148;51010;64005;64218;114836;118460;165918,10148;114836;118460;165918;2794;3572;51010;5692;5909;64005;64218;713;9021;972
immune_biased,BP,GO:0002695,negative regulation of leukocyte activation,3.67902785767799e-12,2.0566487102431272e-10,True,14,120,58,6000,0.11666666666666667,0.009666666666666667,12.068965517241379,671;867;1051;1493;2896;3623;4345;5133;5692;6376;8995;10385;23376;84868,10385;1051;1493;23376;2896;3623;4345;5133;5692;6376;671;84868;867;8995
immune_biased,BP,GO:0022407,regulation of cell-cell adhesion,5.025822220004816e-12,2.7555036825449483e-10,True,21,120,163,6000,0.175,0.027166666666666665,6.441717791411043,867;1051;1326;1493;3119;3559;3572;3676;4690;5133;5692;5909;6376;8995;10148;10385;23376;30835;51561;84868;146850,10148;10385;1051;1326;146850;1493;23376;30835;3119;3559;3572;3676;4690;5133;51561;5692;5909;6376;84868;867;8995
immune_biased,BP,GO:1903037,regulation of leukocyte cell-cell adhesion,5.149660013130135e-12,2.770128433478116e-10,True,19,120,129,6000,0.15833333333333333,0.0215,7.3643410852713185,867;1051;1326;1493;3119;3559;3572;3676;4690;5133;5692;8995;10148;10385;23376;30835;51561;84868;146850,10148;10385;1051;1326;146850;1493;23376;30835;3119;3559;3572;3676;4690;5133;51561;5692;84868;867;8995
immune_biased,BP,GO:0002764,immune response-regulating signaling pathway,1.840300403200808e-11,9.71610453615834e-10,True,17,120,106,6000,0.14166666666666666,0.017666666666666667,8.018867924528301,640;728;1493;1967;3119;3806;4792;5142;7098;7186;10385;10603;29110;64005;79908;84868;130120,10385;10603;130120;1493;1967;29110;3119;3806;4792;5142;640;64005;7098;7186;728;79908;84868
immune_biased,BP,GO:0050866,negative regulation of cell activation,1.9678650668377192e-11,1.0200696919189703e-09,True,14,120,65,6000,0.11666666666666667,0.010833333333333334,10.769230769230768,671;867;1051;1493;2896;3623;4345;5133;5692;6376;8995;10385;23376;84868,10385;1051;1493;23376;2896;3623;4345;5133;5692;6376;671;84868;867;8995
immune_biased,BP,GO:0019221,cytokine-mediated signaling pathway,2.2079814595378958e-11,1.1240991323468823e-09,True,18,120,123,6000,0.15,0.0205,7.317073170731707,867;972;3559;3572;3603;4261;4792;5595;6376;7186;8995;9021;10148;27347;29110;51561;57007;85480,10148;27347;29110;3559;3572;3603;4261;4792;51561;5595;57007;6376;7186;85480;867;8995;9021;972
immune_biased,BP,GO:0002757,immune response-activating signaling pathway,2.500363445684228e-11,1.2506203830957427e-09,True,16,120,93,6000,0.13333333333333333,0.0155,8.602150537634408,640;728;1493;1967;3119;4792;5142;7098;7186;10385;10603;29110;64005;79908;84868;130120,10385;10603;130120;1493;1967;29110;3119;4792;5142;640;64005;7098;7186;728;79908;84868
immune_biased,BP,GO:0050863,regulation of T cell activation,5.024648610584955e-11,2.4698746877202942e-09,True,18,120,129,6000,0.15,0.0215,6.976744186046512,867;1051;1326;1493;3119;3559;3572;4690;5133;5692;8995;10148;10385;23376;30835;51561;84868;146850,10148;10385;1051;1326;146850;1493;23376;30835;3119;3559;3572;4690;5133;51561;5692;84868;867;8995
immune_biased,BP,GO:0030155,regulation of cell adhesion,8.866310933328531e-11,4.270798350731074e-09,True,23,120,230,6000,0.19166666666666668,0.03833333333333333,5.000000000000001,463;566;867;1051;1326;1493;3119;3559;3572;3676;4690;5133;5692;5909;6376;8995;10148;10385;23376;30835;51561;84868;146850,10148;10385;1051;1326;146850;1493;23376;30835;3119;3559;3572;3676;463;4690;5133;51561;566;5692;5909;6376;84868;867;8995
immune_biased,BP,GO:0051240,positive regulation of multicellular organismal process,8.988000738122219e-11,4.270798350731074e-09,True,33,120,476,6000,0.275,0.07933333333333334,3.466386554621849,306;566;728;972;1051;1326;2896;3119;3559;3572;3603;3623;3630;4345;4690;5142;5292;5468;5692;6376;7098;7186;8741;10148;29110;30835;51561;64218;84868;85480;114836;115362;146850,10148;1051;114836;115362;1326;146850;2896;29110;306;30835;3119;3559;3572;3603;3623;3630;4345;4690;5142;51561;5292;5468;566;5692;6376;64218;7098;7186;728;84868;85480;8741;972
immune_biased,BP,GO:0001819,positive regulation of cytokine production,1.2530526814722997e-10,5.856480647340207e-09,True,19,120,154,6000,0.15833333333333333,0.025666666666666667,6.1688311688311686,566;728;972;1051;3572;3603;3630;4345;5142;5692;7098;7186;10148;29110;51561;84868;85480;114836;115362,10148;1051;114836;115362;29110;3572;3603;3630;4345;5142;51561;566;5692;7098;7186;728;84868;85480;972
immune_biased,BP,GO:0042742,defense response to bacterium,1.4916913885158897e-10,6.859374433320648e-09,True,15,120,89,6000,0.125,0.014833333333333334,8.426966292134832,306;566;671;1051;5266;6038;7098;8342;51561;84868;85480;115362;115727;130120;259239,1051;115362;115727;130120;259239;306;51561;5266;566;6038;671;7098;8342;84868;85480
immune_biased,BP,GO:0045088,regulation of innate immune response,1.5874851828201129e-10,7.184000406698638e-09,True,18,120,138,6000,0.15,0.023,6.521739130434782,2896;3630;4792;5292;5468;6421;7098;7186;10107;29110;51752;84868;114836;115362;115727;130120;146850;149628,10107;114836;115362;115727;130120;146850;149628;2896;29110;3630;4792;51752;5292;5468;6421;7098;7186;84868
immune_biased,BP,GO:0070663,regulation of leukocyte proliferation,3.7853900917770136e-10,1.6862729924462915e-08,True,14,120,80,6000,0.11666666666666667,0.013333333333333334,8.75,972;1051;1493;3559;3572;4690;5595;8741;8995;10148;10385;30835;51561;84868,10148;10385;1051;1493;30835;3559;3572;4690;51561;5595;84868;8741;8995;972
immune_biased,BP,GO:0051241,negative regulation of multicellular organismal process,5.683864536103545e-10,2.4930304296048014e-08,True,26,120,323,6000,0.21666666666666667,0.05383333333333333,4.024767801857585,671;867;1051;1493;2896;3623;3630;3676;4345;4792;5133;5142;5468;5692;5909;5987;6376;7098;8995;10385;23376;27347;51561;64218;84868;130120,10385;1051;130120;1493;23376;27347;2896;3623;3630;3676;4345;4792;5133;5142;51561;5468;5692;5909;5987;6376;64218;671;7098;84868;867;8995
immune_biased,BP,GO:0009617,response to bacterium,7.056015394972557e-10,3.0479848319798126e-08,True,19,120,170,6000,0.15833333333333333,0.028333333333333332,5.588235294117647,306;566;671;1051;4345;5142;5266;5724;6038;7098;8342;51561;51752;84868;85480;115362;115727;130120;259239,1051;115362;115727;130120;259239;306;4345;5142;51561;51752;5266;566;5724;6038;671;7098;8342;84868;85480
immune_biased,BP,GO:0050670,regulation of lymphocyte proliferation,7.72243596948461e-10,3.286069395373227e-08,True,13,120,70,6000,0.10833333333333334,0.011666666666666667,9.285714285714286,972;1051;1493;3559;3572;4690;8741;8995;10148;10385;30835;51561;84868,10148;10385;1051;1493;30835;3559;3572;4690;51561;84868;8741;8995;972
immune_biased,BP,GO:0032944,regulation of mononuclear cell proliferation,9.295878423513128e-10,3.897433733152342e-08,True,13,120,71,6000,0.10833333333333334,0.011833333333333333,9.15492957746479,972;1051;1493;3559;3572;4690;8741;8995;10148;10385;30835;51561;84868,10148;10385;1051;1493;30835;3559;3572;4690;51561;84868;8741;8995;972
immune_biased,BP,GO:0002697,regulation of immune effector process,1.4515882650793597e-09,5.997794411219209e-08,True,15,120,104,6000,0.125,0.017333333333333333,7.211538461538462,972;1776;2896;3630;5133;5595;7186;8741;8995;23376;51561;84868;114836;115727;146850,114836;115727;146850;1776;23376;2896;3630;5133;51561;5595;7186;84868;8741;8995;972
immune_biased,BP,GO:0048518,positive regulation of biological process,1.7064277233377766e-09,6.950036341765715e-08,True,65,120,1699,6000,0.5416666666666666,0.2831666666666667,1.9128899352560327,306;463;566;640;713;728;867;972;1051;1326;1493;1967;2896;3119;3559;3572;3603;3623;3630;3676;4261;4345;4690;4775;4792;5142;5175;5292;5468;5595;5692;5987;6376;6421;7098;7186;8741;8995;9770;10107;10148;10385;10603;10743;23376;25926;27347;29110;30835;51561;57007;64005;64218;79908;84868;85480;96459;114836;115362;115727;130120;146850;149628;165918;169026,10107;10148;10385;1051;10603;10743;114836;115362;115727;130120;1326;146850;1493;149628;165918;169026;1967;23376;25926;27347;2896;29110;306;30835;3119;3559;3572;3603;3623;3630;3676;4261;4345;463;4690;4775;4792;5142;51561;5175;5292;5468;5595;566;5692;57007;5987;6376;640;64005;6421;64218;7098;713;7186;728;79908;84868;85480;867;8741;8995;96459;972;9770
immune_biased,BP,GO:0002274,myeloid leukocyte activation,1.900882777770953e-09,7.632981407640827e-08,True,9,120,28,6000,0.075,0.004666666666666667,16.07142857142857,306;566;728;867;1776;2896;6376;27347;84868,1776;27347;2896;306;566;6376;728;84868;867
immune_biased,BP,GO:0006959,humoral immune response,2.2465166953256532e-09,8.895582081074218e-08,True,13,120,76,6000,0.10833333333333334,0.012666666666666666,8.552631578947368,566;671;713;3119;5133;5266;6038;6376;8342;10148;85480;130120;259239,10148;130120;259239;3119;5133;5266;566;6038;6376;671;713;8342;85480
immune_biased,BP,GO:1902533,positive regulation of intracellular signal transduction,2.5912396932040393e-09,1.0120033377157145e-07,True,25,120,321,6000,0.20833333333333334,0.0535,3.8940809968847354,728;867;972;3572;3630;4690;5175;5292;5595;6376;6421;7098;7186;9770;10107;10148;27347;29110;51561;57007;84868;96459;115362;146850;149628,10107;10148;115362;146850;149628;27347;29110;3572;3630;4690;51561;5175;5292;5595;57007;6376;6421;7098;7186;728;84868;867;96459;972;9770
immune_biased,BP,GO:0002768,immune response-regulating cell surface receptor signaling pathway,4.334217992538049e-09,1.6698453373954027e-07,True,13,120,80,6000,0.10833333333333334,0.013333333333333334,8.125,640;728;1493;1967;3119;3806;4792;5142;10385;10603;29110;64005;79908,10385;10603;1493;1967;29110;3119;3806;4792;5142;640;64005;728;79908
immune_biased,BP,GO:0002285,lymphocyte activation involved in immune response,4.6685759047697624e-09,1.7746813205998122e-07,True,10,120,41,6000,0.08333333333333333,0.006833333333333334,12.19512195121951,972;3572;5692;8995;9021;51010;64218;114836;118460;165918,114836;118460;165918;3572;51010;5692;64218;8995;9021;972
immune_biased,BP,GO:0002429,immune response-activating cell surface receptor signaling pathway,5.579950512912341e-09,2.0137264445965928e-07,True,12,120,67,6000,0.1,0.011166666666666667,8.955223880597016,640;728;1493;1967;3119;4792;5142;10385;10603;29110;64005;79908,10385;10603;1493;1967;29110;3119;4792;5142;640;64005;728;79908
immune_biased,BP,GO:0006954,inflammatory response,5.403936018433317e-09,2.0137264445965928e-07,True,16,120,132,6000,0.13333333333333333,0.022,6.0606060606060606,566;728;1051;2896;3559;3572;3630;4775;5724;5806;6376;7098;7186;27347;29110;79807,1051;27347;2896;29110;3559;3572;3630;4775;566;5724;5806;6376;7098;7186;728;79807
immune_biased,BP,GO:0030097,hemopoiesis,5.440524278104446e-09,2.0137264445965928e-07,True,17,120,151,6000,0.14166666666666666,0.025166666666666667,5.629139072847682,972;1051;3045;3572;3623;3676;4775;5468;5692;9021;23376;29110;64218;79908;96459;114836;115727,1051;114836;115727;23376;29110;3045;3572;3623;3676;4775;5468;5692;64218;79908;9021;96459;972
immune_biased,BP,GO:0050777,negative regulation of immune response,5.579950512912341e-09,2.0137264445965928e-07,True,12,120,67,6000,0.1,0.011166666666666667,8.955223880597016,2896;3572;3630;5133;5292;5468;5595;5692;8995;10148;23376;84868,10148;23376;2896;3572;3630;5133;5292;5468;5595;5692;84868;8995
immune_biased,BP,GO:0042129,regulation of T cell proliferation,7.352066024434841e-09,2.620092529457966e-07,True,11,120,55,6000,0.09166666666666666,0.009166666666666667,10.0,1051;1493;3559;3572;4690;8995;10148;10385;30835;51561;84868,10148;10385;1051;1493;30835;3559;3572;4690;51561;84868;8995
immune_biased,BP,GO:0002696,positive regulation of leukocyte activation,7.73047366698531e-09,2.720935854885817e-07,True,15,120,117,6000,0.125,0.0195,6.410256410256411,972;1326;3119;3559;3572;3603;4345;4690;8741;10148;30835;51561;84868;85480;146850,10148;1326;146850;30835;3119;3559;3572;3603;4345;4690;51561;84868;85480;8741;972
immune_biased,BP,GO:0042127,regulation of cell population proliferation,1.0638531514298308e-08,3.6988357740566433e-07,True,28,120,425,6000,0.23333333333333334,0.07083333333333333,3.294117647058824,728;972;1051;1493;2896;3559;3572;3623;3630;3676;4345;4690;5292;5468;5595;5909;6376;8575;8741;8995;10148;10385;23376;30835;51561;84868;85480;130120,10148;10385;1051;130120;1493;23376;2896;30835;3559;3572;3623;3630;3676;4345;4690;51561;5292;5468;5595;5909;6376;728;84868;85480;8575;8741;8995;972
immune_biased,BP,GO:0050867,positive regulation of cell activation,1.2364395267264715e-08,4.247095289996591e-07,True,15,120,121,6000,0.125,0.020166666666666666,6.198347107438017,972;1326;3119;3559;3572;3603;4345;4690;8741;10148;30835;51561;84868;85480;146850,10148;1326;146850;30835;3119;3559;3572;3603;4345;4690;51561;84868;85480;8741;972
immune_biased,BP,GO:0002443,leukocyte mediated immunity,1.949091474905831e-08,6.537482111713557e-07,True,10,120,47,6000,0.08333333333333333,0.007833333333333333,10.638297872340425,306;566;713;867;972;2794;51010;64005;118460;165918,118460;165918;2794;306;51010;566;64005;713;867;972
immune_biased,BP,GO:0051250,negative regulation of lymphocyte activation,1.949091474905831e-08,6.537482111713557e-07,True,10,120,47,6000,0.08333333333333333,0.007833333333333333,10.638297872340425,867;1051;1493;3623;5133;5692;8995;10385;23376;84868,10385;1051;1493;23376;3623;5133;5692;84868;867;8995
immune_biased,BP,GO:0050851,antigen receptor-mediated signaling pathway,2.9431898452521117e-08,9.757016568388105e-07,True,9,120,37,6000,0.075,0.006166666666666667,12.162162162162161,640;1493;1967;3119;4792;5142;10385;10603;79908,10385;10603;1493;1967;3119;4792;5142;640;79908
immune_biased,BP,GO:0043410,positive regulation of MAPK cascade,2.9952977804755686e-08,9.815625255328559e-07,True,15,120,129,6000,0.125,0.0215,5.813953488372094,728;972;3572;3630;5175;5595;6376;7098;7186;9770;10148;27347;57007;84868;146850,10148;146850;27347;3572;3630;5175;5595;57007;6376;7098;7186;728;84868;972;9770
immune_biased,BP,GO:0010604,positive regulation of macromolecule metabolic process,3.184215483039319e-08,1.0316134479710339e-06,True,41,120,864,6000,0.3416666666666667,0.144,2.3726851851851856,463;566;728;972;1051;1967;2896;3572;3603;3630;4261;4345;4690;4775;4792;5142;5292;5468;5595;5692;5987;6376;6421;7098;7186;8741;8995;9770;10148;10743;23376;25926;29110;51561;84868;85480;114836;115362;146850;149628;165918,10148;1051;10743;114836;115362;146850;149628;165918;1967;23376;25926;2896;29110;3572;3603;3630;4261;4345;463;4690;4775;4792;5142;51561;5292;5468;5595;566;5692;5987;6376;6421;7098;7186;728;84868;85480;8741;8995;972;9770
immune_biased,BP,GO:0010647,positive regulation of cell communication,3.569458422215736e-08,1.1434298833412431e-06,True,30,120,508,6000,0.25,0.08466666666666667,2.952755905511811,640;728;867;972;3572;3623;3630;4690;5175;5292;5468;5595;6376;6421;7098;7186;9770;10107;10148;27347;29110;51561;57007;84868;85480;96459;115362;146850;149628;169026,10107;10148;115362;146850;149628;169026;27347;29110;3572;3623;3630;4690;51561;5175;5292;5468;5595;57007;6376;640;6421;7098;7186;728;84868;85480;867;96459;972;9770
immune_biased,BP,GO:0023056,positive regulation of signaling,4.0836325521032244e-08,1.2936040451162548e-06,True,30,120,511,6000,0.25,0.08516666666666667,2.935420743639922,640;728;867;972;3572;3623;3630;4690;5175;5292;5468;5595;6376;6421;7098;7186;9770;10107;10148;27347;29110;51561;57007;84868;85480;96459;115362;146850;149628;169026,10107;10148;115362;146850;149628;169026;27347;29110;3572;3623;3630;4690;51561;5175;5292;5468;5595;57007;6376;640;6421;7098;7186;728;84868;85480;867;96459;972;9770
immune_biased,BP,GO:0045058,T cell selection,4.436136089277466e-08,1.3898268121461599e-06,True,7,120,19,6000,0.058333333333333334,0.0031666666666666666,18.42105263157895,972;3572;4775;5692;9021;79908;114836,114836;3572;4775;5692;79908;9021;972
immune_biased,BP,GO:0002833,positive regulation of response to biotic stimulus,6.181590197181944e-08,1.915621049148448e-06,True,13,120,99,6000,0.10833333333333334,0.0165,6.565656565656566,2896;4792;6421;7098;7186;10107;29110;84868;114836;115362;115727;130120;149628,10107;114836;115362;115727;130120;149628;2896;29110;4792;6421;7098;7186;84868
immune_biased,BP,GO:0032729,positive regulation of type II interferon production,6.712392818547835e-08,2.0577453683526753e-06,True,7,120,20,6000,0.058333333333333334,0.0033333333333333335,17.5,5142;5692;7098;10148;51561;84868;114836,10148;114836;5142;51561;5692;7098;84868
immune_biased,BP,GO:0002703,regulation of leukocyte mediated immunity,7.567059678926576e-08,2.295073100491454e-06,True,11,120,68,6000,0.09166666666666666,0.011333333333333334,8.088235294117647,1776;5133;5595;7186;8741;23376;51561;84868;114836;115727;146850,114836;115727;146850;1776;23376;5133;51561;5595;7186;84868;8741
immune_biased,BP,GO:0050868,negative regulation of T cell activation,7.749821464300553e-08,2.3257622099706187e-06,True,9,120,41,6000,0.075,0.006833333333333334,10.97560975609756,867;1051;1493;5133;5692;8995;10385;23376;84868,10385;1051;1493;23376;5133;5692;84868;867;8995
immune_biased,BP,GO:0042221,response to chemical,8.808806778293687e-08,2.589062693290237e-06,True,44,120,1004,6000,0.36666666666666664,0.16733333333333333,2.191235059760956,566;671;728;867;972;1051;1967;3559;3572;3603;3630;3676;4261;4345;4792;5142;5292;5468;5595;5692;5724;6376;6404;7098;7186;8995;9021;10148;10603;10890;27347;29110;51561;57007;64218;84868;85480;115362;130120;149628;169026;338398;390265;692094,10148;1051;10603;10890;115362;130120;149628;169026;1967;27347;29110;338398;3559;3572;3603;3630;3676;390265;4261;4345;4792;5142;51561;5292;5468;5595;566;5692;57007;5724;6376;6404;64218;671;692094;7098;7186;728;84868;85480;867;8995;9021;972
immune_biased,BP,GO:0048522,positive regulation of cellular process,8.745258381815465e-08,2.589062693290237e-06,True,59,120,1599,6000,0.49166666666666664,0.2665,1.8449030644152593,306;463;566;640;728;867;972;1051;1326;1493;1967;2896;3119;3559;3572;3603;3623;3630;3676;4261;4345;4690;4775;4792;5142;5175;5292;5468;5595;5692;5987;6376;6421;7098;7186;8741;8995;9770;10107;10148;10743;23376;25926;27347;29110;30835;51561;57007;64218;84868;85480;96459;114836;115362;130120;146850;149628;165918;169026,10107;10148;1051;10743;114836;115362;130120;1326;146850;1493;149628;165918;169026;1967;23376;25926;27347;2896;29110;306;30835;3119;3559;3572;3603;3623;3630;3676;4261;4345;463;4690;4775;4792;5142;51561;5175;5292;5468;5595;566;5692;57007;5987;6376;640;6421;64218;7098;7186;728;84868;85480;867;8741;8995;96459;972;9770
immune_biased,BP,GO:0045785,positive regulation of cell adhesion,9.1085766552076e-08,2.6498522493874356e-06,True,15,120,140,6000,0.125,0.023333333333333334,5.357142857142857,463;566;1326;3119;3559;3572;3676;4690;6376;8995;10148;30835;51561;84868;146850,10148;1326;146850;30835;3119;3559;3572;3676;463;4690;51561;566;6376;84868;8995
immune_biased,BP,GO:0070665,positive regulation of leukocyte proliferation,9.622132730958966e-08,2.770979839996365e-06,True,10,120,55,6000,0.08333333333333333,0.009166666666666667,9.09090909090909,972;3559;3572;4690;5595;8741;10148;30835;51561;84868,10148;30835;3559;3572;4690;51561;5595;84868;8741;972
immune_biased,BP,GO:1902531,regulation of intracellular signal transduction,1.1448349816910224e-07,3.263924532801105e-06,True,31,120,566,6000,0.25833333333333336,0.09433333333333334,2.7385159010600706,728;867;972;3572;3630;4345;4690;4792;5142;5175;5292;5468;5595;5909;6376;6421;7098;7186;9770;10107;10148;23376;27347;29110;51561;57007;84868;96459;115362;146850;149628,10107;10148;115362;146850;149628;23376;27347;29110;3572;3630;4345;4690;4792;5142;51561;5175;5292;5468;5595;57007;5909;6376;6421;7098;7186;728;84868;867;96459;972;9770
immune_biased,BP,GO:0002706,regulation of lymphocyte mediated immunity,1.3735810802694332e-07,3.8773065939090635e-06,True,10,120,57,6000,0.08333333333333333,0.0095,8.771929824561402,5133;5595;7186;8741;23376;51561;84868;114836;115727;146850,114836;115727;146850;23376;5133;51561;5595;7186;84868;8741
immune_biased,BP,GO:0046631,alpha-beta T cell activation,1.4262693990676612e-07,3.986562800727355e-06,True,8,120,32,6000,0.06666666666666667,0.005333333333333333,12.5,1051;3572;3630;5692;9021;29110;64218;114836,1051;114836;29110;3572;3630;5692;64218;9021
immune_biased,BP,GO:1903038,negative regulation of leukocyte cell-cell adhesion,1.4911224057992245e-07,4.127368911586009e-06,True,9,120,44,6000,0.075,0.007333333333333333,10.227272727272727,867;1051;1493;5133;5692;8995;10385;23376;84868,10385;1051;1493;23376;5133;5692;84868;867;8995
immune_biased,BP,GO:0030098,lymphocyte differentiation,1.6145330555867522e-07,4.425993982190222e-06,True,11,120,73,6000,0.09166666666666666,0.012166666666666666,7.534246575342466,972;3572;3676;4775;5692;9021;29110;64218;79908;96459;114836,114836;29110;3572;3676;4775;5692;64218;79908;9021;96459;972
immune_biased,BP,GO:0010628,positive regulation of gene expression,1.650575974615606e-07,4.481706765361041e-06,True,23,120,339,6000,0.19166666666666668,0.0565,3.392330383480826,566;728;972;1051;1967;3572;3603;3630;4345;4690;5142;5468;5692;7098;7186;8741;10148;29110;51561;84868;85480;114836;115362,10148;1051;114836;115362;1967;29110;3572;3603;3630;4345;4690;5142;51561;5468;566;5692;7098;7186;728;84868;85480;8741;972
immune_biased,BP,GO:0009967,positive regulation of signal transduction,1.6877589956310955e-07,4.539434808060616e-06,True,27,120,453,6000,0.225,0.0755,2.980132450331126,728;867;972;3572;3630;4690;5175;5292;5468;5595;6376;6421;7098;7186;9770;10107;10148;27347;29110;51561;57007;84868;85480;96459;115362;146850;149628,10107;10148;115362;146850;149628;27347;29110;3572;3630;4690;51561;5175;5292;5468;5595;57007;6376;6421;7098;7186;728;84868;85480;867;96459;972;9770
immune_biased,BP,GO:1903131,mononuclear cell differentiation,1.7301450511676566e-07,4.609947234466345e-06,True,12,120,90,6000,0.1,0.015,6.666666666666667,972;3572;3676;4775;5468;5692;9021;29110;64218;79908;96459;114836,114836;29110;3572;3676;4775;5468;5692;64218;79908;9021;96459;972
immune_biased,BP,GO:0140374,antiviral innate immune response,1.8514476172213147e-07,4.887478848794414e-06,True,8,120,33,6000,0.06666666666666667,0.0055,12.121212121212121,4690;5987;8575;10107;29110;60489;115362;256987,10107;115362;256987;29110;4690;5987;60489;8575
immune_biased,BP,GO:0002822,regulation of adaptive immune response based on somatic recombination of immune receptors built from immunoglobulin superfamily domains,1.9322931695755396e-07,5.008152569508967e-06,True,10,120,59,6000,0.08333333333333333,0.009833333333333333,8.474576271186441,3572;5133;5595;7186;8741;8995;10148;23376;51561;84868,10148;23376;3572;5133;51561;5595;7186;84868;8741;8995
immune_biased,BP,GO:0010557,positive regulation of macromolecule biosynthetic process,1.9150243144764618e-07,5.008152569508967e-06,True,35,120,710,6000,0.2916666666666667,0.11833333333333333,2.4647887323943665,463;566;728;972;1051;1967;3572;3603;3630;4261;4345;4690;4775;4792;5142;5292;5468;5595;5692;5987;6376;6421;7098;7186;8741;10148;10743;25926;29110;51561;84868;85480;114836;115362;149628,10148;1051;10743;114836;115362;149628;1967;25926;29110;3572;3603;3630;4261;4345;463;4690;4775;4792;5142;51561;5292;5468;5595;566;5692;5987;6376;6421;7098;7186;728;84868;85480;8741;972
immune_biased,BP,GO:0032946,positive regulation of mononuclear cell proliferation,2.2407267253208164e-07,5.703849905258614e-06,True,9,120,46,6000,0.075,0.007666666666666666,9.782608695652174,972;3559;3572;4690;8741;10148;30835;51561;84868,10148;30835;3559;3572;4690;51561;84868;8741;972
immune_biased,BP,GO:0050671,positive regulation of lymphocyte proliferation,2.2407267253208164e-07,5.703849905258614e-06,True,9,120,46,6000,0.075,0.007666666666666666,9.782608695652174,972;3559;3572;4690;8741;10148;30835;51561;84868,10148;30835;3559;3572;4690;51561;84868;8741;972
immune_biased,BP,GO:0032649,regulation of type II interferon production,2.3809677305404543e-07,6.007202654664456e-06,True,8,120,34,6000,0.06666666666666667,0.005666666666666667,11.76470588235294,3623;5142;5692;7098;10148;51561;84868;114836,10148;114836;3623;5142;51561;5692;7098;84868
immune_biased,BP,GO:0040017,positive regulation of locomotion,2.402068745240363e-07,6.00727894094761e-06,True,16,120,172,6000,0.13333333333333333,0.028666666666666667,4.651162790697675,306;566;728;972;2896;3603;3630;3676;5175;5595;6376;8995;27347;51561;57007;64218,27347;2896;306;3603;3630;3676;51561;5175;5595;566;57007;6376;64218;728;8995;972
immune_biased,BP,GO:0019730,antimicrobial humoral response,2.7252624674385005e-07,6.698037322988935e-06,True,9,120,47,6000,0.075,0.007833333333333333,9.574468085106384,566;671;5266;6038;6376;8342;85480;130120;259239,130120;259239;5266;566;6038;6376;671;8342;85480
immune_biased,BP,GO:0030217,T cell differentiation,2.7252624674385005e-07,6.698037322988935e-06,True,9,120,47,6000,0.075,0.007833333333333333,9.574468085106384,972;3572;4775;5692;9021;29110;64218;79908;114836,114836;29110;3572;4775;5692;64218;79908;9021;972
immune_biased,BP,GO:0035710,"CD4-positive, alpha-beta T cell activation",2.804291666780399e-07,6.833363711103348e-06,True,7,120,24,6000,0.058333333333333334,0.004,14.583333333333334,1051;3572;5692;9021;29110;64218;114836,1051;114836;29110;3572;5692;64218;9021
immune_biased,BP,GO:0045089,positive regulation of innate immune response,3.173718525064673e-07,7.668026707592697e-06,True,12,120,95,6000,0.1,0.015833333333333335,6.315789473684211,4792;6421;7098;7186;10107;29110;84868;114836;115362;115727;130120;149628,10107;114836;115362;115727;130120;149628;29110;4792;6421;7098;7186;84868
immune_biased,BP,GO:0002819,regulation of adaptive immune response,3.674683387236319e-07,8.730435280842289e-06,True,10,120,63,6000,0.08333333333333333,0.0105,7.936507936507936,3572;5133;5595;7186;8741;8995;10148;23376;51561;84868,10148;23376;3572;5133;51561;5595;7186;84868;8741;8995
immune_biased,BP,GO:0051607,defense response to virus,3.674683387236319e-07,8.730435280842289e-06,True,10,120,63,6000,0.08333333333333333,0.0105,7.936507936507936,566;4690;5987;7098;8575;10107;29110;60489;115362;256987,10107;115362;256987;29110;4690;566;5987;60489;7098;8575
immune_biased,BP,GO:0002823,negative regulation of adaptive immune response based on somatic recombination of immune receptors built from immunoglobulin superfamily domains,3.8307282306910563e-07,8.973781962862008e-06,True,7,120,25,6000,0.058333333333333334,0.004166666666666667,14.0,3572;5133;5595;8995;10148;23376;84868,10148;23376;3572;5133;5595;84868;8995
immune_biased,BP,GO:0042116,macrophage activation,3.840061029355191e-07,8.973781962862008e-06,True,6,120,16,6000,0.05,0.0026666666666666666,18.75,566;728;2896;6376;27347;84868,27347;2896;566;6376;728;84868
immune_biased,BP,GO:0060255,regulation of macromolecule metabolic process,3.9192096144658687e-07,9.084281797432675e-06,True,57,120,1578,6000,0.475,0.263,1.8060836501901139,463;566;671;728;972;1051;1967;2896;3572;3603;3623;3630;4261;4345;4690;4775;4792;5142;5292;5468;5595;5692;5806;5987;6376;6421;7098;7186;7551;7554;8575;8741;8995;9770;10148;10385;10739;10743;23376;25926;29110;51010;51561;60489;79908;84868;85480;90987;96459;114836;115362;118460;124411;146850;149628;165918;344167,10148;10385;1051;10739;10743;114836;115362;118460;124411;146850;149628;165918;1967;23376;25926;2896;29110;344167;3572;3603;3623;3630;4261;4345;463;4690;4775;4792;51010;5142;51561;5292;5468;5595;566;5692;5806;5987;60489;6376;6421;671;7098;7186;728;7551;7554;79908;84868;85480;8575;8741;8995;90987;96459;972;9770
immune_biased,BP,GO:0008284,positive regulation of cell population proliferation,4.856636115756087e-07,1.1166346424210166e-05,True,19,120,253,6000,0.15833333333333333,0.042166666666666665,3.7549407114624507,728;972;2896;3559;3572;3630;3676;4690;5292;5595;6376;8741;10148;23376;30835;51561;84868;85480;130120,10148;130120;23376;2896;30835;3559;3572;3630;3676;4690;51561;5292;5595;6376;728;84868;85480;8741;972
immune_biased,BP,GO:0009893,positive regulation of metabolic process,5.106127625852901e-07,1.1646055889045296e-05,True,41,120,953,6000,0.3416666666666667,0.15883333333333333,2.1511017838405038,463;566;728;972;1051;1967;2896;3572;3603;3630;4261;4345;4690;4775;4792;5142;5292;5468;5595;5692;5987;6376;6421;7098;7186;8741;8995;9770;10148;10743;23376;25926;29110;51561;84868;85480;114836;115362;146850;149628;165918,10148;1051;10743;114836;115362;146850;149628;165918;1967;23376;25926;2896;29110;3572;3603;3630;4261;4345;463;4690;4775;4792;5142;51561;5292;5468;5595;566;5692;5987;6376;6421;7098;7186;728;84868;85480;8741;8995;972;9770
immune_biased,BP,GO:0002820,negative regulation of adaptive immune response,5.155760412510972e-07,1.166593090164189e-05,True,7,120,26,6000,0.058333333333333334,0.004333333333333333,13.461538461538462,3572;5133;5595;8995;10148;23376;84868,10148;23376;3572;5133;5595;84868;8995
immune_biased,BP,GO:0002521,leukocyte differentiation,5.606409203757046e-07,1.2585726488119163e-05,True,12,120,100,6000,0.1,0.016666666666666666,6.0,972;3572;3676;4775;5468;5692;9021;29110;64218;79908;96459;114836,114836;29110;3572;3676;4775;5468;5692;64218;79908;9021;96459;972
immune_biased,BP,GO:0043408,regulation of MAPK cascade,6.067229378976133e-07,1.3513805437078872e-05,True,16,120,184,6000,0.13333333333333333,0.030666666666666665,4.3478260869565215,728;972;3572;3630;5175;5468;5595;6376;7098;7186;9770;10148;27347;57007;84868;146850,10148;146850;27347;3572;3630;5175;5468;5595;57007;6376;7098;7186;728;84868;972;9770
immune_biased,BP,GO:0051251,positive regulation of lymphocyte activation,6.256013345191095e-07,1.3826274455147141e-05,True,12,120,101,6000,0.1,0.016833333333333332,5.940594059405941,972;1326;3119;3559;3572;4690;8741;10148;30835;51561;84868;146850,10148;1326;146850;30835;3119;3559;3572;4690;51561;84868;8741;972
immune_biased,BP,GO:0009891,positive regulation of biosynthetic process,6.657679101870456e-07,1.4600802399563593e-05,True,35,120,747,6000,0.2916666666666667,0.1245,2.342704149933066,463;566;728;972;1051;1967;3572;3603;3630;4261;4345;4690;4775;4792;5142;5292;5468;5595;5692;5987;6376;6421;7098;7186;8741;10148;10743;25926;29110;51561;84868;85480;114836;115362;149628,10148;1051;10743;114836;115362;149628;1967;25926;29110;3572;3603;3630;4261;4345;463;4690;4775;4792;5142;51561;5292;5468;5595;566;5692;5987;6376;6421;7098;7186;728;84868;85480;8741;972
immune_biased,BP,GO:0002286,T cell activation involved in immune response,6.845719853913803e-07,1.4898585727868895e-05,True,7,120,27,6000,0.058333333333333334,0.0045,12.962962962962964,972;3572;5692;8995;9021;64218;114836,114836;3572;5692;64218;8995;9021;972
immune_biased,BP,GO:0010468,regulation of gene expression,7.809022416942379e-07,1.6866305235380853e-05,True,51,120,1358,6000,0.425,0.22633333333333333,1.877761413843888,463;566;671;728;972;1051;1967;3572;3603;3623;3630;4261;4345;4690;4775;4792;5142;5292;5468;5595;5692;5987;6376;6421;7098;7186;7551;7554;8575;8741;10148;10385;10739;10743;25926;29110;51010;51561;60489;79908;84868;85480;90987;96459;114836;115362;118460;124411;149628;165918;344167,10148;10385;1051;10739;10743;114836;115362;118460;124411;149628;165918;1967;25926;29110;344167;3572;3603;3623;3630;4261;4345;463;4690;4775;4792;51010;5142;51561;5292;5468;5595;566;5692;5987;60489;6376;6421;671;7098;7186;728;7551;7554;79908;84868;85480;8575;8741;90987;96459;972
immune_biased,BP,GO:0002218,activation of innate immune response,8.013526977687055e-07,1.717786873186902e-05,True,9,120,53,6000,0.075,0.008833333333333334,8.490566037735848,4792;6421;7098;7186;29110;84868;115362;130120;149628,115362;130120;149628;29110;4792;6421;7098;7186;84868
immune_biased,BP,GO:0042093,T-helper cell differentiation,8.614702688842749e-07,1.832874430290349e-05,True,6,120,18,6000,0.05,0.003,16.666666666666668,3572;5692;9021;29110;64218;114836,114836;29110;3572;5692;64218;9021
immune_biased,BP,GO:0034341,response to type II interferon,8.977418711620761e-07,1.895897833098577e-05,True,7,120,28,6000,0.058333333333333334,0.004666666666666667,12.5,972;4261;4345;5292;5692;115362;169026,115362;169026;4261;4345;5292;5692;972
immune_biased,BP,GO:0002832,negative regulation of response to biotic stimulus,9.122476802507633e-07,1.912366276760975e-05,True,8,120,40,6000,0.06666666666666667,0.006666666666666667,10.0,2896;3630;5133;5292;5468;5595;23376;84868,23376;2896;3630;5133;5292;5468;5595;84868
immune_biased,BP,GO:0022409,positive regulation of cell-cell adhesion,1.0616601107034078e-06,2.209337938405413e-05,True,12,120,106,6000,0.1,0.017666666666666667,5.660377358490567,1326;3119;3559;3572;3676;4690;6376;10148;30835;51561;84868;146850,10148;1326;146850;30835;3119;3559;3572;3676;4690;51561;6376;84868
immune_biased,BP,GO:0050900,leukocyte migration,1.509656772762645e-06,3.1188633761929716e-05,True,10,120,73,6000,0.08333333333333333,0.012166666666666666,6.8493150684931505,566;3603;3676;5142;5175;6376;6404;30835;64005;692094,30835;3603;3676;5142;5175;566;6376;64005;6404;692094
immune_biased,BP,GO:0043367,"CD4-positive, alpha-beta T cell differentiation",1.7406575410462871e-06,3.5702263665632836e-05,True,6,120,20,6000,0.05,0.0033333333333333335,15.0,3572;5692;9021;29110;64218;114836,114836;29110;3572;5692;64218;9021
immune_biased,BP,GO:0010556,regulation of macromolecule biosynthetic process,1.8066197861103722e-06,3.6790521501433364e-05,True,51,120,1394,6000,0.425,0.23233333333333334,1.8292682926829267,463;566;671;728;972;1051;1967;3572;3603;3623;3630;4261;4345;4690;4775;4792;5142;5292;5468;5595;5692;5987;6376;6421;7098;7186;7551;7554;8575;8741;10148;10385;10739;10743;25926;29110;51010;51561;60489;79908;84868;85480;90987;96459;114836;115362;118460;124411;149628;165918;344167,10148;10385;1051;10739;10743;114836;115362;118460;124411;149628;165918;1967;25926;29110;344167;3572;3603;3623;3630;4261;4345;463;4690;4775;4792;51010;5142;51561;5292;5468;5595;566;5692;5987;60489;6376;6421;671;7098;7186;728;7551;7554;79908;84868;85480;8575;8741;90987;96459;972
immune_biased,BP,GO:1903039,positive regulation of leukocyte cell-cell adhesion,1.974565142554523e-06,3.992542710229039e-05,True,11,120,93,6000,0.09166666666666666,0.0155,5.913978494623655,1326;3119;3559;3572;3676;4690;10148;30835;51561;84868;146850,10148;1326;146850;30835;3119;3559;3572;3676;4690;51561;84868
immune_biased,BP,GO:0048468,cell development,2.1041039607756317e-06,4.224507318430511e-05,True,27,120,514,6000,0.225,0.08566666666666667,2.6264591439688716,728;972;1051;1776;1967;2674;2896;3045;3572;3623;3676;4775;5175;5468;5595;5692;6376;9021;10890;23376;29110;64218;79908;96459;114836;115727;388552,1051;10890;114836;115727;1776;1967;23376;2674;2896;29110;3045;3572;3623;3676;388552;4775;5175;5468;5595;5692;6376;64218;728;79908;9021;96459;972
immune_biased,BP,GO:0002687,positive regulation of leukocyte migration,2.351929441274528e-06,4.6564936368567214e-05,True,8,120,45,6000,0.06666666666666667,0.0075,8.88888888888889,728;972;3676;5595;6376;8995;27347;51561,27347;3676;51561;5595;6376;728;8995;972
immune_biased,BP,GO:0050921,positive regulation of chemotaxis,2.351929441274528e-06,4.6564936368567214e-05,True,8,120,45,6000,0.06666666666666667,0.0075,8.88888888888889,566;728;972;3603;5595;8995;27347;51561,27347;3603;51561;5595;566;728;8995;972
immune_biased,BP,GO:0022408,negative regulation of cell-cell adhesion,2.3767709587226844e-06,4.6732234505643954e-05,True,9,120,60,6000,0.075,0.01,7.5,867;1051;1493;5133;5692;8995;10385;23376;84868,10385;1051;1493;23376;5133;5692;84868;867;8995
immune_biased,BP,GO:0009966,regulation of signal transduction,2.5806136932776997e-06,5.0392668763936456e-05,True,37,120,863,6000,0.30833333333333335,0.14383333333333334,2.1436848203939745,728;867;972;1493;3572;3623;3630;4345;4690;4792;5133;5142;5175;5292;5468;5595;5909;5987;6376;6421;7098;7186;9021;9770;10107;10148;23376;27347;29110;51561;57007;84868;85480;96459;115362;146850;149628,10107;10148;115362;146850;1493;149628;23376;27347;29110;3572;3623;3630;4345;4690;4792;5133;5142;51561;5175;5292;5468;5595;57007;5909;5987;6376;6421;7098;7186;728;84868;85480;867;9021;96459;972;9770
immune_biased,BP,GO:0042981,regulation of apoptotic process,2.759801980487987e-06,5.352513909096089e-05,True,22,120,368,6000,0.18333333333333332,0.06133333333333333,2.989130434782609,566;867;972;1493;2896;3572;3630;3676;4690;5292;5468;6376;6421;7186;8995;9021;9770;10148;57007;79269;85480;96459,10148;1493;2896;3572;3630;3676;4690;5292;5468;566;57007;6376;6421;7186;79269;85480;867;8995;9021;96459;972;9770
immune_biased,BP,GO:0046632,alpha-beta T cell differentiation,3.242732635369241e-06,6.246642394214665e-05,True,6,120,22,6000,0.05,0.0036666666666666666,13.636363636363637,3572;5692;9021;29110;64218;114836,114836;29110;3572;5692;64218;9021
immune_biased,BP,GO:0002275,myeloid cell activation involved in immune response,3.33331570181078e-06,6.378042326082238e-05,True,5,120,13,6000,0.041666666666666664,0.0021666666666666666,19.23076923076923,306;867;1776;2896;84868,1776;2896;306;84868;867
immune_biased,BP,GO:0042102,positive regulation of T cell proliferation,3.692490915125113e-06,7.018194399347799e-05,True,7,120,34,6000,0.058333333333333334,0.005666666666666667,10.294117647058822,3559;3572;4690;10148;30835;51561;84868,10148;30835;3559;3572;4690;51561;84868
immune_biased,BP,GO:0019222,regulation of metabolic process,3.7310065054833396e-06,7.044436786180796e-05,True,58,120,1726,6000,0.48333333333333334,0.2876666666666667,1.6801853997682503,463;566;671;728;972;1051;1967;2896;3572;3603;3623;3630;4261;4345;4690;4775;4792;5142;5292;5468;5595;5692;5806;5987;6376;6421;7098;7186;7551;7554;8575;8741;8995;9770;10148;10385;10739;10743;23376;25926;29110;51010;51561;60489;79908;84868;85480;90987;96459;114836;115362;118460;124411;134266;146850;149628;165918;344167,10148;10385;1051;10739;10743;114836;115362;118460;124411;134266;146850;149628;165918;1967;23376;25926;2896;29110;344167;3572;3603;3623;3630;4261;4345;463;4690;4775;4792;51010;5142;51561;5292;5468;5595;566;5692;5806;5987;60489;6376;6421;671;7098;7186;728;7551;7554;79908;84868;85480;8575;8741;8995;90987;96459;972;9770
immune_biased,BP,GO:0030335,positive regulation of cell migration,3.7590679502696505e-06,7.05072547777551e-05,True,14,120,163,6000,0.11666666666666667,0.027166666666666665,4.294478527607362,306;728;972;2896;3630;3676;5175;5595;6376;8995;27347;51561;57007;64218,27347;2896;306;3630;3676;51561;5175;5595;57007;6376;64218;728;8995;972
immune_biased,BP,GO:0048585,negative regulation of response to stimulus,4.042985518499146e-06,7.533693930222918e-05,True,25,120,468,6000,0.20833333333333334,0.078,2.670940170940171,867;972;1493;2896;3572;3623;3630;4345;4690;4792;5133;5142;5292;5468;5595;5692;6376;8995;9021;10148;23376;29110;57007;84868;96459,10148;1493;23376;2896;29110;3572;3623;3630;4345;4690;4792;5133;5142;5292;5468;5595;5692;57007;6376;84868;867;8995;9021;96459;972
immune_biased,BP,GO:0048519,negative regulation of biological process,4.390877204752467e-06,8.128825266720314e-05,True,52,120,1476,6000,0.43333333333333335,0.246,1.7615176151761518,463;566;671;867;972;1051;1493;2896;3572;3623;3630;3676;4261;4345;4690;4775;4792;5133;5142;5292;5468;5595;5692;5806;5909;5987;6376;6421;7098;7186;8575;8995;9021;9770;10148;10385;10890;23376;27347;29110;51010;51561;57007;60489;64218;84868;85480;96459;118460;124411;130120;165918,10148;10385;1051;10890;118460;124411;130120;1493;165918;23376;27347;2896;29110;3572;3623;3630;3676;4261;4345;463;4690;4775;4792;51010;5133;5142;51561;5292;5468;5595;566;5692;57007;5806;5909;5987;60489;6376;6421;64218;671;7098;7186;84868;85480;8575;867;8995;9021;96459;972;9770
immune_biased,BP,GO:0002449,lymphocyte mediated immunity,4.539732321156872e-06,8.296651825396309e-05,True,7,120,35,6000,0.058333333333333334,0.005833333333333334,10.0,713;972;2794;51010;64005;118460;165918,118460;165918;2794;51010;64005;713;972
immune_biased,BP,GO:0002698,negative regulation of immune effector process,4.539732321156872e-06,8.296651825396309e-05,True,7,120,35,6000,0.058333333333333334,0.005833333333333334,10.0,2896;3630;5133;5595;8995;23376;84868,23376;2896;3630;5133;5595;84868;8995
immune_biased,BP,GO:0048523,negative regulation of cellular process,4.84679265275828e-06,8.801405001919654e-05,True,50,120,1397,6000,0.4166666666666667,0.23283333333333334,1.7895490336435218,463;566;671;867;972;1051;1493;2896;3572;3623;3630;4261;4345;4690;4775;4792;5133;5142;5292;5468;5595;5692;5806;5909;5987;6376;6421;7098;7186;8575;8995;9021;9770;10148;10385;10890;23376;27347;29110;51010;51561;57007;60489;84868;85480;96459;118460;124411;130120;165918,10148;10385;1051;10890;118460;124411;130120;1493;165918;23376;27347;2896;29110;3572;3623;3630;4261;4345;463;4690;4775;4792;51010;5133;5142;51561;5292;5468;5595;566;5692;57007;5806;5909;5987;60489;6376;6421;671;7098;7186;84868;85480;8575;867;8995;9021;96459;972;9770
immune_biased,BP,GO:0045123,cellular extravasation,5.102487688870336e-06,9.149177610672534e-05,True,5,120,14,6000,0.041666666666666664,0.0023333333333333335,17.857142857142854,566;3676;5175;6376;6404,3676;5175;566;6376;6404
immune_biased,BP,GO:1905521,regulation of macrophage migration,5.102487688870336e-06,9.149177610672534e-05,True,5,120,14,6000,0.041666666666666664,0.0023333333333333335,17.857142857142854,728;4345;5595;6376;8995,4345;5595;6376;728;8995
immune_biased,BP,GO:0002685,regulation of leukocyte migration,5.3808692138193354e-06,9.528483309688773e-05,True,9,120,66,6000,0.075,0.011,6.818181818181818,728;972;3676;4345;5595;6376;8995;27347;51561,27347;3676;4345;51561;5595;6376;728;8995;972
immune_biased,BP,GO:2000147,positive regulation of cell motility,5.368568963335063e-06,9.528483309688773e-05,True,14,120,168,6000,0.11666666666666667,0.028,4.166666666666667,306;728;972;2896;3630;3676;5175;5595;6376;8995;27347;51561;57007;64218,27347;2896;306;3630;3676;51561;5175;5595;57007;6376;64218;728;8995;972
immune_biased,BP,GO:0043067,regulation of programmed cell death,5.554472402399567e-06,9.775185690889607e-05,True,22,120,384,6000,0.18333333333333332,0.064,2.864583333333333,566;867;972;1493;2896;3572;3630;3676;4690;5292;5468;6376;6421;7186;8995;9021;9770;10148;57007;79269;85480;96459,10148;1493;2896;3572;3630;3676;4690;5292;5468;566;57007;6376;6421;7186;79269;85480;867;8995;9021;96459;972;9770
immune_biased,BP,GO:0007162,negative regulation of cell adhesion,6.212572039804269e-06,0.00010800026149684128,True,10,120,85,6000,0.08333333333333333,0.014166666666666666,5.88235294117647,867;1051;1493;5133;5692;6376;8995;10385;23376;84868,10385;1051;1493;23376;5133;5692;6376;84868;867;8995
immune_biased,BP,GO:0050870,positive regulation of T cell activation,6.212572039804269e-06,0.00010800026149684128,True,10,120,85,6000,0.08333333333333333,0.014166666666666666,5.88235294117647,1326;3119;3559;3572;4690;10148;30835;51561;84868;146850,10148;1326;146850;30835;3119;3559;3572;4690;51561;84868
immune_biased,BP,GO:0032675,regulation of interleukin-6 production,6.28522596202294e-06,0.00010860108616804487,True,8,120,51,6000,0.06666666666666667,0.0085,7.8431372549019605,671;972;3603;4345;6376;7098;84868;85480,3603;4345;6376;671;7098;84868;85480;972
immune_biased,BP,GO:0043030,regulation of macrophage activation,7.327868688309478e-06,0.00012585393753235136,True,6,120,25,6000,0.05,0.004166666666666667,12.0,671;972;2896;4345;6376;84868,2896;4345;6376;671;84868;972
immune_biased,BP,GO:0002287,alpha-beta T cell activation involved in immune response,7.53174466020968e-06,0.0001278155001562964,True,5,120,15,6000,0.041666666666666664,0.0025,16.666666666666664,3572;5692;9021;64218;114836,114836;3572;5692;64218;9021
immune_biased,BP,GO:0002292,T cell differentiation involved in immune response,7.53174466020968e-06,0.0001278155001562964,True,5,120,15,6000,0.041666666666666664,0.0025,16.666666666666664,3572;5692;9021;64218;114836,114836;3572;5692;64218;9021
immune_biased,BP,GO:0009889,regulation of biosynthetic process,7.934257361465574e-06,0.0001338495132398719,True,51,120,1462,6000,0.425,0.24366666666666667,1.744186046511628,463;566;671;728;972;1051;1967;3572;3603;3623;3630;4261;4345;4690;4775;4792;5142;5292;5468;5595;5692;5987;6376;6421;7098;7186;7551;7554;8575;8741;10148;10385;10739;10743;25926;29110;51010;51561;60489;79908;84868;85480;90987;96459;114836;115362;118460;124411;149628;165918;344167,10148;10385;1051;10739;10743;114836;115362;118460;124411;149628;165918;1967;25926;29110;344167;3572;3603;3623;3630;4261;4345;463;4690;4775;4792;51010;5142;51561;5292;5468;5595;566;5692;5987;60489;6376;6421;671;7098;7186;728;7551;7554;79908;84868;85480;8575;8741;90987;96459;972
immune_biased,BP,GO:0050852,T cell receptor signaling pathway,9.371556482426993e-06,0.00015716651489058447,True,6,120,26,6000,0.05,0.004333333333333333,11.53846153846154,1493;1967;3119;5142;10385;79908,10385;1493;1967;3119;5142;79908
immune_biased,BP,GO:1902105,regulation of leukocyte differentiation,9.438484276698355e-06,0.00015736326709278953,True,10,120,89,6000,0.08333333333333333,0.014833333333333334,5.617977528089887,972;1051;1493;3559;3623;5692;7098;8995;51561;146850,1051;146850;1493;3559;3623;51561;5692;7098;8995;972
immune_biased,BP,GO:0009615,response to virus,1.0441114297309927e-05,0.0001730675398932012,True,10,120,90,6000,0.08333333333333333,0.015,5.555555555555555,566;4690;5987;7098;8575;10107;29110;60489;115362;256987,10107;115362;256987;29110;4690;566;5987;60489;7098;8575
immune_biased,BP,GO:0023051,regulation of signaling,1.3665416134834865e-05,0.00022520289826829016,True,39,120,1002,6000,0.325,0.167,1.9461077844311376,640;728;867;972;1493;3572;3623;3630;4345;4690;4792;5133;5142;5175;5292;5468;5595;5909;5987;6376;6421;7098;7186;9021;9770;10107;10148;23376;27347;29110;51561;57007;84868;85480;96459;115362;146850;149628;169026,10107;10148;115362;146850;1493;149628;169026;23376;27347;29110;3572;3623;3630;4345;4690;4792;5133;5142;51561;5175;5292;5468;5595;57007;5909;5987;6376;640;6421;7098;7186;728;84868;85480;867;9021;96459;972;9770
immune_biased,BP,GO:0010646,regulation of cell communication,1.4339048084478796e-05,0.00023494612694740832,True,39,120,1004,6000,0.325,0.16733333333333333,1.9422310756972112,640;728;867;972;1493;3572;3623;3630;4345;4690;4792;5133;5142;5175;5292;5468;5595;5909;5987;6376;6421;7098;7186;9021;9770;10107;10148;23376;27347;29110;51561;57007;84868;85480;96459;115362;146850;149628;169026,10107;10148;115362;146850;1493;149628;169026;23376;27347;29110;3572;3623;3630;4345;4690;4792;5133;5142;51561;5175;5292;5468;5595;57007;5909;5987;6376;640;6421;7098;7186;728;84868;85480;867;9021;96459;972;9770
immune_biased,BP,GO:0007259,cell surface receptor signaling pathway via JAK-STAT,1.8409565900115064e-05,0.0002999181278927317,True,6,120,29,6000,0.05,0.004833333333333334,10.344827586206897,3559;3572;9021;10148;51561;85480,10148;3559;3572;51561;85480;9021
immune_biased,BP,GO:0045595,regulation of cell differentiation,1.922647201327242e-05,0.00031144699835136176,True,22,120,415,6000,0.18333333333333332,0.06916666666666667,2.650602409638554,463;972;1051;1493;2896;3559;3572;3623;3630;4775;4792;5292;5468;5692;5909;6376;7098;8995;51561;96459;130120;146850,1051;130120;146850;1493;2896;3559;3572;3623;3630;463;4775;4792;51561;5292;5468;5692;5909;6376;7098;8995;96459;972
immune_biased,BP,GO:0016064,immunoglobulin mediated immune response,2.047864279438992e-05,0.0003280034303753127,True,5,120,18,6000,0.041666666666666664,0.003,13.888888888888888,713;972;51010;118460;165918,118460;165918;51010;713;972
immune_biased,BP,GO:0019724,B cell mediated immunity,2.047864279438992e-05,0.0003280034303753127,True,5,120,18,6000,0.041666666666666664,0.003,13.888888888888888,713;972;51010;118460;165918,118460;165918;51010;713;972
immune_biased,BP,GO:0050920,regulation of chemotaxis,2.173227671818092e-05,0.00034613810571806593,True,8,120,60,6000,0.06666666666666667,0.01,6.666666666666666,566;728;972;3603;5595;8995;27347;51561,27347;3603;51561;5595;566;728;8995;972
immune_biased,BP,GO:0040012,regulation of locomotion,2.3900890717197765e-05,0.0003785635524151713,True,18,120,300,6000,0.15,0.05,2.9999999999999996,306;566;728;972;2896;3603;3630;3676;4345;5175;5468;5595;6376;8995;27347;51561;57007;64218,27347;2896;306;3603;3630;3676;4345;51561;5175;5468;5595;566;57007;6376;64218;728;8995;972
immune_biased,BP,GO:0071675,regulation of mononuclear cell migration,2.595954389467231e-05,0.0004088986720647003,True,7,120,45,6000,0.058333333333333334,0.0075,7.777777777777779,728;3676;4345;5595;6376;8995;27347,27347;3676;4345;5595;6376;728;8995
immune_biased,BP,GO:0031348,negative regulation of defense response,2.6655838562641707e-05,0.00041755931726423904,True,9,120,80,6000,0.075,0.013333333333333334,5.624999999999999,2896;3630;4345;5133;5292;5468;5692;6376;84868,2896;3630;4345;5133;5292;5468;5692;6376;84868
immune_biased,BP,GO:0019731,antibacterial humoral response,2.7350087557676306e-05,0.00042609344058434505,True,5,120,19,6000,0.041666666666666664,0.0031666666666666666,13.157894736842104,671;5266;6038;8342;259239,259239;5266;6038;671;8342
immune_biased,BP,GO:1905523,positive regulation of macrophage migration,2.9124149089946546e-05,0.0004512660274752044,True,4,120,10,6000,0.03333333333333333,0.0016666666666666668,20.0,728;5595;6376;8995,5595;6376;728;8995
immune_biased,BP,GO:0071677,positive regulation of mononuclear cell migration,3.3438635687205004e-05,0.000515316488347143,True,6,120,32,6000,0.05,0.005333333333333333,9.375,728;3676;5595;6376;8995;27347,27347;3676;5595;6376;728;8995
immune_biased,BP,GO:0030154,cell differentiation,3.410317826962354e-05,0.0005227320497134232,True,33,120,812,6000,0.275,0.13533333333333333,2.0320197044334978,566;640;728;972;1051;1776;1967;2674;2896;3045;3572;3623;3676;4775;5175;5266;5468;5595;5692;6376;9021;10890;23376;29110;51752;57007;64218;79908;96459;114836;115727;344167;388552,1051;10890;114836;115727;1776;1967;23376;2674;2896;29110;3045;344167;3572;3623;3676;388552;4775;5175;51752;5266;5468;5595;566;5692;57007;6376;640;64218;728;79908;9021;96459;972
immune_biased,BP,GO:0048869,cellular developmental process,3.4980728242678163e-05,0.0005333158086624355,True,33,120,813,6000,0.275,0.1355,2.029520295202952,566;640;728;972;1051;1776;1967;2674;2896;3045;3572;3623;3676;4775;5175;5266;5468;5595;5692;6376;9021;10890;23376;29110;51752;57007;64218;79908;96459;114836;115727;344167;388552,1051;10890;114836;115727;1776;1967;23376;2674;2896;29110;3045;344167;3572;3623;3676;388552;4775;5175;51752;5266;5468;5595;566;5692;57007;6376;640;64218;728;79908;9021;96459;972
immune_biased,BP,GO:0032722,positive regulation of chemokine production,3.588656422988629e-05,0.0005413364794677557,True,5,120,20,6000,0.041666666666666664,0.0033333333333333335,12.499999999999998,566;972;7098;84868;85480,566;7098;84868;85480;972
immune_biased,BP,GO:0071622,regulation of granulocyte chemotaxis,3.588656422988629e-05,0.0005413364794677557,True,5,120,20,6000,0.041666666666666664,0.0033333333333333335,12.499999999999998,728;972;5595;8995;51561,51561;5595;728;8995;972
immune_biased,BP,GO:0097696,cell surface receptor signaling pathway via STAT,4.020693425743515e-05,0.0006033156293049873,True,6,120,33,6000,0.05,0.0055,9.090909090909092,3559;3572;9021;10148;51561;85480,10148;3559;3572;51561;85480;9021
immune_biased,BP,GO:0032501,multicellular organismal process,4.144895351467378e-05,0.0006186961595305495,True,51,120,1546,6000,0.425,0.25766666666666665,1.649417852522639,306;566;728;867;972;1051;1776;1967;2674;2896;3045;3572;3623;3630;3676;4690;4775;5142;5175;5266;5468;5595;5692;6376;6404;7186;7551;8741;8995;9021;10148;10890;23376;27347;29110;30835;51010;51752;57007;64218;79908;84868;96459;114836;115350;118460;165918;338398;344167;388552;390265,10148;1051;10890;114836;115350;118460;165918;1776;1967;23376;2674;27347;2896;29110;3045;306;30835;338398;344167;3572;3623;3630;3676;388552;390265;4690;4775;51010;5142;5175;51752;5266;5468;5595;566;5692;57007;6376;6404;64218;7186;728;7551;79908;84868;867;8741;8995;9021;96459;972
immune_biased,BP,GO:0002834,regulation of response to tumor cell,4.506041561001581e-05,0.0006554451270620156,True,4,120,11,6000,0.03333333333333333,0.0018333333333333333,18.181818181818183,5133;5595;23376;84868,23376;5133;5595;84868
immune_biased,BP,GO:0002837,regulation of immune response to tumor cell,4.506041561001581e-05,0.0006554451270620156,True,4,120,11,6000,0.03333333333333333,0.0018333333333333333,18.181818181818183,5133;5595;23376;84868,23376;5133;5595;84868
immune_biased,BP,GO:0050860,negative regulation of T cell receptor signaling pathway,4.506041561001581e-05,0.0006554451270620156,True,4,120,11,6000,0.03333333333333333,0.0018333333333333333,18.181818181818183,867;1493;4690;5133,1493;4690;5133;867
immune_biased,BP,GO:0072538,T-helper 17 type immune response,4.506041561001581e-05,0.0006554451270620156,True,4,120,11,6000,0.03333333333333333,0.0018333333333333333,18.181818181818183,3572;5692;9021;114836,114836;3572;5692;9021
immune_biased,BP,GO:0150076,neuroinflammatory response,4.506041561001581e-05,0.0006554451270620156,True,4,120,11,6000,0.03333333333333333,0.0018333333333333333,18.181818181818183,566;728;2896;6376,2896;566;6376;728
immune_biased,BP,GO:0002690,positive regulation of leukocyte chemotaxis,4.803145783078728e-05,0.0006916044761392653,True,6,120,34,6000,0.05,0.005666666666666667,8.823529411764707,728;972;5595;8995;27347;51561,27347;51561;5595;728;8995;972
immune_biased,BP,GO:0043122,regulation of canonical NF-kappaB signal transduction,4.7800042734446186e-05,0.0006916044761392653,True,9,120,86,6000,0.075,0.014333333333333333,5.232558139534883,972;3630;4345;4792;6376;7098;7186;23376;29110,23376;29110;3630;4345;4792;6376;7098;7186;972
immune_biased,BP,GO:0001818,negative regulation of cytokine production,6.283079104998633e-05,0.0009001536948920152,True,9,120,89,6000,0.075,0.014833333333333334,5.056179775280898,671;3623;4345;4792;5987;6376;10385;51561;84868,10385;3623;4345;4792;51561;5987;6376;671;84868
immune_biased,BP,GO:0002825,regulation of T-helper 1 type immune response,6.654836489195008e-05,0.0009486469415347484,True,4,120,12,6000,0.03333333333333333,0.002,16.666666666666668,3572;10148;51561;84868,10148;3572;51561;84868
immune_biased,BP,GO:0032680,regulation of tumor necrosis factor production,6.816416837596036e-05,0.0009668459902480745,True,7,120,52,6000,0.058333333333333334,0.008666666666666666,6.730769230769231,566;671;5692;6376;7098;51561;84868,51561;566;5692;6376;671;7098;84868
immune_biased,BP,GO:0043066,negative regulation of apoptotic process,7.097545309021182e-05,0.0010017377067336331,True,14,120,211,6000,0.11666666666666667,0.035166666666666666,3.3175355450236967,566;867;972;2896;3572;3630;5292;6376;7186;8995;9021;10148;57007;85480,10148;2896;3572;3630;5292;566;57007;6376;7186;85480;867;8995;9021;972
immune_biased,BP,GO:0001959,regulation of cytokine-mediated signaling pathway,7.724940441159796e-05,0.0010743319608656867,True,7,120,53,6000,0.058333333333333334,0.008833333333333334,6.60377358490566,972;3572;5468;5987;7186;29110;85480,29110;3572;5468;5987;7186;85480;972
immune_biased,BP,GO:1903555,regulation of tumor necrosis factor superfamily cytokine production,7.724940441159796e-05,0.0010743319608656867,True,7,120,53,6000,0.058333333333333334,0.008833333333333334,6.60377358490566,566;671;5692;6376;7098;51561;84868,51561;566;5692;6376;671;7098;84868
immune_biased,BP,GO:1903706,regulation of hemopoiesis,7.696481947263259e-05,0.0010743319608656867,True,10,120,113,6000,0.08333333333333333,0.018833333333333334,4.424778761061947,972;1051;1493;3559;3623;5692;7098;8995;51561;146850,1051;146850;1493;3559;3623;51561;5692;7098;8995;972
immune_biased,BP,GO:0002715,regulation of natural killer cell mediated immunity,9.464394230978982e-05,0.0013035259880444965,True,4,120,13,6000,0.03333333333333333,0.0021666666666666666,15.384615384615385,84868;114836;115727;146850,114836;115727;146850;84868
immune_biased,BP,GO:0043368,positive T cell selection,9.464394230978982e-05,0.0013035259880444965,True,4,120,13,6000,0.03333333333333333,0.0021666666666666666,15.384615384615385,3572;4775;9021;114836,114836;3572;4775;9021
immune_biased,BP,GO:0042113,B cell activation,9.839159680697394e-05,0.0013486271273878978,True,7,120,55,6000,0.058333333333333334,0.009166666666666667,6.363636363636363,3572;3676;51010;96459;115350;118460;165918,115350;118460;165918;3572;3676;51010;96459
immune_biased,BP,GO:0050821,protein stabilization,0.00010136429863291771,0.0013827254325476,True,8,120,74,6000,0.06666666666666667,0.012333333333333333,5.405405405405405,867;972;2896;5292;8575;9770;23376;149628,149628;23376;2896;5292;8575;867;972;9770
immune_biased,BP,GO:0002221,pattern recognition receptor signaling pathway,0.00010738575495069465,0.0014578894636401451,True,6,120,39,6000,0.05,0.0065,7.692307692307693,4792;7098;7186;29110;84868;130120,130120;29110;4792;7098;7186;84868
immune_biased,BP,GO:0071222,cellular response to lipopolysaccharide,0.00011060494032966411,0.0014944771795254615,True,7,120,56,6000,0.058333333333333334,0.009333333333333334,6.25,671;1051;4345;5142;5724;84868;115362,1051;115362;4345;5142;5724;671;84868
immune_biased,BP,GO:0009968,negative regulation of signal transduction,0.00011383946933838998,0.0015309260711497633,True,19,120,369,6000,0.15833333333333333,0.0615,2.5745257452574526,867;972;1493;3572;3623;3630;4345;4690;4792;5133;5142;5468;5595;6376;9021;23376;29110;57007;96459,1493;23376;29110;3572;3623;3630;4345;4690;4792;5133;5142;5468;5595;57007;6376;867;9021;96459;972
immune_biased,BP,GO:0043069,negative regulation of programmed cell death,0.00011700798052046532,0.001566149072600219,True,14,120,221,6000,0.11666666666666667,0.036833333333333336,3.167420814479638,566;867;972;2896;3572;3630;5292;6376;7186;8995;9021;10148;57007;85480,10148;2896;3572;3630;5292;566;57007;6376;7186;85480;867;8995;9021;972
immune_biased,BP,GO:0060759,regulation of response to cytokine stimulus,0.00012402383784152534,0.0016522988863840594,True,7,120,57,6000,0.058333333333333334,0.0095,6.140350877192983,972;3572;5468;5987;7186;29110;85480,29110;3572;5468;5987;7186;85480;972
immune_biased,BP,GO:0030334,regulation of cell migration,0.00012645050193608496,0.0016767924698594336,True,16,120,280,6000,0.13333333333333333,0.04666666666666667,2.8571428571428568,306;728;972;2896;3630;3676;4345;5175;5468;5595;6376;8995;27347;51561;57007;64218,27347;2896;306;3630;3676;4345;51561;5175;5468;5595;57007;6376;64218;728;8995;972
immune_biased,BP,GO:0050853,B cell receptor signaling pathway,0.00013046052415815757,0.0017140228312207708,True,4,120,14,6000,0.03333333333333333,0.0023333333333333335,14.285714285714285,640;1493;4792;10603,10603;1493;4792;640
immune_biased,BP,GO:0050858,negative regulation of antigen receptor-mediated signaling pathway,0.00013046052415815757,0.0017140228312207708,True,4,120,14,6000,0.03333333333333333,0.0023333333333333335,14.285714285714285,867;1493;4690;5133,1493;4690;5133;867
immune_biased,BP,GO:0002688,regulation of leukocyte chemotaxis,0.00014324314844816306,0.001873331267090426,True,6,120,41,6000,0.05,0.006833333333333334,7.317073170731708,728;972;5595;8995;27347;51561,27347;51561;5595;728;8995;972
immune_biased,BP,GO:0001910,regulation of leukocyte mediated cytotoxicity,0.00016704498497673007,0.00216475114622117,True,5,120,27,6000,0.041666666666666664,0.0045,9.25925925925926,1776;51561;84868;114836;146850,114836;146850;1776;51561;84868
immune_biased,BP,GO:0002520,immune system development,0.00016704498497673007,0.00216475114622117,True,5,120,27,6000,0.041666666666666664,0.0045,9.25925925925926,51010;84868;118460;165918;344167,118460;165918;344167;51010;84868
immune_biased,BP,GO:0002761,regulation of myeloid leukocyte differentiation,0.00020013269904027567,0.0025472246650170803,True,5,120,28,6000,0.041666666666666664,0.004666666666666667,8.928571428571427,972;1051;3623;7098;51561,1051;3623;51561;7098;972
immune_biased,BP,GO:0032642,regulation of chemokine production,0.00020013269904027567,0.0025472246650170803,True,5,120,28,6000,0.041666666666666664,0.004666666666666667,8.928571428571427,566;972;7098;84868;85480,566;7098;84868;85480;972
immune_biased,BP,GO:0050793,regulation of developmental process,0.00019959762954609246,0.0025472246650170803,True,26,120,625,6000,0.21666666666666667,0.10416666666666667,2.08,306;463;728;972;1051;1493;2896;3559;3572;3623;3630;4775;4792;5292;5468;5692;5909;6376;7098;8741;8995;51561;64218;96459;130120;146850,1051;130120;146850;1493;2896;306;3559;3572;3623;3630;463;4775;4792;51561;5292;5468;5692;5909;6376;64218;7098;728;8741;8995;96459;972
immune_biased,BP,GO:2000145,regulation of cell motility,0.00019790681032128758,0.0025472246650170803,True,16,120,291,6000,0.13333333333333333,0.0485,2.7491408934707904,306;728;972;2896;3630;3676;4345;5175;5468;5595;6376;8995;27347;51561;57007;64218,27347;2896;306;3630;3676;4345;51561;5175;5468;5595;57007;6376;64218;728;8995;972
immune_biased,BP,GO:0043085,positive regulation of catalytic activity,0.00020981215418903307,0.0026585531181908145,True,8,120,82,6000,0.06666666666666667,0.013666666666666667,4.878048780487805,2896;3630;5595;5909;7098;7186;9770;146850,146850;2896;3630;5595;5909;7098;7186;9770
immune_biased,BP,GO:0044093,positive regulation of molecular function,0.00021124868782036778,0.0026649115441410116,True,9,120,104,6000,0.075,0.017333333333333333,4.326923076923077,2896;3630;5595;5909;7098;7186;9770;146850;149628,146850;149628;2896;3630;5595;5909;7098;7186;9770
immune_biased,BP,GO:2001233,regulation of apoptotic signaling pathway,0.00022835975711569758,0.002868077830558827,True,8,120,83,6000,0.06666666666666667,0.013833333333333333,4.819277108433735,972;3630;4690;5468;6376;6421;7186;57007,3630;4690;5468;57007;6376;6421;7186;972
immune_biased,BP,GO:0150077,regulation of neuroinflammatory response,0.0002299556257841643,0.0028754538996081246,True,4,120,16,6000,0.03333333333333333,0.0026666666666666666,12.5,2896;4345;5595;6376,2896;4345;5595;6376
immune_biased,BP,GO:0071219,cellular response to molecule of bacterial origin,0.00023506362161323377,0.0029264907651499104,True,7,120,63,6000,0.058333333333333334,0.0105,5.555555555555555,671;1051;4345;5142;5724;84868;115362,1051;115362;4345;5142;5724;671;84868
immune_biased,BP,GO:0031341,regulation of cell killing,0.00023799168511114247,0.0029500621489211617,True,5,120,29,6000,0.041666666666666664,0.004833333333333334,8.620689655172413,1776;51561;84868;114836;146850,114836;146850;1776;51561;84868
immune_biased,BP,GO:0002758,innate immune response-activating signaling pathway,0.00024310074620174593,0.003000347304853583,True,6,120,45,6000,0.05,0.0075,6.666666666666667,4792;7098;7186;29110;84868;130120,130120;29110;4792;7098;7186;84868
immune_biased,BP,GO:0051094,positive regulation of developmental process,0.0002538008373192849,0.003118905979298626,True,18,120,360,6000,0.15,0.06,2.5,306;463;728;972;1051;2896;3559;3572;3630;4775;5292;5468;6376;7098;8741;51561;64218;146850,1051;146850;2896;306;3559;3572;3630;463;4775;51561;5292;5468;6376;64218;7098;728;8741;972
immune_biased,BP,GO:0010648,negative regulation of cell communication,0.0002594247268916856,0.0031743343191768052,True,19,120,393,6000,0.15833333333333333,0.0655,2.4173027989821882,867;972;1493;3572;3623;3630;4345;4690;4792;5133;5142;5468;5595;6376;9021;23376;29110;57007;96459,1493;23376;29110;3572;3623;3630;4345;4690;4792;5133;5142;5468;5595;57007;6376;867;9021;96459;972
immune_biased,BP,GO:0023057,negative regulation of signaling,0.0002680278924718441,0.0032655876984496904,True,19,120,394,6000,0.15833333333333333,0.06566666666666666,2.4111675126903553,867;972;1493;3572;3623;3630;4345;4690;4792;5133;5142;5468;5595;6376;9021;23376;29110;57007;96459,1493;23376;29110;3572;3623;3630;4345;4690;4792;5133;5142;5468;5595;57007;6376;867;9021;96459;972
immune_biased,BP,GO:0045824,negative regulation of innate immune response,0.0002810622893683782,0.0033810488902499846,True,5,120,30,6000,0.041666666666666664,0.005,8.333333333333332,2896;3630;5292;5468;84868,2896;3630;5292;5468;84868
immune_biased,BP,GO:0050864,regulation of B cell activation,0.0002810622893683782,0.0033810488902499846,True,5,120,30,6000,0.041666666666666664,0.005,8.333333333333332,972;1493;3623;8741;10148,10148;1493;3623;8741;972
immune_biased,BP,GO:1902106,negative regulation of leukocyte differentiation,0.0002810622893683782,0.0033810488902499846,True,5,120,30,6000,0.041666666666666664,0.005,8.333333333333332,1493;3623;5692;7098;8995,1493;3623;5692;7098;8995
immune_biased,BP,GO:0060284,regulation of cell development,0.0002867097319537807,0.0034344934697488603,True,13,120,212,6000,0.10833333333333334,0.035333333333333335,3.0660377358490565,972;1051;1493;2896;3559;3623;3630;5692;6376;7098;8995;51561;146850,1051;146850;1493;2896;3559;3623;3630;51561;5692;6376;7098;8995;972
immune_biased,BP,GO:0032715,negative regulation of interleukin-6 production,0.00029608676350114673,0.003531980597245897,True,4,120,17,6000,0.03333333333333333,0.0028333333333333335,11.76470588235294,671;4345;6376;84868,4345;6376;671;84868
immune_biased,BP,GO:0010605,negative regulation of macromolecule metabolic process,0.0003108619621890082,0.00369278105917026,True,29,120,754,6000,0.24166666666666667,0.12566666666666668,1.923076923076923,463;671;1051;3623;3630;4261;4345;4690;4775;4792;5468;5806;5987;6376;6421;7186;8575;9770;10385;23376;29110;51010;51561;60489;84868;96459;118460;124411;165918,10385;1051;118460;124411;165918;23376;29110;3623;3630;4261;4345;463;4690;4775;4792;51010;51561;5468;5806;5987;60489;6376;6421;671;7186;84868;8575;96459;9770
immune_biased,BP,GO:0045619,regulation of lymphocyte differentiation,0.00031490194869484726,0.0037252508536473427,True,7,120,66,6000,0.058333333333333334,0.011,5.303030303030304,1493;3559;3623;5692;8995;51561;146850,146850;1493;3559;3623;51561;5692;8995
immune_biased,BP,GO:0032102,negative regulation of response to external stimulus,0.00032291059339058134,0.0038042070320518486,True,9,120,110,6000,0.075,0.018333333333333333,4.090909090909091,2896;3630;4345;5133;5292;5468;5692;6376;84868,2896;3630;4345;5133;5292;5468;5692;6376;84868
immune_biased,BP,GO:1903707,negative regulation of hemopoiesis,0.00032980183090802203,0.00386940337415132,True,5,120,31,6000,0.041666666666666664,0.005166666666666667,8.064516129032258,1493;3623;5692;7098;8995,1493;3623;5692;7098;8995
immune_biased,BP,GO:0035556,intracellular signal transduction,0.0003572634702093437,0.004174418662159176,True,22,120,505,6000,0.18333333333333332,0.08416666666666667,2.178217821782178,566;640;1051;1326;3630;4775;4792;5292;5298;5468;5595;7098;7186;9021;10603;23376;27347;29110;30835;57007;84868;115727,1051;10603;115727;1326;23376;27347;29110;30835;3630;4775;4792;5292;5298;5468;5595;566;57007;640;7098;7186;84868;9021
immune_biased,BP,GO:0030888,regulation of B cell proliferation,0.0003748319408459342,0.00432650147105975,True,4,120,18,6000,0.03333333333333333,0.003,11.11111111111111,972;1493;8741;10148,10148;1493;8741;972
immune_biased,BP,GO:0045620,negative regulation of lymphocyte differentiation,0.0003748319408459342,0.00432650147105975,True,4,120,18,6000,0.03333333333333333,0.003,11.11111111111111,1493;3623;5692;8995,1493;3623;5692;8995
immune_biased,BP,GO:0070661,leukocyte proliferation,0.0003748319408459342,0.00432650147105975,True,4,120,18,6000,0.03333333333333333,0.003,11.11111111111111,6376;8995;10148;30835,10148;30835;6376;8995
immune_biased,BP,GO:0010629,negative regulation of gene expression,0.00037730585846051533,0.00433749597770536,True,16,120,308,6000,0.13333333333333333,0.051333333333333335,2.5974025974025974,671;3623;3630;4345;4792;5468;5987;6376;8575;10385;29110;51010;51561;60489;84868;118460,10385;118460;29110;3623;3630;4345;4792;51010;51561;5468;5987;60489;6376;671;84868;8575
immune_biased,BP,GO:0042063,gliogenesis,0.00039104670884788814,0.004477406292872807,True,6,120,49,6000,0.05,0.008166666666666666,6.122448979591837,566;728;1967;2896;5595;6376,1967;2896;5595;566;6376;728
immune_biased,BP,GO:2000026,regulation of multicellular organismal development,0.00040506709066772165,0.004619385101974697,True,18,120,374,6000,0.15,0.06233333333333333,2.406417112299465,306;728;972;1051;1493;2896;3559;3623;5292;5468;5692;6376;7098;8995;51561;64218;130120;146850,1051;130120;146850;1493;2896;306;3559;3623;51561;5292;5468;5692;6376;64218;7098;728;8995;972
immune_biased,BP,GO:0030099,myeloid cell differentiation,0.00041519739069386535,0.00469733238439766,True,7,120,69,6000,0.058333333333333334,0.0115,5.072463768115942,1051;3045;3572;3623;5468;23376;115727,1051;115727;23376;3045;3572;3623;5468
immune_biased,BP,GO:0071216,cellular response to biotic stimulus,0.00041519739069386535,0.00469733238439766,True,7,120,69,6000,0.058333333333333334,0.0115,5.072463768115942,671;1051;4345;5142;5724;84868;115362,1051;115362;4345;5142;5724;671;84868
immune_biased,BP,GO:0006935,chemotaxis,0.0004215866167285119,0.0047320608043031,True,9,120,114,6000,0.075,0.019,3.9473684210526314,566;728;3603;5142;5724;6376;57007;64218;692094,3603;5142;566;57007;5724;6376;64218;692094;728
immune_biased,BP,GO:0042330,taxis,0.0004215866167285119,0.0047320608043031,True,9,120,114,6000,0.075,0.019,3.9473684210526314,566;728;3603;5142;5724;6376;57007;64218;692094,3603;5142;566;57007;5724;6376;64218;692094;728
immune_biased,BP,GO:0002708,positive regulation of lymphocyte mediated immunity,0.00044619764871128094,0.004969177720608836,True,5,120,33,6000,0.041666666666666664,0.0055,7.575757575757576,7186;8741;51561;114836;115727,114836;115727;51561;7186;8741
immune_biased,BP,GO:0032760,positive regulation of tumor necrosis factor production,0.00044619764871128094,0.004969177720608836,True,5,120,33,6000,0.041666666666666664,0.0055,7.575757575757576,566;5692;7098;51561;84868,51561;566;5692;7098;84868
immune_biased,BP,GO:0001961,positive regulation of cytokine-mediated signaling pathway,0.00046749376838947003,0.0050485785366605265,True,4,120,19,6000,0.03333333333333333,0.0031666666666666666,10.526315789473685,972;7186;29110;85480,29110;7186;85480;972
immune_biased,BP,GO:0007159,leukocyte cell-cell adhesion,0.00046749376838947003,0.0050485785366605265,True,4,120,19,6000,0.03333333333333333,0.0031666666666666666,10.526315789473685,3676;5175;6404;30835,30835;3676;5175;6404
immune_biased,BP,GO:0009892,negative regulation of metabolic process,0.0004601521809734711,0.0050485785366605265,True,30,120,810,6000,0.25,0.135,1.8518518518518516,463;671;1051;2896;3623;3630;4261;4345;4690;4775;4792;5468;5806;5987;6376;6421;7186;8575;9770;10385;23376;29110;51010;51561;60489;84868;96459;118460;124411;165918,10385;1051;118460;124411;165918;23376;2896;29110;3623;3630;4261;4345;463;4690;4775;4792;51010;51561;5468;5806;5987;60489;6376;6421;671;7186;84868;8575;96459;9770
immune_biased,BP,GO:0032733,positive regulation of interleukin-10 production,0.00046749376838947003,0.0050485785366605265,True,4,120,19,6000,0.03333333333333333,0.0031666666666666666,10.526315789473685,3572;10148;51561;85480,10148;3572;51561;85480
immune_biased,BP,GO:0042130,negative regulation of T cell proliferation,0.00046749376838947003,0.0050485785366605265,True,4,120,19,6000,0.03333333333333333,0.0031666666666666666,10.526315789473685,1051;1493;10385;84868,10385;1051;1493;84868
immune_biased,BP,GO:0050672,negative regulation of lymphocyte proliferation,0.00046749376838947003,0.0050485785366605265,True,4,120,19,6000,0.03333333333333333,0.0031666666666666666,10.526315789473685,1051;1493;10385;84868,10385;1051;1493;84868
immune_biased,BP,GO:0050856,regulation of T cell receptor signaling pathway,0.00046749376838947003,0.0050485785366605265,True,4,120,19,6000,0.03333333333333333,0.0031666666666666666,10.526315789473685,867;1493;4690;5133,1493;4690;5133;867
immune_biased,BP,GO:0071346,cellular response to type II interferon,0.00046749376838947003,0.0050485785366605265,True,4,120,19,6000,0.03333333333333333,0.0031666666666666666,10.526315789473685,4261;4345;5292;115362,115362;4261;4345;5292
immune_biased,BP,GO:0019882,antigen processing and presentation,0.0005148469919665385,0.005518153286077449,True,5,120,34,6000,0.041666666666666664,0.005666666666666667,7.352941176470587,972;3119;10890;30835;51752,10890;30835;3119;51752;972
immune_biased,BP,GO:1903557,positive regulation of tumor necrosis factor superfamily cytokine production,0.0005148469919665385,0.005518153286077449,True,5,120,34,6000,0.041666666666666664,0.005666666666666667,7.352941176470587,566;5692;7098;51561;84868,51561;566;5692;7098;84868
immune_biased,BP,GO:0040011,locomotion,0.0005439025683275933,0.005807738660306998,True,9,120,118,6000,0.075,0.019666666666666666,3.8135593220338984,566;728;3603;5142;5724;6376;57007;64218;692094,3603;5142;566;57007;5724;6376;64218;692094;728
immune_biased,BP,GO:0002707,negative regulation of lymphocyte mediated immunity,0.0005753955694293653,0.006053331248867603,True,4,120,20,6000,0.03333333333333333,0.0033333333333333335,10.0,5133;5595;23376;84868,23376;5133;5595;84868
immune_biased,BP,GO:0032945,negative regulation of mononuclear cell proliferation,0.0005753955694293653,0.006053331248867603,True,4,120,20,6000,0.03333333333333333,0.0033333333333333335,10.0,1051;1493;10385;84868,10385;1051;1493;84868
immune_biased,BP,GO:0045600,positive regulation of fat cell differentiation,0.0005753955694293653,0.006053331248867603,True,4,120,20,6000,0.03333333333333333,0.0033333333333333335,10.0,1051;3630;5292;5468,1051;3630;5292;5468
immune_biased,BP,GO:0070664,negative regulation of leukocyte proliferation,0.0005753955694293653,0.006053331248867603,True,4,120,20,6000,0.03333333333333333,0.0033333333333333335,10.0,1051;1493;10385;84868,10385;1051;1493;84868
immune_biased,BP,GO:0016477,cell migration,0.0005788516848446295,0.006067302034897201,True,13,120,228,6000,0.10833333333333334,0.038,2.8508771929824563,566;2674;3603;3676;4690;5142;5175;6376;6404;30835;57007;64005;692094,2674;30835;3603;3676;4690;5142;5175;566;57007;6376;64005;6404;692094
immune_biased,BP,GO:0050728,negative regulation of inflammatory response,0.0006015445056977542,0.006282063684045044,True,6,120,53,6000,0.05,0.008833333333333334,5.660377358490567,2896;3630;4345;5133;5692;6376,2896;3630;4345;5133;5692;6376
immune_biased,BP,GO:1902532,negative regulation of intracellular signal transduction,0.0006312172793692736,0.0065678849032182445,True,12,120,201,6000,0.1,0.0335,2.985074626865672,972;3630;4345;4690;4792;5142;5468;5595;23376;29110;57007;96459,23376;29110;3630;4345;4690;4792;5142;5468;5595;57007;96459;972
immune_biased,BP,GO:0061844,antimicrobial humoral immune response mediated by antimicrobial peptide,0.0006756374066627272,0.007004517259619765,True,5,120,36,6000,0.041666666666666664,0.006,6.944444444444444,671;6376;8342;85480;130120,130120;6376;671;8342;85480
immune_biased,BP,GO:0032663,regulation of interleukin-2 production,0.0006998764195765126,0.007229520551495064,True,4,120,21,6000,0.03333333333333333,0.0035,9.523809523809524,5142;5692;7186;84868,5142;5692;7186;84868
immune_biased,BP,GO:1901700,response to oxygen-containing compound,0.0007134589647173053,0.007343218441909882,True,19,120,426,6000,0.15833333333333333,0.071,2.2300469483568075,671;867;1051;1967;3630;3676;4345;5142;5292;5468;5595;5724;10603;10890;27347;84868;115362;130120;169026,1051;10603;10890;115362;130120;169026;1967;27347;3630;3676;4345;5142;5292;5468;5595;5724;671;84868;867
immune_biased,BP,GO:0070374,positive regulation of ERK1 and ERK2 cascade,0.0007353067480560361,0.00754086165002791,True,6,120,55,6000,0.05,0.009166666666666667,5.454545454545455,728;972;5595;6376;57007;84868,5595;57007;6376;728;84868;972
immune_biased,BP,GO:0002360,T cell lineage commitment,0.0008450065119550315,0.008336033098905864,True,3,120,10,6000,0.025,0.0016666666666666668,15.0,3572;9021;114836,114836;3572;9021
immune_biased,BP,GO:0002377,immunoglobulin production,0.0008450065119550315,0.008336033098905864,True,3,120,10,6000,0.025,0.0016666666666666668,15.0,51010;118460;165918,118460;165918;51010
immune_biased,BP,GO:0002440,production of molecular mediator of immune response,0.0008450065119550315,0.008336033098905864,True,3,120,10,6000,0.025,0.0016666666666666668,15.0,51010;118460;165918,118460;165918;51010
immune_biased,BP,GO:0002562,somatic diversification of immune receptors via germline recombination within a single locus,0.0008450065119550315,0.008336033098905864,True,3,120,10,6000,0.025,0.0016666666666666668,15.0,51010;118460;165918,118460;165918;51010
immune_biased,BP,GO:0002704,negative regulation of leukocyte mediated immunity,0.0008422864817633073,0.008336033098905864,True,4,120,22,6000,0.03333333333333333,0.0036666666666666666,9.090909090909092,5133;5595;23376;84868,23376;5133;5595;84868
immune_biased,BP,GO:0010558,negative regulation of macromolecule biosynthetic process,0.0008299652609941725,0.008336033098905864,True,25,120,647,6000,0.20833333333333334,0.10783333333333334,1.9319938176197837,463;671;1051;3623;3630;4261;4345;4690;4775;4792;5468;5987;6376;6421;8575;10385;29110;51010;51561;60489;84868;96459;118460;124411;165918,10385;1051;118460;124411;165918;29110;3623;3630;4261;4345;463;4690;4775;4792;51010;51561;5468;5987;60489;6376;6421;671;84868;8575;96459
immune_biased,BP,GO:0010758,regulation of macrophage chemotaxis,0.0008450065119550315,0.008336033098905864,True,3,120,10,6000,0.025,0.0016666666666666668,15.0,728;5595;8995,5595;728;8995
immune_biased,BP,GO:0016444,somatic cell DNA recombination,0.0008450065119550315,0.008336033098905864,True,3,120,10,6000,0.025,0.0016666666666666668,15.0,51010;118460;165918,118460;165918;51010
immune_biased,BP,GO:0016445,somatic diversification of immunoglobulins,0.0008450065119550315,0.008336033098905864,True,3,120,10,6000,0.025,0.0016666666666666668,15.0,51010;118460;165918,118460;165918;51010
immune_biased,BP,GO:0060760,positive regulation of response to cytokine stimulus,0.0008422864817633073,0.008336033098905864,True,4,120,22,6000,0.03333333333333333,0.0036666666666666666,9.090909090909092,972;7186;29110;85480,29110;7186;85480;972
immune_biased,BP,GO:0071624,positive regulation of granulocyte chemotaxis,0.0008450065119550315,0.008336033098905864,True,3,120,10,6000,0.025,0.0016666666666666668,15.0,728;972;51561,51561;728;972
immune_biased,BP,GO:0002705,positive regulation of leukocyte mediated immunity,0.0008713521035779802,0.008536855145363648,True,5,120,38,6000,0.041666666666666664,0.006333333333333333,6.578947368421052,7186;8741;51561;114836;115727,114836;115727;51561;7186;8741
immune_biased,BP,GO:0097529,myeloid leukocyte migration,0.0008713521035779802,0.008536855145363648,True,5,120,38,6000,0.041666666666666664,0.006333333333333333,6.578947368421052,566;5142;5175;6376;692094,5142;5175;566;6376;692094
immune_biased,BP,GO:0045596,negative regulation of cell differentiation,0.000881721663089552,0.008608864594069565,True,11,120,180,6000,0.09166666666666666,0.03,3.0555555555555554,463;1493;3623;4775;4792;5468;5692;5909;7098;8995;130120,130120;1493;3623;463;4775;4792;5468;5692;5909;7098;8995
immune_biased,BP,GO:0002709,regulation of T cell mediated immunity,0.0009837000960231698,0.009539214196469583,True,5,120,39,6000,0.041666666666666664,0.0065,6.410256410256411,5133;5595;7186;23376;51561,23376;5133;51561;5595;7186
immune_biased,BP,GO:0032652,regulation of interleukin-1 production,0.0009837000960231698,0.009539214196469583,True,5,120,39,6000,0.041666666666666664,0.0065,6.410256410256411,566;3603;6376;84868;115362,115362;3603;566;6376;84868
immune_biased,BP,GO:0032653,regulation of interleukin-10 production,0.0010039826242846377,0.00967011642511994,True,4,120,23,6000,0.03333333333333333,0.003833333333333333,8.695652173913043,3572;10148;51561;85480,10148;3572;51561;85480
immune_biased,BP,GO:0050854,regulation of antigen receptor-mediated signaling pathway,0.0010039826242846377,0.00967011642511994,True,4,120,23,6000,0.03333333333333333,0.003833333333333333,8.695652173913043,867;1493;4690;5133,1493;4690;5133;867
immune_biased,BP,GO:0048872,homeostasis of number of cells,0.0010709729139657764,0.010280618780189994,True,6,120,59,6000,0.05,0.009833333333333333,5.084745762711865,3045;3623;5142;5692;8741;23376,23376;3045;3623;5142;5692;8741
immune_biased,BP,GO:0051048,negative regulation of secretion,0.001106472728561086,0.010585750835998846,True,5,120,40,6000,0.041666666666666664,0.006666666666666667,6.249999999999999,972;3623;3630;4345;27347,27347;3623;3630;4345;972
immune_biased,BP,GO:1902624,positive regulation of neutrophil migration,0.0011449862980844126,0.010917578380731307,True,3,120,11,6000,0.025,0.0018333333333333333,13.636363636363637,728;972;51561,51561;728;972
immune_biased,BP,GO:0043123,positive regulation of canonical NF-kappaB signal transduction,0.0011708128255805313,0.011052938297119518,True,6,120,60,6000,0.05,0.01,5.0,972;3630;6376;7098;7186;29110,29110;3630;6376;7098;7186;972
immune_biased,BP,GO:0045165,cell fate commitment,0.0011708128255805313,0.011052938297119518,True,6,120,60,6000,0.05,0.01,5.0,3572;5468;9021;10890;114836;344167,10890;114836;344167;3572;5468;9021
immune_biased,BP,GO:0045580,regulation of T cell differentiation,0.0011708128255805313,0.011052938297119518,True,6,120,60,6000,0.05,0.01,5.0,1493;3559;5692;8995;51561;146850,146850;1493;3559;51561;5692;8995
immune_biased,BP,GO:0021782,glial cell development,0.001186324309915414,0.0111624112461018,True,4,120,24,6000,0.03333333333333333,0.004,8.333333333333334,728;1967;2896;5595,1967;2896;5595;728
immune_biased,BP,GO:0043065,positive regulation of apoptotic process,0.001221482632302966,0.011455417712814987,True,9,120,132,6000,0.075,0.022,3.409090909090909,1493;2896;3676;4690;5468;6421;7186;9770;96459,1493;2896;3676;4690;5468;6421;7186;96459;9770
immune_biased,BP,GO:0046887,positive regulation of hormone secretion,0.0012402546146878814,0.011517804255619381,True,5,120,41,6000,0.041666666666666664,0.006833333333333334,6.097560975609755,640;3623;3630;5468;169026,169026;3623;3630;5468;640
immune_biased,BP,GO:0071674,mononuclear cell migration,0.0012402546146878814,0.011517804255619381,True,5,120,41,6000,0.041666666666666664,0.006833333333333334,6.097560975609755,566;5175;30835;64005;692094,30835;5175;566;64005;692094
immune_biased,BP,GO:2001242,regulation of intrinsic apoptotic signaling pathway,0.0012402546146878814,0.011517804255619381,True,5,120,41,6000,0.041666666666666664,0.006833333333333334,6.097560975609755,972;3630;4690;6421;57007,3630;4690;57007;6421;972
immune_biased,BP,GO:0070534,protein K63-linked ubiquitination,0.001390669744567612,0.012872725460267083,True,4,120,25,6000,0.03333333333333333,0.004166666666666667,8.0,867;5987;7186;165918,165918;5987;7186;867
immune_biased,BP,GO:0002200,somatic diversification of immune receptors,0.0015044656091485655,0.013703614861605625,True,3,120,12,6000,0.025,0.002,12.5,51010;118460;165918,118460;165918;51010
immune_biased,BP,GO:0009890,negative regulation of biosynthetic process,0.0014977377923413489,0.013703614861605625,True,25,120,674,6000,0.20833333333333334,0.11233333333333333,1.85459940652819,463;671;1051;3623;3630;4261;4345;4690;4775;4792;5468;5987;6376;6421;8575;10385;29110;51010;51561;60489;84868;96459;118460;124411;165918,10385;1051;118460;124411;165918;29110;3623;3630;4261;4345;463;4690;4775;4792;51010;51561;5468;5987;60489;6376;6421;671;84868;8575;96459
immune_biased,BP,GO:0034472,snRNA 3'-end processing,0.0015044656091485655,0.013703614861605625,True,3,120,12,6000,0.025,0.002,12.5,51010;118460;203522,118460;203522;51010
immune_biased,BP,GO:0042269,regulation of natural killer cell mediated cytotoxicity,0.0015044656091485655,0.013703614861605625,True,3,120,12,6000,0.025,0.002,12.5,84868;114836;146850,114836;146850;84868
immune_biased,BP,GO:0090022,regulation of neutrophil chemotaxis,0.0015044656091485655,0.013703614861605625,True,3,120,12,6000,0.025,0.002,12.5,728;972;51561,51561;728;972
immune_biased,BP,GO:0006897,endocytosis,0.001514686214779036,0.013752771969219845,True,8,120,110,6000,0.06666666666666667,0.018333333333333333,3.6363636363636362,306;867;3676;5175;5298;5595;57007;64005,306;3676;5175;5298;5595;57007;64005;867
immune_biased,BP,GO:0032496,response to lipopolysaccharide,0.001563204343799517,0.014148239949753724,True,7,120,86,6000,0.058333333333333334,0.014333333333333333,4.069767441860465,671;1051;4345;5142;5724;84868;115362,1051;115362;4345;5142;5724;671;84868
immune_biased,BP,GO:0031647,regulation of protein stability,0.0016054911603393248,0.014484985120656378,True,8,120,111,6000,0.06666666666666667,0.0185,3.6036036036036037,867;972;2896;5292;8575;9770;23376;149628,149628;23376;2896;5292;8575;867;972;9770
immune_biased,BP,GO:1904892,regulation of receptor signaling pathway via STAT,0.0016183722743559792,0.014555139918576961,True,4,120,26,6000,0.03333333333333333,0.004333333333333333,7.6923076923076925,5468;9021;51561;85480,51561;5468;85480;9021
immune_biased,BP,GO:0043068,positive regulation of programmed cell death,0.0016692322033245368,0.014965349093327843,True,9,120,138,6000,0.075,0.023,3.260869565217391,1493;2896;3676;4690;5468;6421;7186;9770;96459,1493;2896;3676;4690;5468;6421;7186;96459;9770
immune_biased,BP,GO:0050708,regulation of protein secretion,0.0017812489448909758,0.015919563454182356,True,6,120,65,6000,0.05,0.010833333333333334,4.615384615384616,640;3572;3630;4345;5468;169026,169026;3572;3630;4345;5468;640
immune_biased,BP,GO:0045765,regulation of angiogenesis,0.0017872146488209038,0.01592296551183874,True,7,120,88,6000,0.058333333333333334,0.014666666666666666,3.9772727272727275,306;728;2896;5468;7098;64218;146850,146850;2896;306;5468;64218;7098;728
immune_biased,BP,GO:0032732,positive regulation of interleukin-1 production,0.001870777020334978,0.01651264794109914,True,4,120,27,6000,0.03333333333333333,0.0045,7.407407407407407,566;3603;84868;115362,115362;3603;566;84868
immune_biased,BP,GO:0070555,response to interleukin-1,0.001870777020334978,0.01651264794109914,True,4,120,27,6000,0.03333333333333333,0.0045,7.407407407407407,1051;4792;5595;169026,1051;169026;4792;5595
immune_biased,BP,GO:1901222,regulation of non-canonical NF-kappaB signal transduction,0.001870777020334978,0.01651264794109914,True,4,120,27,6000,0.03333333333333333,0.0045,7.407407407407407,4792;9770;51561;84868,4792;51561;84868;9770
immune_biased,BP,GO:0032735,positive regulation of interleukin-12 production,0.0019274121092001985,0.01670228548124549,True,3,120,13,6000,0.025,0.0021666666666666666,11.53846153846154,3603;7098;51561,3603;51561;7098
immune_biased,BP,GO:0032943,mononuclear cell proliferation,0.0019274121092001985,0.01670228548124549,True,3,120,13,6000,0.025,0.0021666666666666666,11.53846153846154,8995;10148;30835,10148;30835;8995
immune_biased,BP,GO:0033209,tumor necrosis factor-mediated signaling pathway,0.0019274121092001985,0.01670228548124549,True,3,120,13,6000,0.025,0.0021666666666666666,11.53846153846154,4792;7186;8995,4792;7186;8995
immune_biased,BP,GO:0046651,lymphocyte proliferation,0.0019274121092001985,0.01670228548124549,True,3,120,13,6000,0.025,0.0021666666666666666,11.53846153846154,8995;10148;30835,10148;30835;8995
immune_biased,BP,GO:0071354,cellular response to interleukin-6,0.0019274121092001985,0.01670228548124549,True,3,120,13,6000,0.025,0.0021666666666666666,11.53846153846154,3572;6404;9021,3572;6404;9021
immune_biased,BP,GO:1901342,regulation of vasculature development,0.0019081922529323528,0.01670228548124549,True,7,120,89,6000,0.058333333333333334,0.014833333333333334,3.932584269662921,306;728;2896;5468;7098;64218;146850,146850;2896;306;5468;64218;7098;728
immune_biased,BP,GO:0032869,cellular response to insulin stimulus,0.002095285319452308,0.01804730648265417,True,5,120,46,6000,0.041666666666666664,0.007666666666666666,5.434782608695652,3630;5468;5595;10603;10890,10603;10890;3630;5468;5595
immune_biased,BP,GO:0048856,anatomical structure development,0.002090787857890866,0.01804730648265417,True,38,120,1220,6000,0.31666666666666665,0.20333333333333334,1.5573770491803278,566;728;867;972;1051;1776;1967;2674;2896;3045;3572;3623;3676;4775;5175;5266;5298;5468;5595;5692;6376;9021;10890;23376;29110;51010;51752;57007;64218;79908;84868;96459;114836;115727;118460;165918;344167;388552,1051;10890;114836;115727;118460;165918;1776;1967;23376;2674;2896;29110;3045;344167;3572;3623;3676;388552;4775;51010;5175;51752;5266;5298;5468;5595;566;5692;57007;6376;64218;728;79908;84868;867;9021;96459;972
immune_biased,BP,GO:0048870,cell motility,0.002127786506363376,0.018272046173620438,True,14,120,295,6000,0.11666666666666667,0.049166666666666664,2.3728813559322037,566;2674;3603;3676;4690;5142;5175;5692;6376;6404;30835;57007;64005;692094,2674;30835;3603;3676;4690;5142;5175;566;5692;57007;6376;64005;6404;692094
immune_biased,BP,GO:0002444,myeloid leukocyte mediated immunity,0.0024174898142116643,0.020211916305916292,True,3,120,14,6000,0.025,0.0023333333333333335,10.714285714285714,306;566;867,306;566;867
immune_biased,BP,GO:0002673,regulation of acute inflammatory response,0.0024174898142116643,0.020211916305916292,True,3,120,14,6000,0.025,0.0023333333333333335,10.714285714285714,1776;3572;3630,1776;3572;3630
immune_biased,BP,GO:0002710,negative regulation of T cell mediated immunity,0.0024174898142116643,0.020211916305916292,True,3,120,14,6000,0.025,0.0023333333333333335,10.714285714285714,5133;5595;23376,23376;5133;5595
immune_biased,BP,GO:0032647,regulation of interferon-alpha production,0.0024174898142116643,0.020211916305916292,True,3,120,14,6000,0.025,0.0023333333333333335,10.714285714285714,7098;29110;84868,29110;7098;84868
immune_biased,BP,GO:0032743,positive regulation of interleukin-2 production,0.0024174898142116643,0.020211916305916292,True,3,120,14,6000,0.025,0.0023333333333333335,10.714285714285714,5142;5692;7186,5142;5692;7186
immune_biased,BP,GO:0045670,regulation of osteoclast differentiation,0.0024174898142116643,0.020211916305916292,True,3,120,14,6000,0.025,0.0023333333333333335,10.714285714285714,1051;7098;51561,1051;51561;7098
immune_biased,BP,GO:0070741,response to interleukin-6,0.0024174898142116643,0.020211916305916292,True,3,120,14,6000,0.025,0.0023333333333333335,10.714285714285714,3572;6404;9021,3572;6404;9021
immune_biased,BP,GO:1902622,regulation of neutrophil migration,0.0024174898142116643,0.020211916305916292,True,3,120,14,6000,0.025,0.0023333333333333335,10.714285714285714,728;972;51561,51561;728;972
immune_biased,BP,GO:2000404,regulation of T cell migration,0.0024174898142116643,0.020211916305916292,True,3,120,14,6000,0.025,0.0023333333333333335,10.714285714285714,3676;4345;27347,27347;3676;4345
immune_biased,BP,GO:0002237,response to molecule of bacterial origin,0.002456938074509606,0.0204219546659676,True,7,120,93,6000,0.058333333333333334,0.0155,3.763440860215054,671;1051;4345;5142;5724;84868;115362,1051;115362;4345;5142;5724;671;84868
immune_biased,BP,GO:0032755,positive regulation of interleukin-6 production,0.0024550139094211025,0.0204219546659676,True,4,120,29,6000,0.03333333333333333,0.004833333333333334,6.896551724137931,972;3603;7098;85480,3603;7098;85480;972
immune_biased,BP,GO:0032879,regulation of localization,0.002730749248451641,0.02263187821899892,True,20,120,514,6000,0.16666666666666666,0.08566666666666667,1.9455252918287935,566;640;867;972;1051;3572;3623;3630;4345;4792;5142;5175;5292;5468;5595;6376;23376;27347;149628;169026,1051;149628;169026;23376;27347;3572;3623;3630;4345;4792;5142;5175;5292;5468;5595;566;6376;640;867;972
immune_biased,BP,GO:0030595,leukocyte chemotaxis,0.002779283014072128,0.02296735035686851,True,5,120,49,6000,0.041666666666666664,0.008166666666666666,5.1020408163265305,566;3603;5142;6376;692094,3603;5142;566;6376;692094
immune_biased,BP,GO:2001235,positive regulation of apoptotic signaling pathway,0.002789468004813827,0.02298489387781567,True,4,120,30,6000,0.03333333333333333,0.005,6.666666666666666,4690;5468;6421;7186,4690;5468;6421;7186
immune_biased,BP,GO:0002699,positive regulation of immune effector process,0.0028026124523074895,0.023026651589419748,True,6,120,71,6000,0.05,0.011833333333333333,4.225352112676057,972;7186;8741;51561;114836;115727,114836;115727;51561;7186;8741;972
immune_biased,BP,GO:1901701,cellular response to oxygen-containing compound,0.002895669336812584,0.023722854250726084,True,14,120,305,6000,0.11666666666666667,0.050833333333333335,2.2950819672131146,671;1051;3630;3676;4345;5142;5292;5468;5595;5724;10603;10890;84868;115362,1051;10603;10890;115362;3630;3676;4345;5142;5292;5468;5595;5724;671;84868
immune_biased,BP,GO:0032371,regulation of sterol transport,0.002978071793134319,0.024189409351071063,True,3,120,15,6000,0.025,0.0025,10.0,4792;5468;5595,4792;5468;5595
immune_biased,BP,GO:0032374,regulation of cholesterol transport,0.002978071793134319,0.024189409351071063,True,3,120,15,6000,0.025,0.0025,10.0,4792;5468;5595,4792;5468;5595
immune_biased,BP,GO:0046006,regulation of activated T cell proliferation,0.002978071793134319,0.024189409351071063,True,3,120,15,6000,0.025,0.0025,10.0,3559;10385;51561,10385;3559;51561
immune_biased,BP,GO:0046883,regulation of hormone secretion,0.003008344374217693,0.02429685498837009,True,6,120,72,6000,0.05,0.012,4.166666666666667,640;3572;3623;3630;5468;169026,169026;3572;3623;3630;5468;640
immune_biased,BP,GO:0051093,negative regulation of developmental process,0.003003849363956963,0.02429685498837009,True,12,120,241,6000,0.1,0.04016666666666667,2.4896265560165975,463;1493;3623;4775;4792;5468;5692;5909;7098;8995;64218;130120,130120;1493;3623;463;4775;4792;5468;5692;5909;64218;7098;8995
immune_biased,BP,GO:0051046,regulation of secretion,0.003233601808948886,0.026042369370941454,True,9,120,152,6000,0.075,0.025333333333333333,2.9605263157894735,640;972;3572;3623;3630;4345;5468;27347;169026,169026;27347;3572;3623;3630;4345;5468;640;972
immune_biased,BP,GO:0141124,intracellular signaling cassette,0.0032664370793043466,0.02623271017773716,True,11,120,212,6000,0.09166666666666666,0.035333333333333335,2.594339622641509,1051;1326;3630;4775;4792;5595;7098;7186;29110;57007;115727,1051;115727;1326;29110;3630;4775;4792;5595;57007;7098;7186
immune_biased,BP,GO:0045893,positive regulation of DNA-templated transcription,0.0035326558650971116,0.02829101649267378,True,18,120,452,6000,0.15,0.07533333333333334,1.9911504424778759,463;1051;4261;4345;4690;4775;4792;5292;5468;5595;5987;6376;6421;7098;10743;25926;29110;149628,1051;10743;149628;25926;29110;4261;4345;463;4690;4775;4792;5292;5468;5595;5987;6376;6421;7098
immune_biased,BP,GO:0002821,positive regulation of adaptive immune response,0.0035494600063182627,0.02834596772552764,True,4,120,32,6000,0.03333333333333333,0.005333333333333333,6.25,3572;7186;8741;51561,3572;51561;7186;8741
immune_biased,BP,GO:0002224,toll-like receptor signaling pathway,0.0036122524471382017,0.028408955046612117,True,3,120,16,6000,0.025,0.0026666666666666666,9.375,7098;7186;130120,130120;7098;7186
immune_biased,BP,GO:0016180,snRNA processing,0.0036122524471382017,0.028408955046612117,True,3,120,16,6000,0.025,0.0026666666666666666,9.375,51010;118460;203522,118460;203522;51010
immune_biased,BP,GO:0045581,negative regulation of T cell differentiation,0.0036122524471382017,0.028408955046612117,True,3,120,16,6000,0.025,0.0026666666666666666,9.375,1493;5692;8995,1493;5692;8995
immune_biased,BP,GO:0045766,positive regulation of angiogenesis,0.003612090847750731,0.028408955046612117,True,5,120,52,6000,0.041666666666666664,0.008666666666666666,4.8076923076923075,306;728;2896;7098;146850,146850;2896;306;7098;728
immune_biased,BP,GO:0070887,cellular response to chemical stimulus,0.003605362007388355,0.028408955046612117,True,21,120,564,6000,0.175,0.094,1.8617021276595744,566;671;867;1051;3603;3630;3676;4345;5142;5292;5468;5595;5724;6376;10603;10890;27347;57007;84868;115362;692094,1051;10603;10890;115362;27347;3603;3630;3676;4345;5142;5292;5468;5595;566;57007;5724;6376;671;692094;84868;867
immune_biased,BP,GO:1902680,positive regulation of RNA biosynthetic process,0.0036171345780148015,0.028408955046612117,True,18,120,453,6000,0.15,0.0755,1.9867549668874172,463;1051;4261;4345;4690;4775;4792;5292;5468;5595;5987;6376;6421;7098;10743;25926;29110;149628,1051;10743;149628;25926;29110;4261;4345;463;4690;4775;4792;5292;5468;5595;5987;6376;6421;7098
immune_biased,BP,GO:0032502,developmental process,0.003941432025283082,0.030405113558339934,True,40,120,1350,6000,0.3333333333333333,0.225,1.4814814814814814,566;640;728;867;972;1051;1776;1967;2674;2896;3045;3572;3623;3676;4775;5175;5266;5298;5468;5595;5692;5987;6376;9021;10890;23376;29110;51010;51752;57007;64218;79908;84868;96459;114836;115727;118460;165918;344167;388552,1051;10890;114836;115727;118460;165918;1776;1967;23376;2674;2896;29110;3045;344167;3572;3623;3676;388552;4775;51010;5175;51752;5266;5298;5468;5595;566;5692;57007;5987;6376;640;64218;728;79908;84868;867;9021;96459;972
immune_biased,BP,GO:0045637,regulation of myeloid cell differentiation,0.003925689425047913,0.030405113558339934,True,5,120,53,6000,0.041666666666666664,0.008833333333333334,4.716981132075471,972;1051;3623;7098;51561,1051;3623;51561;7098;972
immune_biased,BP,GO:0050678,regulation of epithelial cell proliferation,0.003945945989682839,0.030405113558339934,True,6,120,76,6000,0.05,0.012666666666666666,3.947368421052632,728;2896;3676;5468;5909;130120,130120;2896;3676;5468;5909;728
immune_biased,BP,GO:0051049,regulation of transport,0.003895038566132009,0.030405113558339934,True,17,120,420,6000,0.14166666666666666,0.07,2.0238095238095237,566;640;867;972;1051;3572;3623;3630;4345;4792;5142;5292;5468;5595;6376;27347;169026,1051;169026;27347;3572;3623;3630;4345;4792;5142;5292;5468;5595;566;6376;640;867;972
immune_biased,BP,GO:0051050,positive regulation of transport,0.0039051308901808988,0.030405113558339934,True,11,120,217,6000,0.09166666666666666,0.036166666666666666,2.5345622119815667,566;640;867;1051;3623;3630;5292;5468;6376;27347;169026,1051;169026;27347;3623;3630;5292;5468;566;6376;640;867
immune_biased,BP,GO:0060326,cell chemotaxis,0.003945945989682839,0.030405113558339934,True,6,120,76,6000,0.05,0.012666666666666666,3.947368421052632,566;3603;5142;6376;57007;692094,3603;5142;566;57007;6376;692094
immune_biased,BP,GO:1904018,positive regulation of vasculature development,0.003925689425047913,0.030405113558339934,True,5,120,53,6000,0.041666666666666664,0.008833333333333334,4.716981132075471,306;728;2896;7098;146850,146850;2896;306;7098;728
immune_biased,BP,GO:0045860,positive regulation of protein kinase activity,0.0039774961935743975,0.0305656109107294,True,4,120,33,6000,0.03333333333333333,0.0055,6.0606060606060606,7098;7186;9770;146850,146850;7098;7186;9770
immune_biased,BP,GO:1905953,negative regulation of lipid localization,0.004322859379346141,0.033130301318590995,True,3,120,17,6000,0.025,0.0028333333333333335,8.823529411764707,4792;5468;5595,4792;5468;5595
immune_biased,BP,GO:0051051,negative regulation of transport,0.0043619320115521575,0.0333401291285126,True,7,120,103,6000,0.058333333333333334,0.017166666666666667,3.3980582524271843,972;3623;3630;4345;4792;5595;27347,27347;3623;3630;4345;4792;5595;972
immune_biased,BP,GO:0035821,modulation of process of another organism,0.00443918275378878,0.03365986710386121,True,4,120,34,6000,0.03333333333333333,0.005666666666666667,5.88235294117647,972;4261;5806;10107,10107;4261;5806;972
immune_biased,BP,GO:0051851,host-mediated perturbation of symbiont process,0.00443918275378878,0.03365986710386121,True,4,120,34,6000,0.03333333333333333,0.005666666666666667,5.88235294117647,972;4261;5806;10107,10107;4261;5806;972
immune_biased,BP,GO:1903432,regulation of TORC1 signaling,0.00443918275378878,0.03365986710386121,True,4,120,34,6000,0.03333333333333333,0.005666666666666667,5.88235294117647,5292;5595;29110;96459,29110;5292;5595;96459
immune_biased,BP,GO:0051247,positive regulation of protein metabolic process,0.004485095822070136,0.03391779360403702,True,11,120,221,6000,0.09166666666666666,0.036833333333333336,2.4886877828054295,1967;2896;4690;7098;7186;8995;9770;23376;51561;146850;149628,146850;149628;1967;23376;2896;4690;51561;7098;7186;8995;9770
immune_biased,BP,GO:0051223,regulation of protein transport,0.0046007992082205094,0.034700736885282205,True,7,120,104,6000,0.058333333333333334,0.017333333333333333,3.3653846153846154,640;3572;3630;4345;4792;5468;169026,169026;3572;3630;4345;4792;5468;640
immune_biased,BP,GO:0033674,positive regulation of kinase activity,0.004935703126365862,0.03712846863659386,True,4,120,35,6000,0.03333333333333333,0.005833333333333334,5.7142857142857135,7098;7186;9770;146850,146850;7098;7186;9770
immune_biased,BP,GO:0002791,regulation of peptide secretion,0.004983215132482042,0.037289098012352494,True,5,120,56,6000,0.041666666666666664,0.009333333333333334,4.4642857142857135,640;972;3572;3630;169026,169026;3572;3630;640;972
immune_biased,BP,GO:0090087,regulation of peptide transport,0.004983215132482042,0.037289098012352494,True,5,120,56,6000,0.041666666666666664,0.009333333333333334,4.4642857142857135,640;972;3572;3630;169026,169026;3572;3630;640;972
immune_biased,BP,GO:0002312,B cell activation involved in immune response,0.005112464867046183,0.037957388895699655,True,3,120,18,6000,0.025,0.003,8.333333333333334,51010;118460;165918,118460;165918;51010
immune_biased,BP,GO:0065008,regulation of biological quality,0.005103424246511845,0.037957388895699655,True,27,120,818,6000,0.225,0.13633333333333333,1.6503667481662592,566;640;728;867;972;2896;3572;3623;3630;3676;4690;5175;5292;5468;6376;7186;8575;9770;23376;27347;51752;57007;64218;149628;169026;256987;388552,149628;169026;23376;256987;27347;2896;3572;3623;3630;3676;388552;4690;5175;51752;5292;5468;566;57007;6376;640;64218;7186;728;8575;867;972;9770
immune_biased,BP,GO:2000401,regulation of lymphocyte migration,0.005112464867046183,0.037957388895699655,True,3,120,18,6000,0.025,0.003,8.333333333333334,3676;4345;27347,27347;3676;4345
immune_biased,BP,GO:0008406,gonad development,0.005468211341328749,0.04028390318896192,True,4,120,36,6000,0.03333333333333333,0.006,5.555555555555555,867;1051;2674;3623,1051;2674;3623;867
immune_biased,BP,GO:0045137,development of primary sexual characteristics,0.005468211341328749,0.04028390318896192,True,4,120,36,6000,0.03333333333333333,0.006,5.555555555555555,867;1051;2674;3623,1051;2674;3623;867
immune_biased,BP,GO:0045598,regulation of fat cell differentiation,0.005468211341328749,0.04028390318896192,True,4,120,36,6000,0.03333333333333333,0.006,5.555555555555555,1051;3630;5292;5468,1051;3630;5292;5468
immune_biased,BP,GO:0070372,regulation of ERK1 and ERK2 cascade,0.005736996803313782,0.042155097644968026,True,6,120,82,6000,0.05,0.013666666666666667,3.658536585365854,728;972;5595;6376;57007;84868,5595;57007;6376;728;84868;972
immune_biased,BP,GO:0080090,regulation of primary metabolic process,0.005797722124134894,0.04249178862701435,True,41,120,1423,6000,0.3416666666666667,0.23716666666666666,1.4406184118060437,463;972;1051;1967;2896;3630;4261;4345;4690;4775;4792;5292;5468;5595;5692;5806;5987;6376;6421;7098;7186;7551;7554;8575;8741;8995;9770;10743;23376;25926;29110;51561;60489;90987;96459;124411;134266;146850;149628;165918;344167,1051;10743;124411;134266;146850;149628;165918;1967;23376;25926;2896;29110;344167;3630;4261;4345;463;4690;4775;4792;51561;5292;5468;5595;5692;5806;5987;60489;6376;6421;7098;7186;7551;7554;8575;8741;8995;90987;96459;972;9770
immune_biased,BP,GO:0007249,canonical NF-kappaB signal transduction,0.0059833969480443195,0.04351700178284274,True,3,120,19,6000,0.025,0.0031666666666666666,7.894736842105264,4792;7186;29110,29110;4792;7186
immune_biased,BP,GO:0032655,regulation of interleukin-12 production,0.0059833969480443195,0.04351700178284274,True,3,120,19,6000,0.025,0.0031666666666666666,7.894736842105264,3603;7098;51561,3603;51561;7098
immune_biased,BP,GO:1904263,positive regulation of TORC1 signaling,0.0059833969480443195,0.04351700178284274,True,3,120,19,6000,0.025,0.0031666666666666666,7.894736842105264,5292;29110;96459,29110;5292;96459
immune_biased,BP,GO:0008285,negative regulation of cell population proliferation,0.006007584289806382,0.043581737430631026,True,9,120,167,6000,0.075,0.027833333333333335,2.6946107784431135,1051;1493;3572;4345;5468;5909;8575;10385;84868,10385;1051;1493;3572;4345;5468;5909;84868;8575
immune_biased,BP,GO:0010001,glial cell differentiation,0.006037830518409968,0.04361151700058779,True,4,120,37,6000,0.03333333333333333,0.006166666666666667,5.405405405405405,728;1967;2896;5595,1967;2896;5595;728
immune_biased,BP,GO:0045597,positive regulation of cell differentiation,0.0060422831340695106,0.04361151700058779,True,11,120,230,6000,0.09166666666666666,0.03833333333333333,2.391304347826087,463;972;1051;3559;3572;3630;5292;5468;6376;51561;146850,1051;146850;3559;3572;3630;463;51561;5292;5468;6376;972
immune_biased,BP,GO:0032868,response to insulin,0.006228789565298432,0.04484413901683291,True,5,120,59,6000,0.041666666666666664,0.009833333333333333,4.237288135593221,3630;5468;5595;10603;10890,10603;10890;3630;5468;5595
immune_biased,BP,GO:0080135,regulation of cellular response to stress,0.006441695105926111,0.046260132863968115,True,8,120,139,6000,0.06666666666666667,0.023166666666666665,2.877697841726619,972;2896;4690;5595;23376;57007;149628;165918,149628;165918;23376;2896;4690;5595;57007;972
immune_biased,BP,GO:0070201,regulation of establishment of protein localization,0.0068842356453770156,0.04931395935922078,True,7,120,112,6000,0.058333333333333334,0.018666666666666668,3.125,640;3572;3630;4345;4792;5468;169026,169026;3572;3630;4345;4792;5468;640
immune_biased,BP,GO:0032720,negative regulation of tumor necrosis factor production,0.006937750132505773,0.0494488140694349,True,3,120,20,6000,0.025,0.0033333333333333335,7.5,671;6376;84868,6376;671;84868
immune_biased,BP,GO:1903556,negative regulation of tumor necrosis factor superfamily cytokine production,0.006937750132505773,0.0494488140694349,True,3,120,20,6000,0.025,0.0033333333333333335,7.5,671;6376;84868,6376;671;84868
immune_biased,BP,GO:0051254,positive regulation of RNA metabolic process,0.007054748470648804,0.05015732640852803,False,18,120,483,6000,0.15,0.0805,1.8633540372670807,463;1051;4261;4345;4690;4775;4792;5292;5468;5595;5987;6376;6421;7098;10743;25926;29110;149628,1051;10743;149628;25926;29110;4261;4345;463;4690;4775;4792;5292;5468;5595;5987;6376;6421;7098
immune_biased,BP,GO:0065009,regulation of molecular function,0.00716475524792013,0.050812729382637534,False,10,120,203,6000,0.08333333333333333,0.03383333333333333,2.463054187192118,2896;3572;3630;5595;5909;7098;7186;9770;146850;149628,146850;149628;2896;3572;3630;5595;5909;7098;7186;9770
immune_biased,BP,GO:0002262,myeloid cell homeostasis,0.0072927316698035705,0.051464301956955394,False,4,120,39,6000,0.03333333333333333,0.0065,5.128205128205129,3045;3623;5142;23376,23376;3045;3623;5142
immune_biased,BP,GO:0050714,positive regulation of protein secretion,0.0072927316698035705,0.051464301956955394,False,4,120,39,6000,0.03333333333333333,0.0065,5.128205128205129,640;3630;5468;169026,169026;3630;5468;640
immune_biased,BP,GO:0016073,snRNA metabolic process,0.007977395751327327,0.055899870640724054,False,3,120,21,6000,0.025,0.0035,7.142857142857143,51010;118460;203522,118460;203522;51010
immune_biased,BP,GO:0050829,defense response to Gram-negative bacterium,0.007980093774386071,0.055899870640724054,False,4,120,40,6000,0.03333333333333333,0.006666666666666667,5.0,566;671;51561;85480,51561;566;671;85480
immune_biased,BP,GO:1900076,regulation of cellular response to insulin stimulus,0.007977395751327327,0.055899870640724054,False,3,120,21,6000,0.025,0.0035,7.142857142857143,3630;4690;5468,3630;4690;5468
immune_biased,BP,GO:0010721,negative regulation of cell development,0.008210225541096655,0.05737096327859451,False,5,120,63,6000,0.041666666666666664,0.0105,3.968253968253968,1493;3623;5692;7098;8995,1493;3623;5692;7098;8995
immune_biased,BP,GO:0008283,cell population proliferation,0.008300362866293995,0.05785900863521804,False,7,120,116,6000,0.058333333333333334,0.019333333333333334,3.0172413793103448,1051;3572;6376;8995;10148;10890;30835,10148;1051;10890;30835;3572;6376;8995
immune_biased,BP,GO:0002753,cytoplasmic pattern recognition receptor signaling pathway,0.0091039919517848,0.06299874042363705,False,3,120,22,6000,0.025,0.0036666666666666666,6.818181818181818,7098;29110;84868,29110;7098;84868
immune_biased,BP,GO:0032008,positive regulation of TOR signaling,0.0091039919517848,0.06299874042363705,False,3,120,22,6000,0.025,0.0036666666666666666,6.818181818181818,5292;29110;96459,29110;5292;96459
immune_biased,BP,GO:0071347,cellular response to interleukin-1,0.0091039919517848,0.06299874042363705,False,3,120,22,6000,0.025,0.0036666666666666666,6.818181818181818,1051;4792;5595,1051;4792;5595
immune_biased,BP,GO:0001934,positive regulation of protein phosphorylation,0.009348874529607525,0.06438077604809433,False,5,120,65,6000,0.041666666666666664,0.010833333333333334,3.846153846153846,7098;7186;8995;9770;146850,146850;7098;7186;8995;9770
immune_biased,BP,GO:0045944,positive regulation of transcription by RNA polymerase II,0.009334086994864852,0.06438077604809433,False,13,120,313,6000,0.10833333333333334,0.05216666666666667,2.07667731629393,463;1051;4261;4345;4690;4775;4792;5468;5595;6376;6421;7098;29110,1051;29110;4261;4345;463;4690;4775;4792;5468;5595;6376;6421;7098
immune_biased,BP,GO:0032880,regulation of protein localization,0.009605882495892872,0.06599125541154356,False,10,120,212,6000,0.08333333333333333,0.035333333333333335,2.3584905660377355,640;3572;3630;4345;4792;5175;5468;23376;149628;169026,149628;169026;23376;3572;3630;4345;4792;5175;5468;640
immune_biased,BP,GO:0008286,insulin receptor signaling pathway,0.010318993350909817,0.0702134845905582,False,3,120,23,6000,0.025,0.003833333333333333,6.521739130434783,3630;5595;10603,10603;3630;5595
immune_biased,BP,GO:0032006,regulation of TOR signaling,0.010293561054496744,0.0702134845905582,False,4,120,43,6000,0.03333333333333333,0.007166666666666667,4.651162790697675,5292;5595;29110;96459,29110;5292;5595;96459
immune_biased,BP,GO:0032007,negative regulation of TOR signaling,0.010318993350909817,0.0702134845905582,False,3,120,23,6000,0.025,0.003833333333333333,6.521739130434783,5595;29110;96459,29110;5595;96459
immune_biased,BP,GO:0050679,positive regulation of epithelial cell proliferation,0.010293561054496744,0.0702134845905582,False,4,120,43,6000,0.03333333333333333,0.007166666666666667,4.651162790697675,728;2896;3676;130120,130120;2896;3676;728
immune_biased,BP,GO:0043434,response to peptide hormone,0.010359860215317084,0.0703237177949262,False,7,120,121,6000,0.058333333333333334,0.020166666666666666,2.8925619834710745,1967;3630;5468;5595;10603;10890;130120,10603;10890;130120;1967;3630;5468;5595
immune_biased,BP,GO:0030522,intracellular receptor signaling pathway,0.010592125280806374,0.07172957048831109,False,5,120,67,6000,0.041666666666666664,0.011166666666666667,3.731343283582089,5292;5468;7098;29110;84868,29110;5292;5468;7098;84868
immune_biased,BP,GO:0098657,import into cell,0.010699458350613677,0.07228472928341136,False,9,120,183,6000,0.075,0.0305,2.459016393442623,306;867;3676;5175;5298;5595;57007;64005;169026,169026;306;3676;5175;5298;5595;57007;64005;867
immune_biased,BP,GO:0050790,regulation of catalytic activity,0.010822483150035861,0.07294302472991074,False,8,120,152,6000,0.06666666666666667,0.025333333333333333,2.6315789473684212,2896;3630;5595;5909;7098;7186;9770;146850,146850;2896;3630;5595;5909;7098;7186;9770
immune_biased,BP,GO:0033993,response to lipid,0.011025841012708534,0.07413837907366044,False,11,120,250,6000,0.09166666666666666,0.041666666666666664,2.2,671;867;1051;4345;5142;5292;5468;5724;27347;84868;115362,1051;115362;27347;4345;5142;5292;5468;5724;671;84868;867
immune_biased,BP,GO:0048871,multicellular organismal-level homeostasis,0.0112331612327046,0.07535468864574309,False,8,120,153,6000,0.06666666666666667,0.0255,2.6143790849673203,3045;3623;5142;5175;5692;8741;23376;27347,23376;27347;3045;3623;5142;5175;5692;8741
immune_biased,BP,GO:0008584,male gonad development,0.011623660356766164,0.07742770018023443,False,3,120,24,6000,0.025,0.004,6.25,867;2674;3623,2674;3623;867
immune_biased,BP,GO:0046546,development of primary male sexual characteristics,0.011623660356766164,0.07742770018023443,False,3,120,24,6000,0.025,0.004,6.25,867;2674;3623,2674;3623;867
immune_biased,BP,GO:2001243,negative regulation of intrinsic apoptotic signaling pathway,0.011623660356766164,0.07742770018023443,False,3,120,24,6000,0.025,0.004,6.25,972;3630;57007,3630;57007;972
immune_biased,BP,GO:0007167,enzyme-linked receptor protein signaling pathway,0.01182308559269199,0.07857253385726076,False,9,120,186,6000,0.075,0.031,2.4193548387096775,640;2674;3572;3623;3630;4690;5468;5595;10603,10603;2674;3572;3623;3630;4690;5468;5595;640
immune_biased,BP,GO:0042327,positive regulation of phosphorylation,0.011944271441040549,0.0790095542422427,False,5,120,69,6000,0.041666666666666664,0.0115,3.623188405797101,7098;7186;8995;9770;146850,146850;7098;7186;8995;9770
immune_biased,BP,GO:0045937,positive regulation of phosphate metabolic process,0.011944271441040549,0.0790095542422427,False,5,120,69,6000,0.041666666666666664,0.0115,3.623188405797101,7098;7186;8995;9770;146850,146850;7098;7186;8995;9770
immune_biased,BP,GO:0032479,regulation of type I interferon production,0.01205439643862137,0.07955343575580909,False,4,120,45,6000,0.03333333333333333,0.0075,4.444444444444445,5987;7098;29110;84868,29110;5987;7098;84868
immune_biased,BP,GO:0016072,rRNA metabolic process,0.012662475439492955,0.08337348147342821,False,5,120,70,6000,0.041666666666666664,0.011666666666666667,3.571428571428571,9533;25926;51010;56342;118460,118460;25926;51010;56342;9533
immune_biased,BP,GO:0001776,leukocyte homeostasis,0.013019068167520511,0.08397593517104293,False,3,120,25,6000,0.025,0.004166666666666667,6.0,5142;5692;8741,5142;5692;8741
immune_biased,BP,GO:0007548,sex differentiation,0.013002883211875564,0.08397593517104293,False,4,120,46,6000,0.03333333333333333,0.007666666666666666,4.3478260869565215,867;1051;2674;3623,1051;2674;3623;867
immune_biased,BP,GO:0010594,regulation of endothelial cell migration,0.013002883211875564,0.08397593517104293,False,4,120,46,6000,0.03333333333333333,0.007666666666666666,4.3478260869565215,306;2896;5468;64218,2896;306;5468;64218
immune_biased,BP,GO:0032677,regulation of interleukin-8 production,0.013019068167520511,0.08397593517104293,False,3,120,25,6000,0.025,0.004166666666666667,6.0,671;972;7098,671;7098;972
immune_biased,BP,GO:0042752,regulation of circadian rhythm,0.013019068167520511,0.08397593517104293,False,3,120,25,6000,0.025,0.004166666666666667,6.0,463;5468;6421,463;5468;6421
immune_biased,BP,GO:0048002,antigen processing and presentation of peptide antigen,0.013019068167520511,0.08397593517104293,False,3,120,25,6000,0.025,0.004166666666666667,6.0,3119;30835;51752,30835;3119;51752
immune_biased,BP,GO:0048608,reproductive structure development,0.013002883211875564,0.08397593517104293,False,4,120,46,6000,0.03333333333333333,0.007666666666666666,4.3478260869565215,867;1051;2674;3623,1051;2674;3623;867
immune_biased,BP,GO:0061458,reproductive system development,0.013002883211875564,0.08397593517104293,False,4,120,46,6000,0.03333333333333333,0.007666666666666666,4.3478260869565215,867;1051;2674;3623,1051;2674;3623;867
immune_biased,BP,GO:1900015,regulation of cytokine production involved in inflammatory response,0.013019068167520511,0.08397593517104293,False,3,120,25,6000,0.025,0.004166666666666667,6.0,4792;7098;115362,115362;4792;7098
immune_biased,BP,GO:0043412,macromolecule modification,0.013463682663002104,0.08664776359417381,False,16,120,439,6000,0.13333333333333333,0.07316666666666667,1.8223234624145785,640;867;1326;5595;5987;7186;9021;10107;23376;27347;29110;51010;60489;79269;118460;165918,10107;118460;1326;165918;23376;27347;29110;51010;5595;5987;60489;640;7186;79269;867;9021
immune_biased,BP,GO:0034764,positive regulation of transmembrane transport,0.013997775158598368,0.0898821103089278,False,4,120,47,6000,0.03333333333333333,0.007833333333333333,4.25531914893617,3630;5292;6376;27347,27347;3630;5292;6376
immune_biased,BP,GO:0046661,male sex differentiation,0.014506115457933278,0.09252110776413372,False,3,120,26,6000,0.025,0.004333333333333333,5.76923076923077,867;2674;3623,2674;3623;867
immune_biased,BP,GO:0071260,cellular response to mechanical stimulus,0.014506115457933278,0.09252110776413372,False,3,120,26,6000,0.025,0.004333333333333333,5.76923076923077,5175;5595;7098,5175;5595;7098
immune_biased,BP,GO:0071496,cellular response to external stimulus,0.014506115457933278,0.09252110776413372,False,3,120,26,6000,0.025,0.004333333333333333,5.76923076923077,5175;5595;7098,5175;5595;7098
immune_biased,BP,GO:0000209,protein polyubiquitination,0.014991551541992313,0.09519134397821845,False,5,120,73,6000,0.041666666666666664,0.012166666666666666,3.4246575342465753,867;5987;7186;10107;165918,10107;165918;5987;7186;867
immune_biased,BP,GO:0098609,cell-cell adhesion,0.014970862173108843,0.09519134397821845,False,7,120,130,6000,0.058333333333333334,0.021666666666666667,2.692307692307692,3676;4345;5175;6376;6404;10890;30835,10890;30835;3676;4345;5175;6376;6404
immune_biased,BP,GO:0001541,ovarian follicle development,0.016072793960387157,0.1001306853848621,False,2,120,10,6000,0.016666666666666666,0.0016666666666666668,10.0,1051;3623,1051;3623
immune_biased,BP,GO:0002230,positive regulation of defense response to virus by host,0.016072793960387157,0.1001306853848621,False,2,120,10,6000,0.016666666666666666,0.0016666666666666668,10.0,51561;60489,51561;60489
immune_biased,BP,GO:0010743,regulation of macrophage derived foam cell differentiation,0.016072793960387157,0.1001306853848621,False,2,120,10,6000,0.016666666666666666,0.0016666666666666668,10.0,4792;5468,4792;5468
immune_biased,BP,GO:0032673,regulation of interleukin-4 production,0.016072793960387157,0.1001306853848621,False,2,120,10,6000,0.016666666666666666,0.0016666666666666668,10.0,1051;84868,1051;84868
immune_biased,BP,GO:0046634,regulation of alpha-beta T cell activation,0.016085532762633057,0.1001306853848621,False,3,120,27,6000,0.025,0.0045,5.555555555555556,8995;10148;51561,10148;51561;8995
immune_biased,BP,GO:0070059,intrinsic apoptotic signaling pathway in response to endoplasmic reticulum stress,0.016072793960387157,0.1001306853848621,False,2,120,10,6000,0.016666666666666666,0.0016666666666666668,10.0,1051;7186,1051;7186
immune_biased,BP,GO:0070228,regulation of lymphocyte apoptotic process,0.016072793960387157,0.1001306853848621,False,2,120,10,6000,0.016666666666666666,0.0016666666666666668,10.0,972;96459,96459;972
immune_biased,BP,GO:0120033,negative regulation of plasma membrane bounded cell projection assembly,0.016072793960387157,0.1001306853848621,False,2,120,10,6000,0.016666666666666666,0.0016666666666666668,10.0,5909;10890,10890;5909
immune_biased,BP,GO:1902175,regulation of oxidative stress-induced intrinsic apoptotic signaling pathway,0.016072793960387157,0.1001306853848621,False,2,120,10,6000,0.016666666666666666,0.0016666666666666668,10.0,3630;6421,3630;6421
immune_biased,BP,GO:0051897,positive regulation of phosphatidylinositol 3-kinase/protein kinase B signal transduction,0.01612961546358233,0.10018634790124885,False,4,120,49,6000,0.03333333333333333,0.008166666666666666,4.081632653061225,867;3630;5175;6376,3630;5175;6376;867
immune_biased,BP,GO:0012501,programmed cell death,0.017105816668406194,0.1060188767861436,False,8,120,165,6000,0.06666666666666667,0.0275,2.4242424242424243,1051;1776;3559;5133;5266;5692;7098;7186,1051;1776;3559;5133;5266;5692;7098;7186
immune_biased,BP,GO:0007200,phospholipase C-activating G protein-coupled receptor signaling pathway,0.017267885098103276,0.10656004418764597,False,4,120,50,6000,0.03333333333333333,0.008333333333333333,4.0,566;728;5724;115727,115727;566;5724;728
immune_biased,BP,GO:2001234,negative regulation of apoptotic signaling pathway,0.017267885098103276,0.10656004418764597,False,4,120,50,6000,0.03333333333333333,0.008333333333333333,4.0,972;3630;6376;57007,3630;57007;6376;972
immune_biased,BP,GO:1903532,positive regulation of secretion by cell,0.017592136176352243,0.10832652319390983,False,5,120,76,6000,0.041666666666666664,0.012666666666666666,3.289473684210526,640;3623;3630;5468;169026,169026;3623;3630;5468;640
immune_biased,BP,GO:0019217,regulation of fatty acid metabolic process,0.017757890565282937,0.10841059100989647,False,3,120,28,6000,0.025,0.004666666666666667,5.357142857142857,972;3630;5468,3630;5468;972
immune_biased,BP,GO:0030218,erythrocyte differentiation,0.017757890565282937,0.10841059100989647,False,3,120,28,6000,0.025,0.004666666666666667,5.357142857142857,3045;3623;23376,23376;3045;3623
immune_biased,BP,GO:0071356,cellular response to tumor necrosis factor,0.017757890565282937,0.10841059100989647,False,3,120,28,6000,0.025,0.004666666666666667,5.357142857142857,4792;7186;8995,4792;7186;8995
immune_biased,BP,GO:0097530,granulocyte migration,0.017757890565282937,0.10841059100989647,False,3,120,28,6000,0.025,0.004666666666666667,5.357142857142857,5142;5175;6376,5142;5175;6376
immune_biased,BP,GO:0008219,cell death,0.018266577099094718,0.11127780194341676,False,8,120,167,6000,0.06666666666666667,0.027833333333333335,2.395209580838323,1051;1776;3559;5133;5266;5692;7098;7186,1051;1776;3559;5133;5266;5692;7098;7186
immune_biased,BP,GO:0006953,acute-phase response,0.019390084552009995,0.11469114327340353,False,2,120,11,6000,0.016666666666666666,0.0018333333333333333,9.090909090909092,1051;3630,1051;3630
immune_biased,BP,GO:0032369,negative regulation of lipid transport,0.019390084552009995,0.11469114327340353,False,2,120,11,6000,0.016666666666666666,0.0018333333333333333,9.090909090909092,4792;5595,4792;5595
immune_biased,BP,GO:0032689,negative regulation of type II interferon production,0.019390084552009995,0.11469114327340353,False,2,120,11,6000,0.016666666666666666,0.0018333333333333333,9.090909090909092,3623;84868,3623;84868
immune_biased,BP,GO:0033077,T cell differentiation in thymus,0.019390084552009995,0.11469114327340353,False,2,120,11,6000,0.016666666666666666,0.0018333333333333333,9.090909090909092,4775;5692,4775;5692
immune_biased,BP,GO:0034142,toll-like receptor 4 signaling pathway,0.019390084552009995,0.11469114327340353,False,2,120,11,6000,0.016666666666666666,0.0018333333333333333,9.090909090909092,4792;29110,29110;4792
immune_biased,BP,GO:0042789,mRNA transcription by RNA polymerase II,0.019390084552009995,0.11469114327340353,False,2,120,11,6000,0.016666666666666666,0.0018333333333333333,9.090909090909092,728;5468,5468;728
immune_biased,BP,GO:0045923,positive regulation of fatty acid metabolic process,0.019390084552009995,0.11469114327340353,False,2,120,11,6000,0.016666666666666666,0.0018333333333333333,9.090909090909092,972;5468,5468;972
immune_biased,BP,GO:0070498,interleukin-1-mediated signaling pathway,0.019390084552009995,0.11469114327340353,False,2,120,11,6000,0.016666666666666666,0.0018333333333333333,9.090909090909092,4792;5595,4792;5595
immune_biased,BP,GO:0071396,cellular response to lipid,0.018867757433930456,0.11469114327340353,False,8,120,168,6000,0.06666666666666667,0.028,2.380952380952381,671;1051;4345;5142;5292;5724;84868;115362,1051;115362;4345;5142;5292;5724;671;84868
immune_biased,BP,GO:0140894,endolysosomal toll-like receptor signaling pathway,0.019390084552009995,0.11469114327340353,False,2,120,11,6000,0.016666666666666666,0.0018333333333333333,9.090909090909092,7098;84868,7098;84868
immune_biased,BP,GO:0140895,cell surface toll-like receptor signaling pathway,0.019390084552009995,0.11469114327340353,False,2,120,11,6000,0.016666666666666666,0.0018333333333333333,9.090909090909092,4792;29110,29110;4792
immune_biased,BP,GO:1900101,regulation of endoplasmic reticulum unfolded protein response,0.019390084552009995,0.11469114327340353,False,2,120,11,6000,0.016666666666666666,0.0018333333333333333,9.090909090909092,4690;23376,23376;4690
immune_biased,BP,GO:1902894,negative regulation of miRNA transcription,0.019390084552009995,0.11469114327340353,False,2,120,11,6000,0.016666666666666666,0.0018333333333333333,9.090909090909092,4775;5468,4775;5468
immune_biased,BP,GO:2000403,positive regulation of lymphocyte migration,0.019390084552009995,0.11469114327340353,False,2,120,11,6000,0.016666666666666666,0.0018333333333333333,9.090909090909092,3676;27347,27347;3676
immune_biased,BP,GO:0034101,erythrocyte homeostasis,0.019523607102497773,0.11476660587468279,False,3,120,29,6000,0.025,0.004833333333333334,5.172413793103448,3045;3623;23376,23376;3045;3623
immune_biased,BP,GO:0051224,negative regulation of protein transport,0.019523607102497773,0.11476660587468279,False,3,120,29,6000,0.025,0.004833333333333334,5.172413793103448,3630;4345;4792,3630;4345;4792
immune_biased,BP,GO:0070098,chemokine-mediated signaling pathway,0.019523607102497773,0.11476660587468279,False,3,120,29,6000,0.025,0.004833333333333334,5.172413793103448,6376;27347;57007,27347;57007;6376
immune_biased,BP,GO:0051047,positive regulation of secretion,0.0204759580967092,0.12011719451382288,False,5,120,79,6000,0.041666666666666664,0.013166666666666667,3.1645569620253164,640;3623;3630;5468;169026,169026;3623;3630;5468;640
immune_biased,BP,GO:1902107,positive regulation of leukocyte differentiation,0.02097918447224192,0.1225648666605773,False,4,120,53,6000,0.03333333333333333,0.008833333333333334,3.773584905660377,972;3559;51561;146850,146850;3559;51561;972
immune_biased,BP,GO:1903708,positive regulation of hemopoiesis,0.02097918447224192,0.1225648666605773,False,4,120,53,6000,0.03333333333333333,0.008833333333333334,3.773584905660377,972;3559;51561;146850,146850;3559;51561;972
immune_biased,BP,GO:0002824,positive regulation of adaptive immune response based on somatic recombination of immune receptors built from immunoglobulin superfamily domains,0.021382955891129322,0.12466831747568445,False,3,120,30,6000,0.025,0.005,5.0,7186;8741;51561,51561;7186;8741
immune_biased,BP,GO:0006974,DNA damage response,0.021703300633757753,0.12627777572825175,False,9,120,206,6000,0.075,0.034333333333333334,2.1844660194174756,867;1493;2794;5595;5692;6421;7186;23376;165918,1493;165918;23376;2794;5595;5692;6421;7186;867
immune_biased,BP,GO:0009299,mRNA transcription,0.022967208340582274,0.12991966464087315,False,2,120,12,6000,0.016666666666666666,0.002,8.333333333333334,728;5468,5468;728
immune_biased,BP,GO:0010574,regulation of vascular endothelial growth factor production,0.022967208340582274,0.12991966464087315,False,2,120,12,6000,0.016666666666666666,0.002,8.333333333333334,728;3572,3572;728
immune_biased,BP,GO:0010575,positive regulation of vascular endothelial growth factor production,0.022967208340582274,0.12991966464087315,False,2,120,12,6000,0.016666666666666666,0.002,8.333333333333334,728;3572,3572;728
immune_biased,BP,GO:0010874,regulation of cholesterol efflux,0.022967208340582274,0.12991966464087315,False,2,120,12,6000,0.016666666666666666,0.002,8.333333333333334,5468;5595,5468;5595
immune_biased,BP,GO:0019883,antigen processing and presentation of endogenous antigen,0.022967208340582274,0.12991966464087315,False,2,120,12,6000,0.016666666666666666,0.002,8.333333333333334,972;51752,51752;972
immune_biased,BP,GO:0030890,positive regulation of B cell proliferation,0.022967208340582274,0.12991966464087315,False,2,120,12,6000,0.016666666666666666,0.002,8.333333333333334,972;8741,8741;972
immune_biased,BP,GO:0031663,lipopolysaccharide-mediated signaling pathway,0.022967208340582274,0.12991966464087315,False,2,120,12,6000,0.016666666666666666,0.002,8.333333333333334,671;5724,5724;671
immune_biased,BP,GO:0032727,positive regulation of interferon-alpha production,0.022967208340582274,0.12991966464087315,False,2,120,12,6000,0.016666666666666666,0.002,8.333333333333334,7098;29110,29110;7098
immune_biased,BP,GO:0032814,regulation of natural killer cell activation,0.022967208340582274,0.12991966464087315,False,2,120,12,6000,0.016666666666666666,0.002,8.333333333333334,51561;84868,51561;84868
immune_biased,BP,GO:0034113,heterotypic cell-cell adhesion,0.022967208340582274,0.12991966464087315,False,2,120,12,6000,0.016666666666666666,0.002,8.333333333333334,3676;4345,3676;4345
immune_biased,BP,GO:0043032,positive regulation of macrophage activation,0.022967208340582274,0.12991966464087315,False,2,120,12,6000,0.016666666666666666,0.002,8.333333333333334,4345;84868,4345;84868
immune_biased,BP,GO:0045589,regulation of regulatory T cell differentiation,0.022967208340582274,0.12991966464087315,False,2,120,12,6000,0.016666666666666666,0.002,8.333333333333334,1493;5692,1493;5692
immune_biased,BP,GO:1903530,regulation of secretion by cell,0.022401957140548955,0.12991966464087315,False,7,120,141,6000,0.058333333333333334,0.0235,2.4822695035460995,640;3572;3623;3630;4345;5468;169026,169026;3572;3623;3630;4345;5468;640
immune_biased,BP,GO:2000629,negative regulation of miRNA metabolic process,0.022967208340582274,0.12991966464087315,False,2,120,12,6000,0.016666666666666666,0.002,8.333333333333334,4775;5468,4775;5468
immune_biased,BP,GO:0032651,regulation of interleukin-1 beta production,0.023336072987299537,0.13070951686992333,False,3,120,31,6000,0.025,0.005166666666666667,4.838709677419355,566;6376;115362,115362;566;6376
immune_biased,BP,GO:0043524,negative regulation of neuron apoptotic process,0.023336072987299537,0.13070951686992333,False,3,120,31,6000,0.025,0.005166666666666667,4.838709677419355,2896;3572;6376,2896;3572;6376
immune_biased,BP,GO:0045444,fat cell differentiation,0.023336072987299537,0.13070951686992333,False,3,120,31,6000,0.025,0.005166666666666667,4.838709677419355,1051;5468;51752,1051;51752;5468
immune_biased,BP,GO:1990868,response to chemokine,0.023336072987299537,0.13070951686992333,False,3,120,31,6000,0.025,0.005166666666666667,4.838709677419355,6376;27347;57007,27347;57007;6376
immune_biased,BP,GO:1990869,cellular response to chemokine,0.023336072987299537,0.13070951686992333,False,3,120,31,6000,0.025,0.005166666666666667,4.838709677419355,6376;27347;57007,27347;57007;6376
immune_biased,BP,GO:0090276,regulation of peptide hormone secretion,0.02370557624112641,0.13251881934010076,False,4,120,55,6000,0.03333333333333333,0.009166666666666667,3.6363636363636362,640;3572;3630;169026,169026;3572;3630;640
immune_biased,BP,GO:0002702,positive regulation of production of molecular mediator of immune response,0.025382963985332088,0.1397043056412776,False,3,120,32,6000,0.025,0.005333333333333333,4.6875,972;7186;8741,7186;8741;972
immune_biased,BP,GO:0032368,regulation of lipid transport,0.025382963985332088,0.1397043056412776,False,3,120,32,6000,0.025,0.005333333333333333,4.6875,4792;5468;5595,4792;5468;5595
immune_biased,BP,GO:0045055,regulated exocytosis,0.025382963985332088,0.1397043056412776,False,3,120,32,6000,0.025,0.005333333333333333,4.6875,306;867;10890,10890;306;867
immune_biased,BP,GO:0050792,regulation of viral process,0.025382963985332088,0.1397043056412776,False,3,120,32,6000,0.025,0.005333333333333333,4.6875,5806;30835;60489,30835;5806;60489
immune_biased,BP,GO:0051246,regulation of protein metabolic process,0.025354122992374502,0.1397043056412776,False,14,120,395,6000,0.11666666666666667,0.06583333333333333,1.7721518987341773,1967;2896;3630;4690;5692;5806;7098;7186;8995;9770;23376;51561;146850;149628,146850;149628;1967;23376;2896;3630;4690;51561;5692;5806;7098;7186;8995;9770
immune_biased,BP,GO:1900180,regulation of protein localization to nucleus,0.025382963985332088,0.1397043056412776,False,3,120,32,6000,0.025,0.005333333333333333,4.6875,3630;4792;149628,149628;3630;4792
immune_biased,BP,GO:1903531,negative regulation of secretion by cell,0.025382963985332088,0.1397043056412776,False,3,120,32,6000,0.025,0.005333333333333333,4.6875,3623;3630;4345,3623;3630;4345
immune_biased,BP,GO:1904950,negative regulation of establishment of protein localization,0.025382963985332088,0.1397043056412776,False,3,120,32,6000,0.025,0.005333333333333333,4.6875,3630;4345;4792,3630;4345;4792
immune_biased,BP,GO:0002260,lymphocyte homeostasis,0.026792625837197194,0.14439655247986616,False,2,120,13,6000,0.016666666666666666,0.0021666666666666666,7.6923076923076925,5692;8741,5692;8741
immune_biased,BP,GO:0002762,negative regulation of myeloid leukocyte differentiation,0.026792625837197194,0.14439655247986616,False,2,120,13,6000,0.016666666666666666,0.0021666666666666666,7.6923076923076925,3623;7098,3623;7098
immune_biased,BP,GO:0002763,positive regulation of myeloid leukocyte differentiation,0.026792625837197194,0.14439655247986616,False,2,120,13,6000,0.016666666666666666,0.0021666666666666666,7.6923076923076925,972;51561,51561;972
immune_biased,BP,GO:0008585,female gonad development,0.026792625837197194,0.14439655247986616,False,2,120,13,6000,0.016666666666666666,0.0021666666666666666,7.6923076923076925,1051;3623,1051;3623
immune_biased,BP,GO:0010453,regulation of cell fate commitment,0.026792625837197194,0.14439655247986616,False,2,120,13,6000,0.016666666666666666,0.0021666666666666666,7.6923076923076925,8995;51561,51561;8995
immune_biased,BP,GO:0032660,regulation of interleukin-17 production,0.026792625837197194,0.14439655247986616,False,2,120,13,6000,0.016666666666666666,0.0021666666666666666,7.6923076923076925,51561;114836,114836;51561
immune_biased,BP,GO:0034103,regulation of tissue remodeling,0.026792625837197194,0.14439655247986616,False,2,120,13,6000,0.016666666666666666,0.0021666666666666666,7.6923076923076925,5468;51561,51561;5468
immune_biased,BP,GO:0045622,regulation of T-helper cell differentiation,0.026792625837197194,0.14439655247986616,False,2,120,13,6000,0.016666666666666666,0.0021666666666666666,7.6923076923076925,8995;51561,51561;8995
immune_biased,BP,GO:0046545,development of primary female sexual characteristics,0.026792625837197194,0.14439655247986616,False,2,120,13,6000,0.016666666666666666,0.0021666666666666666,7.6923076923076925,1051;3623,1051;3623
immune_biased,BP,GO:1900017,positive regulation of cytokine production involved in inflammatory response,0.026792625837197194,0.14439655247986616,False,2,120,13,6000,0.016666666666666666,0.0021666666666666666,7.6923076923076925,7098;115362,115362;7098
immune_biased,BP,GO:1903573,negative regulation of response to endoplasmic reticulum stress,0.026792625837197194,0.14439655247986616,False,2,120,13,6000,0.016666666666666666,0.0021666666666666666,7.6923076923076925,4690;23376,23376;4690
immune_biased,BP,GO:0008015,blood circulation,0.027160767568939134,0.1461044308283877,False,6,120,115,6000,0.05,0.019166666666666665,2.6086956521739135,566;3630;3676;5175;5468;51752,3630;3676;5175;51752;5468;566
immune_biased,BP,GO:0032446,protein modification by small protein conjugation,0.027227269889214426,0.14618633983832455,False,8,120,180,6000,0.06666666666666667,0.03,2.2222222222222223,867;5987;7186;9021;10107;23376;79269;165918,10107;165918;23376;5987;7186;79269;867;9021
immune_biased,BP,GO:2001141,regulation of RNA biosynthetic process,0.02736634245269555,0.14665684648991545,False,27,120,934,6000,0.225,0.15566666666666668,1.4453961456102784,463;1051;3630;4261;4345;4690;4775;4792;5292;5468;5595;5987;6376;6421;7098;7551;7554;10743;25926;29110;60489;90987;96459;124411;149628;165918;344167,1051;10743;124411;149628;165918;25926;29110;344167;3630;4261;4345;463;4690;4775;4792;5292;5468;5595;5987;60489;6376;6421;7098;7551;7554;90987;96459
immune_biased,BP,GO:0002793,positive regulation of peptide secretion,0.027523510764507843,0.14694668387567764,False,3,120,33,6000,0.025,0.0055,4.545454545454546,640;3630;169026,169026;3630;640
immune_biased,BP,GO:0090277,positive regulation of peptide hormone secretion,0.027523510764507843,0.14694668387567764,False,3,120,33,6000,0.025,0.0055,4.545454545454546,640;3630;169026,169026;3630;640
immune_biased,BP,GO:0030855,epithelial cell differentiation,0.02818951691635615,0.15022114528697453,False,6,120,116,6000,0.05,0.019333333333333334,2.586206896551724,3572;5175;5266;5468;10890;344167,10890;344167;3572;5175;5266;5468
immune_biased,BP,GO:1903829,positive regulation of protein localization,0.02924377692397049,0.1555485224071639,False,6,120,117,6000,0.05,0.0195,2.5641025641025643,640;3630;5175;5468;149628;169026,149628;169026;3630;5175;5468;640
immune_biased,BP,GO:0009719,response to endogenous stimulus,0.02973432296816921,0.15769250883521108,False,13,120,365,6000,0.10833333333333334,0.060833333333333336,1.7808219178082192,463;867;1967;2674;3630;5292;5468;5595;5909;10603;10890;27347;130120,10603;10890;130120;1967;2674;27347;3630;463;5292;5468;5595;5909;867
immune_biased,BP,GO:0030183,B cell differentiation,0.02975747799135165,0.15769250883521108,False,3,120,34,6000,0.025,0.005666666666666667,4.411764705882353,3572;3676;96459,3572;3676;96459
immune_biased,BP,GO:0002752,cell surface pattern recognition receptor signaling pathway,0.0308551485076948,0.16140922641364747,False,2,120,14,6000,0.016666666666666666,0.0023333333333333335,7.142857142857142,4792;29110,29110;4792
immune_biased,BP,GO:0010883,regulation of lipid storage,0.0308551485076948,0.16140922641364747,False,2,120,14,6000,0.016666666666666666,0.0023333333333333335,7.142857142857142,4792;5468,4792;5468
immune_biased,BP,GO:0018108,peptidyl-tyrosine phosphorylation,0.0308551485076948,0.16140922641364747,False,2,120,14,6000,0.016666666666666666,0.0023333333333333335,7.142857142857142,640;5595,5595;640
immune_biased,BP,GO:0032480,negative regulation of type I interferon production,0.0308551485076948,0.16140922641364747,False,2,120,14,6000,0.016666666666666666,0.0023333333333333335,7.142857142857142,5987;84868,5987;84868
immune_biased,BP,GO:0032728,positive regulation of interferon-beta production,0.0308551485076948,0.16140922641364747,False,2,120,14,6000,0.016666666666666666,0.0023333333333333335,7.142857142857142,7098;29110,29110;7098
immune_biased,BP,GO:0050691,regulation of defense response to virus by host,0.0308551485076948,0.16140922641364747,False,2,120,14,6000,0.016666666666666666,0.0023333333333333335,7.142857142857142,51561;60489,51561;60489
immune_biased,BP,GO:2001244,positive regulation of intrinsic apoptotic signaling pathway,0.0308551485076948,0.16140922641364747,False,2,120,14,6000,0.016666666666666666,0.0023333333333333335,7.142857142857142,4690;6421,4690;6421
immune_biased,BP,GO:0071375,cellular response to peptide hormone stimulus,0.03092695928191376,0.1614885731002493,False,5,120,88,6000,0.041666666666666664,0.014666666666666666,2.840909090909091,3630;5468;5595;10603;10890,10603;10890;3630;5468;5595
immune_biased,BP,GO:0051222,positive regulation of protein transport,0.03142778597473381,0.1638036888737954,False,4,120,60,6000,0.03333333333333333,0.01,3.333333333333333,640;3630;5468;169026,169026;3630;5468;640
immune_biased,BP,GO:0034612,response to tumor necrosis factor,0.03208451938494403,0.16692146855196244,False,3,120,35,6000,0.025,0.005833333333333334,4.285714285714286,4792;7186;8995,4792;7186;8995
immune_biased,BP,GO:0042325,regulation of phosphorylation,0.032561714449878834,0.1690955335092979,False,6,120,120,6000,0.05,0.02,2.5,3623;7098;7186;8995;9770;146850,146850;3623;7098;7186;8995;9770
immune_biased,BP,GO:0006468,protein phosphorylation,0.033631755668832815,0.17401839457684637,False,5,120,90,6000,0.041666666666666664,0.015,2.7777777777777777,640;1326;5595;27347;29110,1326;27347;29110;5595;640
immune_biased,BP,GO:0022411,cellular component disassembly,0.033631755668832815,0.17401839457684637,False,5,120,90,6000,0.041666666666666664,0.015,2.7777777777777777,713;1776;6376;7186;23376,1776;23376;6376;713;7186
immune_biased,BP,GO:0044057,regulation of system process,0.03409529634490467,0.17609726427413627,False,7,120,154,6000,0.058333333333333334,0.025666666666666667,2.2727272727272725,3572;3623;3630;3676;5142;5468;27347,27347;3572;3623;3630;3676;5142;5468
immune_biased,BP,GO:0044087,regulation of cellular component biogenesis,0.03463159529398689,0.17854372185019282,False,10,120,260,6000,0.08333333333333333,0.043333333333333335,1.923076923076923,4690;5468;5909;6376;7186;8995;10890;64218;96459;115362,10890;115362;4690;5468;5909;6376;64218;7186;8995;96459
immune_biased,BP,GO:0043516,"regulation of DNA damage response, signal transduction by p53 class mediator",0.03514392954070408,0.18053214976675194,False,2,120,15,6000,0.016666666666666666,0.0025,6.666666666666666,972;149628,149628;972
immune_biased,BP,GO:0061515,myeloid cell development,0.03514392954070408,0.18053214976675194,False,2,120,15,6000,0.016666666666666666,0.0025,6.666666666666666,1051;3045,1051;3045
immune_biased,BP,GO:0042592,homeostatic process,0.03592377108884345,0.18420624347894365,False,13,120,375,6000,0.10833333333333334,0.0625,1.7333333333333334,2896;3045;3623;3630;5142;5175;5468;5692;6376;8741;23376;27347;169026,169026;23376;27347;2896;3045;3623;3630;5142;5175;5468;5692;6376;8741
immune_biased,BP,GO:0033554,cellular response to stress,0.036197959356322036,0.18527896252221565,False,15,120,454,6000,0.125,0.07566666666666666,1.6519823788546257,867;1051;1493;2794;4690;4792;5468;5595;5692;6421;7186;23376;27347;96459;165918,1051;1493;165918;23376;27347;2794;4690;4792;5468;5595;5692;6421;7186;867;96459
immune_biased,BP,GO:0036211,protein modification process,0.03659025210683366,0.18695127017308738,False,13,120,376,6000,0.10833333333333334,0.06266666666666666,1.7287234042553192,640;867;1326;5595;5987;7186;9021;10107;23376;27347;29110;79269;165918,10107;1326;165918;23376;27347;29110;5595;5987;640;7186;79269;867;9021
immune_biased,BP,GO:0006909,phagocytosis,0.0370159208026162,0.18845069680046211,False,3,120,37,6000,0.025,0.006166666666666667,4.054054054054054,306;5175;64005,306;5175;64005
immune_biased,BP,GO:0031123,RNA 3'-end processing,0.0370159208026162,0.18845069680046211,False,3,120,37,6000,0.025,0.006166666666666667,4.054054054054054,51010;118460;203522,118460;203522;51010
immune_biased,BP,GO:0006310,DNA recombination,0.0385554931655825,0.19593887881475172,False,4,120,64,6000,0.03333333333333333,0.010666666666666666,3.125,6421;51010;118460;165918,118460;165918;51010;6421
immune_biased,BP,GO:0051252,regulation of RNA metabolic process,0.03914690963137008,0.19859046149294682,False,28,120,1008,6000,0.23333333333333334,0.168,1.3888888888888888,463;1051;3630;4261;4345;4690;4775;4792;5292;5468;5595;5987;6376;6421;7098;7186;7551;7554;10743;25926;29110;60489;90987;96459;124411;149628;165918;344167,1051;10743;124411;149628;165918;25926;29110;344167;3630;4261;4345;463;4690;4775;4792;5292;5468;5595;5987;60489;6376;6421;7098;7186;7551;7554;90987;96459
immune_biased,BP,GO:0006898,receptor-mediated endocytosis,0.03961908674212129,0.19866035983871147,False,3,120,38,6000,0.025,0.006333333333333333,3.947368421052632,3676;5298;57007,3676;5298;57007
immune_biased,BP,GO:0042311,vasodilation,0.03964845483978493,0.19866035983871147,False,2,120,16,6000,0.016666666666666666,0.0026666666666666666,6.25,3630;5175,3630;5175
immune_biased,BP,GO:0046328,regulation of JNK cascade,0.03961908674212129,0.19866035983871147,False,3,120,38,6000,0.025,0.006333333333333333,3.947368421052632,7098;7186;9770,7098;7186;9770
immune_biased,BP,GO:0050709,negative regulation of protein secretion,0.03964845483978493,0.19866035983871147,False,2,120,16,6000,0.016666666666666666,0.0026666666666666666,6.25,3630;4345,3630;4345
immune_biased,BP,GO:0050830,defense response to Gram-positive bacterium,0.03961908674212129,0.19866035983871147,False,3,120,38,6000,0.025,0.006333333333333333,3.947368421052632,6038;84868;130120,130120;6038;84868
immune_biased,BP,GO:1901224,positive regulation of non-canonical NF-kappaB signal transduction,0.03964845483978493,0.19866035983871147,False,2,120,16,6000,0.016666666666666666,0.0026666666666666666,6.25,51561;84868,51561;84868
immune_biased,BP,GO:1904894,positive regulation of receptor signaling pathway via STAT,0.03964845483978493,0.19866035983871147,False,2,120,16,6000,0.016666666666666666,0.0026666666666666666,6.25,51561;85480,51561;85480
immune_biased,BP,GO:0016310,phosphorylation,0.041023876485959176,0.20519135414292913,False,5,120,95,6000,0.041666666666666664,0.015833333333333335,2.631578947368421,640;1326;5595;27347;29110,1326;27347;29110;5595;640
immune_biased,BP,GO:0007169,cell surface receptor protein tyrosine kinase signaling pathway,0.04123251215104687,0.20587371653701336,False,6,120,127,6000,0.05,0.021166666666666667,2.362204724409449,640;2674;3630;4690;5595;10603,10603;2674;3630;4690;5595;640
immune_biased,BP,GO:0007186,G protein-coupled receptor signaling pathway,0.04150717449693923,0.20688278757128276,False,13,120,383,6000,0.10833333333333334,0.06383333333333334,1.6971279373368144,566;728;3630;5468;5724;6376;8698;27347;57007;115727;146850;338398;390265,115727;146850;27347;338398;3630;390265;5468;566;57007;5724;6376;728;8698
immune_biased,BP,GO:0045582,positive regulation of T cell differentiation,0.04231294966481447,0.20979864259893227,False,3,120,39,6000,0.025,0.0065,3.8461538461538467,3559;51561;146850,146850;3559;51561
immune_biased,BP,GO:0048731,system development,0.042214123035826175,0.20979864259893227,False,23,120,797,6000,0.19166666666666668,0.13283333333333333,1.4429109159347555,566;728;867;1051;1967;2674;2896;3572;3623;3676;5175;5595;6376;10890;51010;51752;57007;64218;84868;118460;165918;344167;388552,1051;10890;118460;165918;1967;2674;2896;344167;3572;3623;3676;388552;51010;5175;51752;5595;566;57007;6376;64218;728;84868;867
immune_biased,BP,GO:1905952,regulation of lipid localization,0.04231294966481447,0.20979864259893227,False,3,120,39,6000,0.025,0.0065,3.8461538461538467,4792;5468;5595,4792;5468;5595
immune_biased,BP,GO:1904951,positive regulation of establishment of protein localization,0.04243929603426927,0.21005977950295432,False,4,120,66,6000,0.03333333333333333,0.011,3.0303030303030303,640;3630;5468;169026,169026;3630;5468;640
immune_biased,BP,GO:0031401,positive regulation of protein modification process,0.042611662215675916,0.21054739857346974,False,5,120,96,6000,0.041666666666666664,0.016,2.6041666666666665,7098;7186;8995;9770;146850,146850;7098;7186;8995;9770
immune_biased,BP,GO:0006355,regulation of DNA-templated transcription,0.04271120595082815,0.2106741317747596,False,26,120,928,6000,0.21666666666666667,0.15466666666666667,1.4008620689655171,463;1051;3630;4261;4345;4690;4775;4792;5292;5468;5595;5987;6376;6421;7098;7551;7554;10743;25926;29110;90987;96459;124411;149628;165918;344167,1051;10743;124411;149628;165918;25926;29110;344167;3630;4261;4345;463;4690;4775;4792;5292;5468;5595;5987;6376;6421;7098;7551;7554;90987;96459
immune_biased,BP,GO:0000122,negative regulation of transcription by RNA polymerase II,0.04417746587406364,0.21544494225313174,False,11,120,309,6000,0.09166666666666666,0.0515,1.779935275080906,463;1051;4261;4690;4775;4792;5468;5987;6421;96459;124411,1051;124411;4261;463;4690;4775;4792;5468;5987;6421;96459
immune_biased,BP,GO:0016567,protein ubiquitination,0.04422925735628259,0.21544494225313174,False,7,120,163,6000,0.058333333333333334,0.027166666666666665,2.147239263803681,867;5987;7186;9021;10107;79269;165918,10107;165918;5987;7186;79269;867;9021
immune_biased,BP,GO:0043370,"regulation of CD4-positive, alpha-beta T cell differentiation",0.04435853423451011,0.21544494225313174,False,2,120,17,6000,0.016666666666666666,0.0028333333333333335,5.88235294117647,8995;51561,51561;8995
immune_biased,BP,GO:0046635,positive regulation of alpha-beta T cell activation,0.04435853423451011,0.21544494225313174,False,2,120,17,6000,0.016666666666666666,0.0028333333333333335,5.88235294117647,10148;51561,10148;51561
immune_biased,BP,GO:0046660,female sex differentiation,0.04435853423451011,0.21544494225313174,False,2,120,17,6000,0.016666666666666666,0.0028333333333333335,5.88235294117647,1051;3623,1051;3623
immune_biased,BP,GO:0048525,negative regulation of viral process,0.04435853423451011,0.21544494225313174,False,2,120,17,6000,0.016666666666666666,0.0028333333333333335,5.88235294117647,5806;60489,5806;60489
immune_biased,BP,GO:0050871,positive regulation of B cell activation,0.04435853423451011,0.21544494225313174,False,2,120,17,6000,0.016666666666666666,0.0028333333333333335,5.88235294117647,972;8741,8741;972
immune_biased,BP,GO:0051865,protein autoubiquitination,0.04435853423451011,0.21544494225313174,False,2,120,17,6000,0.016666666666666666,0.0028333333333333335,5.88235294117647,867;7186,7186;867
immune_biased,BP,GO:0071902,positive regulation of protein serine/threonine kinase activity,0.04435853423451011,0.21544494225313174,False,2,120,17,6000,0.016666666666666666,0.0028333333333333335,5.88235294117647,7186;146850,146850;7186
immune_biased,BP,GO:0000165,MAPK cascade,0.04509669473701133,0.2186576134272437,False,3,120,40,6000,0.025,0.006666666666666667,3.75,1326;5595;7098,1326;5595;7098
immune_biased,BP,GO:0045621,positive regulation of lymphocyte differentiation,0.04796942918717851,0.23179803832651855,False,3,120,41,6000,0.025,0.006833333333333334,3.658536585365854,3559;51561;146850,146850;3559;51561
immune_biased,BP,GO:0045834,positive regulation of lipid metabolic process,0.04796942918717851,0.23179803832651855,False,3,120,41,6000,0.025,0.006833333333333334,3.658536585365854,972;3630;5468,3630;5468;972
immune_biased,BP,GO:1901698,response to nitrogen compound,0.048126338663149824,0.2321627606237566,False,9,120,238,6000,0.075,0.03966666666666667,1.8907563025210081,1967;3630;3676;5468;5595;7098;10603;10890;130120,10603;10890;130120;1967;3630;3676;5468;5595;7098
immune_biased,BP,GO:0001912,positive regulation of leukocyte mediated cytotoxicity,0.04926429290544311,0.23330979912527955,False,2,120,18,6000,0.016666666666666666,0.003,5.555555555555555,51561;114836,114836;51561
immune_biased,BP,GO:0002526,acute inflammatory response,0.04926429290544311,0.23330979912527955,False,2,120,18,6000,0.016666666666666666,0.003,5.555555555555555,1051;3630,1051;3630
immune_biased,BP,GO:0010611,regulation of cardiac muscle hypertrophy,0.04926429290544311,0.23330979912527955,False,2,120,18,6000,0.016666666666666666,0.003,5.555555555555555,3572;5468,3572;5468
immune_biased,BP,GO:0021675,nerve development,0.04926429290544311,0.23330979912527955,False,2,120,18,6000,0.016666666666666666,0.003,5.555555555555555,3676;57007,3676;57007
immune_biased,BP,GO:0031343,positive regulation of cell killing,0.04926429290544311,0.23330979912527955,False,2,120,18,6000,0.016666666666666666,0.003,5.555555555555555,51561;114836,114836;51561
immune_biased,BP,GO:0032757,positive regulation of interleukin-8 production,0.04926429290544311,0.23330979912527955,False,2,120,18,6000,0.016666666666666666,0.003,5.555555555555555,972;7098,7098;972
immune_biased,BP,GO:0045859,regulation of protein kinase activity,0.04866554656880931,0.23330979912527955,False,4,120,69,6000,0.03333333333333333,0.0115,2.898550724637681,7098;7186;9770;146850,146850;7098;7186;9770
immune_biased,BP,GO:0046626,regulation of insulin receptor signaling pathway,0.04926429290544311,0.23330979912527955,False,2,120,18,6000,0.016666666666666666,0.003,5.555555555555555,3630;4690,3630;4690
immune_biased,BP,GO:0050688,regulation of defense response to virus,0.04926429290544311,0.23330979912527955,False,2,120,18,6000,0.016666666666666666,0.003,5.555555555555555,51561;60489,51561;60489
immune_biased,BP,GO:1904262,negative regulation of TORC1 signaling,0.04926429290544311,0.23330979912527955,False,2,120,18,6000,0.016666666666666666,0.003,5.555555555555555,5595;29110,29110;5595
immune_biased,BP,GO:1990266,neutrophil migration,0.04926429290544311,0.23330979912527955,False,2,120,18,6000,0.016666666666666666,0.003,5.555555555555555,5142;5175,5142;5175
immune_biased,BP,GO:0002700,regulation of production of molecular mediator of immune response,0.05093018710548757,0.24000324535164475,False,3,120,42,6000,0.025,0.007,3.5714285714285716,972;7186;8741,7186;8741;972
immune_biased,BP,GO:0010565,regulation of ketone metabolic process,0.05093018710548757,0.24000324535164475,False,3,120,42,6000,0.025,0.007,3.5714285714285716,972;3630;5468,3630;5468;972
immune_biased,BP,GO:0034976,response to endoplasmic reticulum stress,0.050847550879676934,0.24000324535164475,False,4,120,70,6000,0.03333333333333333,0.011666666666666667,2.8571428571428568,1051;4690;7186;23376,1051;23376;4690;7186
immune_biased,BP,GO:0070647,protein modification by small protein conjugation or removal,0.05226402851939159,0.2458824180012961,False,8,120,205,6000,0.06666666666666667,0.034166666666666665,1.9512195121951221,867;5987;7186;9021;10107;23376;79269;165918,10107;165918;23376;5987;7186;79269;867;9021
immune_biased,BP,GO:0010976,positive regulation of neuron projection development,0.05397793405931184,0.25228047541491483,False,3,120,43,6000,0.025,0.007166666666666667,3.488372093023256,2896;3630;6376,2896;3630;6376
immune_biased,BP,GO:0035150,regulation of tube size,0.05397793405931184,0.25228047541491483,False,3,120,43,6000,0.025,0.007166666666666667,3.488372093023256,3630;3676;5175,3630;3676;5175
immune_biased,BP,GO:0035296,regulation of tube diameter,0.05397793405931184,0.25228047541491483,False,3,120,43,6000,0.025,0.007166666666666667,3.488372093023256,3630;3676;5175,3630;3676;5175
immune_biased,BP,GO:0097746,blood vessel diameter maintenance,0.05397793405931184,0.25228047541491483,False,3,120,43,6000,0.025,0.007166666666666667,3.488372093023256,3630;3676;5175,3630;3676;5175
immune_biased,BP,GO:0002220,innate immune response activating cell surface receptor signaling pathway,0.05435616301807822,0.25280492783775044,False,2,120,19,6000,0.016666666666666666,0.0031666666666666666,5.2631578947368425,4792;29110,29110;4792
immune_biased,BP,GO:0032922,circadian regulation of gene expression,0.05435616301807822,0.25280492783775044,False,2,120,19,6000,0.016666666666666666,0.0031666666666666666,5.2631578947368425,463;10743,10743;463
immune_biased,BP,GO:0140888,interferon-mediated signaling pathway,0.05435616301807822,0.25280492783775044,False,2,120,19,6000,0.016666666666666666,0.0031666666666666666,5.2631578947368425,4261;29110,29110;4261
immune_biased,BP,GO:0051130,positive regulation of cellular component organization,0.054959905243357886,0.25519656327168294,False,10,120,282,6000,0.08333333333333333,0.047,1.7730496453900708,566;867;2896;3630;4690;5595;6376;64218;96459;115362,115362;2896;3630;4690;5595;566;6376;64218;867;96459
immune_biased,BP,GO:0043170,macromolecule metabolic process,0.05535252313431608,0.25660169667631727,False,36,120,1403,6000,0.3,0.23383333333333334,1.2829650748396293,566;640;728;867;972;1051;1326;1521;1776;1967;3623;5468;5595;5692;5987;6421;7186;8575;8818;9021;9533;10107;23376;25926;27347;29110;51010;51752;56342;60489;79269;118460;134266;165918;169026;203522,10107;1051;118460;1326;134266;1521;165918;169026;1776;1967;203522;23376;25926;27347;29110;3623;51010;51752;5468;5595;56342;566;5692;5987;60489;640;6421;7186;728;79269;8575;867;8818;9021;9533;972
immune_biased,BP,GO:0034762,regulation of transmembrane transport,0.05664391354217823,0.2621620089427762,False,5,120,104,6000,0.041666666666666664,0.017333333333333333,2.4038461538461537,3630;5142;5292;6376;27347,27347;3630;5142;5292;6376
immune_biased,BP,GO:0006357,regulation of transcription by RNA polymerase II,0.05712104858683854,0.26308902992096395,False,21,120,736,6000,0.175,0.12266666666666666,1.4266304347826086,463;1051;4261;4345;4690;4775;4792;5468;5595;5987;6376;6421;7098;7551;7554;10743;29110;90987;96459;124411;344167,1051;10743;124411;29110;344167;4261;4345;463;4690;4775;4792;5468;5595;5987;6376;6421;7098;7551;7554;90987;96459
immune_biased,BP,GO:0009725,response to hormone,0.057118276086581286,0.26308902992096395,False,9,120,246,6000,0.075,0.041,1.8292682926829267,1967;3630;5292;5468;5595;10603;10890;27347;130120,10603;10890;130120;1967;27347;3630;5292;5468;5595
immune_biased,BP,GO:0019219,regulation of nucleobase-containing compound metabolic process,0.05703791323521444,0.26308902992096395,False,29,120,1088,6000,0.24166666666666667,0.18133333333333335,1.332720588235294,463;1051;3630;4261;4345;4690;4775;4792;5292;5468;5595;5987;6376;6421;7098;7186;7551;7554;8741;10743;25926;29110;60489;90987;96459;124411;149628;165918;344167,1051;10743;124411;149628;165918;25926;29110;344167;3630;4261;4345;463;4690;4775;4792;5292;5468;5595;5987;60489;6376;6421;7098;7186;7551;7554;8741;90987;96459
immune_biased,BP,GO:0022603,regulation of anatomical structure morphogenesis,0.057315743043479715,0.2635599732531624,False,8,120,209,6000,0.06666666666666667,0.034833333333333334,1.9138755980861244,306;728;2896;4775;5468;7098;64218;146850,146850;2896;306;4775;5468;64218;7098;728
immune_biased,BP,GO:0003013,circulatory system process,0.057583515317317785,0.2636788662234893,False,6,120,138,6000,0.05,0.023,2.173913043478261,566;3630;3676;5175;5468;51752,3630;3676;5175;51752;5468;566
immune_biased,BP,GO:0010467,gene expression,0.0575308584543209,0.2636788662234893,False,19,120,651,6000,0.15833333333333333,0.1085,1.4592933947772657,566;728;972;1051;1967;5468;6421;8575;8818;9533;23376;25926;51010;56342;118460;134266;165918;169026;203522,1051;118460;134266;165918;169026;1967;203522;23376;25926;51010;5468;56342;566;6421;728;8575;8818;9533;972
immune_biased,BP,GO:0043549,regulation of kinase activity,0.057711544203247034,0.2636788662234893,False,4,120,73,6000,0.03333333333333333,0.012166666666666666,2.7397260273972606,7098;7186;9770;146850,146850;7098;7186;9770
immune_biased,BP,GO:0051896,regulation of phosphatidylinositol 3-kinase/protein kinase B signal transduction,0.057711544203247034,0.2636788662234893,False,4,120,73,6000,0.03333333333333333,0.012166666666666666,2.7397260273972606,867;3630;5175;6376,3630;5175;6376;867
immune_biased,BP,GO:0006970,response to osmotic stress,0.05962487556091966,0.27025519908455,False,2,120,20,6000,0.016666666666666666,0.0033333333333333335,5.0,7098;27347,27347;7098
immune_biased,BP,GO:0014743,regulation of muscle hypertrophy,0.05962487556091966,0.27025519908455,False,2,120,20,6000,0.016666666666666666,0.0033333333333333335,5.0,3572;5468,3572;5468
immune_biased,BP,GO:0044088,regulation of vacuole organization,0.05962487556091966,0.27025519908455,False,2,120,20,6000,0.016666666666666666,0.0033333333333333335,5.0,2896;96459,2896;96459
immune_biased,BP,GO:0072676,lymphocyte migration,0.05962487556091966,0.27025519908455,False,2,120,20,6000,0.016666666666666666,0.0033333333333333335,5.0,64005;692094,64005;692094
immune_biased,BP,GO:2000514,"regulation of CD4-positive, alpha-beta T cell activation",0.05962487556091966,0.27025519908455,False,2,120,20,6000,0.016666666666666666,0.0033333333333333335,5.0,8995;51561,51561;8995
immune_biased,BP,GO:0043254,regulation of protein-containing complex assembly,0.060523002834778135,0.2738906048919881,False,5,120,106,6000,0.041666666666666664,0.017666666666666667,2.3584905660377355,4690;7186;8995;96459;115362,115362;4690;7186;8995;96459
immune_biased,BP,GO:0031334,positive regulation of protein-containing complex assembly,0.06363182894510311,0.2870480131684952,False,3,120,46,6000,0.025,0.007666666666666666,3.2608695652173916,4690;96459;115362,115362;4690;96459
immune_biased,BP,GO:0050796,regulation of insulin secretion,0.06363182894510311,0.2870480131684952,False,3,120,46,6000,0.025,0.007666666666666666,3.2608695652173916,640;3572;169026,169026;3572;640
immune_biased,BP,GO:0006446,regulation of translational initiation,0.06506145238298199,0.2902820042940245,False,2,120,21,6000,0.016666666666666666,0.0035,4.761904761904762,1967;4690,1967;4690
immune_biased,BP,GO:0015833,peptide transport,0.06506145238298199,0.2902820042940245,False,2,120,21,6000,0.016666666666666666,0.0035,4.761904761904762,30835;169026,169026;30835
immune_biased,BP,GO:0022008,neurogenesis,0.0649697474107446,0.2902820042940245,False,11,120,330,6000,0.09166666666666666,0.055,1.6666666666666665,566;728;1967;2674;2896;3676;5595;6376;10890;64218;388552,10890;1967;2674;2896;3676;388552;5595;566;6376;64218;728
immune_biased,BP,GO:0032648,regulation of interferon-beta production,0.06506145238298199,0.2902820042940245,False,2,120,21,6000,0.016666666666666666,0.0035,4.761904761904762,7098;29110,29110;7098
immune_biased,BP,GO:0043405,regulation of MAP kinase activity,0.06506145238298199,0.2902820042940245,False,2,120,21,6000,0.016666666666666666,0.0035,4.761904761904762,7186;146850,146850;7186
immune_biased,BP,GO:0046637,regulation of alpha-beta T cell differentiation,0.06506145238298199,0.2902820042940245,False,2,120,21,6000,0.016666666666666666,0.0035,4.761904761904762,8995;51561,51561;8995
immune_biased,BP,GO:0090257,regulation of muscle system process,0.06504826572278587,0.2902820042940245,False,4,120,76,6000,0.03333333333333333,0.012666666666666666,2.6315789473684212,3572;3630;5142;5468,3572;3630;5142;5468
immune_biased,BP,GO:0043687,post-translational protein modification,0.0668858284320747,0.2979554638435078,False,8,120,216,6000,0.06666666666666667,0.036,1.8518518518518519,867;5987;7186;9021;10107;23376;79269;165918,10107;165918;23376;5987;7186;79269;867;9021
immune_biased,BP,GO:0051253,negative regulation of RNA metabolic process,0.06895369108576505,0.3066879458432389,False,14,120,455,6000,0.11666666666666667,0.07583333333333334,1.5384615384615383,463;1051;4261;4690;4775;4792;5468;5987;6421;7186;60489;96459;124411;165918,1051;124411;165918;4261;463;4690;4775;4792;5468;5987;60489;6421;7186;96459
immune_biased,BP,GO:0002711,positive regulation of T cell mediated immunity,0.0706571984261017,0.3103908670459414,False,2,120,22,6000,0.016666666666666666,0.0036666666666666666,4.545454545454546,7186;51561,51561;7186
immune_biased,BP,GO:0002720,positive regulation of cytokine production involved in immune response,0.0706571984261017,0.3103908670459414,False,2,120,22,6000,0.016666666666666666,0.0036666666666666666,4.545454545454546,972;7186,7186;972
immune_biased,BP,GO:0007040,lysosome organization,0.0706571984261017,0.3103908670459414,False,2,120,22,6000,0.016666666666666666,0.0036666666666666666,4.545454545454546,2896;5298,2896;5298
immune_biased,BP,GO:0046425,regulation of receptor signaling pathway via JAK-STAT,0.0706571984261017,0.3103908670459414,False,2,120,22,6000,0.016666666666666666,0.0036666666666666666,4.545454545454546,9021;51561,51561;9021
immune_biased,BP,GO:0050795,regulation of behavior,0.0706571984261017,0.3103908670459414,False,2,120,22,6000,0.016666666666666666,0.0036666666666666666,4.545454545454546,463;3630,3630;463
immune_biased,BP,GO:0062013,positive regulation of small molecule metabolic process,0.0704810474139693,0.3103908670459414,False,3,120,48,6000,0.025,0.008,3.125,972;3630;5468,3630;5468;972
immune_biased,BP,GO:0080171,lytic vacuole organization,0.0706571984261017,0.3103908670459414,False,2,120,22,6000,0.016666666666666666,0.0036666666666666666,4.545454545454546,2896;5298,2896;5298
immune_biased,BP,GO:2000106,regulation of leukocyte apoptotic process,0.0706571984261017,0.3103908670459414,False,2,120,22,6000,0.016666666666666666,0.0036666666666666666,4.545454545454546,972;96459,96459;972
immune_biased,BP,GO:1902679,negative regulation of RNA biosynthetic process,0.07320415886506222,0.32108470296044983,False,13,120,418,6000,0.10833333333333334,0.06966666666666667,1.555023923444976,463;1051;4261;4690;4775;4792;5468;5987;6421;60489;96459;124411;165918,1051;124411;165918;4261;463;4690;4775;4792;5468;5987;60489;6421;96459
immune_biased,BP,GO:0070848,response to growth factor,0.07350304428508635,0.32190042896586973,False,6,120,147,6000,0.05,0.0245,2.0408163265306123,463;867;2674;5468;5595;5909,2674;463;5468;5595;5909;867
immune_biased,BP,GO:1903828,negative regulation of protein localization,0.07402570601942927,0.3236921592966148,False,3,120,49,6000,0.025,0.008166666666666666,3.0612244897959187,3630;4345;4792,3630;4345;4792
immune_biased,BP,GO:0006259,DNA metabolic process,0.07487968692465176,0.32692494245357145,False,7,120,184,6000,0.058333333333333334,0.030666666666666665,1.9021739130434785,1776;5692;6421;51010;60489;118460;165918,118460;165918;1776;51010;5692;60489;6421
immune_biased,BP,GO:0001932,regulation of protein phosphorylation,0.07526436141494865,0.32797491021681746,False,5,120,113,6000,0.041666666666666664,0.018833333333333334,2.2123893805309733,7098;7186;8995;9770;146850,146850;7098;7186;8995;9770
immune_biased,BP,GO:0009628,response to abiotic stimulus,0.0753502512073011,0.32797491021681746,False,9,120,260,6000,0.075,0.043333333333333335,1.7307692307692306,867;1967;4792;5175;5468;5595;7098;27347;165918,165918;1967;27347;4792;5175;5468;5595;7098;867
immune_biased,BP,GO:0002064,epithelial cell development,0.07640369414754856,0.3285474087702277,False,2,120,23,6000,0.016666666666666666,0.003833333333333333,4.3478260869565215,3572;5175,3572;5175
immune_biased,BP,GO:0032731,positive regulation of interleukin-1 beta production,0.07640369414754856,0.3285474087702277,False,2,120,23,6000,0.016666666666666666,0.003833333333333333,4.3478260869565215,566;115362,115362;566
immune_biased,BP,GO:0044409,symbiont entry into host,0.07640369414754856,0.3285474087702277,False,2,120,23,6000,0.016666666666666666,0.003833333333333333,4.3478260869565215,867;30835,30835;867
immune_biased,BP,GO:0046718,symbiont entry into host cell,0.07640369414754856,0.3285474087702277,False,2,120,23,6000,0.016666666666666666,0.003833333333333333,4.3478260869565215,867;30835,30835;867
immune_biased,BP,GO:0071357,cellular response to type I interferon,0.07640369414754856,0.3285474087702277,False,2,120,23,6000,0.016666666666666666,0.003833333333333333,4.3478260869565215,5692;29110,29110;5692
immune_biased,BP,GO:0071806,protein transmembrane transport,0.07640369414754856,0.3285474087702277,False,2,120,23,6000,0.016666666666666666,0.003833333333333333,4.3478260869565215,134266;388552,134266;388552
immune_biased,BP,GO:1900182,positive regulation of protein localization to nucleus,0.07640369414754856,0.3285474087702277,False,2,120,23,6000,0.016666666666666666,0.003833333333333333,4.3478260869565215,3630;149628,149628;3630
immune_biased,BP,GO:1903036,positive regulation of response to wounding,0.07640369414754856,0.3285474087702277,False,2,120,23,6000,0.016666666666666666,0.003833333333333333,4.3478260869565215,2896;130120,130120;2896
immune_biased,BP,GO:0006915,apoptotic process,0.07735278673537373,0.3316282631316549,False,6,120,149,6000,0.05,0.024833333333333332,2.0134228187919465,1051;1776;3559;5133;5692;7186,1051;1776;3559;5133;5692;7186
immune_biased,BP,GO:0010817,regulation of hormone levels,0.07735278673537373,0.3316282631316549,False,6,120,149,6000,0.05,0.024833333333333332,2.0134228187919465,640;3572;3623;3630;5468;169026,169026;3572;3623;3630;5468;640
immune_biased,BP,GO:0042593,glucose homeostasis,0.0776485456527054,0.33239640188568037,False,3,120,50,6000,0.025,0.008333333333333333,3.0,3630;5468;169026,169026;3630;5468
immune_biased,BP,GO:0003018,vascular process in circulatory system,0.07830573429442148,0.3347071191505182,False,4,120,81,6000,0.03333333333333333,0.0135,2.4691358024691357,566;3630;3676;5175,3630;3676;5175;566
immune_biased,BP,GO:0019538,protein metabolic process,0.08091427199426002,0.34533920577190913,False,23,120,855,6000,0.19166666666666668,0.1425,1.3450292397660821,566;640;867;972;1326;1521;1967;3623;5595;5692;5987;7186;8818;9021;10107;23376;27347;29110;51752;79269;134266;165918;169026,10107;1326;134266;1521;165918;169026;1967;23376;27347;29110;3623;51752;5595;566;5692;5987;640;7186;79269;867;8818;9021;972
immune_biased,BP,GO:0010803,regulation of tumor necrosis factor-mediated signaling pathway,0.08229278812852872,0.3506976665985581,False,2,120,24,6000,0.016666666666666666,0.004,4.166666666666667,5987;7186,5987;7186
immune_biased,BP,GO:0042254,ribosome biogenesis,0.08396048775260691,0.3572706725114661,False,4,120,83,6000,0.03333333333333333,0.013833333333333333,2.4096385542168677,6838;25926;51010;56342,25926;51010;56342;6838
immune_biased,BP,GO:0009612,response to mechanical stimulus,0.08512298683972347,0.3616775491505985,False,3,120,52,6000,0.025,0.008666666666666666,2.884615384615385,5175;5595;7098,5175;5595;7098
immune_biased,BP,GO:0031667,response to nutrient levels,0.08539058404997402,0.3622746356048749,False,6,120,153,6000,0.05,0.0255,1.9607843137254903,867;5292;5468;5595;27347;96459,27347;5292;5468;5595;867;96459
immune_biased,BP,GO:0010720,positive regulation of cell development,0.08688881881785622,0.36753712529630284,False,5,120,118,6000,0.041666666666666664,0.019666666666666666,2.1186440677966103,972;3559;6376;51561;146850,146850;3559;51561;6376;972
immune_biased,BP,GO:0044089,positive regulation of cellular component biogenesis,0.08688881881785622,0.36753712529630284,False,5,120,118,6000,0.041666666666666664,0.019666666666666666,2.1186440677966103,4690;6376;64218;96459;115362,115362;4690;6376;64218;96459
immune_biased,BP,GO:0042273,ribosomal large subunit biogenesis,0.08831658986426864,0.369736560503715,False,2,120,25,6000,0.016666666666666666,0.004166666666666667,4.0,6838;56342,56342;6838
immune_biased,BP,GO:0045638,negative regulation of myeloid cell differentiation,0.08831658986426864,0.369736560503715,False,2,120,25,6000,0.016666666666666666,0.004166666666666667,4.0,3623;7098,3623;7098
immune_biased,BP,GO:0045639,positive regulation of myeloid cell differentiation,0.08831658986426864,0.369736560503715,False,2,120,25,6000,0.016666666666666666,0.004166666666666667,4.0,972;51561,51561;972
immune_biased,BP,GO:0046777,protein autophosphorylation,0.08831658986426864,0.369736560503715,False,2,120,25,6000,0.016666666666666666,0.004166666666666667,4.0,5595;27347,27347;5595
immune_biased,BP,GO:0071621,granulocyte chemotaxis,0.08831658986426864,0.369736560503715,False,2,120,25,6000,0.016666666666666666,0.004166666666666667,4.0,5142;6376,5142;6376
immune_biased,BP,GO:1903900,regulation of viral life cycle,0.08831658986426864,0.369736560503715,False,2,120,25,6000,0.016666666666666666,0.004166666666666667,4.0,30835;60489,30835;60489
immune_biased,BP,GO:1905897,regulation of response to endoplasmic reticulum stress,0.08831658986426864,0.369736560503715,False,2,120,25,6000,0.016666666666666666,0.004166666666666667,4.0,4690;23376,23376;4690
immune_biased,BP,GO:0006887,exocytosis,0.08897161498177233,0.3713881029473396,False,3,120,53,6000,0.025,0.008833333333333334,2.8301886792452833,306;867;10890,10890;306;867
immune_biased,BP,GO:0033500,carbohydrate homeostasis,0.08897161498177233,0.3713881029473396,False,3,120,53,6000,0.025,0.008833333333333334,2.8301886792452833,3630;5468;169026,169026;3630;5468
immune_biased,BP,GO:0051338,regulation of transferase activity,0.08981099072012644,0.374343763951872,False,4,120,85,6000,0.03333333333333333,0.014166666666666666,2.3529411764705883,7098;7186;9770;146850,146850;7098;7186;9770
immune_biased,BP,GO:0007178,cell surface receptor protein serine/threonine kinase signaling pathway,0.09289248333725121,0.3860589941610834,False,3,120,54,6000,0.025,0.009,2.777777777777778,3623;5468;5595,3623;5468;5595
immune_biased,BP,GO:0043523,regulation of neuron apoptotic process,0.09289248333725121,0.3860589941610834,False,3,120,54,6000,0.025,0.009,2.777777777777778,2896;3572;6376,2896;3572;6376
immune_biased,BP,GO:0008088,axo-dendritic transport,0.09446746273146321,0.3908951179207571,False,2,120,26,6000,0.016666666666666666,0.004333333333333333,3.8461538461538463,6421;388552,388552;6421
immune_biased,BP,GO:0032481,positive regulation of type I interferon production,0.09446746273146321,0.3908951179207571,False,2,120,26,6000,0.016666666666666666,0.004333333333333333,3.8461538461538463,7098;29110,29110;7098
immune_biased,BP,GO:0034340,response to type I interferon,0.09446746273146321,0.3908951179207571,False,2,120,26,6000,0.016666666666666666,0.004333333333333333,3.8461538461538463,5692;29110,29110;5692
immune_biased,BP,GO:0007275,multicellular organism development,0.09490246055268627,0.3921259638198674,False,23,120,871,6000,0.19166666666666668,0.14516666666666667,1.320321469575201,566;728;867;1051;1967;2674;2896;3572;3623;3676;5175;5595;6376;10890;51010;51752;57007;64218;84868;118460;165918;344167;388552,1051;10890;118460;165918;1967;2674;2896;344167;3572;3623;3676;388552;51010;5175;51752;5595;566;57007;6376;64218;728;84868;867
immune_biased,BP,GO:0010638,positive regulation of organelle organization,0.09682992536385979,0.3995110234621769,False,5,120,122,6000,0.041666666666666664,0.02033333333333333,2.0491803278688523,2896;3630;4690;5595;6376,2896;3630;4690;5595;6376
immune_biased,BP,GO:0160108,animal gross anatomical part developmental process,0.09747960844039186,0.40161035211496704,False,26,120,1009,6000,0.21666666666666667,0.16816666666666666,1.2884043607532212,566;728;867;1051;1967;2674;2896;3572;3623;3676;5175;5266;5298;5468;5595;6376;10890;51010;51752;57007;64218;84868;118460;165918;344167;388552,1051;10890;118460;165918;1967;2674;2896;344167;3572;3623;3676;388552;51010;5175;51752;5266;5298;5468;5595;566;57007;6376;64218;728;84868;867
immune_biased,BP,GO:0001960,negative regulation of cytokine-mediated signaling pathway,0.10073801712896961,0.4114671731156051,False,2,120,27,6000,0.016666666666666666,0.0045,3.7037037037037037,3572;5468,3572;5468
immune_biased,BP,GO:0030509,BMP signaling pathway,0.10073801712896961,0.4114671731156051,False,2,120,27,6000,0.016666666666666666,0.0045,3.7037037037037037,5468;5595,5468;5595
immune_biased,BP,GO:0032024,positive regulation of insulin secretion,0.10073801712896961,0.4114671731156051,False,2,120,27,6000,0.016666666666666666,0.0045,3.7037037037037037,640;169026,169026;640
immune_biased,BP,GO:0043124,negative regulation of canonical NF-kappaB signal transduction,0.10073801712896961,0.4114671731156051,False,2,120,27,6000,0.016666666666666666,0.0045,3.7037037037037037,4345;4792,4345;4792
immune_biased,BP,GO:0043502,regulation of muscle adaptation,0.10073801712896961,0.4114671731156051,False,2,120,27,6000,0.016666666666666666,0.0045,3.7037037037037037,3572;5468,3572;5468
immune_biased,BP,GO:0046330,positive regulation of JNK cascade,0.10073801712896961,0.4114671731156051,False,2,120,27,6000,0.016666666666666666,0.0045,3.7037037037037037,7098;9770,7098;9770
immune_biased,BP,GO:0032940,secretion by cell,0.10208304373008016,0.4151765444714102,False,4,120,89,6000,0.03333333333333333,0.014833333333333334,2.2471910112359548,306;867;10890;169026,10890;169026;306;867
immune_biased,BP,GO:0071214,cellular response to abiotic stimulus,0.10208304373008016,0.4151765444714102,False,4,120,89,6000,0.03333333333333333,0.014833333333333334,2.2471910112359548,5175;5595;7098;27347,27347;5175;5595;7098
immune_biased,BP,GO:0104004,cellular response to environmental stimulus,0.10208304373008016,0.4151765444714102,False,4,120,89,6000,0.03333333333333333,0.014833333333333334,2.2471910112359548,5175;5595;7098;27347,27347;5175;5595;7098
immune_biased,BP,GO:0006364,rRNA processing,0.10507285570559399,0.4267275094254252,False,3,120,57,6000,0.025,0.0095,2.6315789473684212,25926;51010;56342,25926;51010;56342
immune_biased,BP,GO:0009059,macromolecule biosynthetic process,0.10647896136183416,0.4318229286523317,False,20,120,749,6000,0.16666666666666666,0.12483333333333334,1.3351134846461947,566;728;972;1051;1967;3623;5468;6421;8575;8818;9533;23376;25926;51010;56342;118460;134266;165918;169026;203522,1051;118460;134266;165918;169026;1967;203522;23376;25926;3623;51010;5468;56342;566;6421;728;8575;8818;9533;972
immune_biased,BP,GO:0010212,response to ionizing radiation,0.10712110378771475,0.43196926011142117,False,2,120,28,6000,0.016666666666666666,0.004666666666666667,3.571428571428571,867;165918,165918;867
immune_biased,BP,GO:0016239,positive regulation of macroautophagy,0.10712110378771475,0.43196926011142117,False,2,120,28,6000,0.016666666666666666,0.004666666666666667,3.571428571428571,23376;29110,23376;29110
immune_biased,BP,GO:0045934,negative regulation of nucleobase-containing compound metabolic process,0.10711047267314644,0.43196926011142117,False,14,120,488,6000,0.11666666666666667,0.08133333333333333,1.4344262295081969,463;1051;4261;4690;4775;4792;5468;5987;6421;7186;60489;96459;124411;165918,1051;124411;165918;4261;463;4690;4775;4792;5468;5987;60489;6421;7186;96459
immune_biased,BP,GO:0060761,negative regulation of response to cytokine stimulus,0.10712110378771475,0.43196926011142117,False,2,120,28,6000,0.016666666666666666,0.004666666666666667,3.571428571428571,3572;5468,3572;5468
immune_biased,BP,GO:0006796,phosphate-containing compound metabolic process,0.11003467458503355,0.4424666533736681,False,5,120,127,6000,0.041666666666666664,0.021166666666666667,1.9685039370078738,640;1326;5595;27347;29110,1326;27347;29110;5595;640
immune_biased,BP,GO:0090066,regulation of anatomical structure size,0.11003467458503355,0.4424666533736681,False,5,120,127,6000,0.041666666666666664,0.021166666666666667,1.9685039370078738,3630;3676;4690;5175;27347,27347;3630;3676;4690;5175
immune_biased,BP,GO:0002718,regulation of cytokine production involved in immune response,0.11360980724587899,0.44614540007989123,False,2,120,29,6000,0.016666666666666666,0.004833333333333334,3.4482758620689653,972;7186,7186;972
immune_biased,BP,GO:0008037,cell recognition,0.11360980724587899,0.44614540007989123,False,2,120,29,6000,0.016666666666666666,0.004833333333333334,3.4482758620689653,5175;30835,30835;5175
immune_biased,BP,GO:0010595,positive regulation of endothelial cell migration,0.11360980724587899,0.44614540007989123,False,2,120,29,6000,0.016666666666666666,0.004833333333333334,3.4482758620689653,306;2896,2896;306
immune_biased,BP,GO:0016525,negative regulation of angiogenesis,0.11360980724587899,0.44614540007989123,False,2,120,29,6000,0.016666666666666666,0.004833333333333334,3.4482758620689653,5468;64218,5468;64218
immune_biased,BP,GO:0021700,developmental maturation,0.11352521407325496,0.44614540007989123,False,3,120,59,6000,0.025,0.009833333333333333,2.5423728813559325,5468;6376;388552,388552;5468;6376
immune_biased,BP,GO:0022613,ribonucleoprotein complex biogenesis,0.11277674523835317,0.44614540007989123,False,5,120,128,6000,0.041666666666666664,0.021333333333333333,1.953125,6838;8575;25926;51010;56342,25926;51010;56342;6838;8575
immune_biased,BP,GO:0031640,killing of cells of another organism,0.11360980724587899,0.44614540007989123,False,2,120,29,6000,0.016666666666666666,0.004833333333333334,3.4482758620689653,566;115362,115362;566
immune_biased,BP,GO:0032774,RNA biosynthetic process,0.11214560702816818,0.44614540007989123,False,11,120,365,6000,0.09166666666666666,0.060833333333333336,1.506849315068493,728;1051;5468;6421;8575;9533;25926;51010;56342;118460;203522,1051;118460;203522;25926;51010;5468;56342;6421;728;8575;9533
immune_biased,BP,GO:0051701,biological process involved in interaction with host,0.11360980724587899,0.44614540007989123,False,2,120,29,6000,0.016666666666666666,0.004833333333333334,3.4482758620689653,867;30835,30835;867
immune_biased,BP,GO:0071772,response to BMP,0.11360980724587899,0.44614540007989123,False,2,120,29,6000,0.016666666666666666,0.004833333333333334,3.4482758620689653,5468;5595,5468;5595
immune_biased,BP,GO:0071773,cellular response to BMP stimulus,0.11360980724587899,0.44614540007989123,False,2,120,29,6000,0.016666666666666666,0.004833333333333334,3.4482758620689653,5468;5595,5468;5595
immune_biased,BP,GO:0141060,disruption of anatomical structure in another organism,0.11360980724587899,0.44614540007989123,False,2,120,29,6000,0.016666666666666666,0.004833333333333334,3.4482758620689653,566;115362,115362;566
immune_biased,BP,GO:0141061,disruption of cell in another organism,0.11360980724587899,0.44614540007989123,False,2,120,29,6000,0.016666666666666666,0.004833333333333334,3.4482758620689653,566;115362,115362;566
immune_biased,BP,GO:1901343,negative regulation of vasculature development,0.11360980724587899,0.44614540007989123,False,2,120,29,6000,0.016666666666666666,0.004833333333333334,3.4482758620689653,5468;64218,5468;64218
immune_biased,BP,GO:1901699,cellular response to nitrogen compound,0.1121597454512007,0.44614540007989123,False,6,120,165,6000,0.05,0.0275,1.8181818181818183,3630;3676;5468;5595;10603;10890,10603;10890;3630;3676;5468;5595
immune_biased,BP,GO:1902893,regulation of miRNA transcription,0.11360980724587899,0.44614540007989123,False,2,120,29,6000,0.016666666666666666,0.004833333333333334,3.4482758620689653,4775;5468,4775;5468
immune_biased,BP,GO:2000181,negative regulation of blood vessel morphogenesis,0.11360980724587899,0.44614540007989123,False,2,120,29,6000,0.016666666666666666,0.004833333333333334,3.4482758620689653,5468;64218,5468;64218
immune_biased,BP,GO:0007155,cell adhesion,0.11997700515601092,0.46942863010023517,False,7,120,207,6000,0.058333333333333334,0.0345,1.6908212560386473,3676;4345;5175;6376;6404;10890;30835,10890;30835;3676;4345;5175;6376;6404
immune_biased,BP,GO:0007267,cell-cell signaling,0.11997700515601092,0.46942863010023517,False,7,120,207,6000,0.058333333333333334,0.0345,1.6908212560386473,3572;3623;3630;6376;8995;84694;169026,169026;3572;3623;3630;6376;84694;8995
immune_biased,BP,GO:0050680,negative regulation of epithelial cell proliferation,0.12019743948550393,0.46942863010023517,False,2,120,30,6000,0.016666666666666666,0.005,3.333333333333333,5468;5909,5468;5909
immune_biased,BP,GO:0051650,establishment of vesicle localization,0.12019743948550393,0.46942863010023517,False,2,120,30,6000,0.016666666666666666,0.005,3.333333333333333,3676;388552,3676;388552
immune_biased,BP,GO:0045892,negative regulation of DNA-templated transcription,0.12157520990567974,0.4735121904932964,False,12,120,413,6000,0.1,0.06883333333333333,1.4527845036319613,463;1051;4261;4690;4775;4792;5468;5987;6421;96459;124411;165918,1051;124411;165918;4261;463;4690;4775;4792;5468;5987;6421;96459
immune_biased,BP,GO:0071495,cellular response to endogenous stimulus,0.12155979448622979,0.4735121904932964,False,9,120,288,6000,0.075,0.048,1.5625,867;2674;3630;5292;5468;5595;5909;10603;10890,10603;10890;2674;3630;5292;5468;5595;5909;867
immune_biased,BP,GO:0051345,positive regulation of hydrolase activity,0.1268775337267594,0.4934895616029891,False,2,120,31,6000,0.016666666666666666,0.005166666666666667,3.225806451612903,2896;5909,2896;5909
immune_biased,BP,GO:0030336,negative regulation of cell migration,0.12878196756937316,0.5002144271665979,False,4,120,97,6000,0.03333333333333333,0.016166666666666666,2.061855670103093,972;4345;5468;6376,4345;5468;6376;972
immune_biased,BP,GO:0016070,RNA metabolic process,0.13117537349352948,0.5088176732381667,False,12,120,419,6000,0.1,0.06983333333333333,1.4319809069212412,728;1051;5468;6421;8575;9533;25926;51010;56342;60489;118460;203522,1051;118460;203522;25926;51010;5468;56342;60489;6421;728;8575;9533
immune_biased,BP,GO:0044403,biological process involved in symbiotic interaction,0.13364383837618787,0.5155867161170657,False,2,120,32,6000,0.016666666666666666,0.005333333333333333,3.125,867;30835,30835;867
immune_biased,BP,GO:0048469,cell maturation,0.13364383837618787,0.5155867161170657,False,2,120,32,6000,0.016666666666666666,0.005333333333333333,3.125,5468;6376,5468;6376
immune_biased,BP,GO:0062208,positive regulation of pattern recognition receptor signaling pathway,0.13364383837618787,0.5155867161170657,False,2,120,32,6000,0.016666666666666666,0.005333333333333333,3.125,10107;115362,10107;115362
immune_biased,BP,GO:2000628,regulation of miRNA metabolic process,0.13364383837618787,0.5155867161170657,False,2,120,32,6000,0.016666666666666666,0.005333333333333333,3.125,4775;5468,4775;5468
immune_biased,BP,GO:0032870,cellular response to hormone stimulus,0.140038241463346,0.5390819340757894,False,6,120,176,6000,0.05,0.029333333333333333,1.7045454545454546,3630;5292;5468;5595;10603;10890,10603;10890;3630;5292;5468;5595
immune_biased,BP,GO:0042326,negative regulation of phosphorylation,0.1404903111253285,0.5390819340757894,False,2,120,33,6000,0.016666666666666666,0.0055,3.0303030303030303,3623;9770,3623;9770
immune_biased,BP,GO:0045936,negative regulation of phosphate metabolic process,0.1404903111253285,0.5390819340757894,False,2,120,33,6000,0.016666666666666666,0.0055,3.0303030303030303,3623;9770,3623;9770
immune_biased,BP,GO:1901796,regulation of signal transduction by p53 class mediator,0.1404903111253285,0.5390819340757894,False,2,120,33,6000,0.016666666666666666,0.0055,3.0303030303030303,972;149628,149628;972
immune_biased,BP,GO:0071363,cellular response to growth factor stimulus,0.14195876494183113,0.5439844608187642,False,5,120,138,6000,0.041666666666666664,0.023,1.8115942028985506,867;2674;5468;5595;5909,2674;5468;5595;5909;867
immune_biased,BP,GO:0031399,regulation of protein modification process,0.14272214421980287,0.5461756149941718,False,6,120,177,6000,0.05,0.0295,1.6949152542372883,7098;7186;8995;9770;23376;146850,146850;23376;7098;7186;8995;9770
immune_biased,BP,GO:2000146,negative regulation of cell motility,0.14312629789560818,0.5469880365956822,False,4,120,101,6000,0.03333333333333333,0.016833333333333332,1.9801980198019804,972;4345;5468;6376,4345;5468;6376;972
immune_biased,BP,GO:0009266,response to temperature stimulus,0.14741111319620218,0.5596126281256623,False,2,120,34,6000,0.016666666666666666,0.005666666666666667,2.941176470588235,1967;4792,1967;4792
immune_biased,BP,GO:0034767,positive regulation of monoatomic ion transmembrane transport,0.14741111319620218,0.5596126281256623,False,2,120,34,6000,0.016666666666666666,0.005666666666666667,2.941176470588235,6376;27347,27347;6376
immune_biased,BP,GO:0042274,ribosomal small subunit biogenesis,0.14741111319620218,0.5596126281256623,False,2,120,34,6000,0.016666666666666666,0.005666666666666667,2.941176470588235,6838;25926,25926;6838
immune_biased,BP,GO:0046889,positive regulation of lipid biosynthetic process,0.14741111319620218,0.5596126281256623,False,2,120,34,6000,0.016666666666666666,0.005666666666666667,2.941176470588235,972;3630,3630;972
immune_biased,BP,GO:1904064,positive regulation of cation transmembrane transport,0.14741111319620218,0.5596126281256623,False,2,120,34,6000,0.016666666666666666,0.005666666666666667,2.941176470588235,6376;27347,27347;6376
immune_biased,BP,GO:0141187,nucleic acid biosynthetic process,0.14807868517328696,0.5613993769003206,False,11,120,386,6000,0.09166666666666666,0.06433333333333334,1.4248704663212433,728;1051;5468;6421;8575;9533;25926;51010;56342;118460;203522,1051;118460;203522;25926;51010;5468;56342;6421;728;8575;9533
immune_biased,BP,GO:0034655,nucleobase-containing compound catabolic process,0.15052758506017888,0.5691699535896154,False,4,120,103,6000,0.03333333333333333,0.017166666666666667,1.941747572815534,1776;5142;51010;118460,118460;1776;51010;5142
immune_biased,BP,GO:0040013,negative regulation of locomotion,0.15052758506017888,0.5691699535896154,False,4,120,103,6000,0.03333333333333333,0.017166666666666667,1.941747572815534,972;4345;5468;6376,4345;5468;6376;972
immune_biased,BP,GO:0050808,synapse organization,0.15428293192089904,0.5822700016334006,False,4,120,104,6000,0.03333333333333333,0.017333333333333333,1.9230769230769231,713;728;2896;6376,2896;6376;713;728
immune_biased,BP,GO:0071456,cellular response to hypoxia,0.15440060373021774,0.5822700016334006,False,2,120,35,6000,0.016666666666666666,0.005833333333333334,2.8571428571428568,867;5468,5468;867
immune_biased,BP,GO:0034330,cell junction organization,0.15767851883661457,0.593846046503551,False,5,120,143,6000,0.041666666666666664,0.023833333333333335,1.7482517482517481,713;728;2896;5175;6376,2896;5175;6376;713;728
immune_biased,BP,GO:0000956,nuclear-transcribed mRNA catabolic process,0.16145333431713965,0.600918350049824,False,2,120,36,6000,0.016666666666666666,0.006,2.7777777777777777,51010;118460,118460;51010
immune_biased,BP,GO:0001936,regulation of endothelial cell proliferation,0.16145333431713965,0.600918350049824,False,2,120,36,6000,0.016666666666666666,0.006,2.7777777777777777,3676;5468,3676;5468
immune_biased,BP,GO:0009749,response to glucose,0.16145333431713965,0.600918350049824,False,2,120,36,6000,0.016666666666666666,0.006,2.7777777777777777,1967;169026,169026;1967
immune_biased,BP,GO:0009913,epidermal cell differentiation,0.16145333431713965,0.600918350049824,False,2,120,36,6000,0.016666666666666666,0.006,2.7777777777777777,5266;344167,344167;5266
immune_biased,BP,GO:0019058,viral life cycle,0.16145333431713965,0.600918350049824,False,2,120,36,6000,0.016666666666666666,0.006,2.7777777777777777,867;30835,30835;867
immune_biased,BP,GO:0048660,regulation of smooth muscle cell proliferation,0.16145333431713965,0.600918350049824,False,2,120,36,6000,0.016666666666666666,0.006,2.7777777777777777,5468;6376,5468;6376
immune_biased,BP,GO:0051648,vesicle localization,0.16145333431713965,0.600918350049824,False,2,120,36,6000,0.016666666666666666,0.006,2.7777777777777777,3676;388552,3676;388552
immune_biased,BP,GO:0141193,nuclear receptor-mediated signaling pathway,0.16145333431713965,0.600918350049824,False,2,120,36,6000,0.016666666666666666,0.006,2.7777777777777777,5292;5468,5292;5468
immune_biased,BP,GO:2000045,regulation of G1/S transition of mitotic cell cycle,0.16145333431713965,0.600918350049824,False,2,120,36,6000,0.016666666666666666,0.006,2.7777777777777777,5292;5692,5292;5692
immune_biased,BP,GO:0016071,mRNA metabolic process,0.16416148507639217,0.6086142964275606,False,5,120,145,6000,0.041666666666666664,0.024166666666666666,1.7241379310344827,728;5468;6421;51010;118460,118460;51010;5468;6421;728
immune_biased,BP,GO:0050890,cognition,0.16413140270222054,0.6086142964275606,False,3,120,70,6000,0.025,0.011666666666666667,2.142857142857143,728;1051;3630,1051;3630;728
immune_biased,BP,GO:0090304,nucleic acid metabolic process,0.16376189835486044,0.6086142964275606,False,15,120,570,6000,0.125,0.095,1.3157894736842106,728;1051;1776;5468;5692;6421;8575;9533;25926;51010;56342;60489;118460;165918;203522,1051;118460;165918;1776;203522;25926;51010;5468;56342;5692;60489;6421;728;8575;9533
immune_biased,BP,GO:0140352,export from cell,0.16575872355404153,0.613737819289055,False,4,120,107,6000,0.03333333333333333,0.017833333333333333,1.8691588785046729,306;867;10890;169026,10890;169026;306;867
immune_biased,BP,GO:0007623,circadian rhythm,0.1685640436608267,0.6217025724152871,False,2,120,37,6000,0.016666666666666666,0.006166666666666667,2.7027027027027026,463;10743,10743;463
immune_biased,BP,GO:0036294,cellular response to decreased oxygen levels,0.1685640436608267,0.6217025724152871,False,2,120,37,6000,0.016666666666666666,0.006166666666666667,2.7027027027027026,867;5468,5468;867
immune_biased,BP,GO:0045667,regulation of osteoblast differentiation,0.1685640436608267,0.6217025724152871,False,2,120,37,6000,0.016666666666666666,0.006166666666666667,2.7027027027027026,3572;5468,3572;5468
immune_biased,BP,GO:0019216,regulation of lipid metabolic process,0.1696513507219283,0.6249043939382656,False,4,120,108,6000,0.03333333333333333,0.018,1.8518518518518519,972;3630;5468;134266,134266;3630;5468;972
immune_biased,BP,GO:0002396,MHC protein complex assembly,0.18305237920257855,0.638778865491495,False,1,120,10,6000,0.008333333333333333,0.0016666666666666668,5.0,3119,3119
immune_biased,BP,GO:0002431,Fc receptor mediated stimulatory signaling pathway,0.18305237920257855,0.638778865491495,False,1,120,10,6000,0.008333333333333333,0.0016666666666666668,5.0,64005,64005
immune_biased,BP,GO:0002501,peptide antigen assembly with MHC protein complex,0.18305237920257855,0.638778865491495,False,1,120,10,6000,0.008333333333333333,0.0016666666666666668,5.0,3119,3119
immune_biased,BP,GO:0002548,monocyte chemotaxis,0.18305237920257855,0.638778865491495,False,1,120,10,6000,0.008333333333333333,0.0016666666666666668,5.0,692094,692094
immune_biased,BP,GO:0002726,positive regulation of T cell cytokine production,0.18305237920257855,0.638778865491495,False,1,120,10,6000,0.008333333333333333,0.0016666666666666668,5.0,7186,7186
immune_biased,BP,GO:0006829,zinc ion transport,0.18305237920257855,0.638778865491495,False,1,120,10,6000,0.008333333333333333,0.0016666666666666668,5.0,169026,169026
immune_biased,BP,GO:0006956,complement activation,0.18305237920257855,0.638778865491495,False,1,120,10,6000,0.008333333333333333,0.0016666666666666668,5.0,713,713
immune_biased,BP,GO:0007405,neuroblast proliferation,0.18305237920257855,0.638778865491495,False,1,120,10,6000,0.008333333333333333,0.0016666666666666668,5.0,10890,10890
immune_biased,BP,GO:0008625,extrinsic apoptotic signaling pathway via death domain receptors,0.18305237920257855,0.638778865491495,False,1,120,10,6000,0.008333333333333333,0.0016666666666666668,5.0,7186,7186
immune_biased,BP,GO:0010543,regulation of platelet activation,0.18305237920257855,0.638778865491495,False,1,120,10,6000,0.008333333333333333,0.0016666666666666668,5.0,3572,3572
immune_biased,BP,GO:0010613,positive regulation of cardiac muscle hypertrophy,0.18305237920257855,0.638778865491495,False,1,120,10,6000,0.008333333333333333,0.0016666666666666668,5.0,3572,3572
immune_biased,BP,GO:0014003,oligodendrocyte development,0.18305237920257855,0.638778865491495,False,1,120,10,6000,0.008333333333333333,0.0016666666666666668,5.0,1967,1967
immune_biased,BP,GO:0030150,protein import into mitochondrial matrix,0.18305237920257855,0.638778865491495,False,1,120,10,6000,0.008333333333333333,0.0016666666666666668,5.0,134266,134266
immune_biased,BP,GO:0031281,positive regulation of cyclase activity,0.18305237920257855,0.638778865491495,False,1,120,10,6000,0.008333333333333333,0.0016666666666666668,5.0,5595,5595
immune_biased,BP,GO:0032692,negative regulation of interleukin-1 production,0.18305237920257855,0.638778865491495,False,1,120,10,6000,0.008333333333333333,0.0016666666666666668,5.0,6376,6376
immune_biased,BP,GO:0033280,response to vitamin D,0.18305237920257855,0.638778865491495,False,1,120,10,6000,0.008333333333333333,0.0016666666666666668,5.0,5292,5292
immune_biased,BP,GO:0034110,regulation of homotypic cell-cell adhesion,0.18305237920257855,0.638778865491495,False,1,120,10,6000,0.008333333333333333,0.0016666666666666668,5.0,3572,3572
immune_biased,BP,GO:0035458,cellular response to interferon-beta,0.18305237920257855,0.638778865491495,False,1,120,10,6000,0.008333333333333333,0.0016666666666666668,5.0,149628,149628
immune_biased,BP,GO:0038128,ERBB2 signaling pathway,0.18305237920257855,0.638778865491495,False,1,120,10,6000,0.008333333333333333,0.0016666666666666668,5.0,5595,5595
immune_biased,BP,GO:0042176,regulation of protein catabolic process,0.1775329980852385,0.638778865491495,False,4,120,110,6000,0.03333333333333333,0.018333333333333333,1.8181818181818181,3630;5692;23376;149628,149628;23376;3630;5692
immune_biased,BP,GO:0042531,positive regulation of tyrosine phosphorylation of STAT protein,0.18305237920257855,0.638778865491495,False,1,120,10,6000,0.008333333333333333,0.0016666666666666668,5.0,8995,8995
immune_biased,BP,GO:0042770,signal transduction in response to DNA damage,0.17572765237853247,0.638778865491495,False,2,120,38,6000,0.016666666666666666,0.006333333333333333,2.6315789473684212,5595;23376,23376;5595
immune_biased,BP,GO:0043029,T cell homeostasis,0.18305237920257855,0.638778865491495,False,1,120,10,6000,0.008333333333333333,0.0016666666666666668,5.0,5692,5692
immune_biased,BP,GO:0043297,apical junction assembly,0.18305237920257855,0.638778865491495,False,1,120,10,6000,0.008333333333333333,0.0016666666666666668,5.0,5175,5175
immune_biased,BP,GO:0044058,regulation of digestive system process,0.18305237920257855,0.638778865491495,False,1,120,10,6000,0.008333333333333333,0.0016666666666666668,5.0,27347,27347
immune_biased,BP,GO:0044090,positive regulation of vacuole organization,0.18305237920257855,0.638778865491495,False,1,120,10,6000,0.008333333333333333,0.0016666666666666668,5.0,2896,2896
immune_biased,BP,GO:0045662,negative regulation of myoblast differentiation,0.18305237920257855,0.638778865491495,False,1,120,10,6000,0.008333333333333333,0.0016666666666666668,5.0,463,463
immune_biased,BP,GO:0045727,positive regulation of translation,0.18293925793062543,0.638778865491495,False,2,120,39,6000,0.016666666666666666,0.0065,2.5641025641025643,1967;4690,1967;4690
immune_biased,BP,GO:0048066,developmental pigmentation,0.18305237920257855,0.638778865491495,False,1,120,10,6000,0.008333333333333333,0.0016666666666666668,5.0,388552,388552
immune_biased,BP,GO:0048483,autonomic nervous system development,0.18305237920257855,0.638778865491495,False,1,120,10,6000,0.008333333333333333,0.0016666666666666668,5.0,57007,57007
immune_biased,BP,GO:0051604,protein maturation,0.174084286089372,0.638778865491495,False,5,120,148,6000,0.041666666666666664,0.024666666666666667,1.689189189189189,566;972;8818;134266;169026,134266;169026;566;8818;972
immune_biased,BP,GO:0060043,regulation of cardiac muscle cell proliferation,0.18305237920257855,0.638778865491495,False,1,120,10,6000,0.008333333333333333,0.0016666666666666668,5.0,5292,5292
immune_biased,BP,GO:0071577,zinc ion transmembrane transport,0.18305237920257855,0.638778865491495,False,1,120,10,6000,0.008333333333333333,0.0016666666666666668,5.0,169026,169026
immune_biased,BP,GO:0072344,rescue of stalled cytosolic ribosome,0.18305237920257855,0.638778865491495,False,1,120,10,6000,0.008333333333333333,0.0016666666666666668,5.0,23376,23376
immune_biased,BP,GO:0097720,calcineurin-mediated signaling,0.18305237920257855,0.638778865491495,False,1,120,10,6000,0.008333333333333333,0.0016666666666666668,5.0,4775,4775
immune_biased,BP,GO:1900271,regulation of long-term synaptic potentiation,0.18305237920257855,0.638778865491495,False,1,120,10,6000,0.008333333333333333,0.0016666666666666668,5.0,3630,3630
immune_biased,BP,GO:1901223,negative regulation of non-canonical NF-kappaB signal transduction,0.18305237920257855,0.638778865491495,False,1,120,10,6000,0.008333333333333333,0.0016666666666666668,5.0,4792,4792
immune_biased,BP,GO:1901532,regulation of hematopoietic progenitor cell differentiation,0.18305237920257855,0.638778865491495,False,1,120,10,6000,0.008333333333333333,0.0016666666666666668,5.0,96459,96459
immune_biased,BP,GO:1902905,positive regulation of supramolecular fiber organization,0.17572765237853247,0.638778865491495,False,2,120,38,6000,0.016666666666666666,0.006333333333333333,2.6315789473684212,4690;6376,4690;6376
immune_biased,BP,GO:1903018,regulation of glycoprotein metabolic process,0.18305237920257855,0.638778865491495,False,1,120,10,6000,0.008333333333333333,0.0016666666666666668,5.0,5806,5806
immune_biased,BP,GO:2000351,regulation of endothelial cell apoptotic process,0.18305237920257855,0.638778865491495,False,1,120,10,6000,0.008333333333333333,0.0016666666666666668,5.0,3676,3676
immune_biased,BP,GO:2000515,"negative regulation of CD4-positive, alpha-beta T cell activation",0.18305237920257855,0.638778865491495,False,1,120,10,6000,0.008333333333333333,0.0016666666666666668,5.0,8995,8995
immune_biased,BP,GO:2001238,positive regulation of extrinsic apoptotic signaling pathway,0.18305237920257855,0.638778865491495,False,1,120,10,6000,0.008333333333333333,0.0016666666666666668,5.0,7186,7186
immune_biased,BP,GO:0046903,secretion,0.18553794339711593,0.6466609738694101,False,4,120,112,6000,0.03333333333333333,0.018666666666666668,1.7857142857142856,306;867;10890;169026,10890;169026;306;867
immune_biased,BP,GO:0000466,"maturation of 5.8S rRNA from tricistronic rRNA transcript (SSU-rRNA, 5.8S rRNA, LSU-rRNA)",0.1994186086676354,0.6475426575301008,False,1,120,11,6000,0.008333333333333333,0.0018333333333333333,4.545454545454546,51010,51010
immune_biased,BP,GO:0001906,cell killing,0.19748770406178495,0.6475426575301008,False,2,120,41,6000,0.016666666666666666,0.006833333333333334,2.4390243902439024,566;115362,115362;566
immune_biased,BP,GO:0001916,positive regulation of T cell mediated cytotoxicity,0.1994186086676354,0.6475426575301008,False,1,120,11,6000,0.008333333333333333,0.0018333333333333333,4.545454545454546,51561,51561
immune_biased,BP,GO:0002182,cytoplasmic translational elongation,0.1994186086676354,0.6475426575301008,False,1,120,11,6000,0.008333333333333333,0.0018333333333333333,4.545454545454546,23376,23376
immune_biased,BP,GO:0002691,regulation of cellular extravasation,0.1994186086676354,0.6475426575301008,False,1,120,11,6000,0.008333333333333333,0.0018333333333333333,4.545454545454546,3676,3676
immune_biased,BP,GO:0002712,regulation of B cell mediated immunity,0.1994186086676354,0.6475426575301008,False,1,120,11,6000,0.008333333333333333,0.0018333333333333333,4.545454545454546,8741,8741
immune_biased,BP,GO:0002790,peptide secretion,0.1994186086676354,0.6475426575301008,False,1,120,11,6000,0.008333333333333333,0.0018333333333333333,4.545454545454546,169026,169026
immune_biased,BP,GO:0002889,regulation of immunoglobulin mediated immune response,0.1994186086676354,0.6475426575301008,False,1,120,11,6000,0.008333333333333333,0.0018333333333333333,4.545454545454546,8741,8741
immune_biased,BP,GO:0005979,regulation of glycogen biosynthetic process,0.1994186086676354,0.6475426575301008,False,1,120,11,6000,0.008333333333333333,0.0018333333333333333,4.545454545454546,3630,3630
immune_biased,BP,GO:0006356,regulation of transcription by RNA polymerase I,0.1994186086676354,0.6475426575301008,False,1,120,11,6000,0.008333333333333333,0.0018333333333333333,4.545454545454546,25926,25926
immune_biased,BP,GO:0006396,RNA processing,0.19270999553054177,0.6475426575301008,False,7,120,236,6000,0.058333333333333334,0.03933333333333333,1.4830508474576272,6421;8575;25926;51010;56342;118460;203522,118460;203522;25926;51010;56342;6421;8575
immune_biased,BP,GO:0007035,vacuolar acidification,0.1994186086676354,0.6475426575301008,False,1,120,11,6000,0.008333333333333333,0.0018333333333333333,4.545454545454546,2896,2896
immune_biased,BP,GO:0009409,response to cold,0.1994186086676354,0.6475426575301008,False,1,120,11,6000,0.008333333333333333,0.0018333333333333333,4.545454545454546,4792,4792
immune_biased,BP,GO:0009746,response to hexose,0.1901941296776577,0.6475426575301008,False,2,120,40,6000,0.016666666666666666,0.006666666666666667,2.5,1967;169026,169026;1967
immune_biased,BP,GO:0010962,regulation of glucan biosynthetic process,0.1994186086676354,0.6475426575301008,False,1,120,11,6000,0.008333333333333333,0.0018333333333333333,4.545454545454546,3630,3630
immune_biased,BP,GO:0014742,positive regulation of muscle hypertrophy,0.1994186086676354,0.6475426575301008,False,1,120,11,6000,0.008333333333333333,0.0018333333333333333,4.545454545454546,3572,3572
immune_biased,BP,GO:0016192,vesicle-mediated transport,0.19428338575079757,0.6475426575301008,False,9,120,322,6000,0.075,0.05366666666666667,1.3975155279503104,306;867;3676;5298;5595;5987;10890;51290;57007,10890;306;3676;51290;5298;5595;57007;5987;867
immune_biased,BP,GO:0030072,peptide hormone secretion,0.1994186086676354,0.6475426575301008,False,1,120,11,6000,0.008333333333333333,0.0018333333333333333,4.545454545454546,169026,169026
immune_biased,BP,GO:0030838,positive regulation of actin filament polymerization,0.1994186086676354,0.6475426575301008,False,1,120,11,6000,0.008333333333333333,0.0018333333333333333,4.545454545454546,4690,4690
immune_biased,BP,GO:0030856,regulation of epithelial cell differentiation,0.1901941296776577,0.6475426575301008,False,2,120,40,6000,0.016666666666666666,0.006666666666666667,2.5,1051;130120,1051;130120
immune_biased,BP,GO:0030857,negative regulation of epithelial cell differentiation,0.1994186086676354,0.6475426575301008,False,1,120,11,6000,0.008333333333333333,0.0018333333333333333,4.545454545454546,130120,130120
immune_biased,BP,GO:0032438,melanosome organization,0.1994186086676354,0.6475426575301008,False,1,120,11,6000,0.008333333333333333,0.0018333333333333333,4.545454545454546,388552,388552
immune_biased,BP,GO:0032656,regulation of interleukin-13 production,0.1994186086676354,0.6475426575301008,False,1,120,11,6000,0.008333333333333333,0.0018333333333333333,4.545454545454546,85480,85480
immune_biased,BP,GO:0032872,regulation of stress-activated MAPK cascade,0.1994186086676354,0.6475426575301008,False,1,120,11,6000,0.008333333333333333,0.0018333333333333333,4.545454545454546,5595,5595
immune_biased,BP,GO:0034067,protein localization to Golgi apparatus,0.1994186086676354,0.6475426575301008,False,1,120,11,6000,0.008333333333333333,0.0018333333333333333,4.545454545454546,115362,115362
immune_biased,BP,GO:0035456,response to interferon-beta,0.1994186086676354,0.6475426575301008,False,1,120,11,6000,0.008333333333333333,0.0018333333333333333,4.545454545454546,149628,149628
immune_biased,BP,GO:0036297,interstrand cross-link repair,0.1994186086676354,0.6475426575301008,False,1,120,11,6000,0.008333333333333333,0.0018333333333333333,4.545454545454546,165918,165918
immune_biased,BP,GO:0036336,dendritic cell migration,0.1994186086676354,0.6475426575301008,False,1,120,11,6000,0.008333333333333333,0.0018333333333333333,4.545454545454546,30835,30835
immune_biased,BP,GO:0038094,Fc-gamma receptor signaling pathway,0.1994186086676354,0.6475426575301008,False,1,120,11,6000,0.008333333333333333,0.0018333333333333333,4.545454545454546,64005,64005
immune_biased,BP,GO:0042475,odontogenesis of dentin-containing tooth,0.1994186086676354,0.6475426575301008,False,1,120,11,6000,0.008333333333333333,0.0018333333333333333,4.545454545454546,344167,344167
immune_biased,BP,GO:0042509,regulation of tyrosine phosphorylation of STAT protein,0.1994186086676354,0.6475426575301008,False,1,120,11,6000,0.008333333333333333,0.0018333333333333333,4.545454545454546,8995,8995
immune_biased,BP,GO:0043113,receptor clustering,0.1994186086676354,0.6475426575301008,False,1,120,11,6000,0.008333333333333333,0.0018333333333333333,4.545454545454546,3676,3676
immune_biased,BP,GO:0043537,negative regulation of blood vessel endothelial cell migration,0.1994186086676354,0.6475426575301008,False,1,120,11,6000,0.008333333333333333,0.0018333333333333333,4.545454545454546,5468,5468
immune_biased,BP,GO:0045742,positive regulation of epidermal growth factor receptor signaling pathway,0.1994186086676354,0.6475426575301008,False,1,120,11,6000,0.008333333333333333,0.0018333333333333333,4.545454545454546,867,867
immune_biased,BP,GO:0045807,positive regulation of endocytosis,0.19748770406178495,0.6475426575301008,False,2,120,41,6000,0.016666666666666666,0.006833333333333334,2.4390243902439024,566;867,566;867
immune_biased,BP,GO:0046627,negative regulation of insulin receptor signaling pathway,0.1994186086676354,0.6475426575301008,False,1,120,11,6000,0.008333333333333333,0.0018333333333333333,4.545454545454546,4690,4690
immune_biased,BP,GO:0046854,phosphatidylinositol phosphate biosynthetic process,0.1994186086676354,0.6475426575301008,False,1,120,11,6000,0.008333333333333333,0.0018333333333333333,4.545454545454546,5298,5298
immune_biased,BP,GO:0048247,lymphocyte chemotaxis,0.1994186086676354,0.6475426575301008,False,1,120,11,6000,0.008333333333333333,0.0018333333333333333,4.545454545454546,692094,692094
immune_biased,BP,GO:0048753,pigment granule organization,0.1994186086676354,0.6475426575301008,False,1,120,11,6000,0.008333333333333333,0.0018333333333333333,4.545454545454546,388552,388552
immune_biased,BP,GO:0051054,positive regulation of DNA metabolic process,0.1941316051002294,0.6475426575301008,False,3,120,76,6000,0.025,0.012666666666666666,1.973684210526316,5595;8741;165918,165918;5595;8741
immune_biased,BP,GO:0051174,regulation of phosphorus metabolic process,0.19748770406178495,0.6475426575301008,False,2,120,41,6000,0.016666666666666666,0.006833333333333334,2.4390243902439024,3630;134266,134266;3630
immune_biased,BP,GO:0051385,response to mineralocorticoid,0.1994186086676354,0.6475426575301008,False,1,120,11,6000,0.008333333333333333,0.0018333333333333333,4.545454545454546,27347,27347
immune_biased,BP,GO:0051656,establishment of organelle localization,0.18903621012480393,0.6475426575301008,False,3,120,75,6000,0.025,0.0125,2.0,867;3676;388552,3676;388552;867
immune_biased,BP,GO:0060429,epithelium development,0.19796884840322895,0.6475426575301008,False,6,120,196,6000,0.05,0.03266666666666666,1.5306122448979593,3572;5175;5266;5468;10890;344167,10890;344167;3572;5175;5266;5468
immune_biased,BP,GO:0071453,cellular response to oxygen levels,0.1901941296776577,0.6475426575301008,False,2,120,40,6000,0.016666666666666666,0.006666666666666667,2.5,867;5468,5468;867
immune_biased,BP,GO:0071676,negative regulation of mononuclear cell migration,0.1994186086676354,0.6475426575301008,False,1,120,11,6000,0.008333333333333333,0.0018333333333333333,4.545454545454546,4345,4345
immune_biased,BP,GO:0071900,regulation of protein serine/threonine kinase activity,0.19748770406178495,0.6475426575301008,False,2,120,41,6000,0.016666666666666666,0.006833333333333334,2.4390243902439024,7186;146850,146850;7186
immune_biased,BP,GO:0097242,amyloid-beta clearance,0.1994186086676354,0.6475426575301008,False,1,120,11,6000,0.008333333333333333,0.0018333333333333333,4.545454545454546,728,728
immune_biased,BP,GO:0099558,maintenance of synapse structure,0.1994186086676354,0.6475426575301008,False,1,120,11,6000,0.008333333333333333,0.0018333333333333333,4.545454545454546,2896,2896
immune_biased,BP,GO:0140467,integrated stress response signaling,0.1994186086676354,0.6475426575301008,False,1,120,11,6000,0.008333333333333333,0.0018333333333333333,4.545454545454546,1051,1051
immune_biased,BP,GO:0141188,nucleic acid catabolic process,0.1941316051002294,0.6475426575301008,False,3,120,76,6000,0.025,0.012666666666666666,1.973684210526316,1776;51010;118460,118460;1776;51010
immune_biased,BP,GO:1900016,negative regulation of cytokine production involved in inflammatory response,0.1994186086676354,0.6475426575301008,False,1,120,11,6000,0.008333333333333333,0.0018333333333333333,4.545454545454546,4792,4792
immune_biased,BP,GO:1900077,negative regulation of cellular response to insulin stimulus,0.1994186086676354,0.6475426575301008,False,1,120,11,6000,0.008333333333333333,0.0018333333333333333,4.545454545454546,4690,4690
immune_biased,BP,GO:1901186,positive regulation of ERBB signaling pathway,0.1994186086676354,0.6475426575301008,False,1,120,11,6000,0.008333333333333333,0.0018333333333333333,4.545454545454546,867,867
immune_biased,BP,GO:1903169,regulation of calcium ion transmembrane transport,0.19748770406178495,0.6475426575301008,False,2,120,41,6000,0.016666666666666666,0.006833333333333334,2.4390243902439024,5142;6376,5142;6376
immune_biased,BP,GO:1904062,regulation of monoatomic cation transmembrane transport,0.18903621012480393,0.6475426575301008,False,3,120,75,6000,0.025,0.0125,2.0,5142;6376;27347,27347;5142;6376
immune_biased,BP,GO:1904646,cellular response to amyloid-beta,0.1994186086676354,0.6475426575301008,False,1,120,11,6000,0.008333333333333333,0.0018333333333333333,4.545454545454546,3676,3676
immune_biased,BP,GO:1904994,regulation of leukocyte adhesion to vascular endothelial cell,0.1994186086676354,0.6475426575301008,False,1,120,11,6000,0.008333333333333333,0.0018333333333333333,4.545454545454546,3676,3676
immune_biased,BP,GO:1905898,positive regulation of response to endoplasmic reticulum stress,0.1994186086676354,0.6475426575301008,False,1,120,11,6000,0.008333333333333333,0.0018333333333333333,4.545454545454546,4690,4690
immune_biased,BP,GO:2000108,positive regulation of leukocyte apoptotic process,0.1994186086676354,0.6475426575301008,False,1,120,11,6000,0.008333333333333333,0.0018333333333333333,4.545454545454546,96459,96459
immune_biased,BP,GO:0001570,vasculogenesis,0.2154596450610039,0.656979088843767,False,1,120,12,6000,0.008333333333333333,0.002,4.166666666666667,57007,57007
immune_biased,BP,GO:0001937,negative regulation of endothelial cell proliferation,0.2154596450610039,0.656979088843767,False,1,120,12,6000,0.008333333333333333,0.002,4.166666666666667,5468,5468
immune_biased,BP,GO:0002474,antigen processing and presentation of peptide antigen via MHC class I,0.2154596450610039,0.656979088843767,False,1,120,12,6000,0.008333333333333333,0.002,4.166666666666667,51752,51752
immune_biased,BP,GO:0002495,antigen processing and presentation of peptide antigen via MHC class II,0.2154596450610039,0.656979088843767,False,1,120,12,6000,0.008333333333333333,0.002,4.166666666666667,3119,3119
immune_biased,BP,GO:0002504,antigen processing and presentation of peptide or polysaccharide antigen via MHC class II,0.2154596450610039,0.656979088843767,False,1,120,12,6000,0.008333333333333333,0.002,4.166666666666667,3119,3119
immune_biased,BP,GO:0002792,negative regulation of peptide secretion,0.2154596450610039,0.656979088843767,False,1,120,12,6000,0.008333333333333333,0.002,4.166666666666667,972,972
immune_biased,BP,GO:0006383,transcription by RNA polymerase III,0.2154596450610039,0.656979088843767,False,1,120,12,6000,0.008333333333333333,0.002,4.166666666666667,9533,9533
immune_biased,BP,GO:0006402,mRNA catabolic process,0.21217351385351615,0.656979088843767,False,2,120,43,6000,0.016666666666666666,0.007166666666666667,2.3255813953488373,51010;118460,118460;51010
immune_biased,BP,GO:0006636,unsaturated fatty acid biosynthetic process,0.2154596450610039,0.656979088843767,False,1,120,12,6000,0.008333333333333333,0.002,4.166666666666667,972,972
immune_biased,BP,GO:0007157,heterophilic cell-cell adhesion,0.2154596450610039,0.656979088843767,False,1,120,12,6000,0.008333333333333333,0.002,4.166666666666667,30835,30835
immune_biased,BP,GO:0009187,cyclic nucleotide metabolic process,0.2154596450610039,0.656979088843767,False,1,120,12,6000,0.008333333333333333,0.002,4.166666666666667,5142,5142
immune_biased,BP,GO:0010837,regulation of keratinocyte proliferation,0.2154596450610039,0.656979088843767,False,1,120,12,6000,0.008333333333333333,0.002,4.166666666666667,130120,130120
immune_biased,BP,GO:0019886,antigen processing and presentation of exogenous peptide antigen via MHC class II,0.2154596450610039,0.656979088843767,False,1,120,12,6000,0.008333333333333333,0.002,4.166666666666667,3119,3119
immune_biased,BP,GO:0032147,activation of protein kinase activity,0.2154596450610039,0.656979088843767,False,1,120,12,6000,0.008333333333333333,0.002,4.166666666666667,7098,7098
immune_biased,BP,GO:0032790,ribosome disassembly,0.2154596450610039,0.656979088843767,False,1,120,12,6000,0.008333333333333333,0.002,4.166666666666667,23376,23376
immune_biased,BP,GO:0033135,regulation of peptidyl-serine phosphorylation,0.2154596450610039,0.656979088843767,False,1,120,12,6000,0.008333333333333333,0.002,4.166666666666667,9770,9770
immune_biased,BP,GO:0034284,response to monosaccharide,0.20481557990959964,0.656979088843767,False,2,120,42,6000,0.016666666666666666,0.007,2.380952380952381,1967;169026,169026;1967
immune_biased,BP,GO:0034765,regulation of monoatomic ion transmembrane transport,0.20442387293493308,0.656979088843767,False,3,120,78,6000,0.025,0.013,1.9230769230769234,5142;6376;27347,27347;5142;6376
immune_biased,BP,GO:0042303,molting cycle,0.2154596450610039,0.656979088843767,False,1,120,12,6000,0.008333333333333333,0.002,4.166666666666667,344167,344167
immune_biased,BP,GO:0042594,response to starvation,0.20442387293493308,0.656979088843767,False,3,120,78,6000,0.025,0.013,1.9230769230769234,867;5595;96459,5595;867;96459
immune_biased,BP,GO:0042633,hair cycle,0.2154596450610039,0.656979088843767,False,1,120,12,6000,0.008333333333333333,0.002,4.166666666666667,344167,344167
immune_biased,BP,GO:0043001,Golgi to plasma membrane protein transport,0.2154596450610039,0.656979088843767,False,1,120,12,6000,0.008333333333333333,0.002,4.166666666666667,10890,10890
immune_biased,BP,GO:0043330,response to exogenous dsRNA,0.2154596450610039,0.656979088843767,False,1,120,12,6000,0.008333333333333333,0.002,4.166666666666667,7098,7098
immune_biased,BP,GO:0043372,"positive regulation of CD4-positive, alpha-beta T cell differentiation",0.2154596450610039,0.656979088843767,False,1,120,12,6000,0.008333333333333333,0.002,4.166666666666667,51561,51561
immune_biased,BP,GO:0044743,protein transmembrane import into intracellular organelle,0.2154596450610039,0.656979088843767,False,1,120,12,6000,0.008333333333333333,0.002,4.166666666666667,134266,134266
immune_biased,BP,GO:0045616,regulation of keratinocyte differentiation,0.2154596450610039,0.656979088843767,False,1,120,12,6000,0.008333333333333333,0.002,4.166666666666667,130120,130120
immune_biased,BP,GO:0045840,positive regulation of mitotic nuclear division,0.2154596450610039,0.656979088843767,False,1,120,12,6000,0.008333333333333333,0.002,4.166666666666667,3630,3630
immune_biased,BP,GO:0045912,negative regulation of carbohydrate metabolic process,0.2154596450610039,0.656979088843767,False,1,120,12,6000,0.008333333333333333,0.002,4.166666666666667,3630,3630
immune_biased,BP,GO:0046636,negative regulation of alpha-beta T cell activation,0.2154596450610039,0.656979088843767,False,1,120,12,6000,0.008333333333333333,0.002,4.166666666666667,8995,8995
immune_biased,BP,GO:0048511,rhythmic process,0.20481557990959964,0.656979088843767,False,2,120,42,6000,0.016666666666666666,0.007,2.380952380952381,463;10743,10743;463
immune_biased,BP,GO:0048524,positive regulation of viral process,0.2154596450610039,0.656979088843767,False,1,120,12,6000,0.008333333333333333,0.002,4.166666666666667,30835,30835
immune_biased,BP,GO:0052652,cyclic purine nucleotide metabolic process,0.2154596450610039,0.656979088843767,False,1,120,12,6000,0.008333333333333333,0.002,4.166666666666667,5142,5142
immune_biased,BP,GO:0060135,maternal process involved in female pregnancy,0.2154596450610039,0.656979088843767,False,1,120,12,6000,0.008333333333333333,0.002,4.166666666666667,84868,84868
immune_biased,BP,GO:0060338,regulation of type I interferon-mediated signaling pathway,0.2154596450610039,0.656979088843767,False,1,120,12,6000,0.008333333333333333,0.002,4.166666666666667,29110,29110
immune_biased,BP,GO:0070293,renal absorption,0.2154596450610039,0.656979088843767,False,1,120,12,6000,0.008333333333333333,0.002,4.166666666666667,27347,27347
immune_biased,BP,GO:0070302,regulation of stress-activated protein kinase signaling cascade,0.2154596450610039,0.656979088843767,False,1,120,12,6000,0.008333333333333333,0.002,4.166666666666667,5595,5595
immune_biased,BP,GO:0071470,cellular response to osmotic stress,0.2154596450610039,0.656979088843767,False,1,120,12,6000,0.008333333333333333,0.002,4.166666666666667,27347,27347
immune_biased,BP,GO:0071634,regulation of transforming growth factor beta production,0.2154596450610039,0.656979088843767,False,1,120,12,6000,0.008333333333333333,0.002,4.166666666666667,4345,4345
immune_biased,BP,GO:0072583,clathrin-dependent endocytosis,0.2154596450610039,0.656979088843767,False,1,120,12,6000,0.008333333333333333,0.002,4.166666666666667,3676,3676
immune_biased,BP,GO:0072594,establishment of protein localization to organelle,0.2096175637876893,0.656979088843767,False,3,120,79,6000,0.025,0.013166666666666667,1.89873417721519,867;10890;134266,10890;134266;867
immune_biased,BP,GO:0072599,establishment of protein localization to endoplasmic reticulum,0.2154596450610039,0.656979088843767,False,1,120,12,6000,0.008333333333333333,0.002,4.166666666666667,10890,10890
immune_biased,BP,GO:0072678,T cell migration,0.2154596450610039,0.656979088843767,False,1,120,12,6000,0.008333333333333333,0.002,4.166666666666667,64005,64005
immune_biased,BP,GO:0086004,regulation of cardiac muscle cell contraction,0.2154596450610039,0.656979088843767,False,1,120,12,6000,0.008333333333333333,0.002,4.166666666666667,5142,5142
immune_biased,BP,GO:0090140,regulation of mitochondrial fission,0.2154596450610039,0.656979088843767,False,1,120,12,6000,0.008333333333333333,0.002,4.166666666666667,5468,5468
immune_biased,BP,GO:0097193,intrinsic apoptotic signaling pathway,0.20481557990959964,0.656979088843767,False,2,120,42,6000,0.016666666666666666,0.007,2.380952380952381,1051;7186,1051;7186
immune_biased,BP,GO:0099172,presynapse organization,0.2154596450610039,0.656979088843767,False,1,120,12,6000,0.008333333333333333,0.002,4.166666666666667,728,728
immune_biased,BP,GO:0120192,tight junction assembly,0.2154596450610039,0.656979088843767,False,1,120,12,6000,0.008333333333333333,0.002,4.166666666666667,5175,5175
immune_biased,BP,GO:0120193,tight junction organization,0.2154596450610039,0.656979088843767,False,1,120,12,6000,0.008333333333333333,0.002,4.166666666666667,5175,5175
immune_biased,BP,GO:0141087,positive regulation of inflammasome-mediated signaling pathway,0.2154596450610039,0.656979088843767,False,1,120,12,6000,0.008333333333333333,0.002,4.166666666666667,115362,115362
immune_biased,BP,GO:1900227,positive regulation of NLRP3 inflammasome complex assembly,0.2154596450610039,0.656979088843767,False,1,120,12,6000,0.008333333333333333,0.002,4.166666666666667,115362,115362
immune_biased,BP,GO:1901381,positive regulation of potassium ion transmembrane transport,0.2154596450610039,0.656979088843767,False,1,120,12,6000,0.008333333333333333,0.002,4.166666666666667,27347,27347
immune_biased,BP,GO:1901797,negative regulation of signal transduction by p53 class mediator,0.2154596450610039,0.656979088843767,False,1,120,12,6000,0.008333333333333333,0.002,4.166666666666667,972,972
immune_biased,BP,GO:1902808,positive regulation of cell cycle G1/S phase transition,0.2154596450610039,0.656979088843767,False,1,120,12,6000,0.008333333333333333,0.002,4.166666666666667,5292,5292
immune_biased,BP,GO:1903034,regulation of response to wounding,0.21217351385351615,0.656979088843767,False,2,120,43,6000,0.016666666666666666,0.007166666666666667,2.3255813953488373,2896;130120,130120;2896
immune_biased,BP,GO:1904705,regulation of vascular associated smooth muscle cell proliferation,0.2154596450610039,0.656979088843767,False,1,120,12,6000,0.008333333333333333,0.002,4.166666666666667,5468,5468
immune_biased,BP,GO:2000058,regulation of ubiquitin-dependent protein catabolic process,0.21217351385351615,0.656979088843767,False,2,120,43,6000,0.016666666666666666,0.007166666666666667,2.3255813953488373,23376;149628,149628;23376
immune_biased,BP,GO:2000179,positive regulation of neural precursor cell proliferation,0.2154596450610039,0.656979088843767,False,1,120,12,6000,0.008333333333333333,0.002,4.166666666666667,6376,6376
immune_biased,BP,GO:0051495,positive regulation of cytoskeleton organization,0.21955741586889918,0.6680450295007807,False,2,120,44,6000,0.016666666666666666,0.007333333333333333,2.272727272727273,4690;6376,4690;6376
immune_biased,BP,GO:1902806,regulation of cell cycle G1/S phase transition,0.21955741586889918,0.6680450295007807,False,2,120,44,6000,0.016666666666666666,0.007333333333333333,2.272727272727273,5292;5692,5292;5692
immune_biased,BP,GO:0006650,glycerophospholipid metabolic process,0.22009221284689148,0.6689583143139527,False,3,120,81,6000,0.025,0.0135,1.851851851851852,5298;8818;256987,256987;5298;8818
immune_biased,BP,GO:0000460,maturation of 5.8S rRNA,0.23118189666298758,0.6732375764925206,False,1,120,13,6000,0.008333333333333333,0.0021666666666666666,3.8461538461538463,51010,51010
immune_biased,BP,GO:0001954,positive regulation of cell-matrix adhesion,0.23118189666298758,0.6732375764925206,False,1,120,13,6000,0.008333333333333333,0.0021666666666666666,3.8461538461538463,6376,6376
immune_biased,BP,GO:0002183,cytoplasmic translational initiation,0.23118189666298758,0.6732375764925206,False,1,120,13,6000,0.008333333333333333,0.0021666666666666666,3.8461538461538463,1967,1967
immune_biased,BP,GO:0006884,cell volume homeostasis,0.23118189666298758,0.6732375764925206,False,1,120,13,6000,0.008333333333333333,0.0021666666666666666,3.8461538461538463,27347,27347
immune_biased,BP,GO:0010257,NADH dehydrogenase complex assembly,0.23118189666298758,0.6732375764925206,False,1,120,13,6000,0.008333333333333333,0.0021666666666666666,3.8461538461538463,55863,55863
immune_biased,BP,GO:0010526,transposable element silencing,0.23118189666298758,0.6732375764925206,False,1,120,13,6000,0.008333333333333333,0.0021666666666666666,3.8461538461538463,60489,60489
immune_biased,BP,GO:0010827,regulation of D-glucose transmembrane transport,0.23118189666298758,0.6732375764925206,False,1,120,13,6000,0.008333333333333333,0.0021666666666666666,3.8461538461538463,3630,3630
immune_biased,BP,GO:0031294,lymphocyte costimulation,0.23118189666298758,0.6732375764925206,False,1,120,13,6000,0.008333333333333333,0.0021666666666666666,3.8461538461538463,1326,1326
immune_biased,BP,GO:0031295,T cell costimulation,0.23118189666298758,0.6732375764925206,False,1,120,13,6000,0.008333333333333333,0.0021666666666666666,3.8461538461538463,1326,1326
immune_biased,BP,GO:0031424,keratinization,0.23118189666298758,0.6732375764925206,False,1,120,13,6000,0.008333333333333333,0.0021666666666666666,3.8461538461538463,5266,5266
immune_biased,BP,GO:0032885,regulation of polysaccharide biosynthetic process,0.23118189666298758,0.6732375764925206,False,1,120,13,6000,0.008333333333333333,0.0021666666666666666,3.8461538461538463,3630,3630
immune_biased,BP,GO:0032981,mitochondrial respiratory chain complex I assembly,0.23118189666298758,0.6732375764925206,False,1,120,13,6000,0.008333333333333333,0.0021666666666666666,3.8461538461538463,55863,55863
immune_biased,BP,GO:0033574,response to testosterone,0.23118189666298758,0.6732375764925206,False,1,120,13,6000,0.008333333333333333,0.0021666666666666666,3.8461538461538463,867,867
immune_biased,BP,GO:0033627,cell adhesion mediated by integrin,0.23118189666298758,0.6732375764925206,False,1,120,13,6000,0.008333333333333333,0.0021666666666666666,3.8461538461538463,3676,3676
immune_biased,BP,GO:0034446,substrate adhesion-dependent cell spreading,0.23118189666298758,0.6732375764925206,False,1,120,13,6000,0.008333333333333333,0.0021666666666666666,3.8461538461538463,3676,3676
immune_biased,BP,GO:0035196,miRNA processing,0.23118189666298758,0.6732375764925206,False,1,120,13,6000,0.008333333333333333,0.0021666666666666666,3.8461538461538463,8575,8575
immune_biased,BP,GO:0035633,maintenance of blood-brain barrier,0.23118189666298758,0.6732375764925206,False,1,120,13,6000,0.008333333333333333,0.0021666666666666666,3.8461538461538463,5175,5175
immune_biased,BP,GO:0035987,endodermal cell differentiation,0.23118189666298758,0.6732375764925206,False,1,120,13,6000,0.008333333333333333,0.0021666666666666666,3.8461538461538463,3676,3676
immune_biased,BP,GO:0039531,regulation of cytoplasmic pattern recognition receptor signaling pathway,0.22696334492420184,0.6732375764925206,False,2,120,45,6000,0.016666666666666666,0.0075,2.2222222222222223,10107;115362,10107;115362
immune_biased,BP,GO:0045428,regulation of nitric oxide biosynthetic process,0.23118189666298758,0.6732375764925206,False,1,120,13,6000,0.008333333333333333,0.0021666666666666666,3.8461538461538463,4775,4775
immune_biased,BP,GO:0045604,regulation of epidermal cell differentiation,0.23118189666298758,0.6732375764925206,False,1,120,13,6000,0.008333333333333333,0.0021666666666666666,3.8461538461538463,130120,130120
immune_biased,BP,GO:0045668,negative regulation of osteoblast differentiation,0.23118189666298758,0.6732375764925206,False,1,120,13,6000,0.008333333333333333,0.0021666666666666666,3.8461538461538463,5468,5468
immune_biased,BP,GO:0046427,positive regulation of receptor signaling pathway via JAK-STAT,0.23118189666298758,0.6732375764925206,False,1,120,13,6000,0.008333333333333333,0.0021666666666666666,3.8461538461538463,51561,51561
immune_biased,BP,GO:0048534,hematopoietic or lymphoid organ development,0.23118189666298758,0.6732375764925206,False,1,120,13,6000,0.008333333333333333,0.0021666666666666666,3.8461538461538463,344167,344167
immune_biased,BP,GO:0048662,negative regulation of smooth muscle cell proliferation,0.23118189666298758,0.6732375764925206,False,1,120,13,6000,0.008333333333333333,0.0021666666666666666,3.8461538461538463,5468,5468
immune_biased,BP,GO:0048666,neuron development,0.22660824279409375,0.6732375764925206,False,6,120,205,6000,0.05,0.034166666666666665,1.4634146341463417,2674;3676;6376;10890;64218;388552,10890;2674;3676;388552;6376;64218
immune_biased,BP,GO:0048709,oligodendrocyte differentiation,0.23118189666298758,0.6732375764925206,False,1,120,13,6000,0.008333333333333333,0.0021666666666666666,3.8461538461538463,1967,1967
immune_biased,BP,GO:0051099,positive regulation of binding,0.23118189666298758,0.6732375764925206,False,1,120,13,6000,0.008333333333333333,0.0021666666666666666,3.8461538461538463,149628,149628
immune_biased,BP,GO:0060966,regulation of gene silencing by regulatory ncRNA,0.23118189666298758,0.6732375764925206,False,1,120,13,6000,0.008333333333333333,0.0021666666666666666,3.8461538461538463,8575,8575
immune_biased,BP,GO:0070849,response to epidermal growth factor,0.23118189666298758,0.6732375764925206,False,1,120,13,6000,0.008333333333333333,0.0021666666666666666,3.8461538461538463,5595,5595
immune_biased,BP,GO:0070873,regulation of glycogen metabolic process,0.23118189666298758,0.6732375764925206,False,1,120,13,6000,0.008333333333333333,0.0021666666666666666,3.8461538461538463,3630,3630
immune_biased,BP,GO:0080164,regulation of nitric oxide metabolic process,0.23118189666298758,0.6732375764925206,False,1,120,13,6000,0.008333333333333333,0.0021666666666666666,3.8461538461538463,4775,4775
immune_biased,BP,GO:0090101,negative regulation of transmembrane receptor protein serine/threonine kinase signaling pathway,0.22696334492420184,0.6732375764925206,False,2,120,45,6000,0.016666666666666666,0.0075,2.2222222222222223,3623;5468,3623;5468
immune_biased,BP,GO:0141161,regulation of cAMP/PKA signal transduction,0.23118189666298758,0.6732375764925206,False,1,120,13,6000,0.008333333333333333,0.0021666666666666666,3.8461538461538463,5142,5142
immune_biased,BP,GO:0170036,import into the mitochondrion,0.23118189666298758,0.6732375764925206,False,1,120,13,6000,0.008333333333333333,0.0021666666666666666,3.8461538461538463,134266,134266
immune_biased,BP,GO:1900744,regulation of p38MAPK cascade,0.23118189666298758,0.6732375764925206,False,1,120,13,6000,0.008333333333333333,0.0021666666666666666,3.8461538461538463,27347,27347
immune_biased,BP,GO:1903053,regulation of extracellular matrix organization,0.23118189666298758,0.6732375764925206,False,1,120,13,6000,0.008333333333333333,0.0021666666666666666,3.8461538461538463,5468,5468
immune_biased,BP,GO:1903115,regulation of actin filament-based movement,0.23118189666298758,0.6732375764925206,False,1,120,13,6000,0.008333333333333333,0.0021666666666666666,3.8461538461538463,5142,5142
immune_biased,BP,GO:1903725,regulation of phospholipid metabolic process,0.23118189666298758,0.6732375764925206,False,1,120,13,6000,0.008333333333333333,0.0021666666666666666,3.8461538461538463,134266,134266
immune_biased,BP,GO:1904645,response to amyloid-beta,0.23118189666298758,0.6732375764925206,False,1,120,13,6000,0.008333333333333333,0.0021666666666666666,3.8461538461538463,3676,3676
immune_biased,BP,GO:2000516,"positive regulation of CD4-positive, alpha-beta T cell activation",0.23118189666298758,0.6732375764925206,False,1,120,13,6000,0.008333333333333333,0.0021666666666666666,3.8461538461538463,51561,51561
immune_biased,BP,GO:0007033,vacuole organization,0.23438750474143355,0.6811812191822906,False,2,120,46,6000,0.016666666666666666,0.007666666666666666,2.1739130434782608,2896;5298,2896;5298
immune_biased,BP,GO:0007584,response to nutrient,0.23438750474143355,0.6811812191822906,False,2,120,46,6000,0.016666666666666666,0.007666666666666666,2.1739130434782608,5292;5468,5292;5468
immune_biased,BP,GO:0010639,negative regulation of organelle organization,0.2359992877266854,0.6851669748561915,False,3,120,84,6000,0.025,0.014,1.7857142857142858,5468;10890;96459,10890;5468;96459
immune_biased,BP,GO:0001706,endoderm formation,0.24659164652108712,0.6906019491469739,False,1,120,14,6000,0.008333333333333333,0.0023333333333333335,3.571428571428571,3676,3676
immune_biased,BP,GO:0002639,positive regulation of immunoglobulin production,0.24659164652108712,0.6906019491469739,False,1,120,14,6000,0.008333333333333333,0.0023333333333333335,3.571428571428571,8741,8741
immune_biased,BP,GO:0002828,regulation of type 2 immune response,0.24659164652108712,0.6906019491469739,False,1,120,14,6000,0.008333333333333333,0.0023333333333333335,3.571428571428571,972,972
immune_biased,BP,GO:0006353,DNA-templated transcription termination,0.24659164652108712,0.6906019491469739,False,1,120,14,6000,0.008333333333333333,0.0023333333333333335,3.571428571428571,9533,9533
immune_biased,BP,GO:0006693,prostaglandin metabolic process,0.24659164652108712,0.6906019491469739,False,1,120,14,6000,0.008333333333333333,0.0023333333333333335,3.571428571428571,972,972
immune_biased,BP,GO:0006940,regulation of smooth muscle contraction,0.24659164652108712,0.6906019491469739,False,1,120,14,6000,0.008333333333333333,0.0023333333333333335,3.571428571428571,3630,3630
immune_biased,BP,GO:0007409,axonogenesis,0.24134764005619394,0.6906019491469739,False,3,120,85,6000,0.025,0.014166666666666666,1.7647058823529413,3676;10890;64218,10890;3676;64218
immune_biased,BP,GO:0008089,anterograde axonal transport,0.24659164652108712,0.6906019491469739,False,1,120,14,6000,0.008333333333333333,0.0023333333333333335,3.571428571428571,388552,388552
immune_biased,BP,GO:0009154,purine ribonucleotide catabolic process,0.24659164652108712,0.6906019491469739,False,1,120,14,6000,0.008333333333333333,0.0023333333333333335,3.571428571428571,5142,5142
immune_biased,BP,GO:0009755,hormone-mediated signaling pathway,0.24182623966434164,0.6906019491469739,False,2,120,47,6000,0.016666666666666666,0.007833333333333333,2.127659574468085,5292;5468,5292;5468
immune_biased,BP,GO:0010469,regulation of signaling receptor activity,0.24659164652108712,0.6906019491469739,False,1,120,14,6000,0.008333333333333333,0.0023333333333333335,3.571428571428571,3572,3572
immune_biased,BP,GO:0019233,sensory perception of pain,0.24659164652108712,0.6906019491469739,False,1,120,14,6000,0.008333333333333333,0.0023333333333333335,3.571428571428571,5595,5595
immune_biased,BP,GO:0031345,negative regulation of cell projection organization,0.24182623966434164,0.6906019491469739,False,2,120,47,6000,0.016666666666666666,0.007833333333333333,2.127659574468085,5909;10890,10890;5909
immune_biased,BP,GO:0031669,cellular response to nutrient levels,0.24134764005619394,0.6906019491469739,False,3,120,85,6000,0.025,0.014166666666666666,1.7647058823529413,5292;5595;96459,5292;5595;96459
immune_biased,BP,GO:0031670,cellular response to nutrient,0.24659164652108712,0.6906019491469739,False,1,120,14,6000,0.008333333333333333,0.0023333333333333335,3.571428571428571,5292,5292
immune_biased,BP,GO:0032387,negative regulation of intracellular transport,0.24659164652108712,0.6906019491469739,False,1,120,14,6000,0.008333333333333333,0.0023333333333333335,3.571428571428571,4792,4792
immune_biased,BP,GO:0032835,glomerulus development,0.24659164652108712,0.6906019491469739,False,1,120,14,6000,0.008333333333333333,0.0023333333333333335,3.571428571428571,5175,5175
immune_biased,BP,GO:0042059,negative regulation of epidermal growth factor receptor signaling pathway,0.24659164652108712,0.6906019491469739,False,1,120,14,6000,0.008333333333333333,0.0023333333333333335,3.571428571428571,867,867
immune_biased,BP,GO:0042306,regulation of protein import into nucleus,0.24659164652108712,0.6906019491469739,False,1,120,14,6000,0.008333333333333333,0.0023333333333333335,3.571428571428571,4792,4792
immune_biased,BP,GO:0043331,response to dsRNA,0.24659164652108712,0.6906019491469739,False,1,120,14,6000,0.008333333333333333,0.0023333333333333335,3.571428571428571,7098,7098
immune_biased,BP,GO:0043588,skin development,0.24182623966434164,0.6906019491469739,False,2,120,47,6000,0.016666666666666666,0.007833333333333333,2.127659574468085,5266;344167,344167;5266
immune_biased,BP,GO:0045071,negative regulation of viral genome replication,0.24659164652108712,0.6906019491469739,False,1,120,14,6000,0.008333333333333333,0.0023333333333333335,3.571428571428571,60489,60489
immune_biased,BP,GO:0045332,phospholipid translocation,0.24659164652108712,0.6906019491469739,False,1,120,14,6000,0.008333333333333333,0.0023333333333333335,3.571428571428571,256987,256987
immune_biased,BP,GO:0045446,endothelial cell differentiation,0.24659164652108712,0.6906019491469739,False,1,120,14,6000,0.008333333333333333,0.0023333333333333335,3.571428571428571,5175,5175
immune_biased,BP,GO:0045665,negative regulation of neuron differentiation,0.24659164652108712,0.6906019491469739,False,1,120,14,6000,0.008333333333333333,0.0023333333333333335,3.571428571428571,5909,5909
immune_biased,BP,GO:0045922,negative regulation of fatty acid metabolic process,0.24659164652108712,0.6906019491469739,False,1,120,14,6000,0.008333333333333333,0.0023333333333333335,3.571428571428571,3630,3630
immune_biased,BP,GO:0046879,hormone secretion,0.24659164652108712,0.6906019491469739,False,1,120,14,6000,0.008333333333333333,0.0023333333333333335,3.571428571428571,169026,169026
immune_biased,BP,GO:0048146,positive regulation of fibroblast proliferation,0.24659164652108712,0.6906019491469739,False,1,120,14,6000,0.008333333333333333,0.0023333333333333335,3.571428571428571,972,972
immune_biased,BP,GO:0055021,regulation of cardiac muscle tissue growth,0.24659164652108712,0.6906019491469739,False,1,120,14,6000,0.008333333333333333,0.0023333333333333335,3.571428571428571,5292,5292
immune_biased,BP,GO:0060259,regulation of feeding behavior,0.24659164652108712,0.6906019491469739,False,1,120,14,6000,0.008333333333333333,0.0023333333333333335,3.571428571428571,3630,3630
immune_biased,BP,GO:0060337,type I interferon-mediated signaling pathway,0.24659164652108712,0.6906019491469739,False,1,120,14,6000,0.008333333333333333,0.0023333333333333335,3.571428571428571,29110,29110
immune_biased,BP,GO:0071695,anatomical structure maturation,0.24182623966434164,0.6906019491469739,False,2,120,47,6000,0.016666666666666666,0.007833333333333333,2.127659574468085,5468;6376,5468;6376
immune_biased,BP,GO:0097194,execution phase of apoptosis,0.24659164652108712,0.6906019491469739,False,1,120,14,6000,0.008333333333333333,0.0023333333333333335,3.571428571428571,1776,1776
immune_biased,BP,GO:1902305,regulation of sodium ion transmembrane transport,0.24659164652108712,0.6906019491469739,False,1,120,14,6000,0.008333333333333333,0.0023333333333333335,3.571428571428571,27347,27347
immune_biased,BP,GO:1903580,positive regulation of ATP metabolic process,0.24659164652108712,0.6906019491469739,False,1,120,14,6000,0.008333333333333333,0.0023333333333333335,3.571428571428571,3630,3630
immune_biased,BP,GO:2000378,negative regulation of reactive oxygen species metabolic process,0.24659164652108712,0.6906019491469739,False,1,120,14,6000,0.008333333333333333,0.0023333333333333335,3.571428571428571,3630,3630
immune_biased,BP,GO:0051649,establishment of localization in cell,0.2470356968465209,0.6911666061917872,False,11,120,433,6000,0.09166666666666666,0.07216666666666667,1.2702078521939952,306;867;972;2896;3676;5987;6421;10890;51290;134266;388552,10890;134266;2896;306;3676;388552;51290;5987;6421;867;972
immune_biased,BP,GO:0008217,regulation of blood pressure,0.24927603063174908,0.6967509444422713,False,2,120,48,6000,0.016666666666666666,0.008,2.0833333333333335,5468;51752,51752;5468
immune_biased,BP,GO:0001580,detection of chemical stimulus involved in sensory perception of bitter taste,0.2616950548768287,0.7045255915522555,False,1,120,15,6000,0.008333333333333333,0.0025,3.333333333333333,338398,338398
immune_biased,BP,GO:0001909,leukocyte mediated cytotoxicity,0.2616950548768287,0.7045255915522555,False,1,120,15,6000,0.008333333333333333,0.0025,3.333333333333333,566,566
immune_biased,BP,GO:0001914,regulation of T cell mediated cytotoxicity,0.2616950548768287,0.7045255915522555,False,1,120,15,6000,0.008333333333333333,0.0025,3.333333333333333,51561,51561
immune_biased,BP,GO:0002065,columnar/cuboidal epithelial cell differentiation,0.2616950548768287,0.7045255915522555,False,1,120,15,6000,0.008333333333333333,0.0025,3.333333333333333,3572,3572
immune_biased,BP,GO:0002181,cytoplasmic translation,0.25673349125354994,0.7045255915522555,False,2,120,49,6000,0.016666666666666666,0.008166666666666666,2.0408163265306123,1967;23376,1967;23376
immune_biased,BP,GO:0002478,antigen processing and presentation of exogenous peptide antigen,0.2616950548768287,0.7045255915522555,False,1,120,15,6000,0.008333333333333333,0.0025,3.333333333333333,3119,3119
immune_biased,BP,GO:0002724,regulation of T cell cytokine production,0.2616950548768287,0.7045255915522555,False,1,120,15,6000,0.008333333333333333,0.0025,3.333333333333333,7186,7186
immune_biased,BP,GO:0006110,regulation of glycolytic process,0.2616950548768287,0.7045255915522555,False,1,120,15,6000,0.008333333333333333,0.0025,3.333333333333333,3630,3630
immune_biased,BP,GO:0006692,prostanoid metabolic process,0.2616950548768287,0.7045255915522555,False,1,120,15,6000,0.008333333333333333,0.0025,3.333333333333333,972,972
immune_biased,BP,GO:0006890,"retrograde vesicle-mediated transport, Golgi to endoplasmic reticulum",0.2616950548768287,0.7045255915522555,False,1,120,15,6000,0.008333333333333333,0.0025,3.333333333333333,51290,51290
immune_biased,BP,GO:0007422,peripheral nervous system development,0.2616950548768287,0.7045255915522555,False,1,120,15,6000,0.008333333333333333,0.0025,3.333333333333333,5595,5595
immune_biased,BP,GO:0009743,response to carbohydrate,0.25673349125354994,0.7045255915522555,False,2,120,49,6000,0.016666666666666666,0.008166666666666666,2.0408163265306123,1967;169026,169026;1967
immune_biased,BP,GO:0010812,negative regulation of cell-substrate adhesion,0.2616950548768287,0.7045255915522555,False,1,120,15,6000,0.008333333333333333,0.0025,3.333333333333333,6376,6376
immune_biased,BP,GO:0010907,positive regulation of glucose metabolic process,0.2616950548768287,0.7045255915522555,False,1,120,15,6000,0.008333333333333333,0.0025,3.333333333333333,3630,3630
immune_biased,BP,GO:0030593,neutrophil chemotaxis,0.2616950548768287,0.7045255915522555,False,1,120,15,6000,0.008333333333333333,0.0025,3.333333333333333,5142,5142
immune_biased,BP,GO:0030811,regulation of nucleotide catabolic process,0.2616950548768287,0.7045255915522555,False,1,120,15,6000,0.008333333333333333,0.0025,3.333333333333333,3630,3630
immune_biased,BP,GO:0031648,protein destabilization,0.2616950548768287,0.7045255915522555,False,1,120,15,6000,0.008333333333333333,0.0025,3.333333333333333,149628,149628
immune_biased,BP,GO:0032233,positive regulation of actin filament bundle assembly,0.2616950548768287,0.7045255915522555,False,1,120,15,6000,0.008333333333333333,0.0025,3.333333333333333,6376,6376
immune_biased,BP,GO:0032881,regulation of polysaccharide metabolic process,0.2616950548768287,0.7045255915522555,False,1,120,15,6000,0.008333333333333333,0.0025,3.333333333333333,3630,3630
immune_biased,BP,GO:0033121,regulation of purine nucleotide catabolic process,0.2616950548768287,0.7045255915522555,False,1,120,15,6000,0.008333333333333333,0.0025,3.333333333333333,3630,3630
immune_biased,BP,GO:0043268,positive regulation of potassium ion transport,0.2616950548768287,0.7045255915522555,False,1,120,15,6000,0.008333333333333333,0.0025,3.333333333333333,27347,27347
immune_biased,BP,GO:0045663,positive regulation of myoblast differentiation,0.2616950548768287,0.7045255915522555,False,1,120,15,6000,0.008333333333333333,0.0025,3.333333333333333,463,463
immune_biased,BP,GO:0045682,regulation of epidermis development,0.2616950548768287,0.7045255915522555,False,1,120,15,6000,0.008333333333333333,0.0025,3.333333333333333,130120,130120
immune_biased,BP,GO:0045747,positive regulation of Notch signaling pathway,0.2616950548768287,0.7045255915522555,False,1,120,15,6000,0.008333333333333333,0.0025,3.333333333333333,3572,3572
immune_biased,BP,GO:0045981,positive regulation of nucleotide metabolic process,0.2616950548768287,0.7045255915522555,False,1,120,15,6000,0.008333333333333333,0.0025,3.333333333333333,3630,3630
immune_biased,BP,GO:0046474,glycerophospholipid biosynthetic process,0.25673349125354994,0.7045255915522555,False,2,120,49,6000,0.016666666666666666,0.008166666666666666,2.0408163265306123,5298;8818,5298;8818
immune_biased,BP,GO:0046638,positive regulation of alpha-beta T cell differentiation,0.2616950548768287,0.7045255915522555,False,1,120,15,6000,0.008333333333333333,0.0025,3.333333333333333,51561,51561
immune_biased,BP,GO:0048260,positive regulation of receptor-mediated endocytosis,0.2616950548768287,0.7045255915522555,False,1,120,15,6000,0.008333333333333333,0.0025,3.333333333333333,867,867
immune_biased,BP,GO:0048489,synaptic vesicle transport,0.2616950548768287,0.7045255915522555,False,1,120,15,6000,0.008333333333333333,0.0025,3.333333333333333,388552,388552
immune_biased,BP,GO:0050832,defense response to fungus,0.2616950548768287,0.7045255915522555,False,1,120,15,6000,0.008333333333333333,0.0025,3.333333333333333,85480,85480
immune_biased,BP,GO:0050913,sensory perception of bitter taste,0.2616950548768287,0.7045255915522555,False,1,120,15,6000,0.008333333333333333,0.0025,3.333333333333333,338398,338398
immune_biased,BP,GO:0051785,positive regulation of nuclear division,0.2616950548768287,0.7045255915522555,False,1,120,15,6000,0.008333333333333333,0.0025,3.333333333333333,3630,3630
immune_biased,BP,GO:0051965,positive regulation of synapse assembly,0.2616950548768287,0.7045255915522555,False,1,120,15,6000,0.008333333333333333,0.0025,3.333333333333333,64218,64218
immune_biased,BP,GO:0060420,regulation of heart growth,0.2616950548768287,0.7045255915522555,False,1,120,15,6000,0.008333333333333333,0.0025,3.333333333333333,5292,5292
immune_biased,BP,GO:0141091,transforming growth factor beta receptor superfamily signaling pathway,0.25673349125354994,0.7045255915522555,False,2,120,49,6000,0.016666666666666666,0.008166666666666666,2.0408163265306123,5468;5595,5468;5595
immune_biased,BP,GO:1900544,positive regulation of purine nucleotide metabolic process,0.2616950548768287,0.7045255915522555,False,1,120,15,6000,0.008333333333333333,0.0025,3.333333333333333,3630,3630
immune_biased,BP,GO:1901185,negative regulation of ERBB signaling pathway,0.2616950548768287,0.7045255915522555,False,1,120,15,6000,0.008333333333333333,0.0025,3.333333333333333,867,867
immune_biased,BP,GO:2000177,regulation of neural precursor cell proliferation,0.2616950548768287,0.7045255915522555,False,1,120,15,6000,0.008333333333333333,0.0025,3.333333333333333,6376,6376
immune_biased,BP,GO:7770058,mitochondrial protein import pathway,0.2616950548768287,0.7045255915522555,False,1,120,15,6000,0.008333333333333333,0.0025,3.333333333333333,134266,134266
immune_biased,BP,GO:0001568,blood vessel development,0.2629320056581393,0.7065213460238974,False,3,120,89,6000,0.025,0.014833333333333334,1.6853932584269664,5175;51752;57007,5175;51752;57007
immune_biased,BP,GO:0006810,transport,0.2627957354094917,0.7065213460238974,False,23,120,1000,6000,0.19166666666666668,0.16666666666666666,1.1500000000000001,306;867;972;2896;3045;3676;5175;5298;5468;5595;5987;6421;10890;27347;30835;51290;57007;64005;84694;134266;169026;256987;388552,10890;134266;169026;256987;27347;2896;3045;306;30835;3676;388552;51290;5175;5298;5468;5595;57007;5987;64005;6421;84694;867;972
immune_biased,BP,GO:0015031,protein transport,0.26331468088297577,0.7068833853082523,False,6,120,216,6000,0.05,0.036,1.388888888888889,867;972;10890;134266;169026;388552,10890;134266;169026;388552;867;972
immune_biased,BP,GO:0051336,regulation of hydrolase activity,0.2641953639869182,0.7085804164879621,False,2,120,50,6000,0.016666666666666666,0.008333333333333333,2.0,2896;5909,2896;5909
immune_biased,BP,GO:0001708,cell fate specification,0.27649816154596496,0.7172850396428991,False,1,120,16,6000,0.008333333333333333,0.0026666666666666666,3.125,344167,344167
immune_biased,BP,GO:0001890,placenta development,0.27649816154596496,0.7172850396428991,False,1,120,16,6000,0.008333333333333333,0.0026666666666666666,3.125,5468,5468
immune_biased,BP,GO:0002686,negative regulation of leukocyte migration,0.27649816154596496,0.7172850396428991,False,1,120,16,6000,0.008333333333333333,0.0026666666666666666,3.125,4345,4345
immune_biased,BP,GO:0003006,developmental process involved in reproduction,0.27015767286563214,0.7172850396428991,False,6,120,218,6000,0.05,0.036333333333333336,1.3761467889908257,867;1051;2674;3623;5692;5987,1051;2674;3623;5692;5987;867
immune_biased,BP,GO:0006195,purine nucleotide catabolic process,0.27649816154596496,0.7172850396428991,False,1,120,16,6000,0.008333333333333333,0.0026666666666666666,3.125,5142,5142
immune_biased,BP,GO:0006513,protein monoubiquitination,0.27649816154596496,0.7172850396428991,False,1,120,16,6000,0.008333333333333333,0.0026666666666666666,3.125,867,867
immune_biased,BP,GO:0006968,cellular defense response,0.27649816154596496,0.7172850396428991,False,1,120,16,6000,0.008333333333333333,0.0026666666666666666,3.125,728,728
immune_biased,BP,GO:0007173,epidermal growth factor receptor signaling pathway,0.27649816154596496,0.7172850396428991,False,1,120,16,6000,0.008333333333333333,0.0026666666666666666,3.125,5595,5595
immune_biased,BP,GO:0007265,Ras protein signal transduction,0.27649816154596496,0.7172850396428991,False,1,120,16,6000,0.008333333333333333,0.0026666666666666666,3.125,115727,115727
immune_biased,BP,GO:0007492,endoderm development,0.27649816154596496,0.7172850396428991,False,1,120,16,6000,0.008333333333333333,0.0026666666666666666,3.125,3676,3676
immune_biased,BP,GO:0009620,response to fungus,0.27649816154596496,0.7172850396428991,False,1,120,16,6000,0.008333333333333333,0.0026666666666666666,3.125,85480,85480
immune_biased,BP,GO:0009988,cell-cell recognition,0.27649816154596496,0.7172850396428991,False,1,120,16,6000,0.008333333333333333,0.0026666666666666666,3.125,30835,30835
immune_biased,BP,GO:0010660,regulation of muscle cell apoptotic process,0.27649816154596496,0.7172850396428991,False,1,120,16,6000,0.008333333333333333,0.0026666666666666666,3.125,5468,5468
immune_biased,BP,GO:0016032,viral process,0.271658516410346,0.7172850396428991,False,2,120,51,6000,0.016666666666666666,0.0085,1.9607843137254901,867;30835,30835;867
immune_biased,BP,GO:0016925,protein sumoylation,0.27649816154596496,0.7172850396428991,False,1,120,16,6000,0.008333333333333333,0.0026666666666666666,3.125,5987,5987
immune_biased,BP,GO:0031175,neuron projection development,0.2759604123642582,0.7172850396428991,False,5,120,176,6000,0.041666666666666664,0.029333333333333333,1.4204545454545454,2674;3676;10890;64218;388552,10890;2674;3676;388552;64218
immune_biased,BP,GO:0032370,positive regulation of lipid transport,0.27649816154596496,0.7172850396428991,False,1,120,16,6000,0.008333333333333333,0.0026666666666666666,3.125,5468,5468
immune_biased,BP,GO:0032418,lysosome localization,0.27649816154596496,0.7172850396428991,False,1,120,16,6000,0.008333333333333333,0.0026666666666666666,3.125,867,867
immune_biased,BP,GO:0033059,cellular pigmentation,0.27649816154596496,0.7172850396428991,False,1,120,16,6000,0.008333333333333333,0.0026666666666666666,3.125,388552,388552
immune_biased,BP,GO:0038093,Fc receptor signaling pathway,0.27649816154596496,0.7172850396428991,False,1,120,16,6000,0.008333333333333333,0.0026666666666666666,3.125,64005,64005
immune_biased,BP,GO:0042304,regulation of fatty acid biosynthetic process,0.27649816154596496,0.7172850396428991,False,1,120,16,6000,0.008333333333333333,0.0026666666666666666,3.125,972,972
immune_biased,BP,GO:0043270,positive regulation of monoatomic ion transport,0.271658516410346,0.7172850396428991,False,2,120,51,6000,0.016666666666666666,0.0085,1.9607843137254901,6376;27347,27347;6376
immune_biased,BP,GO:0043525,positive regulation of neuron apoptotic process,0.27649816154596496,0.7172850396428991,False,1,120,16,6000,0.008333333333333333,0.0026666666666666666,3.125,2896,2896
immune_biased,BP,GO:0045184,establishment of protein localization,0.2697735264031958,0.7172850396428991,False,7,120,262,6000,0.058333333333333334,0.043666666666666666,1.33587786259542,867;972;10890;115362;134266;169026;388552,10890;115362;134266;169026;388552;867;972
immune_biased,BP,GO:0047496,vesicle transport along microtubule,0.27649816154596496,0.7172850396428991,False,1,120,16,6000,0.008333333333333333,0.0026666666666666666,3.125,388552,388552
immune_biased,BP,GO:0048167,regulation of synaptic plasticity,0.271658516410346,0.7172850396428991,False,2,120,51,6000,0.016666666666666666,0.0085,1.9607843137254901,3630;6376,3630;6376
immune_biased,BP,GO:0050919,negative chemotaxis,0.27649816154596496,0.7172850396428991,False,1,120,16,6000,0.008333333333333333,0.0026666666666666666,3.125,64218,64218
immune_biased,BP,GO:0051101,regulation of DNA binding,0.27649816154596496,0.7172850396428991,False,1,120,16,6000,0.008333333333333333,0.0026666666666666666,3.125,149628,149628
immune_biased,BP,GO:0051234,establishment of localization,0.2749799696784228,0.7172850396428991,False,24,120,1055,6000,0.2,0.17583333333333334,1.1374407582938388,306;867;972;2896;3045;3676;5175;5298;5468;5595;5987;6421;10890;27347;30835;51290;57007;64005;84694;115362;134266;169026;256987;388552,10890;115362;134266;169026;256987;27347;2896;3045;306;30835;3676;388552;51290;5175;5298;5468;5595;57007;5987;64005;6421;84694;867;972
immune_biased,BP,GO:0051452,intracellular pH reduction,0.27649816154596496,0.7172850396428991,False,1,120,16,6000,0.008333333333333333,0.0026666666666666666,3.125,2896,2896
immune_biased,BP,GO:0060261,positive regulation of transcription initiation by RNA polymerase II,0.27649816154596496,0.7172850396428991,False,1,120,16,6000,0.008333333333333333,0.0026666666666666666,3.125,4792,4792
immune_biased,BP,GO:0070050,neuron cellular homeostasis,0.27649816154596496,0.7172850396428991,False,1,120,16,6000,0.008333333333333333,0.0026666666666666666,3.125,6376,6376
immune_biased,BP,GO:1904427,positive regulation of calcium ion transmembrane transport,0.27649816154596496,0.7172850396428991,False,1,120,16,6000,0.008333333333333333,0.0026666666666666666,3.125,6376,6376
immune_biased,BP,GO:1990849,vacuolar localization,0.27649816154596496,0.7172850396428991,False,1,120,16,6000,0.008333333333333333,0.0026666666666666666,3.125,867,867
immune_biased,BP,GO:2000765,regulation of cytoplasmic translation,0.27649816154596496,0.7172850396428991,False,1,120,16,6000,0.008333333333333333,0.0026666666666666666,3.125,4690,4690
immune_biased,BP,GO:2001222,regulation of neuron migration,0.27649816154596496,0.7172850396428991,False,1,120,16,6000,0.008333333333333333,0.0026666666666666666,3.125,6376,6376
immune_biased,BP,GO:0055088,lipid homeostasis,0.279119937593171,0.7234281291619368,False,2,120,52,6000,0.016666666666666666,0.008666666666666666,1.9230769230769231,3630;5468,3630;5468
immune_biased,BP,GO:0001667,ameboidal-type cell migration,0.2910068882529308,0.7361673810196148,False,1,120,17,6000,0.008333333333333333,0.0028333333333333335,2.941176470588235,3676,3676
immune_biased,BP,GO:0001944,vasculature development,0.2902371197019739,0.7361673810196148,False,3,120,94,6000,0.025,0.015666666666666666,1.595744680851064,5175;51752;57007,5175;51752;57007
immune_biased,BP,GO:0002637,regulation of immunoglobulin production,0.2910068882529308,0.7361673810196148,False,1,120,17,6000,0.008333333333333333,0.0028333333333333335,2.941176470588235,8741,8741
immune_biased,BP,GO:0002931,response to ischemia,0.2910068882529308,0.7361673810196148,False,1,120,17,6000,0.008333333333333333,0.0028333333333333335,2.941176470588235,6376,6376
immune_biased,BP,GO:0006111,regulation of gluconeogenesis,0.2910068882529308,0.7361673810196148,False,1,120,17,6000,0.008333333333333333,0.0028333333333333335,2.941176470588235,3630,3630
immune_biased,BP,GO:0006303,double-strand break repair via nonhomologous end joining,0.2910068882529308,0.7361673810196148,False,1,120,17,6000,0.008333333333333333,0.0028333333333333335,2.941176470588235,165918,165918
immune_biased,BP,GO:0007254,JNK cascade,0.2910068882529308,0.7361673810196148,False,1,120,17,6000,0.008333333333333333,0.0028333333333333335,2.941176470588235,7098,7098
immune_biased,BP,GO:0009611,response to wounding,0.2847544614613035,0.7361673810196148,False,3,120,93,6000,0.025,0.0155,1.6129032258064517,3630;7098;388552,3630;388552;7098
immune_biased,BP,GO:0010043,response to zinc ion,0.2910068882529308,0.7361673810196148,False,1,120,17,6000,0.008333333333333333,0.0028333333333333335,2.941176470588235,169026,169026
immune_biased,BP,GO:0010508,positive regulation of autophagy,0.28657673455832383,0.7361673810196148,False,2,120,53,6000,0.016666666666666666,0.008833333333333334,1.8867924528301885,23376;29110,23376;29110
immune_biased,BP,GO:0010596,negative regulation of endothelial cell migration,0.2910068882529308,0.7361673810196148,False,1,120,17,6000,0.008333333333333333,0.0028333333333333335,2.941176470588235,5468,5468
immune_biased,BP,GO:0010959,regulation of metal ion transport,0.2902371197019739,0.7361673810196148,False,3,120,94,6000,0.025,0.015666666666666666,1.595744680851064,5142;6376;27347,27347;5142;6376
immune_biased,BP,GO:0030514,negative regulation of BMP signaling pathway,0.2910068882529308,0.7361673810196148,False,1,120,17,6000,0.008333333333333333,0.0028333333333333335,2.941176470588235,5468,5468
immune_biased,BP,GO:0031623,receptor internalization,0.2910068882529308,0.7361673810196148,False,1,120,17,6000,0.008333333333333333,0.0028333333333333335,2.941176470588235,57007,57007
immune_biased,BP,GO:0033043,regulation of organelle organization,0.2854993483473937,0.7361673810196148,False,8,120,312,6000,0.06666666666666667,0.052,1.2820512820512822,2896;3630;4690;5468;5595;6376;10890;96459,10890;2896;3630;4690;5468;5595;6376;96459
immune_biased,BP,GO:0034331,cell junction maintenance,0.2910068882529308,0.7361673810196148,False,1,120,17,6000,0.008333333333333333,0.0028333333333333335,2.941176470588235,2896,2896
immune_biased,BP,GO:0046888,negative regulation of hormone secretion,0.2910068882529308,0.7361673810196148,False,1,120,17,6000,0.008333333333333333,0.0028333333333333335,2.941176470588235,3623,3623
immune_biased,BP,GO:0048145,regulation of fibroblast proliferation,0.2910068882529308,0.7361673810196148,False,1,120,17,6000,0.008333333333333333,0.0028333333333333335,2.941176470588235,972,972
immune_biased,BP,GO:0051148,negative regulation of muscle cell differentiation,0.2910068882529308,0.7361673810196148,False,1,120,17,6000,0.008333333333333333,0.0028333333333333335,2.941176470588235,4775,4775
immune_biased,BP,GO:0060390,regulation of SMAD protein signal transduction,0.2910068882529308,0.7361673810196148,False,1,120,17,6000,0.008333333333333333,0.0028333333333333335,2.941176470588235,5468,5468
immune_biased,BP,GO:0061351,neural precursor cell proliferation,0.2910068882529308,0.7361673810196148,False,1,120,17,6000,0.008333333333333333,0.0028333333333333335,2.941176470588235,10890,10890
immune_biased,BP,GO:0071526,semaphorin-plexin signaling pathway,0.2910068882529308,0.7361673810196148,False,1,120,17,6000,0.008333333333333333,0.0028333333333333335,2.941176470588235,64218,64218
immune_biased,BP,GO:0097191,extrinsic apoptotic signaling pathway,0.2910068882529308,0.7361673810196148,False,1,120,17,6000,0.008333333333333333,0.0028333333333333335,2.941176470588235,7186,7186
immune_biased,BP,GO:1901992,positive regulation of mitotic cell cycle phase transition,0.2910068882529308,0.7361673810196148,False,1,120,17,6000,0.008333333333333333,0.0028333333333333335,2.941176470588235,5292,5292
immune_biased,BP,GO:1903426,regulation of reactive oxygen species biosynthetic process,0.2910068882529308,0.7361673810196148,False,1,120,17,6000,0.008333333333333333,0.0028333333333333335,2.941176470588235,3630,3630
immune_biased,BP,GO:1904063,negative regulation of cation transmembrane transport,0.2910068882529308,0.7361673810196148,False,1,120,17,6000,0.008333333333333333,0.0028333333333333335,2.941176470588235,27347,27347
immune_biased,BP,GO:2000144,positive regulation of DNA-templated transcription initiation,0.2910068882529308,0.7361673810196148,False,1,120,17,6000,0.008333333333333333,0.0028333333333333335,2.941176470588235,4792,4792
immune_biased,BP,GO:0006508,proteolysis,0.29341571134115585,0.7411746183126428,False,4,120,137,6000,0.03333333333333333,0.022833333333333334,1.4598540145985401,566;1521;51752;169026,1521;169026;51752;566
immune_biased,BP,GO:0006937,regulation of muscle contraction,0.29402612883605717,0.7411746183126428,False,2,120,54,6000,0.016666666666666666,0.009,1.8518518518518519,3630;5142,3630;5142
immune_biased,BP,GO:0016241,regulation of macroautophagy,0.29402612883605717,0.7411746183126428,False,2,120,54,6000,0.016666666666666666,0.009,1.8518518518518519,23376;29110,23376;29110
immune_biased,BP,GO:0045017,glycerolipid biosynthetic process,0.29402612883605717,0.7411746183126428,False,2,120,54,6000,0.016666666666666666,0.009,1.8518518518518519,5298;8818,5298;8818
immune_biased,BP,GO:0001894,tissue homeostasis,0.3014654531064851,0.7579171135860573,False,2,120,55,6000,0.016666666666666666,0.009166666666666667,1.8181818181818181,5175;27347,27347;5175
immune_biased,BP,GO:0019722,calcium-mediated signaling,0.3014654531064851,0.7579171135860573,False,2,120,55,6000,0.016666666666666666,0.009166666666666667,1.8181818181818181,4775;57007,4775;57007
immune_biased,BP,GO:0060249,anatomical structure homeostasis,0.3014654531064851,0.7579171135860573,False,2,120,55,6000,0.016666666666666666,0.009166666666666667,1.8181818181818181,5175;27347,27347;5175
immune_biased,BP,GO:0003158,endothelium development,0.3052270409204303,0.758676803543284,False,1,120,18,6000,0.008333333333333333,0.003,2.7777777777777777,5175,5175
immune_biased,BP,GO:0006354,DNA-templated transcription elongation,0.3052270409204303,0.758676803543284,False,1,120,18,6000,0.008333333333333333,0.003,2.7777777777777777,9533,9533
immune_biased,BP,GO:0006414,translational elongation,0.3052270409204303,0.758676803543284,False,1,120,18,6000,0.008333333333333333,0.003,2.7777777777777777,23376,23376
immune_biased,BP,GO:0019884,antigen processing and presentation of exogenous antigen,0.3052270409204303,0.758676803543284,False,1,120,18,6000,0.008333333333333333,0.003,2.7777777777777777,3119,3119
immune_biased,BP,GO:0043470,regulation of carbohydrate catabolic process,0.3052270409204303,0.758676803543284,False,1,120,18,6000,0.008333333333333333,0.003,2.7777777777777777,3630,3630
immune_biased,BP,GO:0045669,positive regulation of osteoblast differentiation,0.3052270409204303,0.758676803543284,False,1,120,18,6000,0.008333333333333333,0.003,2.7777777777777777,3572,3572
immune_biased,BP,GO:0050731,positive regulation of peptidyl-tyrosine phosphorylation,0.3052270409204303,0.758676803543284,False,1,120,18,6000,0.008333333333333333,0.003,2.7777777777777777,8995,8995
immune_biased,BP,GO:0050912,detection of chemical stimulus involved in sensory perception of taste,0.3052270409204303,0.758676803543284,False,1,120,18,6000,0.008333333333333333,0.003,2.7777777777777777,338398,338398
immune_biased,BP,GO:0050994,regulation of lipid catabolic process,0.3052270409204303,0.758676803543284,False,1,120,18,6000,0.008333333333333333,0.003,2.7777777777777777,3630,3630
immune_biased,BP,GO:0061951,establishment of protein localization to plasma membrane,0.3052270409204303,0.758676803543284,False,1,120,18,6000,0.008333333333333333,0.003,2.7777777777777777,10890,10890
immune_biased,BP,GO:0070585,protein localization to mitochondrion,0.3052270409204303,0.758676803543284,False,1,120,18,6000,0.008333333333333333,0.003,2.7777777777777777,134266,134266
immune_biased,BP,GO:0098773,skin epidermis development,0.3052270409204303,0.758676803543284,False,1,120,18,6000,0.008333333333333333,0.003,2.7777777777777777,344167,344167
immune_biased,BP,GO:0106027,neuron projection organization,0.3052270409204303,0.758676803543284,False,1,120,18,6000,0.008333333333333333,0.003,2.7777777777777777,3630,3630
immune_biased,BP,GO:0044238,primary metabolic process,0.305587557282317,0.7589112594180191,False,39,120,1801,6000,0.325,0.3001666666666667,1.0827318156579677,566;640;728;867;972;1051;1326;1521;1776;1967;3623;5142;5298;5468;5595;5692;5987;6421;7186;8575;8818;9021;9533;10107;23376;25926;27347;29110;51010;51752;56342;60489;79269;118460;134266;165918;169026;203522;256987,10107;1051;118460;1326;134266;1521;165918;169026;1776;1967;203522;23376;256987;25926;27347;29110;3623;51010;5142;51752;5298;5468;5595;56342;566;5692;5987;60489;640;6421;7186;728;79269;8575;867;8818;9021;9533;972
immune_biased,BP,GO:0032970,regulation of actin filament-based process,0.30672933939086583,0.7610838525703729,False,3,120,97,6000,0.025,0.016166666666666666,1.5463917525773196,4690;5142;6376,4690;5142;6376
immune_biased,BP,GO:0061136,regulation of proteasomal protein catabolic process,0.3088921479288008,0.7657839249956618,False,2,120,56,6000,0.016666666666666666,0.009333333333333334,1.7857142857142856,5692;23376,23376;5692
immune_biased,BP,GO:0000077,DNA damage checkpoint signaling,0.3191643119150053,0.7711334349743052,False,1,120,19,6000,0.008333333333333333,0.0031666666666666666,2.6315789473684212,23376,23376
immune_biased,BP,GO:0001525,angiogenesis,0.3163037585550991,0.7711334349743052,False,2,120,57,6000,0.016666666666666666,0.0095,1.7543859649122808,51752;57007,51752;57007
immune_biased,BP,GO:0001704,formation of primary germ layer,0.3191643119150053,0.7711334349743052,False,1,120,19,6000,0.008333333333333333,0.0031666666666666666,2.6315789473684212,3676,3676
immune_biased,BP,GO:0002028,regulation of sodium ion transport,0.3191643119150053,0.7711334349743052,False,1,120,19,6000,0.008333333333333333,0.0031666666666666666,2.6315789473684212,27347,27347
immune_biased,BP,GO:0006518,peptide metabolic process,0.3191643119150053,0.7711334349743052,False,1,120,19,6000,0.008333333333333333,0.0031666666666666666,2.6315789473684212,51752,51752
immune_biased,BP,GO:0006893,Golgi to plasma membrane transport,0.3191643119150053,0.7711334349743052,False,1,120,19,6000,0.008333333333333333,0.0031666666666666666,2.6315789473684212,10890,10890
immune_biased,BP,GO:0008630,intrinsic apoptotic signaling pathway in response to DNA damage,0.3191643119150053,0.7711334349743052,False,1,120,19,6000,0.008333333333333333,0.0031666666666666666,2.6315789473684212,7186,7186
immune_biased,BP,GO:0009261,ribonucleotide catabolic process,0.3191643119150053,0.7711334349743052,False,1,120,19,6000,0.008333333333333333,0.0031666666666666666,2.6315789473684212,5142,5142
immune_biased,BP,GO:0009914,hormone transport,0.3191643119150053,0.7711334349743052,False,1,120,19,6000,0.008333333333333333,0.0031666666666666666,2.6315789473684212,169026,169026
immune_biased,BP,GO:0031400,negative regulation of protein modification process,0.3163037585550991,0.7711334349743052,False,2,120,57,6000,0.016666666666666666,0.0095,1.7543859649122808,9770;23376,23376;9770
immune_biased,BP,GO:0034198,cellular response to amino acid starvation,0.3191643119150053,0.7711334349743052,False,1,120,19,6000,0.008333333333333333,0.0031666666666666666,2.6315789473684212,5595,5595
immune_biased,BP,GO:0034204,lipid translocation,0.3191643119150053,0.7711334349743052,False,1,120,19,6000,0.008333333333333333,0.0031666666666666666,2.6315789473684212,256987,256987
immune_biased,BP,GO:0034766,negative regulation of monoatomic ion transmembrane transport,0.3191643119150053,0.7711334349743052,False,1,120,19,6000,0.008333333333333333,0.0031666666666666666,2.6315789473684212,27347,27347
immune_biased,BP,GO:0035270,endocrine system development,0.3191643119150053,0.7711334349743052,False,1,120,19,6000,0.008333333333333333,0.0031666666666666666,2.6315789473684212,344167,344167
immune_biased,BP,GO:0043114,regulation of vascular permeability,0.3191643119150053,0.7711334349743052,False,1,120,19,6000,0.008333333333333333,0.0031666666666666666,2.6315789473684212,566,566
immune_biased,BP,GO:0045069,regulation of viral genome replication,0.3191643119150053,0.7711334349743052,False,1,120,19,6000,0.008333333333333333,0.0031666666666666666,2.6315789473684212,60489,60489
immune_biased,BP,GO:0045744,negative regulation of G protein-coupled receptor signaling pathway,0.3191643119150053,0.7711334349743052,False,1,120,19,6000,0.008333333333333333,0.0031666666666666666,2.6315789473684212,5142,5142
immune_biased,BP,GO:0045927,positive regulation of growth,0.3163037585550991,0.7711334349743052,False,2,120,57,6000,0.016666666666666666,0.0095,1.7543859649122808,3630;5292,3630;5292
immune_biased,BP,GO:0046486,glycerolipid metabolic process,0.31223735133854136,0.7711334349743052,False,3,120,98,6000,0.025,0.01633333333333333,1.5306122448979593,5298;8818;256987,256987;5298;8818
immune_biased,BP,GO:0046620,regulation of organ growth,0.3191643119150053,0.7711334349743052,False,1,120,19,6000,0.008333333333333333,0.0031666666666666666,2.6315789473684212,5292,5292
immune_biased,BP,GO:0048013,ephrin receptor signaling pathway,0.3191643119150053,0.7711334349743052,False,1,120,19,6000,0.008333333333333333,0.0031666666666666666,2.6315789473684212,4690,4690
immune_biased,BP,GO:0060260,regulation of transcription initiation by RNA polymerase II,0.3191643119150053,0.7711334349743052,False,1,120,19,6000,0.008333333333333333,0.0031666666666666666,2.6315789473684212,4792,4792
immune_biased,BP,GO:0061564,axon development,0.31223735133854136,0.7711334349743052,False,3,120,98,6000,0.025,0.01633333333333333,1.5306122448979593,3676;10890;64218,10890;3676;64218
immune_biased,BP,GO:0070169,positive regulation of biomineral tissue development,0.3191643119150053,0.7711334349743052,False,1,120,19,6000,0.008333333333333333,0.0031666666666666666,2.6315789473684212,1051,1051
immune_biased,BP,GO:0099518,vesicle cytoskeletal trafficking,0.3191643119150053,0.7711334349743052,False,1,120,19,6000,0.008333333333333333,0.0031666666666666666,2.6315789473684212,388552,388552
immune_biased,BP,GO:0120035,regulation of plasma membrane bounded cell projection organization,0.31514258336746725,0.7711334349743052,False,5,120,186,6000,0.041666666666666664,0.031,1.3440860215053763,2896;3630;5909;6376;10890,10890;2896;3630;5909;6376
immune_biased,BP,GO:1902895,positive regulation of miRNA transcription,0.3191643119150053,0.7711334349743052,False,1,120,19,6000,0.008333333333333333,0.0031666666666666666,2.6315789473684212,5468,5468
immune_biased,BP,GO:1990090,cellular response to nerve growth factor stimulus,0.3191643119150053,0.7711334349743052,False,1,120,19,6000,0.008333333333333333,0.0031666666666666666,2.6315789473684212,867,867
immune_biased,BP,GO:1990542,mitochondrial transmembrane transport,0.3191643119150053,0.7711334349743052,False,1,120,19,6000,0.008333333333333333,0.0031666666666666666,2.6315789473684212,134266,134266
immune_biased,BP,GO:1990928,response to amino acid starvation,0.3191643119150053,0.7711334349743052,False,1,120,19,6000,0.008333333333333333,0.0031666666666666666,2.6315789473684212,5595,5595
immune_biased,BP,GO:0006351,DNA-templated transcription,0.32066318896944923,0.7734439524127747,False,4,120,143,6000,0.03333333333333333,0.023833333333333335,1.3986013986013985,728;1051;5468;9533,1051;5468;728;9533
immune_biased,BP,GO:0034654,nucleobase-containing compound biosynthetic process,0.3204482566384164,0.7734439524127747,False,11,120,463,6000,0.09166666666666666,0.07716666666666666,1.187904967602592,728;1051;5468;6421;8575;9533;25926;51010;56342;118460;203522,1051;118460;203522;25926;51010;5468;56342;6421;728;8575;9533
immune_biased,BP,GO:0006302,double-strand break repair,0.3236979318267654,0.778787176065914,False,2,120,58,6000,0.016666666666666666,0.009666666666666667,1.7241379310344827,6421;165918,165918;6421
immune_biased,BP,GO:0010970,transport along microtubule,0.3236979318267654,0.778787176065914,False,2,120,58,6000,0.016666666666666666,0.009666666666666667,1.7241379310344827,6421;388552,388552;6421
immune_biased,BP,GO:0048732,gland development,0.3236979318267654,0.778787176065914,False,2,120,58,6000,0.016666666666666666,0.009666666666666667,1.7241379310344827,1051;344167,1051;344167
immune_biased,BP,GO:0001889,liver development,0.3328242822494307,0.7913945193437256,False,1,120,20,6000,0.008333333333333333,0.0033333333333333335,2.5,1051,1051
immune_biased,BP,GO:0019229,regulation of vasoconstriction,0.3328242822494307,0.7913945193437256,False,1,120,20,6000,0.008333333333333333,0.0033333333333333335,2.5,3676,3676
immune_biased,BP,GO:0032273,positive regulation of protein polymerization,0.3328242822494307,0.7913945193437256,False,1,120,20,6000,0.008333333333333333,0.0033333333333333335,2.5,4690,4690
immune_biased,BP,GO:0034243,regulation of transcription elongation by RNA polymerase II,0.3328242822494307,0.7913945193437256,False,1,120,20,6000,0.008333333333333333,0.0033333333333333335,2.5,165918,165918
immune_biased,BP,GO:0042476,odontogenesis,0.3328242822494307,0.7913945193437256,False,1,120,20,6000,0.008333333333333333,0.0033333333333333335,2.5,344167,344167
immune_biased,BP,GO:0043954,cellular component maintenance,0.3328242822494307,0.7913945193437256,False,1,120,20,6000,0.008333333333333333,0.0033333333333333335,2.5,2896,2896
immune_biased,BP,GO:0045862,positive regulation of proteolysis,0.3328242822494307,0.7913945193437256,False,1,120,20,6000,0.008333333333333333,0.0033333333333333335,2.5,2896,2896
immune_biased,BP,GO:0046456,icosanoid biosynthetic process,0.3328242822494307,0.7913945193437256,False,1,120,20,6000,0.008333333333333333,0.0033333333333333335,2.5,972,972
immune_biased,BP,GO:0051289,protein homotetramerization,0.3328242822494307,0.7913945193437256,False,1,120,20,6000,0.008333333333333333,0.0033333333333333335,2.5,115362,115362
immune_biased,BP,GO:0062207,regulation of pattern recognition receptor signaling pathway,0.3310724131514505,0.7913945193437256,False,2,120,59,6000,0.016666666666666666,0.009833333333333333,1.6949152542372883,10107;115362,10107;115362
immune_biased,BP,GO:0065002,intracellular protein transmembrane transport,0.3328242822494307,0.7913945193437256,False,1,120,20,6000,0.008333333333333333,0.0033333333333333335,2.5,134266,134266
immune_biased,BP,GO:0097479,synaptic vesicle localization,0.3328242822494307,0.7913945193437256,False,1,120,20,6000,0.008333333333333333,0.0033333333333333335,2.5,388552,388552
immune_biased,BP,GO:1990089,response to nerve growth factor,0.3328242822494307,0.7913945193437256,False,1,120,20,6000,0.008333333333333333,0.0033333333333333335,2.5,867,867
immune_biased,BP,GO:2000142,regulation of DNA-templated transcription initiation,0.3328242822494307,0.7913945193437256,False,1,120,20,6000,0.008333333333333333,0.0033333333333333335,2.5,4792,4792
immune_biased,BP,GO:0062012,regulation of small molecule metabolic process,0.33429059591127813,0.7942187407858783,False,3,120,102,6000,0.025,0.017,1.4705882352941175,972;3630;5468,3630;5468;972
immune_biased,BP,GO:0006413,translational initiation,0.3462124237427534,0.7985854531477264,False,1,120,21,6000,0.008333333333333333,0.0035,2.380952380952381,1967,1967
immune_biased,BP,GO:0006644,phospholipid metabolic process,0.34531399775114563,0.7985854531477264,False,3,120,104,6000,0.025,0.017333333333333333,1.4423076923076925,5298;8818;256987,256987;5298;8818
immune_biased,BP,GO:0007029,endoplasmic reticulum organization,0.3462124237427534,0.7985854531477264,False,1,120,21,6000,0.008333333333333333,0.0035,2.380952380952381,10890,10890
immune_biased,BP,GO:0008360,regulation of cell shape,0.3462124237427534,0.7985854531477264,False,1,120,21,6000,0.008333333333333333,0.0035,2.380952380952381,64218,64218
immune_biased,BP,GO:0008654,phospholipid biosynthetic process,0.33842504355868663,0.7985854531477264,False,2,120,60,6000,0.016666666666666666,0.01,1.6666666666666665,5298;8818,5298;8818
immune_biased,BP,GO:0009408,response to heat,0.3462124237427534,0.7985854531477264,False,1,120,21,6000,0.008333333333333333,0.0035,2.380952380952381,1967,1967
immune_biased,BP,GO:0010562,positive regulation of phosphorus metabolic process,0.3462124237427534,0.7985854531477264,False,1,120,21,6000,0.008333333333333333,0.0035,2.380952380952381,3630,3630
immune_biased,BP,GO:0015909,long-chain fatty acid transport,0.3462124237427534,0.7985854531477264,False,1,120,21,6000,0.008333333333333333,0.0035,2.380952380952381,5468,5468
immune_biased,BP,GO:0030490,maturation of SSU-rRNA,0.3462124237427534,0.7985854531477264,False,1,120,21,6000,0.008333333333333333,0.0035,2.380952380952381,25926,25926
immune_biased,BP,GO:0031344,regulation of cell projection organization,0.33901762929360096,0.7985854531477264,False,5,120,192,6000,0.041666666666666664,0.032,1.3020833333333333,2896;3630;5909;6376;10890,10890;2896;3630;5909;6376
immune_biased,BP,GO:0031346,positive regulation of cell projection organization,0.34531399775114563,0.7985854531477264,False,3,120,104,6000,0.025,0.017333333333333333,1.4423076923076925,2896;3630;6376,2896;3630;6376
immune_biased,BP,GO:0031397,negative regulation of protein ubiquitination,0.3462124237427534,0.7985854531477264,False,1,120,21,6000,0.008333333333333333,0.0035,2.380952380952381,23376,23376
immune_biased,BP,GO:0033143,regulation of intracellular steroid hormone receptor signaling pathway,0.3462124237427534,0.7985854531477264,False,1,120,21,6000,0.008333333333333333,0.0035,2.380952380952381,23376,23376
immune_biased,BP,GO:0038127,ERBB signaling pathway,0.3462124237427534,0.7985854531477264,False,1,120,21,6000,0.008333333333333333,0.0035,2.380952380952381,5595,5595
immune_biased,BP,GO:0043269,regulation of monoatomic ion transport,0.34531399775114563,0.7985854531477264,False,3,120,104,6000,0.025,0.017333333333333333,1.4423076923076925,5142;6376;27347,27347;5142;6376
immune_biased,BP,GO:0045911,positive regulation of DNA recombination,0.3462124237427534,0.7985854531477264,False,1,120,21,6000,0.008333333333333333,0.0035,2.380952380952381,8741,8741
immune_biased,BP,GO:0046488,phosphatidylinositol metabolic process,0.3462124237427534,0.7985854531477264,False,1,120,21,6000,0.008333333333333333,0.0035,2.380952380952381,5298,5298
immune_biased,BP,GO:0048667,cell morphogenesis involved in neuron differentiation,0.34531399775114563,0.7985854531477264,False,3,120,104,6000,0.025,0.017333333333333333,1.4423076923076925,3676;10890;64218,10890;3676;64218
immune_biased,BP,GO:0050766,positive regulation of phagocytosis,0.3462124237427534,0.7985854531477264,False,1,120,21,6000,0.008333333333333333,0.0035,2.380952380952381,566,566
immune_biased,BP,GO:0050918,positive chemotaxis,0.3462124237427534,0.7985854531477264,False,1,120,21,6000,0.008333333333333333,0.0035,2.380952380952381,6376,6376
immune_biased,BP,GO:0051279,regulation of release of sequestered calcium ion into cytosol,0.3462124237427534,0.7985854531477264,False,1,120,21,6000,0.008333333333333333,0.0035,2.380952380952381,6376,6376
immune_biased,BP,GO:0060491,regulation of cell projection assembly,0.345753756832258,0.7985854531477264,False,2,120,61,6000,0.016666666666666666,0.010166666666666666,1.639344262295082,5909;10890,10890;5909
immune_biased,BP,GO:0061008,hepaticobiliary system development,0.3462124237427534,0.7985854531477264,False,1,120,21,6000,0.008333333333333333,0.0035,2.380952380952381,1051,1051
immune_biased,BP,GO:0072523,purine-containing compound catabolic process,0.3462124237427534,0.7985854531477264,False,1,120,21,6000,0.008333333333333333,0.0035,2.380952380952381,5142,5142
immune_biased,BP,GO:0090068,positive regulation of cell cycle process,0.33842504355868663,0.7985854531477264,False,2,120,60,6000,0.016666666666666666,0.01,1.6666666666666665,3630;5292,3630;5292
immune_biased,BP,GO:0090303,positive regulation of wound healing,0.3462124237427534,0.7985854531477264,False,1,120,21,6000,0.008333333333333333,0.0035,2.380952380952381,130120,130120
immune_biased,BP,GO:0097035,regulation of membrane lipid distribution,0.3462124237427534,0.7985854531477264,False,1,120,21,6000,0.008333333333333333,0.0035,2.380952380952381,256987,256987
immune_biased,BP,GO:0098930,axonal transport,0.3462124237427534,0.7985854531477264,False,1,120,21,6000,0.008333333333333333,0.0035,2.380952380952381,388552,388552
immune_biased,BP,GO:0120032,regulation of plasma membrane bounded cell projection assembly,0.345753756832258,0.7985854531477264,False,2,120,61,6000,0.016666666666666666,0.010166666666666666,1.639344262295082,5909;10890,10890;5909
immune_biased,BP,GO:0120162,positive regulation of cold-induced thermogenesis,0.3462124237427534,0.7985854531477264,False,1,120,21,6000,0.008333333333333333,0.0035,2.380952380952381,1051,1051
immune_biased,BP,GO:1900225,regulation of NLRP3 inflammasome complex assembly,0.3462124237427534,0.7985854531477264,False,1,120,21,6000,0.008333333333333333,0.0035,2.380952380952381,115362,115362
immune_biased,BP,GO:1901379,regulation of potassium ion transmembrane transport,0.3462124237427534,0.7985854531477264,False,1,120,21,6000,0.008333333333333333,0.0035,2.380952380952381,27347,27347
immune_biased,BP,GO:1901654,response to ketone,0.33842504355868663,0.7985854531477264,False,2,120,60,6000,0.016666666666666666,0.01,1.6666666666666665,867;27347,27347;867
immune_biased,BP,GO:1903008,organelle disassembly,0.3462124237427534,0.7985854531477264,False,1,120,21,6000,0.008333333333333333,0.0035,2.380952380952381,23376,23376
immune_biased,BP,GO:1905954,positive regulation of lipid localization,0.3462124237427534,0.7985854531477264,False,1,120,21,6000,0.008333333333333333,0.0035,2.380952380952381,5468,5468
immune_biased,BP,GO:2000630,positive regulation of miRNA metabolic process,0.3462124237427534,0.7985854531477264,False,1,120,21,6000,0.008333333333333333,0.0035,2.380952380952381,5468,5468
immune_biased,BP,GO:0065003,protein-containing complex assembly,0.352122037147788,0.8115601680746513,False,9,120,381,6000,0.075,0.0635,1.1811023622047243,972;3119;4690;6376;7186;8342;8575;55863;115362,115362;3119;4690;55863;6376;7186;8342;8575;972
immune_biased,BP,GO:0051248,negative regulation of protein metabolic process,0.35269122803650094,0.81221542094674,False,4,120,150,6000,0.03333333333333333,0.025,1.3333333333333333,3630;5806;9770;23376,23376;3630;5806;9770
immune_biased,BP,GO:0045732,positive regulation of protein catabolic process,0.35305657671746016,0.8124005651505076,False,2,120,62,6000,0.016666666666666666,0.010333333333333333,1.6129032258064515,23376;149628,149628;23376
immune_biased,BP,GO:0006139,nucleobase-containing compound metabolic process,0.35495559111573666,0.81611160505723,False,16,120,715,6000,0.13333333333333333,0.11916666666666667,1.1188811188811187,728;1051;1776;5142;5468;5692;6421;8575;9533;25926;51010;56342;60489;118460;165918;203522,1051;118460;165918;1776;203522;25926;51010;5142;5468;56342;5692;60489;6421;728;8575;9533
immune_biased,BP,GO:0007204,positive regulation of cytosolic calcium ion concentration,0.3603316142014514,0.8198766417305171,False,2,120,63,6000,0.016666666666666666,0.0105,1.5873015873015872,728;57007,57007;728
immune_biased,BP,GO:0008544,epidermis development,0.3603316142014514,0.8198766417305171,False,2,120,63,6000,0.016666666666666666,0.0105,1.5873015873015872,5266;344167,344167;5266
immune_biased,BP,GO:0009166,nucleotide catabolic process,0.3593341011387844,0.8198766417305171,False,1,120,22,6000,0.008333333333333333,0.0036666666666666666,2.272727272727273,5142,5142
immune_biased,BP,GO:0009306,protein secretion,0.3593341011387844,0.8198766417305171,False,1,120,22,6000,0.008333333333333333,0.0036666666666666666,2.272727272727273,169026,169026
immune_biased,BP,GO:0010507,negative regulation of autophagy,0.3593341011387844,0.8198766417305171,False,1,120,22,6000,0.008333333333333333,0.0036666666666666666,2.272727272727273,5987,5987
immune_biased,BP,GO:0032784,regulation of DNA-templated transcription elongation,0.3593341011387844,0.8198766417305171,False,1,120,22,6000,0.008333333333333333,0.0036666666666666666,2.272727272727273,165918,165918
immune_biased,BP,GO:0033273,response to vitamin,0.3593341011387844,0.8198766417305171,False,1,120,22,6000,0.008333333333333333,0.0036666666666666666,2.272727272727273,5292,5292
immune_biased,BP,GO:0043271,negative regulation of monoatomic ion transport,0.3593341011387844,0.8198766417305171,False,1,120,22,6000,0.008333333333333333,0.0036666666666666666,2.272727272727273,27347,27347
immune_biased,BP,GO:0043473,pigmentation,0.3593341011387844,0.8198766417305171,False,1,120,22,6000,0.008333333333333333,0.0036666666666666666,2.272727272727273,388552,388552
immune_biased,BP,GO:0045913,positive regulation of carbohydrate metabolic process,0.3593341011387844,0.8198766417305171,False,1,120,22,6000,0.008333333333333333,0.0036666666666666666,2.272727272727273,3630,3630
immune_biased,BP,GO:0051924,regulation of calcium ion transport,0.3603316142014514,0.8198766417305171,False,2,120,63,6000,0.016666666666666666,0.0105,1.5873015873015872,5142;6376,5142;6376
immune_biased,BP,GO:0070918,regulatory ncRNA processing,0.3593341011387844,0.8198766417305171,False,1,120,22,6000,0.008333333333333333,0.0036666666666666666,2.272727272727273,8575,8575
immune_biased,BP,GO:0099111,microtubule-based transport,0.3603316142014514,0.8198766417305171,False,2,120,63,6000,0.016666666666666666,0.0105,1.5873015873015872,6421;388552,388552;6421
immune_biased,BP,GO:0003008,system process,0.3676533106948936,0.8325493159580156,False,12,120,529,6000,0.1,0.08816666666666667,1.1342155009451795,566;728;1051;3630;3676;5175;5468;5595;27347;51752;338398;390265,1051;27347;338398;3630;3676;390265;5175;51752;5468;5595;566;728
immune_biased,BP,GO:0006457,protein folding,0.3675770648649201,0.8325493159580156,False,2,120,64,6000,0.016666666666666666,0.010666666666666666,1.5625,972;134266,134266;972
immune_biased,BP,GO:0007015,actin filament organization,0.3675770648649201,0.8325493159580156,False,2,120,64,6000,0.016666666666666666,0.010666666666666666,1.5625,5987;64005,5987;64005
immune_biased,BP,GO:0009267,cellular response to starvation,0.3675770648649201,0.8325493159580156,False,2,120,64,6000,0.016666666666666666,0.010666666666666666,1.5625,5595;96459,5595;96459
immune_biased,BP,GO:0010506,regulation of autophagy,0.3673112586051334,0.8325493159580156,False,3,120,108,6000,0.025,0.018,1.388888888888889,5987;23376;29110,23376;29110;5987
immune_biased,BP,GO:1901987,regulation of cell cycle phase transition,0.3673112586051334,0.8325493159580156,False,3,120,108,6000,0.025,0.018,1.388888888888889,5292;5692;23376,23376;5292;5692
immune_biased,BP,GO:0006487,protein N-linked glycosylation,0.3721945741838406,0.8348754767884576,False,1,120,23,6000,0.008333333333333333,0.003833333333333333,2.1739130434782608,8818,8818
immune_biased,BP,GO:0007193,adenylate cyclase-inhibiting G protein-coupled receptor signaling pathway,0.3721945741838406,0.8348754767884576,False,1,120,23,6000,0.008333333333333333,0.003833333333333333,2.1739130434782608,728,728
immune_biased,BP,GO:0030216,keratinocyte differentiation,0.3721945741838406,0.8348754767884576,False,1,120,23,6000,0.008333333333333333,0.003833333333333333,2.1739130434782608,5266,5266
immune_biased,BP,GO:0031099,regeneration,0.3721945741838406,0.8348754767884576,False,1,120,23,6000,0.008333333333333333,0.003833333333333333,2.1739130434782608,1051,1051
immune_biased,BP,GO:0032206,positive regulation of telomere maintenance,0.3721945741838406,0.8348754767884576,False,1,120,23,6000,0.008333333333333333,0.003833333333333333,2.1739130434782608,5595,5595
immune_biased,BP,GO:0032231,regulation of actin filament bundle assembly,0.3721945741838406,0.8348754767884576,False,1,120,23,6000,0.008333333333333333,0.003833333333333333,2.1739130434782608,6376,6376
immune_biased,BP,GO:0033363,secretory granule organization,0.3721945741838406,0.8348754767884576,False,1,120,23,6000,0.008333333333333333,0.003833333333333333,2.1739130434782608,388552,388552
immune_biased,BP,GO:0034763,negative regulation of transmembrane transport,0.3721945741838406,0.8348754767884576,False,1,120,23,6000,0.008333333333333333,0.003833333333333333,2.1739130434782608,27347,27347
immune_biased,BP,GO:0048661,positive regulation of smooth muscle cell proliferation,0.3721945741838406,0.8348754767884576,False,1,120,23,6000,0.008333333333333333,0.003833333333333333,2.1739130434782608,6376,6376
immune_biased,BP,GO:0071692,protein localization to extracellular region,0.3721945741838406,0.8348754767884576,False,1,120,23,6000,0.008333333333333333,0.003833333333333333,2.1739130434782608,169026,169026
immune_biased,BP,GO:0141085,regulation of inflammasome-mediated signaling pathway,0.3721945741838406,0.8348754767884576,False,1,120,23,6000,0.008333333333333333,0.003833333333333333,2.1739130434782608,115362,115362
immune_biased,BP,GO:1901890,positive regulation of cell junction assembly,0.3721945741838406,0.8348754767884576,False,1,120,23,6000,0.008333333333333333,0.003833333333333333,2.1739130434782608,64218,64218
immune_biased,BP,GO:0097190,apoptotic signaling pathway,0.3747912063033416,0.840039095260084,False,2,120,65,6000,0.016666666666666666,0.010833333333333334,1.5384615384615383,1051;7186,1051;7186
immune_biased,BP,GO:0007399,nervous system development,0.37766215588682917,0.8458089602775726,False,12,120,533,6000,0.1,0.08883333333333333,1.125703564727955,566;728;1967;2674;2896;3676;5595;6376;10890;57007;64218;388552,10890;1967;2674;2896;3676;388552;5595;566;57007;6376;64218;728
immune_biased,BP,GO:0006873,intracellular monoatomic ion homeostasis,0.3782689380557979,0.8465029375173311,False,3,120,110,6000,0.025,0.018333333333333333,1.3636363636363638,2896;27347;169026,169026;27347;2896
immune_biased,BP,GO:0000041,transition metal ion transport,0.3847989996645063,0.8491191548324362,False,1,120,24,6000,0.008333333333333333,0.004,2.0833333333333335,169026,169026
immune_biased,BP,GO:0001938,positive regulation of endothelial cell proliferation,0.3847989996645063,0.8491191548324362,False,1,120,24,6000,0.008333333333333333,0.004,2.0833333333333335,3676,3676
immune_biased,BP,GO:0007369,gastrulation,0.3847989996645063,0.8491191548324362,False,1,120,24,6000,0.008333333333333333,0.004,2.0833333333333335,3676,3676
immune_biased,BP,GO:0009895,negative regulation of catabolic process,0.38373417377288055,0.8491191548324362,False,3,120,111,6000,0.025,0.0185,1.3513513513513515,3630;5987;7186,3630;5987;7186
immune_biased,BP,GO:0030168,platelet activation,0.3847989996645063,0.8491191548324362,False,1,120,24,6000,0.008333333333333333,0.004,2.0833333333333335,388552,388552
immune_biased,BP,GO:0031570,DNA integrity checkpoint signaling,0.3847989996645063,0.8491191548324362,False,1,120,24,6000,0.008333333333333333,0.004,2.0833333333333335,23376,23376
immune_biased,BP,GO:0035592,establishment of protein localization to extracellular region,0.3847989996645063,0.8491191548324362,False,1,120,24,6000,0.008333333333333333,0.004,2.0833333333333335,169026,169026
immune_biased,BP,GO:0043266,regulation of potassium ion transport,0.3847989996645063,0.8491191548324362,False,1,120,24,6000,0.008333333333333333,0.004,2.0833333333333335,27347,27347
immune_biased,BP,GO:0044788,host-mediated perturbation of viral process,0.3847989996645063,0.8491191548324362,False,1,120,24,6000,0.008333333333333333,0.004,2.0833333333333335,5806,5806
immune_biased,BP,GO:0050909,sensory perception of taste,0.3847989996645063,0.8491191548324362,False,1,120,24,6000,0.008333333333333333,0.004,2.0833333333333335,338398,338398
immune_biased,BP,GO:0051128,regulation of cellular component organization,0.38166822438935205,0.8491191548324362,False,15,120,679,6000,0.125,0.11316666666666667,1.1045655375552283,566;867;2896;3630;4690;5468;5595;5909;6376;7186;8995;10890;64218;96459;115362,10890;115362;2896;3630;4690;5468;5595;566;5909;6376;64218;7186;867;8995;96459
immune_biased,BP,GO:0051453,regulation of intracellular pH,0.3847989996645063,0.8491191548324362,False,1,120,24,6000,0.008333333333333333,0.004,2.0833333333333335,2896,2896
immune_biased,BP,GO:0072009,nephron epithelium development,0.3847989996645063,0.8491191548324362,False,1,120,24,6000,0.008333333333333333,0.004,2.0833333333333335,5175,5175
immune_biased,BP,GO:1901292,nucleoside phosphate catabolic process,0.3847989996645063,0.8491191548324362,False,1,120,24,6000,0.008333333333333333,0.004,2.0833333333333335,5142,5142
immune_biased,BP,GO:1902017,regulation of cilium assembly,0.3847989996645063,0.8491191548324362,False,1,120,24,6000,0.008333333333333333,0.004,2.0833333333333335,10890,10890
immune_biased,BP,GO:1903321,negative regulation of protein modification by small protein conjugation or removal,0.3847989996645063,0.8491191548324362,False,1,120,24,6000,0.008333333333333333,0.004,2.0833333333333335,23376,23376
immune_biased,BP,GO:1903578,regulation of ATP metabolic process,0.3847989996645063,0.8491191548324362,False,1,120,24,6000,0.008333333333333333,0.004,2.0833333333333335,3630,3630
immune_biased,BP,GO:1990138,neuron projection extension,0.3847989996645063,0.8491191548324362,False,1,120,24,6000,0.008333333333333333,0.004,2.0833333333333335,3676,3676
immune_biased,BP,GO:0016236,macroautophagy,0.3891190669621152,0.8566629034046258,False,2,120,67,6000,0.016666666666666666,0.011166666666666667,1.4925373134328357,23376;29110,23376;29110
immune_biased,BP,GO:0032386,regulation of intracellular transport,0.3891190669621152,0.8566629034046258,False,2,120,67,6000,0.016666666666666666,0.011166666666666667,1.4925373134328357,4792;5595,4792;5595
immune_biased,BP,GO:0110053,regulation of actin filament organization,0.3891190669621152,0.8566629034046258,False,2,120,67,6000,0.016666666666666666,0.011166666666666667,1.4925373134328357,4690;6376,4690;6376
immune_biased,BP,GO:0006140,regulation of nucleotide metabolic process,0.397152433406183,0.8649973931558653,False,1,120,25,6000,0.008333333333333333,0.004166666666666667,2.0,3630,3630
immune_biased,BP,GO:0006401,RNA catabolic process,0.3962297291794695,0.8649973931558653,False,2,120,68,6000,0.016666666666666666,0.011333333333333334,1.4705882352941175,51010;118460,118460;51010
immune_biased,BP,GO:0010389,regulation of G2/M transition of mitotic cell cycle,0.397152433406183,0.8649973931558653,False,1,120,25,6000,0.008333333333333333,0.004166666666666667,2.0,5292,5292
immune_biased,BP,GO:0042058,regulation of epidermal growth factor receptor signaling pathway,0.397152433406183,0.8649973931558653,False,1,120,25,6000,0.008333333333333333,0.004166666666666667,2.0,867,867
immune_biased,BP,GO:0043547,positive regulation of GTPase activity,0.397152433406183,0.8649973931558653,False,1,120,25,6000,0.008333333333333333,0.004166666666666667,2.0,5909,5909
immune_biased,BP,GO:0045661,regulation of myoblast differentiation,0.397152433406183,0.8649973931558653,False,1,120,25,6000,0.008333333333333333,0.004166666666666667,2.0,463,463
immune_biased,BP,GO:0046890,regulation of lipid biosynthetic process,0.3962297291794695,0.8649973931558653,False,2,120,68,6000,0.016666666666666666,0.011333333333333334,1.4705882352941175,972;3630,3630;972
immune_biased,BP,GO:0048255,mRNA stabilization,0.397152433406183,0.8649973931558653,False,1,120,25,6000,0.008333333333333333,0.004166666666666667,2.0,7186,7186
immune_biased,BP,GO:0050673,epithelial cell proliferation,0.397152433406183,0.8649973931558653,False,1,120,25,6000,0.008333333333333333,0.004166666666666667,2.0,1051,1051
immune_biased,BP,GO:0097009,energy homeostasis,0.397152433406183,0.8649973931558653,False,1,120,25,6000,0.008333333333333333,0.004166666666666667,2.0,27347,27347
immune_biased,BP,GO:0098586,cellular response to virus,0.397152433406183,0.8649973931558653,False,1,120,25,6000,0.008333333333333333,0.004166666666666667,2.0,7098,7098
immune_biased,BP,GO:1900542,regulation of purine nucleotide metabolic process,0.397152433406183,0.8649973931558653,False,1,120,25,6000,0.008333333333333333,0.004166666666666667,2.0,3630,3630
immune_biased,BP,GO:1901874,negative regulation of post-translational protein modification,0.397152433406183,0.8649973931558653,False,1,120,25,6000,0.008333333333333333,0.004166666666666667,2.0,23376,23376
immune_biased,BP,GO:1901989,positive regulation of cell cycle phase transition,0.397152433406183,0.8649973931558653,False,1,120,25,6000,0.008333333333333333,0.004166666666666667,2.0,5292,5292
immune_biased,BP,GO:0009896,positive regulation of catabolic process,0.398463685443224,0.8671908146554441,False,4,120,160,6000,0.03333333333333333,0.02666666666666667,1.25,3630;23376;29110;149628,149628;23376;29110;3630
immune_biased,BP,GO:0001822,kidney development,0.4033029634689686,0.876384717111303,False,2,120,69,6000,0.016666666666666666,0.0115,1.4492753623188406,2674;5175,2674;5175
immune_biased,BP,GO:0042060,wound healing,0.4033029634689686,0.876384717111303,False,2,120,69,6000,0.016666666666666666,0.0115,1.4492753623188406,3630;388552,3630;388552
immune_biased,BP,GO:0007229,integrin-mediated signaling pathway,0.40925983223317164,0.8819348312144915,False,1,120,26,6000,0.008333333333333333,0.004333333333333333,1.9230769230769231,3676,3676
immune_biased,BP,GO:0007613,memory,0.40925983223317164,0.8819348312144915,False,1,120,26,6000,0.008333333333333333,0.004333333333333333,1.9230769230769231,1051,1051
immune_biased,BP,GO:0008593,regulation of Notch signaling pathway,0.40925983223317164,0.8819348312144915,False,1,120,26,6000,0.008333333333333333,0.004333333333333333,1.9230769230769231,3572,3572
immune_biased,BP,GO:0009894,regulation of catabolic process,0.4068914706478601,0.8819348312144915,False,7,120,304,6000,0.058333333333333334,0.050666666666666665,1.1513157894736843,3630;5692;5987;7186;23376;29110;149628,149628;23376;29110;3630;5692;5987;7186
immune_biased,BP,GO:0014823,response to activity,0.40925983223317164,0.8819348312144915,False,1,120,26,6000,0.008333333333333333,0.004333333333333333,1.9230769230769231,867,867
immune_biased,BP,GO:0022414,reproductive process,0.40735013624437577,0.8819348312144915,False,8,120,352,6000,0.06666666666666667,0.058666666666666666,1.1363636363636365,867;1051;2674;3623;5266;5692;5987;84868,1051;2674;3623;5266;5692;5987;84868;867
immune_biased,BP,GO:0043535,regulation of blood vessel endothelial cell migration,0.40925983223317164,0.8819348312144915,False,1,120,26,6000,0.008333333333333333,0.004333333333333333,1.9230769230769231,5468,5468
immune_biased,BP,GO:0050730,regulation of peptidyl-tyrosine phosphorylation,0.40925983223317164,0.8819348312144915,False,1,120,26,6000,0.008333333333333333,0.004333333333333333,1.9230769230769231,8995,8995
immune_biased,BP,GO:0060560,developmental growth involved in morphogenesis,0.40925983223317164,0.8819348312144915,False,1,120,26,6000,0.008333333333333333,0.004333333333333333,1.9230769230769231,3676,3676
immune_biased,BP,GO:1901184,regulation of ERBB signaling pathway,0.40925983223317164,0.8819348312144915,False,1,120,26,6000,0.008333333333333333,0.004333333333333333,1.9230769230769231,867,867
immune_biased,BP,GO:2001252,positive regulation of chromosome organization,0.40925983223317164,0.8819348312144915,False,1,120,26,6000,0.008333333333333333,0.004333333333333333,1.9230769230769231,5595,5595
immune_biased,BP,GO:0051962,positive regulation of nervous system development,0.41033742113857935,0.8829222548423319,False,2,120,70,6000,0.016666666666666666,0.011666666666666667,1.4285714285714284,6376;64218,6376;64218
immune_biased,BP,GO:0072001,renal system development,0.41033742113857935,0.8829222548423319,False,2,120,70,6000,0.016666666666666666,0.011666666666666667,1.4285714285714284,2674;5175,2674;5175
immune_biased,BP,GO:0006281,DNA repair,0.4108884454692452,0.8834411448211298,False,3,120,116,6000,0.025,0.019333333333333334,1.293103448275862,5692;6421;165918,165918;5692;6421
immune_biased,BP,GO:0001666,response to hypoxia,0.41733182140815933,0.8959435412911613,False,2,120,71,6000,0.016666666666666666,0.011833333333333333,1.4084507042253522,867;5468,5468;867
immune_biased,BP,GO:0030705,cytoskeleton-dependent intracellular transport,0.41733182140815933,0.8959435412911613,False,2,120,71,6000,0.016666666666666666,0.011833333333333333,1.4084507042253522,6421;388552,388552;6421
immune_biased,BP,GO:0001952,regulation of cell-matrix adhesion,0.42112605589102525,0.9000227776201747,False,1,120,27,6000,0.008333333333333333,0.0045,1.8518518518518519,6376,6376
immune_biased,BP,GO:0016049,cell growth,0.42112605589102525,0.9000227776201747,False,1,120,27,6000,0.008333333333333333,0.0045,1.8518518518518519,3676,3676
immune_biased,BP,GO:0030512,negative regulation of transforming growth factor beta receptor signaling pathway,0.42112605589102525,0.9000227776201747,False,1,120,27,6000,0.008333333333333333,0.0045,1.8518518518518519,5468,5468
immune_biased,BP,GO:0048588,developmental cell growth,0.42112605589102525,0.9000227776201747,False,1,120,27,6000,0.008333333333333333,0.0045,1.8518518518518519,3676,3676
immune_biased,BP,GO:0055117,regulation of cardiac muscle contraction,0.42112605589102525,0.9000227776201747,False,1,120,27,6000,0.008333333333333333,0.0045,1.8518518518518519,5142,5142
immune_biased,BP,GO:2000060,positive regulation of ubiquitin-dependent protein catabolic process,0.42112605589102525,0.9000227776201747,False,1,120,27,6000,0.008333333333333333,0.0045,1.8518518518518519,149628,149628
immune_biased,BP,GO:0060627,regulation of vesicle-mediated transport,0.4270133140572761,0.9119213171365499,False,3,120,119,6000,0.025,0.019833333333333335,1.2605042016806722,867;5595;169026,169026;5595;867
immune_biased,BP,GO:0006839,mitochondrial transport,0.4327558689318889,0.9152722420807234,False,1,120,28,6000,0.008333333333333333,0.004666666666666667,1.7857142857142856,134266,134266
immune_biased,BP,GO:0006885,regulation of pH,0.4327558689318889,0.9152722420807234,False,1,120,28,6000,0.008333333333333333,0.004666666666666667,1.7857142857142856,2896,2896
immune_biased,BP,GO:0007043,cell-cell junction assembly,0.4327558689318889,0.9152722420807234,False,1,120,28,6000,0.008333333333333333,0.004666666666666667,1.7857142857142856,5175,5175
immune_biased,BP,GO:0018205,peptidyl-lysine modification,0.4327558689318889,0.9152722420807234,False,1,120,28,6000,0.008333333333333333,0.004666666666666667,1.7857142857142856,5987,5987
immune_biased,BP,GO:0030010,establishment of cell polarity,0.4327558689318889,0.9152722420807234,False,1,120,28,6000,0.008333333333333333,0.004666666666666667,1.7857142857142856,10890,10890
immune_biased,BP,GO:0030048,actin filament-based movement,0.4327558689318889,0.9152722420807234,False,1,120,28,6000,0.008333333333333333,0.004666666666666667,1.7857142857142856,64005,64005
immune_biased,BP,GO:0030510,regulation of BMP signaling pathway,0.4327558689318889,0.9152722420807234,False,1,120,28,6000,0.008333333333333333,0.004666666666666667,1.7857142857142856,5468,5468
immune_biased,BP,GO:0036293,response to decreased oxygen levels,0.43119565342273936,0.9152722420807234,False,2,120,73,6000,0.016666666666666666,0.012166666666666666,1.3698630136986303,867;5468,5468;867
immune_biased,BP,GO:0042552,myelination,0.4327558689318889,0.9152722420807234,False,1,120,28,6000,0.008333333333333333,0.004666666666666667,1.7857142857142856,5595,5595
immune_biased,BP,GO:0046822,regulation of nucleocytoplasmic transport,0.4327558689318889,0.9152722420807234,False,1,120,28,6000,0.008333333333333333,0.004666666666666667,1.7857142857142856,4792,4792
immune_biased,BP,GO:0050764,regulation of phagocytosis,0.4327558689318889,0.9152722420807234,False,1,120,28,6000,0.008333333333333333,0.004666666666666667,1.7857142857142856,566,566
immune_biased,BP,GO:0072384,organelle transport along microtubule,0.4327558689318889,0.9152722420807234,False,1,120,28,6000,0.008333333333333333,0.004666666666666667,1.7857142857142856,388552,388552
immune_biased,BP,GO:1903076,regulation of protein localization to plasma membrane,0.4327558689318889,0.9152722420807234,False,1,120,28,6000,0.008333333333333333,0.004666666666666667,1.7857142857142856,3630,3630
immune_biased,BP,GO:0006914,autophagy,0.4380628442203826,0.9244390591208814,False,2,120,74,6000,0.016666666666666666,0.012333333333333333,1.3513513513513513,23376;29110,23376;29110
immune_biased,BP,GO:0007346,regulation of mitotic cell cycle,0.4376803455877722,0.9244390591208814,False,3,120,121,6000,0.025,0.020166666666666666,1.2396694214876034,3630;5292;5692,3630;5292;5692
immune_biased,BP,GO:0061919,process utilizing autophagic mechanism,0.4380628442203826,0.9244390591208814,False,2,120,74,6000,0.016666666666666666,0.012333333333333333,1.3513513513513513,23376;29110,23376;29110
immune_biased,BP,GO:0009247,glycolipid biosynthetic process,0.4441539425635324,0.9256453876086482,False,1,120,29,6000,0.008333333333333333,0.004833333333333334,1.7241379310344827,8818,8818
immune_biased,BP,GO:0009581,detection of external stimulus,0.4441539425635324,0.9256453876086482,False,1,120,29,6000,0.008333333333333333,0.004833333333333334,1.7241379310344827,5175,5175
immune_biased,BP,GO:0009582,detection of abiotic stimulus,0.4441539425635324,0.9256453876086482,False,1,120,29,6000,0.008333333333333333,0.004833333333333334,1.7241379310344827,5175,5175
immune_biased,BP,GO:0010811,positive regulation of cell-substrate adhesion,0.4441539425635324,0.9256453876086482,False,1,120,29,6000,0.008333333333333333,0.004833333333333334,1.7241379310344827,6376,6376
immune_biased,BP,GO:0010906,regulation of glucose metabolic process,0.4441539425635324,0.9256453876086482,False,1,120,29,6000,0.008333333333333333,0.004833333333333334,1.7241379310344827,3630,3630
immune_biased,BP,GO:0015914,phospholipid transport,0.4441539425635324,0.9256453876086482,False,1,120,29,6000,0.008333333333333333,0.004833333333333334,1.7241379310344827,256987,256987
immune_biased,BP,GO:0043255,regulation of carbohydrate biosynthetic process,0.4441539425635324,0.9256453876086482,False,1,120,29,6000,0.008333333333333333,0.004833333333333334,1.7241379310344827,3630,3630
immune_biased,BP,GO:0045931,positive regulation of mitotic cell cycle,0.4441539425635324,0.9256453876086482,False,1,120,29,6000,0.008333333333333333,0.004833333333333334,1.7241379310344827,5292,5292
immune_biased,BP,GO:0046907,intracellular transport,0.4414468190048242,0.9256453876086482,False,8,120,363,6000,0.06666666666666667,0.0605,1.1019283746556474,972;2896;5987;6421;10890;51290;134266;388552,10890;134266;2896;388552;51290;5987;6421;972
immune_biased,BP,GO:0048565,digestive tract development,0.4441539425635324,0.9256453876086482,False,1,120,29,6000,0.008333333333333333,0.004833333333333334,1.7241379310344827,3572,3572
immune_biased,BP,GO:0048812,neuron projection morphogenesis,0.44298682475813556,0.9256453876086482,False,3,120,122,6000,0.025,0.02033333333333333,1.2295081967213117,3676;10890;64218,10890;3676;64218
immune_biased,BP,GO:0048858,cell projection morphogenesis,0.44298682475813556,0.9256453876086482,False,3,120,122,6000,0.025,0.02033333333333333,1.2295081967213117,3676;10890;64218,10890;3676;64218
immune_biased,BP,GO:0051098,regulation of binding,0.4441539425635324,0.9256453876086482,False,1,120,29,6000,0.008333333333333333,0.004833333333333334,1.7241379310344827,149628,149628
immune_biased,BP,GO:0051262,protein tetramerization,0.4441539425635324,0.9256453876086482,False,1,120,29,6000,0.008333333333333333,0.004833333333333334,1.7241379310344827,115362,115362
immune_biased,BP,GO:0070167,regulation of biomineral tissue development,0.4441539425635324,0.9256453876086482,False,1,120,29,6000,0.008333333333333333,0.004833333333333334,1.7241379310344827,1051,1051
immune_biased,BP,GO:0120039,plasma membrane bounded cell projection morphogenesis,0.44298682475813556,0.9256453876086482,False,3,120,122,6000,0.025,0.02033333333333333,1.2295081967213117,3676;10890;64218,10890;3676;64218
immune_biased,BP,GO:1902373,negative regulation of mRNA catabolic process,0.4441539425635324,0.9256453876086482,False,1,120,29,6000,0.008333333333333333,0.004833333333333334,1.7241379310344827,7186,7186
immune_biased,BP,GO:0010975,regulation of neuron projection development,0.4482743608149819,0.9335501845752472,False,3,120,123,6000,0.025,0.0205,1.2195121951219512,2896;3630;6376,2896;3630;6376
immune_biased,BP,GO:0006721,terpenoid metabolic process,0.4553248564627744,0.9413569004897532,False,1,120,30,6000,0.008333333333333333,0.005,1.6666666666666665,8818,8818
immune_biased,BP,GO:0007272,ensheathment of neurons,0.4553248564627744,0.9413569004897532,False,1,120,30,6000,0.008333333333333333,0.005,1.6666666666666665,5595,5595
immune_biased,BP,GO:0008366,axon ensheathment,0.4553248564627744,0.9413569004897532,False,1,120,30,6000,0.008333333333333333,0.005,1.6666666666666665,5595,5595
immune_biased,BP,GO:0030182,neuron differentiation,0.4525036111127228,0.9413569004897532,False,6,120,269,6000,0.05,0.044833333333333336,1.1152416356877324,2674;3676;6376;10890;64218;388552,10890;2674;3676;388552;6376;64218
immune_biased,BP,GO:0032456,endocytic recycling,0.4553248564627744,0.9413569004897532,False,1,120,30,6000,0.008333333333333333,0.005,1.6666666666666665,10890,10890
immune_biased,BP,GO:0033157,regulation of intracellular protein transport,0.4553248564627744,0.9413569004897532,False,1,120,30,6000,0.008333333333333333,0.005,1.6666666666666665,4792,4792
immune_biased,BP,GO:0051928,positive regulation of calcium ion transport,0.4553248564627744,0.9413569004897532,False,1,120,30,6000,0.008333333333333333,0.005,1.6666666666666665,6376,6376
immune_biased,BP,GO:0055123,digestive system development,0.4553248564627744,0.9413569004897532,False,1,120,30,6000,0.008333333333333333,0.005,1.6666666666666665,3572,3572
immune_biased,BP,GO:0072006,nephron development,0.4553248564627744,0.9413569004897532,False,1,120,30,6000,0.008333333333333333,0.005,1.6666666666666665,5175,5175
immune_biased,BP,GO:1902749,regulation of cell cycle G2/M phase transition,0.4553248564627744,0.9413569004897532,False,1,120,30,6000,0.008333333333333333,0.005,1.6666666666666665,5292,5292
immune_biased,BP,GO:1903522,regulation of blood circulation,0.45839332420414536,0.9470140342797234,False,2,120,77,6000,0.016666666666666666,0.012833333333333334,1.2987012987012987,3676;5142,3676;5142
immune_biased,BP,GO:0009888,tissue development,0.4632580940798391,0.9563713441141355,False,7,120,321,6000,0.058333333333333334,0.0535,1.090342679127726,3572;3676;5175;5266;5468;10890;344167,10890;344167;3572;3676;5175;5266;5468
immune_biased,BP,GO:0001933,negative regulation of protein phosphorylation,0.46627310055397503,0.957051554844768,False,1,120,31,6000,0.008333333333333333,0.005166666666666667,1.6129032258064515,9770,9770
immune_biased,BP,GO:0002573,myeloid leukocyte differentiation,0.46627310055397503,0.957051554844768,False,1,120,31,6000,0.008333333333333333,0.005166666666666667,1.6129032258064515,5468,5468
immune_biased,BP,GO:0006720,isoprenoid metabolic process,0.46627310055397503,0.957051554844768,False,1,120,31,6000,0.008333333333333333,0.005166666666666667,1.6129032258064515,8818,8818
immune_biased,BP,GO:0015908,fatty acid transport,0.46627310055397503,0.957051554844768,False,1,120,31,6000,0.008333333333333333,0.005166666666666667,1.6129032258064515,5468,5468
immune_biased,BP,GO:0048514,blood vessel morphogenesis,0.4650767308164933,0.957051554844768,False,2,120,78,6000,0.016666666666666666,0.013,1.2820512820512822,51752;57007,51752;57007
immune_biased,BP,GO:0051147,regulation of muscle cell differentiation,0.46627310055397503,0.957051554844768,False,1,120,31,6000,0.008333333333333333,0.005166666666666667,1.6129032258064515,4775,4775
immune_biased,BP,GO:0070482,response to oxygen levels,0.4650767308164933,0.957051554844768,False,2,120,78,6000,0.016666666666666666,0.013,1.2820512820512822,867;5468,5468;867
immune_biased,BP,GO:2001236,regulation of extrinsic apoptotic signaling pathway,0.46627310055397503,0.957051554844768,False,1,120,31,6000,0.008333333333333333,0.005166666666666667,1.6129032258064515,7186,7186
immune_biased,BP,GO:0051640,organelle localization,0.46922207655624115,0.962411611699168,False,3,120,127,6000,0.025,0.021166666666666667,1.1811023622047245,867;3676;388552,3676;388552;867
immune_biased,BP,GO:0043933,protein-containing complex organization,0.47135887501799206,0.9660993189621103,False,9,120,422,6000,0.075,0.07033333333333333,1.066350710900474,972;3119;4690;6376;7186;8342;8575;55863;115362,115362;3119;4690;55863;6376;7186;8342;8575;972
immune_biased,BP,GO:0051641,cellular localization,0.4721288064341135,0.9669822034078001,False,11,120,521,6000,0.09166666666666666,0.08683333333333333,1.055662188099808,306;867;972;2896;3676;5987;6421;10890;51290;134266;388552,10890;134266;2896;306;3676;388552;51290;5987;6421;867;972
immune_biased,BP,GO:0006334,nucleosome assembly,0.4770030767532584,0.9719379542738046,False,1,120,32,6000,0.008333333333333333,0.005333333333333333,1.5625,8342,8342
immune_biased,BP,GO:0006633,fatty acid biosynthetic process,0.4770030767532584,0.9719379542738046,False,1,120,32,6000,0.008333333333333333,0.005333333333333333,1.5625,972,972
immune_biased,BP,GO:0007009,plasma membrane organization,0.4770030767532584,0.9719379542738046,False,1,120,32,6000,0.008333333333333333,0.005333333333333333,1.5625,256987,256987
immune_biased,BP,GO:0007160,cell-matrix adhesion,0.4770030767532584,0.9719379542738046,False,1,120,32,6000,0.008333333333333333,0.005333333333333333,1.5625,3676,3676
immune_biased,BP,GO:0043489,RNA stabilization,0.4770030767532584,0.9719379542738046,False,1,120,32,6000,0.008333333333333333,0.005333333333333333,1.5625,7186,7186
immune_biased,BP,GO:0045787,positive regulation of cell cycle,0.4782984741656078,0.9719379542738046,False,2,120,80,6000,0.016666666666666666,0.013333333333333334,1.25,3630;5292,3630;5292
immune_biased,BP,GO:0048839,inner ear development,0.4770030767532584,0.9719379542738046,False,1,120,32,6000,0.008333333333333333,0.005333333333333333,1.5625,5298,5298
immune_biased,BP,GO:0051259,protein complex oligomerization,0.4782984741656078,0.9719379542738046,False,2,120,80,6000,0.016666666666666666,0.013333333333333334,1.25,972;115362,115362;972
immune_biased,BP,GO:0072657,protein localization to membrane,0.4782984741656078,0.9719379542738046,False,2,120,80,6000,0.016666666666666666,0.013333333333333334,1.25,3676;10890,10890;3676
immune_biased,BP,GO:0090092,regulation of transmembrane receptor protein serine/threonine kinase signaling pathway,0.4782984741656078,0.9719379542738046,False,2,120,80,6000,0.016666666666666666,0.013333333333333334,1.25,3623;5468,3623;5468
immune_biased,BP,GO:1901990,regulation of mitotic cell cycle phase transition,0.4782984741656078,0.9719379542738046,False,2,120,80,6000,0.016666666666666666,0.013333333333333334,1.25,5292;5692,5292;5692
immune_biased,BP,GO:0009057,macromolecule catabolic process,0.48292642544252773,0.980643332575959,False,7,120,327,6000,0.058333333333333334,0.0545,1.070336391437309,867;1521;1776;5692;51010;118460;165918,118460;1521;165918;1776;51010;5692;867
immune_biased,BP,GO:0097305,response to alcohol,0.4848353415407648,0.9838189030126123,False,2,120,81,6000,0.016666666666666666,0.0135,1.2345679012345678,867;27347,27347;867
immune_biased,BP,GO:0010821,regulation of mitochondrion organization,0.48751910067913096,0.9843604504505683,False,1,120,33,6000,0.008333333333333333,0.0055,1.5151515151515151,5468,5468
immune_biased,BP,GO:0023061,signal release,0.48751910067913096,0.9843604504505683,False,1,120,33,6000,0.008333333333333333,0.0055,1.5151515151515151,169026,169026
immune_biased,BP,GO:0030833,regulation of actin filament polymerization,0.48751910067913096,0.9843604504505683,False,1,120,33,6000,0.008333333333333333,0.0055,1.5151515151515151,4690,4690
immune_biased,BP,GO:0032204,regulation of telomere maintenance,0.48751910067913096,0.9843604504505683,False,1,120,33,6000,0.008333333333333333,0.0055,1.5151515151515151,5595,5595
immune_biased,BP,GO:0032434,regulation of proteasomal ubiquitin-dependent protein catabolic process,0.48751910067913096,0.9843604504505683,False,1,120,33,6000,0.008333333333333333,0.0055,1.5151515151515151,23376,23376
immune_biased,BP,GO:0033108,mitochondrial respiratory chain complex assembly,0.48751910067913096,0.9843604504505683,False,1,120,33,6000,0.008333333333333333,0.0055,1.5151515151515151,55863,55863
immune_biased,BP,GO:0072073,kidney epithelium development,0.48751910067913096,0.9843604504505683,False,1,120,33,6000,0.008333333333333333,0.0055,1.5151515151515151,5175,5175
immune_biased,BP,GO:0050801,monoatomic ion homeostasis,0.48981699974367005,0.9883002592138735,False,3,120,131,6000,0.025,0.021833333333333333,1.1450381679389314,2896;27347;169026,169026;27347;2896
immune_biased,BP,GO:0000724,double-strand break repair via homologous recombination,0.49782540333012903,0.9988038176595341,False,1,120,34,6000,0.008333333333333333,0.005666666666666667,1.4705882352941175,6421,6421
immune_biased,BP,GO:0007565,female pregnancy,0.49782540333012903,0.9988038176595341,False,1,120,34,6000,0.008333333333333333,0.005666666666666667,1.4705882352941175,84868,84868
immune_biased,BP,GO:0010564,regulation of cell cycle process,0.49665437091122194,0.9988038176595341,False,4,120,182,6000,0.03333333333333333,0.030333333333333334,1.0989010989010988,3630;5292;5692;23376,23376;3630;5292;5692
immune_biased,BP,GO:0031047,regulatory ncRNA-mediated gene silencing,0.49782540333012903,0.9988038176595341,False,1,120,34,6000,0.008333333333333333,0.005666666666666667,1.4705882352941175,8575,8575
immune_biased,BP,GO:0033559,unsaturated fatty acid metabolic process,0.49782540333012903,0.9988038176595341,False,1,120,34,6000,0.008333333333333333,0.005666666666666667,1.4705882352941175,972,972
immune_biased,BP,GO:0045833,negative regulation of lipid metabolic process,0.49782540333012903,0.9988038176595341,False,1,120,34,6000,0.008333333333333333,0.005666666666666667,1.4705882352941175,3630,3630
immune_biased,BP,GO:0048863,stem cell differentiation,0.49782540333012903,0.9988038176595341,False,1,120,34,6000,0.008333333333333333,0.005666666666666667,1.4705882352941175,23376,23376
immune_biased,BP,GO:0090288,negative regulation of cellular response to growth factor stimulus,0.49782540333012903,0.9988038176595341,False,1,120,34,6000,0.008333333333333333,0.005666666666666667,1.4705882352941175,5468,5468
immune_biased,BP,GO:0000018,regulation of DNA recombination,0.5463534636790258,1.0,False,1,120,39,6000,0.008333333333333333,0.0065,1.2820512820512822,8741,8741
immune_biased,BP,GO:0000027,ribosomal large subunit assembly,1.0,1.0,False,0,120,12,6000,0.0,0.002,0.0,,
immune_biased,BP,GO:0000038,very long-chain fatty acid metabolic process,1.0,1.0,False,0,120,16,6000,0.0,0.0026666666666666666,0.0,,
immune_biased,BP,GO:0000045,autophagosome assembly,1.0,1.0,False,0,120,22,6000,0.0,0.0036666666666666666,0.0,,
immune_biased,BP,GO:0000070,mitotic sister chromatid segregation,1.0,1.0,False,0,120,41,6000,0.0,0.006833333333333334,0.0,,
immune_biased,BP,GO:0000075,cell cycle checkpoint signaling,0.5644357055502625,1.0,False,1,120,41,6000,0.008333333333333333,0.006833333333333334,1.2195121951219512,23376,23376
immune_biased,BP,GO:0000079,regulation of cyclin-dependent protein serine/threonine kinase activity,1.0,1.0,False,0,120,11,6000,0.0,0.0018333333333333333,0.0,,
immune_biased,BP,GO:0000082,G1/S transition of mitotic cell cycle,1.0,1.0,False,0,120,22,6000,0.0,0.0036666666666666666,0.0,,
immune_biased,BP,GO:0000086,G2/M transition of mitotic cell cycle,1.0,1.0,False,0,120,15,6000,0.0,0.0025,0.0,,
immune_biased,BP,GO:0000132,establishment of mitotic spindle orientation,1.0,1.0,False,0,120,11,6000,0.0,0.0018333333333333333,0.0,,
immune_biased,BP,GO:0000154,rRNA modification,1.0,1.0,False,0,120,14,6000,0.0,0.0023333333333333335,0.0,,
immune_biased,BP,GO:0000226,microtubule cytoskeleton organization,1.0,1.0,False,0,120,142,6000,0.0,0.023666666666666666,0.0,,
immune_biased,BP,GO:0000245,spliceosomal complex assembly,1.0,1.0,False,0,120,19,6000,0.0,0.0031666666666666666,0.0,,
immune_biased,BP,GO:0000278,mitotic cell cycle,1.0,1.0,False,0,120,168,6000,0.0,0.028,0.0,,
immune_biased,BP,GO:0000280,nuclear division,1.0,1.0,False,0,120,90,6000,0.0,0.015,0.0,,
immune_biased,BP,GO:0000281,mitotic cytokinesis,1.0,1.0,False,0,120,24,6000,0.0,0.004,0.0,,
immune_biased,BP,GO:0000288,"nuclear-transcribed mRNA catabolic process, deadenylation-dependent decay",1.0,1.0,False,0,120,11,6000,0.0,0.0018333333333333333,0.0,,
immune_biased,BP,GO:0000302,response to reactive oxygen species,1.0,1.0,False,0,120,42,6000,0.0,0.007,0.0,,
immune_biased,BP,GO:0000375,"RNA splicing, via transesterification reactions",0.7637611920712777,1.0,False,1,120,71,6000,0.008333333333333333,0.011833333333333333,0.7042253521126761,6421,6421
immune_biased,BP,GO:0000377,"RNA splicing, via transesterification reactions with bulged adenosine as nucleophile",0.7588819051605297,1.0,False,1,120,70,6000,0.008333333333333333,0.011666666666666667,0.7142857142857142,6421,6421
immune_biased,BP,GO:0000381,"regulation of alternative mRNA splicing, via spliceosome",1.0,1.0,False,0,120,16,6000,0.0,0.0026666666666666666,0.0,,
immune_biased,BP,GO:0000387,spliceosomal snRNP assembly,1.0,1.0,False,0,120,19,6000,0.0,0.0031666666666666666,0.0,,
immune_biased,BP,GO:0000393,spliceosomal conformational changes to generate catalytic conformation,1.0,1.0,False,0,120,10,6000,0.0,0.0016666666666666668,0.0,,
immune_biased,BP,GO:0000398,"mRNA splicing, via spliceosome",0.7588819051605297,1.0,False,1,120,70,6000,0.008333333333333333,0.011666666666666667,0.7142857142857142,6421,6421
immune_biased,BP,GO:0000422,autophagy of mitochondrion,1.0,1.0,False,0,120,22,6000,0.0,0.0036666666666666666,0.0,,
immune_biased,BP,GO:0000423,mitophagy,1.0,1.0,False,0,120,19,6000,0.0,0.0031666666666666666,0.0,,
immune_biased,BP,GO:0000462,"maturation of SSU-rRNA from tricistronic rRNA transcript (SSU-rRNA, 5.8S rRNA, LSU-rRNA)",1.0,1.0,False,0,120,14,6000,0.0,0.0023333333333333335,0.0,,
immune_biased,BP,GO:0000479,"endonucleolytic cleavage of tricistronic rRNA transcript (SSU-rRNA, 5.8S rRNA, LSU-rRNA)",1.0,1.0,False,0,120,11,6000,0.0,0.0018333333333333333,0.0,,
immune_biased,BP,GO:0000578,embryonic axis specification,1.0,1.0,False,0,120,10,6000,0.0,0.0016666666666666668,0.0,,
immune_biased,BP,GO:0000723,telomere maintenance,1.0,1.0,False,0,120,31,6000,0.0,0.005166666666666667,0.0,,
immune_biased,BP,GO:0000725,recombinational repair,0.5079261327301264,1.0,False,1,120,35,6000,0.008333333333333333,0.005833333333333334,1.4285714285714284,6421,6421
immune_biased,BP,GO:0000819,sister chromatid segregation,1.0,1.0,False,0,120,42,6000,0.0,0.007,0.0,,
immune_biased,BP,GO:0000902,cell morphogenesis,0.6130928976874555,1.0,False,3,120,157,6000,0.025,0.026166666666666668,0.9554140127388535,3676;10890;64218,10890;3676;64218
immune_biased,BP,GO:0000910,cytokinesis,1.0,1.0,False,0,120,29,6000,0.0,0.004833333333333334,0.0,,
immune_biased,BP,GO:0000959,mitochondrial RNA metabolic process,1.0,1.0,False,0,120,19,6000,0.0,0.0031666666666666666,0.0,,
immune_biased,BP,GO:0001101,response to acid chemical,1.0,1.0,False,0,120,37,6000,0.0,0.006166666666666667,0.0,,
immune_biased,BP,GO:0001501,skeletal system development,0.8494643982192128,1.0,False,1,120,93,6000,0.008333333333333333,0.0155,0.5376344086021505,3623,3623
immune_biased,BP,GO:0001503,ossification,0.7042448489789661,1.0,False,1,120,60,6000,0.008333333333333333,0.01,0.8333333333333333,23376,23376
immune_biased,BP,GO:0001508,action potential,1.0,1.0,False,0,120,36,6000,0.0,0.006,0.0,,
immune_biased,BP,GO:0001510,RNA methylation,1.0,1.0,False,0,120,30,6000,0.0,0.005,0.0,,
immune_biased,BP,GO:0001523,retinoid metabolic process,1.0,1.0,False,0,120,25,6000,0.0,0.004166666666666667,0.0,,
immune_biased,BP,GO:0001539,cilium or flagellum-dependent cell motility,0.738345065927039,1.0,False,1,120,66,6000,0.008333333333333333,0.011,0.7575757575757576,5692,5692
immune_biased,BP,GO:0001558,regulation of cell growth,0.8696194634239103,1.0,False,1,120,100,6000,0.008333333333333333,0.016666666666666666,0.5,3630,3630
immune_biased,BP,GO:0001573,ganglioside metabolic process,1.0,1.0,False,0,120,10,6000,0.0,0.0016666666666666668,0.0,,
immune_biased,BP,GO:0001578,microtubule bundle formation,1.0,1.0,False,0,120,32,6000,0.0,0.005333333333333333,0.0,,
immune_biased,BP,GO:0001649,osteoblast differentiation,0.5644357055502625,1.0,False,1,120,41,6000,0.008333333333333333,0.006833333333333334,1.2195121951219512,23376,23376
immune_biased,BP,GO:0001654,eye development,0.7910472516405787,1.0,False,1,120,77,6000,0.008333333333333333,0.012833333333333334,0.6493506493506493,388552,388552
immune_biased,BP,GO:0001656,metanephros development,1.0,1.0,False,0,120,17,6000,0.0,0.0028333333333333335,0.0,,
immune_biased,BP,GO:0001657,ureteric bud development,1.0,1.0,False,0,120,19,6000,0.0,0.0031666666666666666,0.0,,
immune_biased,BP,GO:0001659,temperature homeostasis,1.0,1.0,False,0,120,11,6000,0.0,0.0018333333333333333,0.0,,
immune_biased,BP,GO:0001675,acrosome assembly,1.0,1.0,False,0,120,12,6000,0.0,0.002,0.0,,
immune_biased,BP,GO:0001676,long-chain fatty acid metabolic process,1.0,1.0,False,0,120,38,6000,0.0,0.006333333333333333,0.0,,
immune_biased,BP,GO:0001678,intracellular glucose homeostasis,1.0,1.0,False,0,120,28,6000,0.0,0.004666666666666667,0.0,,
immune_biased,BP,GO:0001701,in utero embryonic development,1.0,1.0,False,0,120,24,6000,0.0,0.004,0.0,,
immune_biased,BP,GO:0001754,eye photoreceptor cell differentiation,1.0,1.0,False,0,120,10,6000,0.0,0.0016666666666666668,0.0,,
immune_biased,BP,GO:0001763,morphogenesis of a branching structure,1.0,1.0,False,0,120,20,6000,0.0,0.0033333333333333335,0.0,,
immune_biased,BP,GO:0001764,neuron migration,1.0,1.0,False,0,120,25,6000,0.0,0.004166666666666667,0.0,,
immune_biased,BP,GO:0001823,mesonephros development,1.0,1.0,False,0,120,21,6000,0.0,0.0035,0.0,,
immune_biased,BP,GO:0001837,epithelial to mesenchymal transition,1.0,1.0,False,0,120,28,6000,0.0,0.004666666666666667,0.0,,
immune_biased,BP,GO:0001838,embryonic epithelial tube formation,1.0,1.0,False,0,120,13,6000,0.0,0.0021666666666666666,0.0,,
immune_biased,BP,GO:0001895,retina homeostasis,1.0,1.0,False,0,120,17,6000,0.0,0.0028333333333333335,0.0,,
immune_biased,BP,GO:0002009,morphogenesis of an epithelium,0.7732279211339425,1.0,False,1,120,73,6000,0.008333333333333333,0.012166666666666666,0.6849315068493151,10890,10890
immune_biased,BP,GO:0002011,morphogenesis of an epithelial sheet,1.0,1.0,False,0,120,10,6000,0.0,0.0016666666666666668,0.0,,
immune_biased,BP,GO:0002027,regulation of heart rate,1.0,1.0,False,0,120,30,6000,0.0,0.005,0.0,,
immune_biased,BP,GO:0002040,sprouting angiogenesis,1.0,1.0,False,0,120,24,6000,0.0,0.004,0.0,,
immune_biased,BP,GO:0002042,cell migration involved in sprouting angiogenesis,1.0,1.0,False,0,120,12,6000,0.0,0.002,0.0,,
immune_biased,BP,GO:0002062,chondrocyte differentiation,1.0,1.0,False,0,120,11,6000,0.0,0.0018333333333333333,0.0,,
immune_biased,BP,GO:0002088,lens development in camera-type eye,1.0,1.0,False,0,120,13,6000,0.0,0.0021666666666666666,0.0,,
immune_biased,BP,GO:0002090,regulation of receptor internalization,1.0,1.0,False,0,120,23,6000,0.0,0.003833333333333333,0.0,,
immune_biased,BP,GO:0002097,tRNA wobble base modification,1.0,1.0,False,0,120,10,6000,0.0,0.0016666666666666668,0.0,,
immune_biased,BP,GO:0002228,natural killer cell mediated immunity,1.0,1.0,False,0,120,13,6000,0.0,0.0021666666666666666,0.0,,
immune_biased,BP,GO:0002701,negative regulation of production of molecular mediator of immune response,1.0,1.0,False,0,120,10,6000,0.0,0.0016666666666666668,0.0,,
immune_biased,BP,GO:0003002,regionalization,1.0,1.0,False,0,120,65,6000,0.0,0.010833333333333334,0.0,,
immune_biased,BP,GO:0003007,heart morphogenesis,1.0,1.0,False,0,120,48,6000,0.0,0.008,0.0,,
immune_biased,BP,GO:0003009,skeletal muscle contraction,1.0,1.0,False,0,120,12,6000,0.0,0.002,0.0,,
immune_biased,BP,GO:0003012,muscle system process,0.8074771250603379,1.0,False,1,120,81,6000,0.008333333333333333,0.0135,0.6172839506172839,3630,3630
immune_biased,BP,GO:0003014,renal system process,0.5275270586497346,1.0,False,1,120,37,6000,0.008333333333333333,0.006166666666666667,1.3513513513513513,27347,27347
immune_biased,BP,GO:0003015,heart process,1.0,1.0,False,0,120,26,6000,0.0,0.004333333333333333,0.0,,
immune_biased,BP,GO:0003044,regulation of systemic arterial blood pressure mediated by a chemical signal,1.0,1.0,False,0,120,10,6000,0.0,0.0016666666666666668,0.0,,
immune_biased,BP,GO:0003073,regulation of systemic arterial blood pressure,1.0,1.0,False,0,120,26,6000,0.0,0.004333333333333333,0.0,,
immune_biased,BP,GO:0003091,renal water homeostasis,1.0,1.0,False,0,120,10,6000,0.0,0.0016666666666666668,0.0,,
immune_biased,BP,GO:0003151,outflow tract morphogenesis,1.0,1.0,False,0,120,15,6000,0.0,0.0025,0.0,,
immune_biased,BP,GO:0003170,heart valve development,1.0,1.0,False,0,120,16,6000,0.0,0.0026666666666666666,0.0,,
immune_biased,BP,GO:0003176,aortic valve development,1.0,1.0,False,0,120,11,6000,0.0,0.0018333333333333333,0.0,,
immune_biased,BP,GO:0003179,heart valve morphogenesis,1.0,1.0,False,0,120,14,6000,0.0,0.0023333333333333335,0.0,,
immune_biased,BP,GO:0003197,endocardial cushion development,1.0,1.0,False,0,120,12,6000,0.0,0.002,0.0,,
immune_biased,BP,GO:0003203,endocardial cushion morphogenesis,1.0,1.0,False,0,120,11,6000,0.0,0.0018333333333333333,0.0,,
immune_biased,BP,GO:0003205,cardiac chamber development,1.0,1.0,False,0,120,38,6000,0.0,0.006333333333333333,0.0,,
immune_biased,BP,GO:0003206,cardiac chamber morphogenesis,1.0,1.0,False,0,120,29,6000,0.0,0.004833333333333334,0.0,,
immune_biased,BP,GO:0003208,cardiac ventricle morphogenesis,1.0,1.0,False,0,120,14,6000,0.0,0.0023333333333333335,0.0,,
immune_biased,BP,GO:0003229,ventricular cardiac muscle tissue development,1.0,1.0,False,0,120,15,6000,0.0,0.0025,0.0,,
immune_biased,BP,GO:0003230,cardiac atrium development,1.0,1.0,False,0,120,11,6000,0.0,0.0018333333333333333,0.0,,
immune_biased,BP,GO:0003231,cardiac ventricle development,1.0,1.0,False,0,120,30,6000,0.0,0.005,0.0,,
immune_biased,BP,GO:0003254,regulation of membrane depolarization,1.0,1.0,False,0,120,12,6000,0.0,0.002,0.0,,
immune_biased,BP,GO:0003272,endocardial cushion formation,1.0,1.0,False,0,120,10,6000,0.0,0.0016666666666666668,0.0,,
immune_biased,BP,GO:0003279,cardiac septum development,1.0,1.0,False,0,120,27,6000,0.0,0.0045,0.0,,
immune_biased,BP,GO:0003281,ventricular septum development,1.0,1.0,False,0,120,20,6000,0.0,0.0033333333333333335,0.0,,
immune_biased,BP,GO:0003333,amino acid transmembrane transport,1.0,1.0,False,0,120,23,6000,0.0,0.003833333333333333,0.0,,
immune_biased,BP,GO:0003341,cilium movement,0.7952806350279045,1.0,False,1,120,78,6000,0.008333333333333333,0.013,0.6410256410256411,5692,5692
immune_biased,BP,GO:0003352,regulation of cilium movement,1.0,1.0,False,0,120,11,6000,0.0,0.0018333333333333333,0.0,,
immune_biased,BP,GO:0003407,neural retina development,1.0,1.0,False,0,120,18,6000,0.0,0.003,0.0,,
immune_biased,BP,GO:0005975,carbohydrate metabolic process,1.0,1.0,False,0,120,125,6000,0.0,0.020833333333333332,0.0,,
immune_biased,BP,GO:0005976,polysaccharide metabolic process,1.0,1.0,False,0,120,17,6000,0.0,0.0028333333333333335,0.0,,
immune_biased,BP,GO:0005977,glycogen metabolic process,1.0,1.0,False,0,120,13,6000,0.0,0.0021666666666666666,0.0,,
immune_biased,BP,GO:0005996,monosaccharide metabolic process,1.0,1.0,False,0,120,44,6000,0.0,0.007333333333333333,0.0,,
immune_biased,BP,GO:0006006,glucose metabolic process,1.0,1.0,False,0,120,29,6000,0.0,0.004833333333333334,0.0,,
immune_biased,BP,GO:0006022,aminoglycan metabolic process,1.0,1.0,False,0,120,18,6000,0.0,0.003,0.0,,
immune_biased,BP,GO:0006026,aminoglycan catabolic process,1.0,1.0,False,0,120,11,6000,0.0,0.0018333333333333333,0.0,,
immune_biased,BP,GO:0006027,glycosaminoglycan catabolic process,1.0,1.0,False,0,120,11,6000,0.0,0.0018333333333333333,0.0,,
immune_biased,BP,GO:0006029,proteoglycan metabolic process,1.0,1.0,False,0,120,30,6000,0.0,0.005,0.0,,
immune_biased,BP,GO:0006040,amino sugar metabolic process,1.0,1.0,False,0,120,12,6000,0.0,0.002,0.0,,
immune_biased,BP,GO:0006066,alcohol metabolic process,1.0,1.0,False,0,120,69,6000,0.0,0.0115,0.0,,
immune_biased,BP,GO:0006081,aldehyde metabolic process,1.0,1.0,False,0,120,19,6000,0.0,0.0031666666666666666,0.0,,
immune_biased,BP,GO:0006091,generation of precursor metabolites and energy,1.0,1.0,False,0,120,91,6000,0.0,0.015166666666666667,0.0,,
immune_biased,BP,GO:0006094,gluconeogenesis,1.0,1.0,False,0,120,12,6000,0.0,0.002,0.0,,
immune_biased,BP,GO:0006099,tricarboxylic acid cycle,1.0,1.0,False,0,120,10,6000,0.0,0.0016666666666666668,0.0,,
immune_biased,BP,GO:0006109,regulation of carbohydrate metabolic process,0.6222743971944265,1.0,False,1,120,48,6000,0.008333333333333333,0.008,1.0416666666666667,3630,3630
immune_biased,BP,GO:0006112,energy reserve metabolic process,1.0,1.0,False,0,120,13,6000,0.0,0.0021666666666666666,0.0,,
immune_biased,BP,GO:0006119,oxidative phosphorylation,1.0,1.0,False,0,120,31,6000,0.0,0.005166666666666667,0.0,,
immune_biased,BP,GO:0006120,"mitochondrial electron transport, NADH to ubiquinone",1.0,1.0,False,0,120,13,6000,0.0,0.0021666666666666666,0.0,,
immune_biased,BP,GO:0006163,purine nucleotide metabolic process,0.8584551141326091,1.0,False,1,120,96,6000,0.008333333333333333,0.016,0.5208333333333334,5142,5142
immune_biased,BP,GO:0006164,purine nucleotide biosynthetic process,1.0,1.0,False,0,120,50,6000,0.0,0.008333333333333333,0.0,,
immune_biased,BP,GO:0006220,pyrimidine nucleotide metabolic process,1.0,1.0,False,0,120,11,6000,0.0,0.0018333333333333333,0.0,,
immune_biased,BP,GO:0006260,DNA replication,1.0,1.0,False,0,120,57,6000,0.0,0.0095,0.0,,
immune_biased,BP,GO:0006261,DNA-templated DNA replication,1.0,1.0,False,0,120,40,6000,0.0,0.006666666666666667,0.0,,
immune_biased,BP,GO:0006275,regulation of DNA replication,1.0,1.0,False,0,120,31,6000,0.0,0.005166666666666667,0.0,,
immune_biased,BP,GO:0006282,regulation of DNA repair,0.7274354142638543,1.0,False,1,120,64,6000,0.008333333333333333,0.010666666666666666,0.78125,165918,165918
immune_biased,BP,GO:0006284,base-excision repair,1.0,1.0,False,0,120,15,6000,0.0,0.0025,0.0,,
immune_biased,BP,GO:0006289,nucleotide-excision repair,1.0,1.0,False,0,120,21,6000,0.0,0.0035,0.0,,
immune_biased,BP,GO:0006301,DNA damage tolerance,1.0,1.0,False,0,120,10,6000,0.0,0.0016666666666666668,0.0,,
immune_biased,BP,GO:0006325,chromatin organization,0.6918804874549251,1.0,False,4,120,233,6000,0.03333333333333333,0.03883333333333333,0.8583690987124464,5987;6421;8342;165918,165918;5987;6421;8342
immune_biased,BP,GO:0006338,chromatin remodeling,0.5837082764850086,1.0,False,4,120,203,6000,0.03333333333333333,0.03383333333333333,0.9852216748768473,5987;6421;8342;165918,165918;5987;6421;8342
immune_biased,BP,GO:0006346,DNA methylation-dependent constitutive heterochromatin formation,1.0,1.0,False,0,120,14,6000,0.0,0.0023333333333333335,0.0,,
immune_biased,BP,GO:0006352,DNA-templated transcription initiation,0.7329454800132373,1.0,False,1,120,65,6000,0.008333333333333333,0.010833333333333334,0.7692307692307692,9533,9533
immune_biased,BP,GO:0006366,transcription by RNA polymerase II,0.5989800517454676,1.0,False,2,120,100,6000,0.016666666666666666,0.016666666666666666,1.0,728;5468,5468;728
immune_biased,BP,GO:0006367,transcription initiation at RNA polymerase II promoter,1.0,1.0,False,0,120,53,6000,0.0,0.008833333333333334,0.0,,
immune_biased,BP,GO:0006368,transcription elongation by RNA polymerase II,1.0,1.0,False,0,120,14,6000,0.0,0.0023333333333333335,0.0,,
immune_biased,BP,GO:0006397,mRNA processing,0.8696194634239103,1.0,False,1,120,100,6000,0.008333333333333333,0.016666666666666666,0.5,6421,6421
immune_biased,BP,GO:0006399,tRNA metabolic process,0.6518344615320735,1.0,False,1,120,52,6000,0.008333333333333333,0.008666666666666666,0.9615384615384616,51010,51010
immune_biased,BP,GO:0006400,tRNA modification,1.0,1.0,False,0,120,27,6000,0.0,0.0045,0.0,,
immune_biased,BP,GO:0006403,RNA localization,1.0,1.0,False,0,120,40,6000,0.0,0.006666666666666667,0.0,,
immune_biased,BP,GO:0006405,RNA export from nucleus,1.0,1.0,False,0,120,22,6000,0.0,0.0036666666666666666,0.0,,
immune_biased,BP,GO:0006406,mRNA export from nucleus,1.0,1.0,False,0,120,17,6000,0.0,0.0028333333333333335,0.0,,
immune_biased,BP,GO:0006412,translation,0.6360226446751689,1.0,False,2,120,107,6000,0.016666666666666666,0.017833333333333333,0.9345794392523364,1967;23376,1967;23376
immune_biased,BP,GO:0006417,regulation of translation,0.5352753386245839,1.0,False,2,120,89,6000,0.016666666666666666,0.014833333333333334,1.1235955056179774,1967;4690,1967;4690
immune_biased,BP,GO:0006418,tRNA aminoacylation for protein translation,1.0,1.0,False,0,120,12,6000,0.0,0.002,0.0,,
immune_biased,BP,GO:0006469,negative regulation of protein kinase activity,1.0,1.0,False,0,120,21,6000,0.0,0.0035,0.0,,
immune_biased,BP,GO:0006470,protein dephosphorylation,1.0,1.0,False,0,120,18,6000,0.0,0.003,0.0,,
immune_biased,BP,GO:0006493,protein O-linked glycosylation,1.0,1.0,False,0,120,37,6000,0.0,0.006166666666666667,0.0,,
immune_biased,BP,GO:0006511,ubiquitin-dependent protein catabolic process,0.6549349064642402,1.0,False,3,120,167,6000,0.025,0.027833333333333335,0.8982035928143712,867;5692;165918,165918;5692;867
immune_biased,BP,GO:0006516,glycoprotein catabolic process,1.0,1.0,False,0,120,16,6000,0.0,0.0026666666666666666,0.0,,
immune_biased,BP,GO:0006520,amino acid metabolic process,1.0,1.0,False,0,120,83,6000,0.0,0.013833333333333333,0.0,,
immune_biased,BP,GO:0006575,modified amino acid metabolic process,0.6373529851582895,1.0,False,1,120,50,6000,0.008333333333333333,0.008333333333333333,1.0,256987,256987
immune_biased,BP,GO:0006576,biogenic amine metabolic process,1.0,1.0,False,0,120,11,6000,0.0,0.0018333333333333333,0.0,,
immune_biased,BP,GO:0006605,protein targeting,0.6588586485892609,1.0,False,1,120,53,6000,0.008333333333333333,0.008833333333333334,0.9433962264150942,115362,115362
immune_biased,BP,GO:0006606,protein import into nucleus,1.0,1.0,False,0,120,22,6000,0.0,0.0036666666666666666,0.0,,
immune_biased,BP,GO:0006611,protein export from nucleus,1.0,1.0,False,0,120,10,6000,0.0,0.0016666666666666668,0.0,,
immune_biased,BP,GO:0006612,protein targeting to membrane,1.0,1.0,False,0,120,24,6000,0.0,0.004,0.0,,
immune_biased,BP,GO:0006622,protein targeting to lysosome,1.0,1.0,False,0,120,13,6000,0.0,0.0021666666666666666,0.0,,
immune_biased,BP,GO:0006623,protein targeting to vacuole,1.0,1.0,False,0,120,16,6000,0.0,0.0026666666666666666,0.0,,
immune_biased,BP,GO:0006629,lipid metabolic process,0.8828250879746481,1.0,False,4,120,315,6000,0.03333333333333333,0.0525,0.6349206349206349,972;5298;8818;256987,256987;5298;8818;972
immune_biased,BP,GO:0006631,fatty acid metabolic process,0.8584551141326091,1.0,False,1,120,96,6000,0.008333333333333333,0.016,0.5208333333333334,972,972
immune_biased,BP,GO:0006635,fatty acid beta-oxidation,1.0,1.0,False,0,120,21,6000,0.0,0.0035,0.0,,
immune_biased,BP,GO:0006637,acyl-CoA metabolic process,1.0,1.0,False,0,120,25,6000,0.0,0.004166666666666667,0.0,,
immune_biased,BP,GO:0006638,neutral lipid metabolic process,1.0,1.0,False,0,120,27,6000,0.0,0.0045,0.0,,
immune_biased,BP,GO:0006639,acylglycerol metabolic process,1.0,1.0,False,0,120,27,6000,0.0,0.0045,0.0,,
immune_biased,BP,GO:0006641,triglyceride metabolic process,1.0,1.0,False,0,120,16,6000,0.0,0.0026666666666666666,0.0,,
immune_biased,BP,GO:0006664,glycolipid metabolic process,0.5370351507111182,1.0,False,1,120,38,6000,0.008333333333333333,0.006333333333333333,1.3157894736842106,8818,8818
immune_biased,BP,GO:0006665,sphingolipid metabolic process,1.0,1.0,False,0,120,45,6000,0.0,0.0075,0.0,,
immune_biased,BP,GO:0006672,ceramide metabolic process,1.0,1.0,False,0,120,26,6000,0.0,0.004333333333333333,0.0,,
immune_biased,BP,GO:0006687,glycosphingolipid metabolic process,1.0,1.0,False,0,120,26,6000,0.0,0.004333333333333333,0.0,,
immune_biased,BP,GO:0006688,glycosphingolipid biosynthetic process,1.0,1.0,False,0,120,19,6000,0.0,0.0031666666666666666,0.0,,
immune_biased,BP,GO:0006690,icosanoid metabolic process,0.5554857542944451,1.0,False,1,120,40,6000,0.008333333333333333,0.006666666666666667,1.25,972,972
immune_biased,BP,GO:0006691,leukotriene metabolic process,1.0,1.0,False,0,120,15,6000,0.0,0.0025,0.0,,
immune_biased,BP,GO:0006694,steroid biosynthetic process,1.0,1.0,False,0,120,23,6000,0.0,0.003833333333333333,0.0,,
immune_biased,BP,GO:0006695,cholesterol biosynthetic process,1.0,1.0,False,0,120,11,6000,0.0,0.0018333333333333333,0.0,,
immune_biased,BP,GO:0006739,NADP+ metabolic process,1.0,1.0,False,0,120,15,6000,0.0,0.0025,0.0,,
immune_biased,BP,GO:0006740,NADPH regeneration,1.0,1.0,False,0,120,10,6000,0.0,0.0016666666666666668,0.0,,
immune_biased,BP,GO:0006749,glutathione metabolic process,1.0,1.0,False,0,120,14,6000,0.0,0.0023333333333333335,0.0,,
immune_biased,BP,GO:0006753,nucleoside phosphate metabolic process,0.9451627807153836,1.0,False,1,120,142,6000,0.008333333333333333,0.023666666666666666,0.35211267605633806,5142,5142
immune_biased,BP,GO:0006754,ATP biosynthetic process,1.0,1.0,False,0,120,22,6000,0.0,0.0036666666666666666,0.0,,
immune_biased,BP,GO:0006760,folic acid-containing compound metabolic process,1.0,1.0,False,0,120,11,6000,0.0,0.0018333333333333333,0.0,,
immune_biased,BP,GO:0006778,porphyrin-containing compound metabolic process,1.0,1.0,False,0,120,13,6000,0.0,0.0021666666666666666,0.0,,
immune_biased,BP,GO:0006790,sulfur compound metabolic process,1.0,1.0,False,0,120,60,6000,0.0,0.01,0.0,,
immune_biased,BP,GO:0006793,phosphorus metabolic process,0.7604159374110964,1.0,False,4,120,256,6000,0.03333333333333333,0.042666666666666665,0.78125,5142;5298;8818;256987,256987;5142;5298;8818
immune_biased,BP,GO:0006801,superoxide metabolic process,1.0,1.0,False,0,120,14,6000,0.0,0.0023333333333333335,0.0,,
immune_biased,BP,GO:0006805,xenobiotic metabolic process,1.0,1.0,False,0,120,33,6000,0.0,0.0055,0.0,,
immune_biased,BP,GO:0006811,monoatomic ion transport,0.9786814782656543,1.0,False,2,120,280,6000,0.016666666666666666,0.04666666666666667,0.3571428571428571,27347;169026,169026;27347
immune_biased,BP,GO:0006812,monoatomic cation transport,0.962355335911158,1.0,False,2,120,248,6000,0.016666666666666666,0.04133333333333333,0.4032258064516129,27347;169026,169026;27347
immune_biased,BP,GO:0006813,potassium ion transport,1.0,1.0,False,0,120,52,6000,0.0,0.008666666666666666,0.0,,
immune_biased,BP,GO:0006814,sodium ion transport,0.6855774707694965,1.0,False,1,120,57,6000,0.008333333333333333,0.0095,0.8771929824561404,27347,27347
immune_biased,BP,GO:0006816,calcium ion transport,1.0,1.0,False,0,120,89,6000,0.0,0.014833333333333334,0.0,,
immune_biased,BP,GO:0006820,monoatomic anion transport,1.0,1.0,False,0,120,39,6000,0.0,0.0065,0.0,,
immune_biased,BP,GO:0006821,chloride transport,1.0,1.0,False,0,120,29,6000,0.0,0.004833333333333334,0.0,,
immune_biased,BP,GO:0006826,iron ion transport,1.0,1.0,False,0,120,11,6000,0.0,0.0018333333333333333,0.0,,
immune_biased,BP,GO:0006835,dicarboxylic acid transport,1.0,1.0,False,0,120,19,6000,0.0,0.0031666666666666666,0.0,,
immune_biased,BP,GO:0006836,neurotransmitter transport,1.0,1.0,False,0,120,28,6000,0.0,0.004666666666666667,0.0,,
immune_biased,BP,GO:0006862,nucleotide transport,1.0,1.0,False,0,120,19,6000,0.0,0.0031666666666666666,0.0,,
immune_biased,BP,GO:0006865,amino acid transport,1.0,1.0,False,0,120,33,6000,0.0,0.0055,0.0,,
immune_biased,BP,GO:0006869,lipid transport,0.5989800517454676,1.0,False,2,120,100,6000,0.016666666666666666,0.016666666666666666,1.0,5468;256987,256987;5468
immune_biased,BP,GO:0006874,intracellular calcium ion homeostasis,1.0,1.0,False,0,120,46,6000,0.0,0.007666666666666666,0.0,,
immune_biased,BP,GO:0006879,intracellular iron ion homeostasis,1.0,1.0,False,0,120,20,6000,0.0,0.0033333333333333335,0.0,,
immune_biased,BP,GO:0006883,intracellular sodium ion homeostasis,1.0,1.0,False,0,120,10,6000,0.0,0.0016666666666666668,0.0,,
immune_biased,BP,GO:0006886,intracellular protein transport,0.8248116843775644,1.0,False,2,120,156,6000,0.016666666666666666,0.026,0.6410256410256411,972;134266,134266;972
immune_biased,BP,GO:0006888,endoplasmic reticulum to Golgi vesicle-mediated transport,0.5902272768216926,1.0,False,1,120,44,6000,0.008333333333333333,0.007333333333333333,1.1363636363636365,51290,51290
immune_biased,BP,GO:0006891,intra-Golgi vesicle-mediated transport,1.0,1.0,False,0,120,15,6000,0.0,0.0025,0.0,,
immune_biased,BP,GO:0006892,post-Golgi vesicle-mediated transport,0.5370351507111182,1.0,False,1,120,38,6000,0.008333333333333333,0.006333333333333333,1.3157894736842106,10890,10890
immune_biased,BP,GO:0006896,Golgi to vacuole transport,1.0,1.0,False,0,120,10,6000,0.0,0.0016666666666666668,0.0,,
immune_biased,BP,GO:0006900,vesicle budding from membrane,1.0,1.0,False,0,120,38,6000,0.0,0.006333333333333333,0.0,,
immune_biased,BP,GO:0006901,vesicle coat assembly,1.0,1.0,False,0,120,15,6000,0.0,0.0025,0.0,,
immune_biased,BP,GO:0006906,vesicle fusion,1.0,1.0,False,0,120,27,6000,0.0,0.0045,0.0,,
immune_biased,BP,GO:0006913,nucleocytoplasmic transport,1.0,1.0,False,0,120,57,6000,0.0,0.0095,0.0,,
immune_biased,BP,GO:0006936,muscle contraction,1.0,1.0,False,0,120,70,6000,0.0,0.011666666666666667,0.0,,
immune_biased,BP,GO:0006939,smooth muscle contraction,1.0,1.0,False,0,120,13,6000,0.0,0.0021666666666666666,0.0,,
immune_biased,BP,GO:0006941,striated muscle contraction,1.0,1.0,False,0,120,45,6000,0.0,0.0075,0.0,,
immune_biased,BP,GO:0006942,regulation of striated muscle contraction,0.5178253555419259,1.0,False,1,120,36,6000,0.008333333333333333,0.006,1.3888888888888888,5142,5142
immune_biased,BP,GO:0006979,response to oxidative stress,0.8748695837948052,1.0,False,1,120,102,6000,0.008333333333333333,0.017,0.49019607843137253,5692,5692
immune_biased,BP,GO:0006986,response to unfolded protein,1.0,1.0,False,0,120,30,6000,0.0,0.005,0.0,,
immune_biased,BP,GO:0006996,organelle organization,0.9949027428375025,1.0,False,8,120,815,6000,0.06666666666666667,0.13583333333333333,0.49079754601226994,2896;5298;5987;10890;23376;55863;64005;388552,10890;23376;2896;388552;5298;55863;5987;64005
immune_biased,BP,GO:0006997,nucleus organization,1.0,1.0,False,0,120,24,6000,0.0,0.004,0.0,,
immune_biased,BP,GO:0007005,mitochondrion organization,0.8074771250603379,1.0,False,1,120,81,6000,0.008333333333333333,0.0135,0.6172839506172839,55863,55863
immune_biased,BP,GO:0007006,mitochondrial membrane organization,1.0,1.0,False,0,120,14,6000,0.0,0.0023333333333333335,0.0,,
immune_biased,BP,GO:0007007,inner mitochondrial membrane organization,1.0,1.0,False,0,120,10,6000,0.0,0.0016666666666666668,0.0,,
immune_biased,BP,GO:0007010,cytoskeleton organization,0.9889316609921306,1.0,False,2,120,316,6000,0.016666666666666666,0.05266666666666667,0.3164556962025316,5987;64005,5987;64005
immune_biased,BP,GO:0007017,microtubule-based process,0.8797865206220247,1.0,False,3,120,248,6000,0.025,0.04133333333333333,0.6048387096774194,5692;6421;388552,388552;5692;6421
immune_biased,BP,GO:0007018,microtubule-based movement,0.5539246549257438,1.0,False,3,120,144,6000,0.025,0.024,1.0416666666666667,5692;6421;388552,388552;5692;6421
immune_biased,BP,GO:0007030,Golgi organization,1.0,1.0,False,0,120,36,6000,0.0,0.006,0.0,,
immune_biased,BP,GO:0007032,endosome organization,1.0,1.0,False,0,120,27,6000,0.0,0.0045,0.0,,
immune_biased,BP,GO:0007034,vacuolar transport,0.6724881482213413,1.0,False,1,120,55,6000,0.008333333333333333,0.009166666666666667,0.9090909090909091,2896,2896
immune_biased,BP,GO:0007041,lysosomal transport,0.5732069281268636,1.0,False,1,120,42,6000,0.008333333333333333,0.007,1.1904761904761905,2896,2896
immune_biased,BP,GO:0007049,cell cycle,0.9955414674938909,1.0,False,1,120,262,6000,0.008333333333333333,0.043666666666666666,0.19083969465648856,5692,5692
immune_biased,BP,GO:0007051,spindle organization,1.0,1.0,False,0,120,43,6000,0.0,0.007166666666666667,0.0,,
immune_biased,BP,GO:0007052,mitotic spindle organization,1.0,1.0,False,0,120,31,6000,0.0,0.005166666666666667,0.0,,
immune_biased,BP,GO:0007059,chromosome segregation,1.0,1.0,False,0,120,88,6000,0.0,0.014666666666666666,0.0,,
immune_biased,BP,GO:0007062,sister chromatid cohesion,1.0,1.0,False,0,120,14,6000,0.0,0.0023333333333333335,0.0,,
immune_biased,BP,GO:0007080,mitotic metaphase chromosome alignment,1.0,1.0,False,0,120,23,6000,0.0,0.003833333333333333,0.0,,
immune_biased,BP,GO:0007088,regulation of mitotic nuclear division,0.5370351507111182,1.0,False,1,120,38,6000,0.008333333333333333,0.006333333333333333,1.3157894736842106,3630,3630
immune_biased,BP,GO:0007093,mitotic cell cycle checkpoint signaling,1.0,1.0,False,0,120,28,6000,0.0,0.004666666666666667,0.0,,
immune_biased,BP,GO:0007094,mitotic spindle assembly checkpoint signaling,1.0,1.0,False,0,120,10,6000,0.0,0.0016666666666666668,0.0,,
immune_biased,BP,GO:0007098,centrosome cycle,1.0,1.0,False,0,120,25,6000,0.0,0.004166666666666667,0.0,,
immune_biased,BP,GO:0007127,meiosis I,1.0,1.0,False,0,120,39,6000,0.0,0.0065,0.0,,
immune_biased,BP,GO:0007129,homologous chromosome pairing at meiosis,1.0,1.0,False,0,120,17,6000,0.0,0.0028333333333333335,0.0,,
immune_biased,BP,GO:0007131,reciprocal meiotic recombination,1.0,1.0,False,0,120,21,6000,0.0,0.0035,0.0,,
immune_biased,BP,GO:0007140,male meiotic nuclear division,1.0,1.0,False,0,120,18,6000,0.0,0.003,0.0,,
immune_biased,BP,GO:0007156,homophilic cell-cell adhesion,0.5902272768216926,1.0,False,1,120,44,6000,0.008333333333333333,0.007333333333333333,1.1363636363636365,5175,5175
immune_biased,BP,GO:0007163,establishment or maintenance of cell polarity,0.6065742923968529,1.0,False,1,120,46,6000,0.008333333333333333,0.007666666666666666,1.0869565217391304,10890,10890
immune_biased,BP,GO:0007179,transforming growth factor beta receptor signaling pathway,1.0,1.0,False,0,120,25,6000,0.0,0.004166666666666667,0.0,,
immune_biased,BP,GO:0007187,"G protein-coupled receptor signaling pathway, coupled to cyclic nucleotide second messenger",1.0,1.0,False,0,120,21,6000,0.0,0.0035,0.0,,
immune_biased,BP,GO:0007188,adenylate cyclase-modulating G protein-coupled receptor signaling pathway,0.5291552637264618,1.0,False,2,120,88,6000,0.016666666666666666,0.014666666666666666,1.1363636363636365,728;8698,728;8698
immune_biased,BP,GO:0007189,adenylate cyclase-activating G protein-coupled receptor signaling pathway,0.6981478522219615,1.0,False,1,120,59,6000,0.008333333333333333,0.009833333333333333,0.8474576271186441,8698,8698
immune_biased,BP,GO:0007215,glutamate receptor signaling pathway,1.0,1.0,False,0,120,14,6000,0.0,0.0023333333333333335,0.0,,
immune_biased,BP,GO:0007218,neuropeptide signaling pathway,1.0,1.0,False,0,120,28,6000,0.0,0.004666666666666667,0.0,,
immune_biased,BP,GO:0007219,Notch signaling pathway,1.0,1.0,False,0,120,13,6000,0.0,0.0021666666666666666,0.0,,
immune_biased,BP,GO:0007224,smoothened signaling pathway,1.0,1.0,False,0,120,16,6000,0.0,0.0026666666666666666,0.0,,
immune_biased,BP,GO:0007264,small GTPase-mediated signal transduction,0.7910472516405787,1.0,False,1,120,77,6000,0.008333333333333333,0.012833333333333334,0.6493506493506493,115727,115727
immune_biased,BP,GO:0007266,Rho protein signal transduction,1.0,1.0,False,0,120,18,6000,0.0,0.003,0.0,,
immune_biased,BP,GO:0007268,chemical synaptic transmission,1.0,1.0,False,0,120,91,6000,0.0,0.015166666666666667,0.0,,
immune_biased,BP,GO:0007269,neurotransmitter secretion,1.0,1.0,False,0,120,17,6000,0.0,0.0028333333333333335,0.0,,
immune_biased,BP,GO:0007276,gamete generation,0.9036585493745021,1.0,False,2,120,193,6000,0.016666666666666666,0.03216666666666667,0.5181347150259067,5692;5987,5692;5987
immune_biased,BP,GO:0007281,germ cell development,1.0,1.0,False,0,120,91,6000,0.0,0.015166666666666667,0.0,,
immune_biased,BP,GO:0007283,spermatogenesis,0.8328936264823743,1.0,False,2,120,159,6000,0.016666666666666666,0.0265,0.6289308176100629,5692;5987,5692;5987
immune_biased,BP,GO:0007286,spermatid development,1.0,1.0,False,0,120,65,6000,0.0,0.010833333333333334,0.0,,
immune_biased,BP,GO:0007292,female gamete generation,1.0,1.0,False,0,120,28,6000,0.0,0.004666666666666667,0.0,,
immune_biased,BP,GO:0007338,single fertilization,1.0,1.0,False,0,120,29,6000,0.0,0.004833333333333334,0.0,,
immune_biased,BP,GO:0007339,binding of sperm to zona pellucida,1.0,1.0,False,0,120,11,6000,0.0,0.0018333333333333333,0.0,,
immune_biased,BP,GO:0007368,determination of left/right symmetry,1.0,1.0,False,0,120,18,6000,0.0,0.003,0.0,,
immune_biased,BP,GO:0007389,pattern specification process,1.0,1.0,False,0,120,74,6000,0.0,0.012333333333333333,0.0,,
immune_biased,BP,GO:0007411,axon guidance,0.6518344615320735,1.0,False,1,120,52,6000,0.008333333333333333,0.008666666666666666,0.9615384615384616,64218,64218
immune_biased,BP,GO:0007416,synapse assembly,1.0,1.0,False,0,120,36,6000,0.0,0.006,0.0,,
immune_biased,BP,GO:0007417,central nervous system development,0.6616211502970449,1.0,False,4,120,224,6000,0.03333333333333333,0.037333333333333336,0.8928571428571428,728;1967;2896;57007,1967;2896;57007;728
immune_biased,BP,GO:0007420,brain development,1.0,1.0,False,0,120,153,6000,0.0,0.0255,0.0,,
immune_biased,BP,GO:0007423,sensory organ development,0.6796841799790007,1.0,False,2,120,116,6000,0.016666666666666666,0.019333333333333334,0.8620689655172413,5298;388552,388552;5298
immune_biased,BP,GO:0007498,mesoderm development,1.0,1.0,False,0,120,14,6000,0.0,0.0023333333333333335,0.0,,
immune_biased,BP,GO:0007507,heart development,1.0,1.0,False,0,120,98,6000,0.0,0.01633333333333333,0.0,,
immune_biased,BP,GO:0007517,muscle organ development,1.0,1.0,False,0,120,46,6000,0.0,0.007666666666666666,0.0,,
immune_biased,BP,GO:0007519,skeletal muscle tissue development,1.0,1.0,False,0,120,16,6000,0.0,0.0026666666666666666,0.0,,
immune_biased,BP,GO:0007586,digestion,1.0,1.0,False,0,120,33,6000,0.0,0.0055,0.0,,
immune_biased,BP,GO:0007589,body fluid secretion,1.0,1.0,False,0,120,10,6000,0.0,0.0016666666666666668,0.0,,
immune_biased,BP,GO:0007596,blood coagulation,0.5554857542944451,1.0,False,1,120,40,6000,0.008333333333333333,0.006666666666666667,1.25,388552,388552
immune_biased,BP,GO:0007599,hemostasis,0.5644357055502625,1.0,False,1,120,41,6000,0.008333333333333333,0.006833333333333334,1.2195121951219512,388552,388552
immune_biased,BP,GO:0007600,sensory perception,0.7202018647979117,1.0,False,4,120,242,6000,0.03333333333333333,0.04033333333333333,0.8264462809917356,728;5595;338398;390265,338398;390265;5595;728
immune_biased,BP,GO:0007601,visual perception,1.0,1.0,False,0,120,31,6000,0.0,0.005166666666666667,0.0,,
immune_biased,BP,GO:0007602,phototransduction,1.0,1.0,False,0,120,11,6000,0.0,0.0018333333333333333,0.0,,
immune_biased,BP,GO:0007605,sensory perception of sound,1.0,1.0,False,0,120,35,6000,0.0,0.005833333333333334,0.0,,
immune_biased,BP,GO:0007606,sensory perception of chemical stimulus,0.6174237509745104,1.0,False,3,120,158,6000,0.025,0.026333333333333334,0.949367088607595,728;338398;390265,338398;390265;728
immune_biased,BP,GO:0007608,sensory perception of smell,0.9311585058221703,1.0,False,1,120,131,6000,0.008333333333333333,0.021833333333333333,0.3816793893129771,390265,390265
immune_biased,BP,GO:0007610,behavior,0.6151889642031494,1.0,False,2,120,103,6000,0.016666666666666666,0.017166666666666667,0.970873786407767,1051;5266,1051;5266
immune_biased,BP,GO:0007611,learning or memory,0.6298898327348624,1.0,False,1,120,49,6000,0.008333333333333333,0.008166666666666666,1.0204081632653061,1051,1051
immune_biased,BP,GO:0007612,learning,1.0,1.0,False,0,120,23,6000,0.0,0.003833333333333333,0.0,,
immune_biased,BP,GO:0007616,long-term memory,1.0,1.0,False,0,120,12,6000,0.0,0.002,0.0,,
immune_biased,BP,GO:0007626,locomotory behavior,1.0,1.0,False,0,120,27,6000,0.0,0.0045,0.0,,
immune_biased,BP,GO:0007631,feeding behavior,1.0,1.0,False,0,120,19,6000,0.0,0.0031666666666666666,0.0,,
immune_biased,BP,GO:0008016,regulation of heart contraction,0.7218126275544963,1.0,False,1,120,63,6000,0.008333333333333333,0.0105,0.7936507936507936,5142,5142
immune_biased,BP,GO:0008033,tRNA processing,1.0,1.0,False,0,120,33,6000,0.0,0.0055,0.0,,
immune_biased,BP,GO:0008064,regulation of actin polymerization or depolymerization,0.5079261327301264,1.0,False,1,120,35,6000,0.008333333333333333,0.005833333333333334,1.4285714285714284,4690,4690
immune_biased,BP,GO:0008104,intracellular protein localization,0.5619517103545668,1.0,False,8,120,403,6000,0.06666666666666667,0.06716666666666667,0.9925558312655087,867;972;3676;10890;115362;134266;169026;388552,10890;115362;134266;169026;3676;388552;867;972
immune_biased,BP,GO:0008154,actin polymerization or depolymerization,1.0,1.0,False,0,120,14,6000,0.0,0.0023333333333333335,0.0,,
immune_biased,BP,GO:0008202,steroid metabolic process,1.0,1.0,False,0,120,59,6000,0.0,0.009833333333333333,0.0,,
immune_biased,BP,GO:0008203,cholesterol metabolic process,1.0,1.0,False,0,120,24,6000,0.0,0.004,0.0,,
immune_biased,BP,GO:0008210,estrogen metabolic process,1.0,1.0,False,0,120,10,6000,0.0,0.0016666666666666668,0.0,,
immune_biased,BP,GO:0008277,regulation of G protein-coupled receptor signaling pathway,0.5902272768216926,1.0,False,1,120,44,6000,0.008333333333333333,0.007333333333333333,1.1363636363636365,5142,5142
immune_biased,BP,GO:0008306,associative learning,1.0,1.0,False,0,120,13,6000,0.0,0.0021666666666666666,0.0,,
immune_biased,BP,GO:0008333,endosome to lysosome transport,1.0,1.0,False,0,120,20,6000,0.0,0.0033333333333333335,0.0,,
immune_biased,BP,GO:0008334,histone mRNA metabolic process,1.0,1.0,False,0,120,13,6000,0.0,0.0021666666666666666,0.0,,
immune_biased,BP,GO:0008344,adult locomotory behavior,1.0,1.0,False,0,120,10,6000,0.0,0.0016666666666666668,0.0,,
immune_biased,BP,GO:0008361,regulation of cell size,0.5463534636790258,1.0,False,1,120,39,6000,0.008333333333333333,0.0065,1.2820512820512822,27347,27347
immune_biased,BP,GO:0008380,RNA splicing,0.8226250443396159,1.0,False,1,120,85,6000,0.008333333333333333,0.014166666666666666,0.5882352941176471,6421,6421
immune_biased,BP,GO:0008535,respiratory chain complex IV assembly,1.0,1.0,False,0,120,13,6000,0.0,0.0021666666666666666,0.0,,
immune_biased,BP,GO:0008543,fibroblast growth factor receptor signaling pathway,1.0,1.0,False,0,120,15,6000,0.0,0.0025,0.0,,
immune_biased,BP,GO:0008589,regulation of smoothened signaling pathway,1.0,1.0,False,0,120,30,6000,0.0,0.005,0.0,,
immune_biased,BP,GO:0008610,lipid biosynthetic process,0.6043347444797389,1.0,False,3,120,155,6000,0.025,0.025833333333333333,0.967741935483871,972;5298;8818,5298;8818;972
immune_biased,BP,GO:0008637,apoptotic mitochondrial changes,1.0,1.0,False,0,120,13,6000,0.0,0.0021666666666666666,0.0,,
immune_biased,BP,GO:0008643,carbohydrate transport,1.0,1.0,False,0,120,18,6000,0.0,0.003,0.0,,
immune_biased,BP,GO:0008645,hexose transmembrane transport,1.0,1.0,False,0,120,12,6000,0.0,0.002,0.0,,
immune_biased,BP,GO:0008652,amino acid biosynthetic process,1.0,1.0,False,0,120,16,6000,0.0,0.0026666666666666666,0.0,,
immune_biased,BP,GO:0009056,catabolic process,0.6660184017189871,1.0,False,11,120,600,6000,0.09166666666666666,0.1,0.9166666666666665,867;1521;1776;5142;5692;23376;29110;51010;51752;118460;165918,118460;1521;165918;1776;23376;29110;51010;5142;51752;5692;867
immune_biased,BP,GO:0009058,biosynthetic process,0.5052928087503618,1.0,False,21,120,1033,6000,0.175,0.17216666666666666,1.016456921587609,566;728;972;1051;1967;3623;5298;5468;6421;8575;8818;9533;23376;25926;51010;56342;118460;134266;165918;169026;203522,1051;118460;134266;165918;169026;1967;203522;23376;25926;3623;51010;5298;5468;56342;566;6421;728;8575;8818;9533;972
immune_biased,BP,GO:0009060,aerobic respiration,1.0,1.0,False,0,120,51,6000,0.0,0.0085,0.0,,
immune_biased,BP,GO:0009062,fatty acid catabolic process,1.0,1.0,False,0,120,28,6000,0.0,0.004666666666666667,0.0,,
immune_biased,BP,GO:0009063,amino acid catabolic process,1.0,1.0,False,0,120,44,6000,0.0,0.007333333333333333,0.0,,
immune_biased,BP,GO:0009072,aromatic amino acid metabolic process,1.0,1.0,False,0,120,11,6000,0.0,0.0018333333333333333,0.0,,
immune_biased,BP,GO:0009100,glycoprotein metabolic process,0.8431582686902698,1.0,False,1,120,91,6000,0.008333333333333333,0.015166666666666667,0.5494505494505494,8818,8818
immune_biased,BP,GO:0009101,glycoprotein biosynthetic process,0.7732279211339425,1.0,False,1,120,73,6000,0.008333333333333333,0.012166666666666666,0.6849315068493151,8818,8818
immune_biased,BP,GO:0009112,nucleobase metabolic process,1.0,1.0,False,0,120,12,6000,0.0,0.002,0.0,,
immune_biased,BP,GO:0009116,nucleoside metabolic process,1.0,1.0,False,0,120,11,6000,0.0,0.0018333333333333333,0.0,,
immune_biased,BP,GO:0009117,nucleotide metabolic process,0.8893945437829911,1.0,False,1,120,108,6000,0.008333333333333333,0.018,0.46296296296296297,5142,5142
immune_biased,BP,GO:0009123,nucleoside monophosphate metabolic process,1.0,1.0,False,0,120,21,6000,0.0,0.0035,0.0,,
immune_biased,BP,GO:0009126,purine nucleoside monophosphate metabolic process,1.0,1.0,False,0,120,15,6000,0.0,0.0025,0.0,,
immune_biased,BP,GO:0009132,nucleoside diphosphate metabolic process,1.0,1.0,False,0,120,15,6000,0.0,0.0025,0.0,,
immune_biased,BP,GO:0009135,purine nucleoside diphosphate metabolic process,1.0,1.0,False,0,120,12,6000,0.0,0.002,0.0,,
immune_biased,BP,GO:0009141,nucleoside triphosphate metabolic process,1.0,1.0,False,0,120,48,6000,0.0,0.008,0.0,,
immune_biased,BP,GO:0009142,nucleoside triphosphate biosynthetic process,1.0,1.0,False,0,120,26,6000,0.0,0.004333333333333333,0.0,,
immune_biased,BP,GO:0009144,purine nucleoside triphosphate metabolic process,1.0,1.0,False,0,120,46,6000,0.0,0.007666666666666666,0.0,,
immune_biased,BP,GO:0009145,purine nucleoside triphosphate biosynthetic process,1.0,1.0,False,0,120,23,6000,0.0,0.003833333333333333,0.0,,
immune_biased,BP,GO:0009150,purine ribonucleotide metabolic process,0.7588819051605297,1.0,False,1,120,70,6000,0.008333333333333333,0.011666666666666667,0.7142857142857142,5142,5142
immune_biased,BP,GO:0009152,purine ribonucleotide biosynthetic process,1.0,1.0,False,0,120,41,6000,0.0,0.006833333333333334,0.0,,
immune_biased,BP,GO:0009165,nucleotide biosynthetic process,1.0,1.0,False,0,120,55,6000,0.0,0.009166666666666667,0.0,,
immune_biased,BP,GO:0009167,purine ribonucleoside monophosphate metabolic process,1.0,1.0,False,0,120,14,6000,0.0,0.0023333333333333335,0.0,,
immune_biased,BP,GO:0009179,purine ribonucleoside diphosphate metabolic process,1.0,1.0,False,0,120,12,6000,0.0,0.002,0.0,,
immune_biased,BP,GO:0009185,ribonucleoside diphosphate metabolic process,1.0,1.0,False,0,120,15,6000,0.0,0.0025,0.0,,
immune_biased,BP,GO:0009201,ribonucleoside triphosphate biosynthetic process,1.0,1.0,False,0,120,26,6000,0.0,0.004333333333333333,0.0,,
immune_biased,BP,GO:0009205,purine ribonucleoside triphosphate metabolic process,1.0,1.0,False,0,120,44,6000,0.0,0.007333333333333333,0.0,,
immune_biased,BP,GO:0009206,purine ribonucleoside triphosphate biosynthetic process,1.0,1.0,False,0,120,23,6000,0.0,0.003833333333333333,0.0,,
immune_biased,BP,GO:0009218,pyrimidine ribonucleotide metabolic process,1.0,1.0,False,0,120,10,6000,0.0,0.0016666666666666668,0.0,,
immune_biased,BP,GO:0009225,nucleotide-sugar metabolic process,1.0,1.0,False,0,120,12,6000,0.0,0.002,0.0,,
immune_biased,BP,GO:0009226,nucleotide-sugar biosynthetic process,1.0,1.0,False,0,120,10,6000,0.0,0.0016666666666666668,0.0,,
immune_biased,BP,GO:0009259,ribonucleotide metabolic process,0.7952806350279045,1.0,False,1,120,78,6000,0.008333333333333333,0.013,0.6410256410256411,5142,5142
immune_biased,BP,GO:0009260,ribonucleotide biosynthetic process,1.0,1.0,False,0,120,45,6000,0.0,0.0075,0.0,,
immune_biased,BP,GO:0009268,response to pH,1.0,1.0,False,0,120,14,6000,0.0,0.0023333333333333335,0.0,,
immune_biased,BP,GO:0009308,amine metabolic process,1.0,1.0,False,0,120,13,6000,0.0,0.0021666666666666666,0.0,,
immune_biased,BP,GO:0009311,oligosaccharide metabolic process,1.0,1.0,False,0,120,21,6000,0.0,0.0035,0.0,,
immune_biased,BP,GO:0009312,oligosaccharide biosynthetic process,1.0,1.0,False,0,120,12,6000,0.0,0.002,0.0,,
immune_biased,BP,GO:0009314,response to radiation,0.6044387110657619,1.0,False,2,120,101,6000,0.016666666666666666,0.016833333333333332,0.9900990099009902,867;165918,165918;867
immune_biased,BP,GO:0009394,2'-deoxyribonucleotide metabolic process,1.0,1.0,False,0,120,11,6000,0.0,0.0018333333333333333,0.0,,
immune_biased,BP,GO:0009395,phospholipid catabolic process,1.0,1.0,False,0,120,21,6000,0.0,0.0035,0.0,,
immune_biased,BP,GO:0009410,response to xenobiotic stimulus,0.8870954523667359,1.0,False,1,120,107,6000,0.008333333333333333,0.017833333333333333,0.4672897196261682,5142,5142
immune_biased,BP,GO:0009411,response to UV,1.0,1.0,False,0,120,35,6000,0.0,0.005833333333333334,0.0,,
immune_biased,BP,GO:0009416,response to light stimulus,1.0,1.0,False,0,120,76,6000,0.0,0.012666666666666666,0.0,,
immune_biased,BP,GO:0009451,RNA modification,0.6790989845902964,1.0,False,1,120,56,6000,0.008333333333333333,0.009333333333333334,0.8928571428571428,60489,60489
immune_biased,BP,GO:0009566,fertilization,1.0,1.0,False,0,120,37,6000,0.0,0.006166666666666667,0.0,,
immune_biased,BP,GO:0009583,detection of light stimulus,1.0,1.0,False,0,120,16,6000,0.0,0.0026666666666666666,0.0,,
immune_biased,BP,GO:0009593,detection of chemical stimulus,0.819232286243732,1.0,False,2,120,154,6000,0.016666666666666666,0.025666666666666667,0.6493506493506493,338398;390265,338398;390265
immune_biased,BP,GO:0009636,response to toxic substance,1.0,1.0,False,0,120,67,6000,0.0,0.011166666666666667,0.0,,
immune_biased,BP,GO:0009653,anatomical structure morphogenesis,0.9083267531993446,1.0,False,6,120,461,6000,0.05,0.07683333333333334,0.6507592190889371,3676;10890;51752;57007;64218;344167,10890;344167;3676;51752;57007;64218
immune_biased,BP,GO:0009790,embryo development,0.8528389606960782,1.0,False,2,120,167,6000,0.016666666666666666,0.027833333333333335,0.5988023952095808,3676;344167,344167;3676
immune_biased,BP,GO:0009792,embryo development ending in birth or egg hatching,0.7867270707647809,1.0,False,1,120,76,6000,0.008333333333333333,0.012666666666666666,0.6578947368421053,344167,344167
immune_biased,BP,GO:0009798,axis specification,1.0,1.0,False,0,120,21,6000,0.0,0.0035,0.0,,
immune_biased,BP,GO:0009799,specification of symmetry,1.0,1.0,False,0,120,19,6000,0.0,0.0031666666666666666,0.0,,
immune_biased,BP,GO:0009855,determination of bilateral symmetry,1.0,1.0,False,0,120,19,6000,0.0,0.0031666666666666666,0.0,,
immune_biased,BP,GO:0009880,embryonic pattern specification,1.0,1.0,False,0,120,16,6000,0.0,0.0026666666666666666,0.0,,
immune_biased,BP,GO:0009887,animal organ morphogenesis,0.9686793099264955,1.0,False,1,120,169,6000,0.008333333333333333,0.028166666666666666,0.2958579881656805,344167,344167
immune_biased,BP,GO:0009948,anterior/posterior axis specification,1.0,1.0,False,0,120,16,6000,0.0,0.0026666666666666666,0.0,,
immune_biased,BP,GO:0009952,anterior/posterior pattern specification,1.0,1.0,False,0,120,35,6000,0.0,0.005833333333333334,0.0,,
immune_biased,BP,GO:0009953,dorsal/ventral pattern formation,1.0,1.0,False,0,120,12,6000,0.0,0.002,0.0,,
immune_biased,BP,GO:0010038,response to metal ion,0.5765887208409325,1.0,False,2,120,96,6000,0.016666666666666666,0.016,1.0416666666666667,27347;169026,169026;27347
immune_biased,BP,GO:0010039,response to iron ion,1.0,1.0,False,0,120,13,6000,0.0,0.0021666666666666666,0.0,,
immune_biased,BP,GO:0010232,vascular transport,1.0,1.0,False,0,120,23,6000,0.0,0.003833333333333333,0.0,,
immune_biased,BP,GO:0010256,endomembrane system organization,0.5395440488426461,1.0,False,3,120,141,6000,0.025,0.0235,1.0638297872340425,10890;256987;388552,10890;256987;388552
immune_biased,BP,GO:0010324,membrane invagination,1.0,1.0,False,0,120,14,6000,0.0,0.0023333333333333335,0.0,,
immune_biased,BP,GO:0010496,intercellular transport,1.0,1.0,False,0,120,12,6000,0.0,0.002,0.0,,
immune_biased,BP,GO:0010498,proteasomal protein catabolic process,0.9404316978762435,1.0,False,1,120,138,6000,0.008333333333333333,0.023,0.36231884057971014,5692,5692
immune_biased,BP,GO:0010566,regulation of ketone biosynthetic process,1.0,1.0,False,0,120,11,6000,0.0,0.0018333333333333333,0.0,,
immune_biased,BP,GO:0010569,regulation of double-strand break repair via homologous recombination,1.0,1.0,False,0,120,24,6000,0.0,0.004,0.0,,
immune_biased,BP,GO:0010591,regulation of lamellipodium assembly,1.0,1.0,False,0,120,13,6000,0.0,0.0021666666666666666,0.0,,
immune_biased,BP,GO:0010608,post-transcriptional regulation of gene expression,0.5539246549257438,1.0,False,3,120,144,6000,0.025,0.024,1.0416666666666667,1967;4690;7186,1967;4690;7186
immune_biased,BP,GO:0010632,regulation of epithelial cell migration,1.0,1.0,False,0,120,20,6000,0.0,0.0033333333333333335,0.0,,
immune_biased,BP,GO:0010633,negative regulation of epithelial cell migration,1.0,1.0,False,0,120,10,6000,0.0,0.0016666666666666668,0.0,,
immune_biased,BP,GO:0010634,positive regulation of epithelial cell migration,1.0,1.0,False,0,120,10,6000,0.0,0.0016666666666666668,0.0,,
immune_biased,BP,GO:0010644,cell communication by electrical coupling,1.0,1.0,False,0,120,10,6000,0.0,0.0016666666666666668,0.0,,
immune_biased,BP,GO:0010662,regulation of striated muscle cell apoptotic process,1.0,1.0,False,0,120,11,6000,0.0,0.0018333333333333333,0.0,,
immune_biased,BP,GO:0010665,regulation of cardiac muscle cell apoptotic process,1.0,1.0,False,0,120,10,6000,0.0,0.0016666666666666668,0.0,,
immune_biased,BP,GO:0010669,epithelial structure maintenance,1.0,1.0,False,0,120,13,6000,0.0,0.0021666666666666666,0.0,,
immune_biased,BP,GO:0010717,regulation of epithelial to mesenchymal transition,1.0,1.0,False,0,120,34,6000,0.0,0.005666666666666667,0.0,,
immune_biased,BP,GO:0010718,positive regulation of epithelial to mesenchymal transition,1.0,1.0,False,0,120,14,6000,0.0,0.0023333333333333335,0.0,,
immune_biased,BP,GO:0010719,negative regulation of epithelial to mesenchymal transition,1.0,1.0,False,0,120,16,6000,0.0,0.0026666666666666666,0.0,,
immune_biased,BP,GO:0010762,regulation of fibroblast migration,1.0,1.0,False,0,120,11,6000,0.0,0.0018333333333333333,0.0,,
immune_biased,BP,GO:0010770,positive regulation of cell morphogenesis,1.0,1.0,False,0,120,13,6000,0.0,0.0021666666666666666,0.0,,
immune_biased,BP,GO:0010804,negative regulation of tumor necrosis factor-mediated signaling pathway,1.0,1.0,False,0,120,10,6000,0.0,0.0016666666666666668,0.0,,
immune_biased,BP,GO:0010810,regulation of cell-substrate adhesion,0.6222743971944265,1.0,False,1,120,48,6000,0.008333333333333333,0.008,1.0416666666666667,6376,6376
immune_biased,BP,GO:0010824,regulation of centrosome duplication,1.0,1.0,False,0,120,10,6000,0.0,0.0016666666666666668,0.0,,
immune_biased,BP,GO:0010876,lipid localization,0.5989800517454676,1.0,False,2,120,100,6000,0.016666666666666666,0.016666666666666666,1.0,5468;256987,256987;5468
immune_biased,BP,GO:0010880,regulation of release of sequestered calcium ion into cytosol by sarcoplasmic reticulum,1.0,1.0,False,0,120,14,6000,0.0,0.0023333333333333335,0.0,,
immune_biased,BP,GO:0010882,regulation of cardiac muscle contraction by calcium ion signaling,1.0,1.0,False,0,120,14,6000,0.0,0.0023333333333333335,0.0,,
immune_biased,BP,GO:0010893,positive regulation of steroid biosynthetic process,1.0,1.0,False,0,120,10,6000,0.0,0.0016666666666666668,0.0,,
immune_biased,BP,GO:0010894,negative regulation of steroid biosynthetic process,1.0,1.0,False,0,120,11,6000,0.0,0.0018333333333333333,0.0,,
immune_biased,BP,GO:0010927,cellular component assembly involved in morphogenesis,1.0,1.0,False,0,120,34,6000,0.0,0.005666666666666667,0.0,,
immune_biased,BP,GO:0010948,negative regulation of cell cycle process,0.7274354142638543,1.0,False,1,120,64,6000,0.008333333333333333,0.010666666666666666,0.78125,23376,23376
immune_biased,BP,GO:0010965,regulation of mitotic sister chromatid separation,1.0,1.0,False,0,120,18,6000,0.0,0.003,0.0,,
immune_biased,BP,GO:0010972,negative regulation of G2/M transition of mitotic cell cycle,1.0,1.0,False,0,120,18,6000,0.0,0.003,0.0,,
immune_biased,BP,GO:0010977,negative regulation of neuron projection development,1.0,1.0,False,0,120,35,6000,0.0,0.005833333333333334,0.0,,
immune_biased,BP,GO:0014013,regulation of gliogenesis,1.0,1.0,False,0,120,20,6000,0.0,0.0033333333333333335,0.0,,
immune_biased,BP,GO:0014015,positive regulation of gliogenesis,1.0,1.0,False,0,120,13,6000,0.0,0.0021666666666666666,0.0,,
immune_biased,BP,GO:0014032,neural crest cell development,1.0,1.0,False,0,120,15,6000,0.0,0.0025,0.0,,
immune_biased,BP,GO:0014033,neural crest cell differentiation,1.0,1.0,False,0,120,17,6000,0.0,0.0028333333333333335,0.0,,
immune_biased,BP,GO:0014074,response to purine-containing compound,1.0,1.0,False,0,120,38,6000,0.0,0.006333333333333333,0.0,,
immune_biased,BP,GO:0014706,striated muscle tissue development,1.0,1.0,False,0,120,50,6000,0.0,0.008333333333333333,0.0,,
immune_biased,BP,GO:0014850,response to muscle activity,1.0,1.0,False,0,120,11,6000,0.0,0.0018333333333333333,0.0,,
immune_biased,BP,GO:0014902,myotube differentiation,1.0,1.0,False,0,120,16,6000,0.0,0.0026666666666666666,0.0,,
immune_biased,BP,GO:0014910,regulation of smooth muscle cell migration,1.0,1.0,False,0,120,13,6000,0.0,0.0021666666666666666,0.0,,
immune_biased,BP,GO:0015698,inorganic anion transport,1.0,1.0,False,0,120,38,6000,0.0,0.006333333333333333,0.0,,
immune_biased,BP,GO:0015718,monocarboxylic acid transport,0.6446668745332489,1.0,False,1,120,51,6000,0.008333333333333333,0.0085,0.9803921568627451,5468,5468
immune_biased,BP,GO:0015721,bile acid and bile salt transport,1.0,1.0,False,0,120,11,6000,0.0,0.0018333333333333333,0.0,,
immune_biased,BP,GO:0015748,organophosphate ester transport,0.6724881482213413,1.0,False,1,120,55,6000,0.008333333333333333,0.009166666666666667,0.9090909090909091,256987,256987
immune_biased,BP,GO:0015749,monosaccharide transmembrane transport,1.0,1.0,False,0,120,14,6000,0.0,0.0023333333333333335,0.0,,
immune_biased,BP,GO:0015800,acidic amino acid transport,1.0,1.0,False,0,120,10,6000,0.0,0.0016666666666666668,0.0,,
immune_biased,BP,GO:0015804,neutral amino acid transport,1.0,1.0,False,0,120,14,6000,0.0,0.0023333333333333335,0.0,,
immune_biased,BP,GO:0015807,L-amino acid transport,1.0,1.0,False,0,120,18,6000,0.0,0.003,0.0,,
immune_biased,BP,GO:0015849,organic acid transport,0.8431582686902698,1.0,False,1,120,91,6000,0.008333333333333333,0.015166666666666667,0.5494505494505494,5468,5468
immune_biased,BP,GO:0015850,organic hydroxy compound transport,1.0,1.0,False,0,120,47,6000,0.0,0.007833333333333333,0.0,,
immune_biased,BP,GO:0015865,purine nucleotide transport,1.0,1.0,False,0,120,17,6000,0.0,0.0028333333333333335,0.0,,
immune_biased,BP,GO:0015867,ATP transport,1.0,1.0,False,0,120,13,6000,0.0,0.0021666666666666666,0.0,,
immune_biased,BP,GO:0015868,purine ribonucleotide transport,1.0,1.0,False,0,120,17,6000,0.0,0.0028333333333333335,0.0,,
immune_biased,BP,GO:0015918,sterol transport,1.0,1.0,False,0,120,19,6000,0.0,0.0031666666666666666,0.0,,
immune_biased,BP,GO:0015931,nucleobase-containing compound transport,1.0,1.0,False,0,120,57,6000,0.0,0.0095,0.0,,
immune_biased,BP,GO:0015980,energy derivation by oxidation of organic compounds,1.0,1.0,False,0,120,69,6000,0.0,0.0115,0.0,,
immune_biased,BP,GO:0015986,proton motive force-driven ATP synthesis,1.0,1.0,False,0,120,21,6000,0.0,0.0035,0.0,,
immune_biased,BP,GO:0016042,lipid catabolic process,1.0,1.0,False,0,120,92,6000,0.0,0.015333333333333332,0.0,,
immune_biased,BP,GO:0016043,cellular component organization,0.74088074131114,1.0,False,28,120,1530,6000,0.23333333333333334,0.255,0.9150326797385621,713;728;972;1776;2674;2896;3119;3630;3676;4690;5175;5298;5987;6376;6421;7186;8342;8575;10890;23376;27347;55863;64005;64218;115362;165918;256987;388552,10890;115362;165918;1776;23376;256987;2674;27347;2896;3119;3630;3676;388552;4690;5175;5298;55863;5987;6376;64005;6421;64218;713;7186;728;8342;8575;972
immune_biased,BP,GO:0016050,vesicle organization,0.8916472007324211,1.0,False,1,120,109,6000,0.008333333333333333,0.018166666666666668,0.4587155963302752,388552,388552
immune_biased,BP,GO:0016051,carbohydrate biosynthetic process,1.0,1.0,False,0,120,35,6000,0.0,0.005833333333333334,0.0,,
immune_biased,BP,GO:0016052,carbohydrate catabolic process,1.0,1.0,False,0,120,24,6000,0.0,0.004,0.0,,
immune_biased,BP,GO:0016055,Wnt signaling pathway,1.0,1.0,False,0,120,47,6000,0.0,0.007833333333333333,0.0,,
immune_biased,BP,GO:0016079,synaptic vesicle exocytosis,1.0,1.0,False,0,120,13,6000,0.0,0.0021666666666666666,0.0,,
immune_biased,BP,GO:0016101,diterpenoid metabolic process,1.0,1.0,False,0,120,25,6000,0.0,0.004166666666666667,0.0,,
immune_biased,BP,GO:0016125,sterol metabolic process,1.0,1.0,False,0,120,31,6000,0.0,0.005166666666666667,0.0,,
immune_biased,BP,GO:0016126,sterol biosynthetic process,1.0,1.0,False,0,120,11,6000,0.0,0.0018333333333333333,0.0,,
immune_biased,BP,GO:0016197,endosomal transport,0.5533102900302161,1.0,False,2,120,92,6000,0.016666666666666666,0.015333333333333332,1.0869565217391304,5987;10890,10890;5987
immune_biased,BP,GO:0016311,dephosphorylation,1.0,1.0,False,0,120,31,6000,0.0,0.005166666666666667,0.0,,
immune_biased,BP,GO:0016331,morphogenesis of embryonic epithelium,1.0,1.0,False,0,120,17,6000,0.0,0.0028333333333333335,0.0,,
immune_biased,BP,GO:0016339,calcium-dependent cell-cell adhesion,1.0,1.0,False,0,120,10,6000,0.0,0.0016666666666666668,0.0,,
immune_biased,BP,GO:0016358,dendrite development,1.0,1.0,False,0,120,23,6000,0.0,0.003833333333333333,0.0,,
immune_biased,BP,GO:0016441,post-transcriptional gene silencing,1.0,1.0,False,0,120,15,6000,0.0,0.0025,0.0,,
immune_biased,BP,GO:0016482,cytosolic transport,0.6145035978910377,1.0,False,1,120,47,6000,0.008333333333333333,0.007833333333333333,1.0638297872340425,5987,5987
immune_biased,BP,GO:0016485,protein processing,0.6065742923968529,1.0,False,1,120,46,6000,0.008333333333333333,0.007666666666666666,1.0869565217391304,169026,169026
immune_biased,BP,GO:0016579,protein deubiquitination,1.0,1.0,False,0,120,24,6000,0.0,0.004,0.0,,
immune_biased,BP,GO:0017004,cytochrome complex assembly,1.0,1.0,False,0,120,19,6000,0.0,0.0031666666666666666,0.0,,
immune_biased,BP,GO:0017015,regulation of transforming growth factor beta receptor signaling pathway,0.5984832752739089,1.0,False,1,120,45,6000,0.008333333333333333,0.0075,1.1111111111111112,5468,5468
immune_biased,BP,GO:0017148,negative regulation of translation,1.0,1.0,False,0,120,38,6000,0.0,0.006333333333333333,0.0,,
immune_biased,BP,GO:0017157,regulation of exocytosis,1.0,1.0,False,0,120,46,6000,0.0,0.007666666666666666,0.0,,
immune_biased,BP,GO:0018958,phenol-containing compound metabolic process,1.0,1.0,False,0,120,15,6000,0.0,0.0025,0.0,,
immune_biased,BP,GO:0019080,viral gene expression,1.0,1.0,False,0,120,12,6000,0.0,0.002,0.0,,
immune_biased,BP,GO:0019218,regulation of steroid metabolic process,1.0,1.0,False,0,120,37,6000,0.0,0.006166666666666667,0.0,,
immune_biased,BP,GO:0019318,hexose metabolic process,1.0,1.0,False,0,120,39,6000,0.0,0.0065,0.0,,
immune_biased,BP,GO:0019319,hexose biosynthetic process,1.0,1.0,False,0,120,12,6000,0.0,0.002,0.0,,
immune_biased,BP,GO:0019320,hexose catabolic process,1.0,1.0,False,0,120,11,6000,0.0,0.0018333333333333333,0.0,,
immune_biased,BP,GO:0019369,arachidonate metabolic process,1.0,1.0,False,0,120,20,6000,0.0,0.0033333333333333335,0.0,,
immune_biased,BP,GO:0019395,fatty acid oxidation,1.0,1.0,False,0,120,26,6000,0.0,0.004333333333333333,0.0,,
immune_biased,BP,GO:0019433,triglyceride catabolic process,1.0,1.0,False,0,120,11,6000,0.0,0.0018333333333333333,0.0,,
immune_biased,BP,GO:0019637,organophosphate metabolic process,0.7604159374110964,1.0,False,4,120,256,6000,0.03333333333333333,0.042666666666666665,0.78125,5142;5298;8818;256987,256987;5142;5298;8818
immune_biased,BP,GO:0019646,aerobic electron transport chain,1.0,1.0,False,0,120,26,6000,0.0,0.004333333333333333,0.0,,
immune_biased,BP,GO:0019674,NAD+ metabolic process,1.0,1.0,False,0,120,14,6000,0.0,0.0023333333333333335,0.0,,
immune_biased,BP,GO:0019693,ribose phosphate metabolic process,0.8113802750844568,1.0,False,1,120,82,6000,0.008333333333333333,0.013666666666666667,0.6097560975609756,5142,5142
immune_biased,BP,GO:0019725,cellular homeostasis,0.5138431670371043,1.0,False,4,120,186,6000,0.03333333333333333,0.031,1.075268817204301,2896;6376;27347;169026,169026;27347;2896;6376
immune_biased,BP,GO:0019748,secondary metabolic process,1.0,1.0,False,0,120,11,6000,0.0,0.0018333333333333333,0.0,,
immune_biased,BP,GO:0019751,polyol metabolic process,1.0,1.0,False,0,120,23,6000,0.0,0.003833333333333333,0.0,,
immune_biased,BP,GO:0019752,carboxylic acid metabolic process,0.9889754945327031,1.0,False,1,120,219,6000,0.008333333333333333,0.0365,0.22831050228310504,972,972
immune_biased,BP,GO:0019827,stem cell population maintenance,1.0,1.0,False,0,120,14,6000,0.0,0.0023333333333333335,0.0,,
immune_biased,BP,GO:0019915,lipid storage,1.0,1.0,False,0,120,15,6000,0.0,0.0025,0.0,,
immune_biased,BP,GO:0019941,modification-dependent protein catabolic process,0.6707507069535424,1.0,False,3,120,171,6000,0.025,0.0285,0.8771929824561404,867;5692;165918,165918;5692;867
immune_biased,BP,GO:0019953,sexual reproduction,0.9616894583685036,1.0,False,2,120,247,6000,0.016666666666666666,0.041166666666666664,0.40485829959514175,5692;5987,5692;5987
immune_biased,BP,GO:0021510,spinal cord development,1.0,1.0,False,0,120,13,6000,0.0,0.0021666666666666666,0.0,,
immune_biased,BP,GO:0021537,telencephalon development,1.0,1.0,False,0,120,50,6000,0.0,0.008333333333333333,0.0,,
immune_biased,BP,GO:0021543,pallium development,1.0,1.0,False,0,120,36,6000,0.0,0.006,0.0,,
immune_biased,BP,GO:0021549,cerebellum development,1.0,1.0,False,0,120,14,6000,0.0,0.0023333333333333335,0.0,,
immune_biased,BP,GO:0021761,limbic system development,1.0,1.0,False,0,120,22,6000,0.0,0.0036666666666666666,0.0,,
immune_biased,BP,GO:0021766,hippocampus development,1.0,1.0,False,0,120,17,6000,0.0,0.0028333333333333335,0.0,,
immune_biased,BP,GO:0021872,forebrain generation of neurons,1.0,1.0,False,0,120,13,6000,0.0,0.0021666666666666666,0.0,,
immune_biased,BP,GO:0021879,forebrain neuron differentiation,1.0,1.0,False,0,120,10,6000,0.0,0.0016666666666666668,0.0,,
immune_biased,BP,GO:0021885,forebrain cell migration,1.0,1.0,False,0,120,10,6000,0.0,0.0016666666666666668,0.0,,
immune_biased,BP,GO:0021915,neural tube development,1.0,1.0,False,0,120,16,6000,0.0,0.0026666666666666666,0.0,,
immune_biased,BP,GO:0021953,central nervous system neuron differentiation,1.0,1.0,False,0,120,36,6000,0.0,0.006,0.0,,
immune_biased,BP,GO:0021954,central nervous system neuron development,1.0,1.0,False,0,120,19,6000,0.0,0.0031666666666666666,0.0,,
immune_biased,BP,GO:0021987,cerebral cortex development,1.0,1.0,False,0,120,23,6000,0.0,0.003833333333333333,0.0,,
immune_biased,BP,GO:0022029,telencephalon cell migration,1.0,1.0,False,0,120,10,6000,0.0,0.0016666666666666668,0.0,,
immune_biased,BP,GO:0022037,metencephalon development,1.0,1.0,False,0,120,15,6000,0.0,0.0025,0.0,,
immune_biased,BP,GO:0022402,cell cycle process,1.0,1.0,False,0,120,236,6000,0.0,0.03933333333333333,0.0,,
immune_biased,BP,GO:0022412,cellular process involved in reproduction in multicellular organism,1.0,1.0,False,0,120,99,6000,0.0,0.0165,0.0,,
immune_biased,BP,GO:0022600,digestive system process,1.0,1.0,False,0,120,25,6000,0.0,0.004166666666666667,0.0,,
immune_biased,BP,GO:0022604,regulation of cell morphogenesis,0.6588586485892609,1.0,False,1,120,53,6000,0.008333333333333333,0.008833333333333334,0.9433962264150942,64218,64218
immune_biased,BP,GO:0022607,cellular component assembly,0.9430020857138255,1.0,False,10,120,748,6000,0.08333333333333333,0.12466666666666666,0.6684491978609626,972;3119;4690;5175;6376;7186;8342;8575;55863;115362,115362;3119;4690;5175;55863;6376;7186;8342;8575;972
immune_biased,BP,GO:0022617,extracellular matrix disassembly,1.0,1.0,False,0,120,11,6000,0.0,0.0018333333333333333,0.0,,
immune_biased,BP,GO:0022618,protein-RNA complex assembly,0.738345065927039,1.0,False,1,120,66,6000,0.008333333333333333,0.011,0.7575757575757576,8575,8575
immune_biased,BP,GO:0022898,regulation of transmembrane transporter activity,1.0,1.0,False,0,120,21,6000,0.0,0.0035,0.0,,
immune_biased,BP,GO:0022900,electron transport chain,1.0,1.0,False,0,120,29,6000,0.0,0.004833333333333334,0.0,,
immune_biased,BP,GO:0022904,respiratory electron transport chain,1.0,1.0,False,0,120,27,6000,0.0,0.0045,0.0,,
immune_biased,BP,GO:0030001,metal ion transport,0.9036585493745021,1.0,False,2,120,193,6000,0.016666666666666666,0.03216666666666667,0.5181347150259067,27347;169026,169026;27347
immune_biased,BP,GO:0030003,intracellular monoatomic cation homeostasis,0.6360226446751689,1.0,False,2,120,107,6000,0.016666666666666666,0.017833333333333333,0.9345794392523364,2896;169026,169026;2896
immune_biased,BP,GO:0030029,actin filament-based process,0.8075991360906454,1.0,False,2,120,150,6000,0.016666666666666666,0.025,0.6666666666666666,5987;64005,5987;64005
immune_biased,BP,GO:0030030,cell projection organization,0.573237757769707,1.0,False,6,120,304,6000,0.05,0.050666666666666665,0.986842105263158,2674;3630;3676;10890;64218;388552,10890;2674;3630;3676;388552;64218
immune_biased,BP,GO:0030031,cell projection assembly,1.0,1.0,False,0,120,111,6000,0.0,0.0185,0.0,,
immune_biased,BP,GO:0030036,actin cytoskeleton organization,0.7271981011312407,1.0,False,2,120,127,6000,0.016666666666666666,0.021166666666666667,0.7874015748031495,5987;64005,5987;64005
immune_biased,BP,GO:0030071,regulation of mitotic metaphase/anaphase transition,1.0,1.0,False,0,120,30,6000,0.0,0.005,0.0,,
immune_biased,BP,GO:0030100,regulation of endocytosis,0.541341397774223,1.0,False,2,120,90,6000,0.016666666666666666,0.015,1.1111111111111112,566;867,566;867
immune_biased,BP,GO:0030101,natural killer cell activation,1.0,1.0,False,0,120,19,6000,0.0,0.0031666666666666666,0.0,,
immune_biased,BP,GO:0030111,regulation of Wnt signaling pathway,1.0,1.0,False,0,120,85,6000,0.0,0.014166666666666666,0.0,,
immune_biased,BP,GO:0030148,sphingolipid biosynthetic process,1.0,1.0,False,0,120,31,6000,0.0,0.005166666666666667,0.0,,
immune_biased,BP,GO:0030162,regulation of proteolysis,0.5644357055502625,1.0,False,1,120,41,6000,0.008333333333333333,0.006833333333333334,1.2195121951219512,2896,2896
immune_biased,BP,GO:0030163,protein catabolic process,0.7109772352800083,1.0,False,4,120,239,6000,0.03333333333333333,0.03983333333333333,0.8368200836820084,867;1521;5692;165918,1521;165918;5692;867
immune_biased,BP,GO:0030166,proteoglycan biosynthetic process,1.0,1.0,False,0,120,19,6000,0.0,0.0031666666666666666,0.0,,
immune_biased,BP,GO:0030177,positive regulation of Wnt signaling pathway,1.0,1.0,False,0,120,37,6000,0.0,0.006166666666666667,0.0,,
immune_biased,BP,GO:0030178,negative regulation of Wnt signaling pathway,1.0,1.0,False,0,120,45,6000,0.0,0.0075,0.0,,
immune_biased,BP,GO:0030193,regulation of blood coagulation,1.0,1.0,False,0,120,20,6000,0.0,0.0033333333333333335,0.0,,
immune_biased,BP,GO:0030195,negative regulation of blood coagulation,1.0,1.0,False,0,120,13,6000,0.0,0.0021666666666666666,0.0,,
immune_biased,BP,GO:0030198,extracellular matrix organization,1.0,1.0,False,0,120,52,6000,0.0,0.008666666666666666,0.0,,
immune_biased,BP,GO:0030201,heparan sulfate proteoglycan metabolic process,1.0,1.0,False,0,120,12,6000,0.0,0.002,0.0,,
immune_biased,BP,GO:0030203,glycosaminoglycan metabolic process,1.0,1.0,False,0,120,18,6000,0.0,0.003,0.0,,
immune_biased,BP,GO:0030239,myofibril assembly,1.0,1.0,False,0,120,12,6000,0.0,0.002,0.0,,
immune_biased,BP,GO:0030258,lipid modification,1.0,1.0,False,0,120,45,6000,0.0,0.0075,0.0,,
immune_biased,BP,GO:0030261,chromosome condensation,1.0,1.0,False,0,120,12,6000,0.0,0.002,0.0,,
immune_biased,BP,GO:0030278,regulation of ossification,1.0,1.0,False,0,120,28,6000,0.0,0.004666666666666667,0.0,,
immune_biased,BP,GO:0030282,bone mineralization,1.0,1.0,False,0,120,10,6000,0.0,0.0016666666666666668,0.0,,
immune_biased,BP,GO:0030301,cholesterol transport,1.0,1.0,False,0,120,17,6000,0.0,0.0028333333333333335,0.0,,
immune_biased,BP,GO:0030307,positive regulation of cell growth,0.5554857542944451,1.0,False,1,120,40,6000,0.008333333333333333,0.006666666666666667,1.25,3630,3630
immune_biased,BP,GO:0030308,negative regulation of cell growth,1.0,1.0,False,0,120,45,6000,0.0,0.0075,0.0,,
immune_biased,BP,GO:0030317,flagellated sperm motility,0.7274354142638543,1.0,False,1,120,64,6000,0.008333333333333333,0.010666666666666666,0.78125,5692,5692
immune_biased,BP,GO:0030323,respiratory tube development,1.0,1.0,False,0,120,20,6000,0.0,0.0033333333333333335,0.0,,
immune_biased,BP,GO:0030324,lung development,1.0,1.0,False,0,120,20,6000,0.0,0.0033333333333333335,0.0,,
immune_biased,BP,GO:0030326,embryonic limb morphogenesis,1.0,1.0,False,0,120,16,6000,0.0,0.0026666666666666666,0.0,,
immune_biased,BP,GO:0030330,"DNA damage response, signal transduction by p53 class mediator",1.0,1.0,False,0,120,12,6000,0.0,0.002,0.0,,
immune_biased,BP,GO:0030488,tRNA methylation,1.0,1.0,False,0,120,13,6000,0.0,0.0021666666666666666,0.0,,
immune_biased,BP,GO:0030500,regulation of bone mineralization,1.0,1.0,False,0,120,21,6000,0.0,0.0035,0.0,,
immune_biased,BP,GO:0030501,positive regulation of bone mineralization,1.0,1.0,False,0,120,15,6000,0.0,0.0025,0.0,,
immune_biased,BP,GO:0030511,positive regulation of transforming growth factor beta receptor signaling pathway,1.0,1.0,False,0,120,14,6000,0.0,0.0023333333333333335,0.0,,
immune_biased,BP,GO:0030516,regulation of axon extension,1.0,1.0,False,0,120,16,6000,0.0,0.0026666666666666666,0.0,,
immune_biased,BP,GO:0030518,nuclear receptor-mediated steroid hormone signaling pathway,1.0,1.0,False,0,120,27,6000,0.0,0.0045,0.0,,
immune_biased,BP,GO:0030520,estrogen receptor signaling pathway,1.0,1.0,False,0,120,11,6000,0.0,0.0018333333333333333,0.0,,
immune_biased,BP,GO:0030534,adult behavior,1.0,1.0,False,0,120,19,6000,0.0,0.0031666666666666666,0.0,,
immune_biased,BP,GO:0030574,collagen catabolic process,1.0,1.0,False,0,120,12,6000,0.0,0.002,0.0,,
immune_biased,BP,GO:0030832,regulation of actin filament length,0.5178253555419259,1.0,False,1,120,36,6000,0.008333333333333333,0.006,1.3888888888888888,4690,4690
immune_biased,BP,GO:0030834,regulation of actin filament depolymerization,1.0,1.0,False,0,120,11,6000,0.0,0.0018333333333333333,0.0,,
immune_biased,BP,GO:0030837,negative regulation of actin filament polymerization,1.0,1.0,False,0,120,15,6000,0.0,0.0025,0.0,,
immune_biased,BP,GO:0030858,positive regulation of epithelial cell differentiation,1.0,1.0,False,0,120,16,6000,0.0,0.0026666666666666666,0.0,,
immune_biased,BP,GO:0030879,mammary gland development,1.0,1.0,False,0,120,19,6000,0.0,0.0031666666666666666,0.0,,
immune_biased,BP,GO:0030900,forebrain development,1.0,1.0,False,0,120,70,6000,0.0,0.011666666666666667,0.0,,
immune_biased,BP,GO:0030901,midbrain development,1.0,1.0,False,0,120,18,6000,0.0,0.003,0.0,,
immune_biased,BP,GO:0030902,hindbrain development,1.0,1.0,False,0,120,23,6000,0.0,0.003833333333333333,0.0,,
immune_biased,BP,GO:0030968,endoplasmic reticulum unfolded protein response,1.0,1.0,False,0,120,19,6000,0.0,0.0031666666666666666,0.0,,
immune_biased,BP,GO:0031016,pancreas development,1.0,1.0,False,0,120,12,6000,0.0,0.002,0.0,,
immune_biased,BP,GO:0031023,microtubule organizing center organization,1.0,1.0,False,0,120,29,6000,0.0,0.004833333333333334,0.0,,
immune_biased,BP,GO:0031032,actomyosin structure organization,1.0,1.0,False,0,120,17,6000,0.0,0.0028333333333333335,0.0,,
immune_biased,BP,GO:0031076,embryonic camera-type eye development,1.0,1.0,False,0,120,10,6000,0.0,0.0016666666666666668,0.0,,
immune_biased,BP,GO:0031109,microtubule polymerization or depolymerization,1.0,1.0,False,0,120,16,6000,0.0,0.0026666666666666666,0.0,,
immune_biased,BP,GO:0031110,regulation of microtubule polymerization or depolymerization,1.0,1.0,False,0,120,25,6000,0.0,0.004166666666666667,0.0,,
immune_biased,BP,GO:0031113,regulation of microtubule polymerization,1.0,1.0,False,0,120,16,6000,0.0,0.0026666666666666666,0.0,,
immune_biased,BP,GO:0031122,cytoplasmic microtubule organization,1.0,1.0,False,0,120,11,6000,0.0,0.0018333333333333333,0.0,,
immune_biased,BP,GO:0031124,mRNA 3'-end processing,1.0,1.0,False,0,120,18,6000,0.0,0.003,0.0,,
immune_biased,BP,GO:0031146,SCF-dependent proteasomal ubiquitin-dependent protein catabolic process,1.0,1.0,False,0,120,14,6000,0.0,0.0023333333333333335,0.0,,
immune_biased,BP,GO:0031167,rRNA methylation,1.0,1.0,False,0,120,11,6000,0.0,0.0018333333333333333,0.0,,
immune_biased,BP,GO:0031214,biomineral tissue development,1.0,1.0,False,0,120,13,6000,0.0,0.0021666666666666666,0.0,,
immune_biased,BP,GO:0031297,replication fork processing,1.0,1.0,False,0,120,13,6000,0.0,0.0021666666666666666,0.0,,
immune_biased,BP,GO:0031333,negative regulation of protein-containing complex assembly,1.0,1.0,False,0,120,42,6000,0.0,0.007,0.0,,
immune_biased,BP,GO:0031396,regulation of protein ubiquitination,0.5984832752739089,1.0,False,1,120,45,6000,0.008333333333333333,0.0075,1.1111111111111112,23376,23376
immune_biased,BP,GO:0031398,positive regulation of protein ubiquitination,1.0,1.0,False,0,120,22,6000,0.0,0.0036666666666666666,0.0,,
immune_biased,BP,GO:0031503,protein-containing complex localization,1.0,1.0,False,0,120,16,6000,0.0,0.0026666666666666666,0.0,,
immune_biased,BP,GO:0031507,heterochromatin formation,1.0,1.0,False,0,120,62,6000,0.0,0.010333333333333333,0.0,,
immune_biased,BP,GO:0031577,spindle checkpoint signaling,1.0,1.0,False,0,120,10,6000,0.0,0.0016666666666666668,0.0,,
immune_biased,BP,GO:0031589,cell-substrate adhesion,0.5902272768216926,1.0,False,1,120,44,6000,0.008333333333333333,0.007333333333333333,1.1363636363636365,3676,3676
immune_biased,BP,GO:0031638,zymogen activation,1.0,1.0,False,0,120,10,6000,0.0,0.0016666666666666668,0.0,,
immune_biased,BP,GO:0031644,regulation of nervous system process,1.0,1.0,False,0,120,27,6000,0.0,0.0045,0.0,,
immune_biased,BP,GO:0031960,response to corticosteroid,0.5818029618000387,1.0,False,1,120,43,6000,0.008333333333333333,0.007166666666666667,1.1627906976744187,27347,27347
immune_biased,BP,GO:0032026,response to magnesium ion,1.0,1.0,False,0,120,10,6000,0.0,0.0016666666666666668,0.0,,
immune_biased,BP,GO:0032200,telomere organization,1.0,1.0,False,0,120,39,6000,0.0,0.0065,0.0,,
immune_biased,BP,GO:0032205,negative regulation of telomere maintenance,1.0,1.0,False,0,120,12,6000,0.0,0.002,0.0,,
immune_biased,BP,GO:0032210,regulation of telomere maintenance via telomerase,1.0,1.0,False,0,120,12,6000,0.0,0.002,0.0,,
immune_biased,BP,GO:0032259,methylation,1.0,1.0,False,0,120,39,6000,0.0,0.0065,0.0,,
immune_biased,BP,GO:0032271,regulation of protein polymerization,0.6373529851582895,1.0,False,1,120,50,6000,0.008333333333333333,0.008333333333333333,1.0,4690,4690
immune_biased,BP,GO:0032272,negative regulation of protein polymerization,1.0,1.0,False,0,120,19,6000,0.0,0.0031666666666666666,0.0,,
immune_biased,BP,GO:0032288,myelin assembly,1.0,1.0,False,0,120,10,6000,0.0,0.0016666666666666668,0.0,,
immune_biased,BP,GO:0032350,regulation of hormone metabolic process,1.0,1.0,False,0,120,17,6000,0.0,0.0028333333333333335,0.0,,
immune_biased,BP,GO:0032355,response to estradiol,1.0,1.0,False,0,120,27,6000,0.0,0.0045,0.0,,
immune_biased,BP,GO:0032365,intracellular lipid transport,1.0,1.0,False,0,120,13,6000,0.0,0.0021666666666666666,0.0,,
immune_biased,BP,GO:0032388,positive regulation of intracellular transport,1.0,1.0,False,0,120,38,6000,0.0,0.006333333333333333,0.0,,
immune_biased,BP,GO:0032436,positive regulation of proteasomal ubiquitin-dependent protein catabolic process,1.0,1.0,False,0,120,23,6000,0.0,0.003833333333333333,0.0,,
immune_biased,BP,GO:0032465,regulation of cytokinesis,1.0,1.0,False,0,120,28,6000,0.0,0.004666666666666667,0.0,,
immune_biased,BP,GO:0032467,positive regulation of cytokinesis,1.0,1.0,False,0,120,13,6000,0.0,0.0021666666666666666,0.0,,
immune_biased,BP,GO:0032506,cytokinetic process,1.0,1.0,False,0,120,12,6000,0.0,0.002,0.0,,
immune_biased,BP,GO:0032507,maintenance of protein location in cell,1.0,1.0,False,0,120,11,6000,0.0,0.0018333333333333333,0.0,,
immune_biased,BP,GO:0032509,endosome transport via multivesicular body sorting pathway,1.0,1.0,False,0,120,13,6000,0.0,0.0021666666666666666,0.0,,
immune_biased,BP,GO:0032511,late endosome to vacuole transport via multivesicular body sorting pathway,1.0,1.0,False,0,120,11,6000,0.0,0.0018333333333333333,0.0,,
immune_biased,BP,GO:0032526,response to retinoic acid,1.0,1.0,False,0,120,26,6000,0.0,0.004333333333333333,0.0,,
immune_biased,BP,GO:0032535,regulation of cellular component size,0.5041421045179643,1.0,False,2,120,84,6000,0.016666666666666666,0.014,1.1904761904761905,4690;27347,27347;4690
immune_biased,BP,GO:0032543,mitochondrial translation,1.0,1.0,False,0,120,34,6000,0.0,0.005666666666666667,0.0,,
immune_biased,BP,GO:0032786,"positive regulation of DNA-templated transcription, elongation",1.0,1.0,False,0,120,14,6000,0.0,0.0023333333333333335,0.0,,
immune_biased,BP,GO:0032787,monocarboxylic acid metabolic process,0.9339450844935223,1.0,False,1,120,133,6000,0.008333333333333333,0.022166666666666668,0.37593984962406013,972,972
immune_biased,BP,GO:0032878,regulation of establishment or maintenance of cell polarity,1.0,1.0,False,0,120,10,6000,0.0,0.0016666666666666668,0.0,,
immune_biased,BP,GO:0032886,regulation of microtubule-based process,1.0,1.0,False,0,120,69,6000,0.0,0.0115,0.0,,
immune_biased,BP,GO:0032890,regulation of organic acid transport,1.0,1.0,False,0,120,12,6000,0.0,0.002,0.0,,
immune_biased,BP,GO:0032924,activin receptor signaling pathway,1.0,1.0,False,0,120,10,6000,0.0,0.0016666666666666668,0.0,,
immune_biased,BP,GO:0032956,regulation of actin cytoskeleton organization,0.5041421045179643,1.0,False,2,120,84,6000,0.016666666666666666,0.014,1.1904761904761905,4690;6376,4690;6376
immune_biased,BP,GO:0032963,collagen metabolic process,1.0,1.0,False,0,120,17,6000,0.0,0.0028333333333333335,0.0,,
immune_biased,BP,GO:0032968,positive regulation of transcription elongation by RNA polymerase II,1.0,1.0,False,0,120,13,6000,0.0,0.0021666666666666666,0.0,,
immune_biased,BP,GO:0032984,protein-containing complex disassembly,0.5818029618000387,1.0,False,1,120,43,6000,0.008333333333333333,0.007166666666666667,1.1627906976744187,7186,7186
immune_biased,BP,GO:0032989,cellular anatomical entity morphogenesis,1.0,1.0,False,0,120,34,6000,0.0,0.005666666666666667,0.0,,
immune_biased,BP,GO:0033013,tetrapyrrole metabolic process,1.0,1.0,False,0,120,17,6000,0.0,0.0028333333333333335,0.0,,
immune_biased,BP,GO:0033036,macromolecule localization,0.6250584090701484,1.0,False,10,120,530,6000,0.08333333333333333,0.08833333333333333,0.9433962264150942,867;972;3676;5468;10890;115362;134266;169026;256987;388552,10890;115362;134266;169026;256987;3676;388552;5468;867;972
immune_biased,BP,GO:0033044,regulation of chromosome organization,0.7488215426694528,1.0,False,1,120,68,6000,0.008333333333333333,0.011333333333333334,0.7352941176470588,5595,5595
immune_biased,BP,GO:0033045,regulation of sister chromatid segregation,1.0,1.0,False,0,120,32,6000,0.0,0.005333333333333333,0.0,,
immune_biased,BP,GO:0033046,negative regulation of sister chromatid segregation,1.0,1.0,False,0,120,10,6000,0.0,0.0016666666666666668,0.0,,
immune_biased,BP,GO:0033047,regulation of mitotic sister chromatid segregation,1.0,1.0,False,0,120,17,6000,0.0,0.0028333333333333335,0.0,,
immune_biased,BP,GO:0033048,negative regulation of mitotic sister chromatid segregation,1.0,1.0,False,0,120,10,6000,0.0,0.0016666666666666668,0.0,,
immune_biased,BP,GO:0033144,negative regulation of intracellular steroid hormone receptor signaling pathway,1.0,1.0,False,0,120,11,6000,0.0,0.0018333333333333333,0.0,,
immune_biased,BP,GO:0033365,protein localization to organelle,0.6860372218720658,1.0,False,3,120,175,6000,0.025,0.029166666666666667,0.8571428571428572,867;115362;134266,115362;134266;867
immune_biased,BP,GO:0033555,multicellular organismal response to stress,1.0,1.0,False,0,120,14,6000,0.0,0.0023333333333333335,0.0,,
immune_biased,BP,GO:0033617,mitochondrial respiratory chain complex IV assembly,1.0,1.0,False,0,120,11,6000,0.0,0.0018333333333333333,0.0,,
immune_biased,BP,GO:0033628,regulation of cell adhesion mediated by integrin,1.0,1.0,False,0,120,10,6000,0.0,0.0016666666666666668,0.0,,
immune_biased,BP,GO:0033673,negative regulation of kinase activity,1.0,1.0,False,0,120,22,6000,0.0,0.0036666666666666666,0.0,,
immune_biased,BP,GO:0033762,response to glucagon,1.0,1.0,False,0,120,15,6000,0.0,0.0025,0.0,,
immune_biased,BP,GO:0034109,homotypic cell-cell adhesion,1.0,1.0,False,0,120,13,6000,0.0,0.0021666666666666666,0.0,,
immune_biased,BP,GO:0034143,regulation of toll-like receptor 4 signaling pathway,1.0,1.0,False,0,120,10,6000,0.0,0.0016666666666666668,0.0,,
immune_biased,BP,GO:0034219,carbohydrate transmembrane transport,1.0,1.0,False,0,120,17,6000,0.0,0.0028333333333333335,0.0,,
immune_biased,BP,GO:0034220,monoatomic ion transmembrane transport,0.9649103335161379,1.0,False,2,120,252,6000,0.016666666666666666,0.042,0.3968253968253968,27347;169026,169026;27347
immune_biased,BP,GO:0034242,negative regulation of syncytium formation by plasma membrane fusion,1.0,1.0,False,0,120,16,6000,0.0,0.0026666666666666666,0.0,,
immune_biased,BP,GO:0034308,primary alcohol metabolic process,1.0,1.0,False,0,120,23,6000,0.0,0.003833333333333333,0.0,,
immune_biased,BP,GO:0034311,diol metabolic process,1.0,1.0,False,0,120,10,6000,0.0,0.0016666666666666668,0.0,,
immune_biased,BP,GO:0034315,regulation of Arp2/3 complex-mediated actin nucleation,1.0,1.0,False,0,120,12,6000,0.0,0.002,0.0,,
immune_biased,BP,GO:0034329,cell junction assembly,0.7732279211339425,1.0,False,1,120,73,6000,0.008333333333333333,0.012166666666666666,0.6849315068493151,5175,5175
immune_biased,BP,GO:0034332,adherens junction organization,1.0,1.0,False,0,120,15,6000,0.0,0.0025,0.0,,
immune_biased,BP,GO:0034381,plasma lipoprotein particle clearance,1.0,1.0,False,0,120,10,6000,0.0,0.0016666666666666668,0.0,,
immune_biased,BP,GO:0034389,lipid droplet organization,1.0,1.0,False,0,120,10,6000,0.0,0.0016666666666666668,0.0,,
immune_biased,BP,GO:0034405,response to fluid shear stress,1.0,1.0,False,0,120,17,6000,0.0,0.0028333333333333335,0.0,,
immune_biased,BP,GO:0034440,lipid oxidation,1.0,1.0,False,0,120,28,6000,0.0,0.004666666666666667,0.0,,
immune_biased,BP,GO:0034502,protein localization to chromosome,1.0,1.0,False,0,120,25,6000,0.0,0.004166666666666667,0.0,,
immune_biased,BP,GO:0034504,protein localization to nucleus,1.0,1.0,False,0,120,38,6000,0.0,0.006333333333333333,0.0,,
immune_biased,BP,GO:0034599,cellular response to oxidative stress,1.0,1.0,False,0,120,60,6000,0.0,0.01,0.0,,
immune_biased,BP,GO:0034605,cellular response to heat,1.0,1.0,False,0,120,14,6000,0.0,0.0023333333333333335,0.0,,
immune_biased,BP,GO:0034614,cellular response to reactive oxygen species,1.0,1.0,False,0,120,34,6000,0.0,0.005666666666666667,0.0,,
immune_biased,BP,GO:0034616,response to laminar fluid shear stress,1.0,1.0,False,0,120,11,6000,0.0,0.0018333333333333333,0.0,,
immune_biased,BP,GO:0034620,cellular response to unfolded protein,1.0,1.0,False,0,120,22,6000,0.0,0.0036666666666666666,0.0,,
immune_biased,BP,GO:0034644,cellular response to UV,1.0,1.0,False,0,120,19,6000,0.0,0.0031666666666666666,0.0,,
immune_biased,BP,GO:0034694,response to prostaglandin,1.0,1.0,False,0,120,12,6000,0.0,0.002,0.0,,
immune_biased,BP,GO:0034728,nucleosome organization,0.5275270586497346,1.0,False,1,120,37,6000,0.008333333333333333,0.006166666666666667,1.3513513513513513,8342,8342
immune_biased,BP,GO:0035020,regulation of Rac protein signal transduction,1.0,1.0,False,0,120,20,6000,0.0,0.0033333333333333335,0.0,,
immune_biased,BP,GO:0035022,positive regulation of Rac protein signal transduction,1.0,1.0,False,0,120,12,6000,0.0,0.002,0.0,,
immune_biased,BP,GO:0035023,regulation of Rho protein signal transduction,1.0,1.0,False,0,120,25,6000,0.0,0.004166666666666667,0.0,,
immune_biased,BP,GO:0035036,sperm-egg recognition,1.0,1.0,False,0,120,12,6000,0.0,0.002,0.0,,
immune_biased,BP,GO:0035050,embryonic heart tube development,1.0,1.0,False,0,120,13,6000,0.0,0.0021666666666666666,0.0,,
immune_biased,BP,GO:0035051,cardiocyte differentiation,1.0,1.0,False,0,120,20,6000,0.0,0.0033333333333333335,0.0,,
immune_biased,BP,GO:0035082,axoneme assembly,1.0,1.0,False,0,120,28,6000,0.0,0.004666666666666667,0.0,,
immune_biased,BP,GO:0035094,response to nicotine,1.0,1.0,False,0,120,14,6000,0.0,0.0023333333333333335,0.0,,
immune_biased,BP,GO:0035107,appendage morphogenesis,1.0,1.0,False,0,120,19,6000,0.0,0.0031666666666666666,0.0,,
immune_biased,BP,GO:0035108,limb morphogenesis,1.0,1.0,False,0,120,19,6000,0.0,0.0031666666666666666,0.0,,
immune_biased,BP,GO:0035113,embryonic appendage morphogenesis,1.0,1.0,False,0,120,16,6000,0.0,0.0026666666666666666,0.0,,
immune_biased,BP,GO:0035148,tube formation,1.0,1.0,False,0,120,17,6000,0.0,0.0028333333333333335,0.0,,
immune_biased,BP,GO:0035194,regulatory ncRNA-mediated post-transcriptional gene silencing,1.0,1.0,False,0,120,10,6000,0.0,0.0016666666666666668,0.0,,
immune_biased,BP,GO:0035239,tube morphogenesis,0.675049770763315,1.0,False,2,120,115,6000,0.016666666666666666,0.019166666666666665,0.8695652173913044,51752;57007,51752;57007
immune_biased,BP,GO:0035249,"synaptic transmission, glutamatergic",1.0,1.0,False,0,120,10,6000,0.0,0.0016666666666666668,0.0,,
immune_biased,BP,GO:0035265,organ growth,1.0,1.0,False,0,120,11,6000,0.0,0.0018333333333333333,0.0,,
immune_biased,BP,GO:0035282,segmentation,1.0,1.0,False,0,120,15,6000,0.0,0.0025,0.0,,
immune_biased,BP,GO:0035295,tube development,0.6174237509745104,1.0,False,3,120,158,6000,0.025,0.026333333333333334,0.949367088607595,3572;51752;57007,3572;51752;57007
immune_biased,BP,GO:0035330,regulation of hippo signaling,1.0,1.0,False,0,120,11,6000,0.0,0.0018333333333333333,0.0,,
immune_biased,BP,GO:0035337,fatty-acyl-CoA metabolic process,1.0,1.0,False,0,120,12,6000,0.0,0.002,0.0,,
immune_biased,BP,GO:0035418,protein localization to synapse,1.0,1.0,False,0,120,15,6000,0.0,0.0025,0.0,,
immune_biased,BP,GO:0035459,vesicle cargo loading,1.0,1.0,False,0,120,13,6000,0.0,0.0021666666666666666,0.0,,
immune_biased,BP,GO:0035567,non-canonical Wnt signaling pathway,1.0,1.0,False,0,120,16,6000,0.0,0.0026666666666666666,0.0,,
immune_biased,BP,GO:0035725,sodium ion transmembrane transport,0.6298898327348624,1.0,False,1,120,49,6000,0.008333333333333333,0.008166666666666666,1.0204081632653061,27347,27347
immune_biased,BP,GO:0035774,positive regulation of insulin secretion involved in cellular response to glucose stimulus,1.0,1.0,False,0,120,11,6000,0.0,0.0018333333333333333,0.0,,
immune_biased,BP,GO:0035825,homologous recombination,1.0,1.0,False,0,120,24,6000,0.0,0.004,0.0,,
immune_biased,BP,GO:0035904,aorta development,1.0,1.0,False,0,120,10,6000,0.0,0.0016666666666666668,0.0,,
immune_biased,BP,GO:0035924,cellular response to vascular endothelial growth factor stimulus,1.0,1.0,False,0,120,17,6000,0.0,0.0028333333333333335,0.0,,
immune_biased,BP,GO:0035966,response to topologically incorrect protein,1.0,1.0,False,0,120,32,6000,0.0,0.005333333333333333,0.0,,
immune_biased,BP,GO:0035967,cellular response to topologically incorrect protein,1.0,1.0,False,0,120,24,6000,0.0,0.004,0.0,,
immune_biased,BP,GO:0036257,multivesicular body organization,1.0,1.0,False,0,120,11,6000,0.0,0.0018333333333333333,0.0,,
immune_biased,BP,GO:0036258,multivesicular body assembly,1.0,1.0,False,0,120,11,6000,0.0,0.0018333333333333333,0.0,,
immune_biased,BP,GO:0036465,synaptic vesicle recycling,1.0,1.0,False,0,120,18,6000,0.0,0.003,0.0,,
immune_biased,BP,GO:0036503,ERAD pathway,1.0,1.0,False,0,120,24,6000,0.0,0.004,0.0,,
immune_biased,BP,GO:0039532,negative regulation of cytoplasmic pattern recognition receptor signaling pathway,1.0,1.0,False,0,120,18,6000,0.0,0.003,0.0,,
immune_biased,BP,GO:0040001,establishment of mitotic spindle localization,1.0,1.0,False,0,120,11,6000,0.0,0.0018333333333333333,0.0,,
immune_biased,BP,GO:0040007,growth,0.7160748336917495,1.0,False,1,120,62,6000,0.008333333333333333,0.010333333333333333,0.8064516129032258,3676,3676
immune_biased,BP,GO:0040008,regulation of growth,0.7467679301746184,1.0,False,2,120,132,6000,0.016666666666666666,0.022,0.7575757575757576,3630;5292,3630;5292
immune_biased,BP,GO:0040019,positive regulation of embryonic development,1.0,1.0,False,0,120,10,6000,0.0,0.0016666666666666668,0.0,,
immune_biased,BP,GO:0040029,epigenetic regulation of gene expression,0.6098416733688516,1.0,False,2,120,102,6000,0.016666666666666666,0.017,0.9803921568627451,5987;165918,165918;5987
immune_biased,BP,GO:0042044,fluid transport,1.0,1.0,False,0,120,12,6000,0.0,0.002,0.0,,
immune_biased,BP,GO:0042073,intraciliary transport,1.0,1.0,False,0,120,16,6000,0.0,0.0026666666666666666,0.0,,
immune_biased,BP,GO:0042147,"retrograde transport, endosome to Golgi",0.5178253555419259,1.0,False,1,120,36,6000,0.008333333333333333,0.006,1.3888888888888888,5987,5987
immune_biased,BP,GO:0042149,cellular response to glucose starvation,1.0,1.0,False,0,120,16,6000,0.0,0.0026666666666666666,0.0,,
immune_biased,BP,GO:0042157,lipoprotein metabolic process,1.0,1.0,False,0,120,12,6000,0.0,0.002,0.0,,
immune_biased,BP,GO:0042168,heme metabolic process,1.0,1.0,False,0,120,12,6000,0.0,0.002,0.0,,
immune_biased,BP,GO:0042177,negative regulation of protein catabolic process,0.5370351507111182,1.0,False,1,120,38,6000,0.008333333333333333,0.006333333333333333,1.3157894736842106,3630,3630
immune_biased,BP,GO:0042180,ketone metabolic process,1.0,1.0,False,0,120,18,6000,0.0,0.003,0.0,,
immune_biased,BP,GO:0042219,modified amino acid catabolic process,1.0,1.0,False,0,120,10,6000,0.0,0.0016666666666666668,0.0,,
immune_biased,BP,GO:0042246,tissue regeneration,1.0,1.0,False,0,120,12,6000,0.0,0.002,0.0,,
immune_biased,BP,GO:0042255,ribosome assembly,1.0,1.0,False,0,120,25,6000,0.0,0.004166666666666667,0.0,,
immune_biased,BP,GO:0042267,natural killer cell mediated cytotoxicity,1.0,1.0,False,0,120,11,6000,0.0,0.0018333333333333333,0.0,,
immune_biased,BP,GO:0042391,regulation of membrane potential,1.0,1.0,False,0,120,115,6000,0.0,0.019166666666666665,0.0,,
immune_biased,BP,GO:0042398,modified amino acid biosynthetic process,1.0,1.0,False,0,120,13,6000,0.0,0.0021666666666666666,0.0,,
immune_biased,BP,GO:0042440,pigment metabolic process,1.0,1.0,False,0,120,17,6000,0.0,0.0028333333333333335,0.0,,
immune_biased,BP,GO:0042445,hormone metabolic process,0.6657422810374347,1.0,False,1,120,54,6000,0.008333333333333333,0.009,0.9259259259259259,169026,169026
immune_biased,BP,GO:0042471,ear morphogenesis,1.0,1.0,False,0,120,21,6000,0.0,0.0035,0.0,,
immune_biased,BP,GO:0042472,inner ear morphogenesis,1.0,1.0,False,0,120,16,6000,0.0,0.0026666666666666666,0.0,,
immune_biased,BP,GO:0042490,mechanoreceptor differentiation,1.0,1.0,False,0,120,11,6000,0.0,0.0018333333333333333,0.0,,
immune_biased,BP,GO:0042542,response to hydrogen peroxide,1.0,1.0,False,0,120,25,6000,0.0,0.004166666666666667,0.0,,
immune_biased,BP,GO:0042558,pteridine-containing compound metabolic process,1.0,1.0,False,0,120,14,6000,0.0,0.0023333333333333335,0.0,,
immune_biased,BP,GO:0042572,retinol metabolic process,1.0,1.0,False,0,120,14,6000,0.0,0.0023333333333333335,0.0,,
immune_biased,BP,GO:0042573,retinoic acid metabolic process,1.0,1.0,False,0,120,10,6000,0.0,0.0016666666666666668,0.0,,
immune_biased,BP,GO:0042632,cholesterol homeostasis,1.0,1.0,False,0,120,29,6000,0.0,0.004833333333333334,0.0,,
immune_biased,BP,GO:0042692,muscle cell differentiation,1.0,1.0,False,0,120,58,6000,0.0,0.009666666666666667,0.0,,
immune_biased,BP,GO:0042743,hydrogen peroxide metabolic process,1.0,1.0,False,0,120,12,6000,0.0,0.002,0.0,,
immune_biased,BP,GO:0042773,ATP synthesis coupled electron transport,1.0,1.0,False,0,120,26,6000,0.0,0.004333333333333333,0.0,,
immune_biased,BP,GO:0042775,mitochondrial ATP synthesis coupled electron transport,1.0,1.0,False,0,120,26,6000,0.0,0.004333333333333333,0.0,,
immune_biased,BP,GO:0042776,proton motive force-driven mitochondrial ATP synthesis,1.0,1.0,False,0,120,19,6000,0.0,0.0031666666666666666,0.0,,
immune_biased,BP,GO:0043009,chordate embryonic development,0.768542547603652,1.0,False,1,120,72,6000,0.008333333333333333,0.012,0.6944444444444444,344167,344167
immune_biased,BP,GO:0043010,camera-type eye development,1.0,1.0,False,0,120,63,6000,0.0,0.0105,0.0,,
immune_biased,BP,GO:0043038,amino acid activation,1.0,1.0,False,0,120,12,6000,0.0,0.002,0.0,,
immune_biased,BP,GO:0043039,tRNA aminoacylation,1.0,1.0,False,0,120,12,6000,0.0,0.002,0.0,,
immune_biased,BP,GO:0043062,extracellular structure organization,1.0,1.0,False,0,120,53,6000,0.0,0.008833333333333334,0.0,,
immune_biased,BP,GO:0043086,negative regulation of catalytic activity,1.0,1.0,False,0,120,45,6000,0.0,0.0075,0.0,,
immune_biased,BP,GO:0043087,regulation of GTPase activity,0.5463534636790258,1.0,False,1,120,39,6000,0.008333333333333333,0.0065,1.2820512820512822,5909,5909
immune_biased,BP,GO:0043112,receptor metabolic process,1.0,1.0,False,0,120,12,6000,0.0,0.002,0.0,,
immune_biased,BP,GO:0043161,proteasome-mediated ubiquitin-dependent protein catabolic process,0.8981357738459848,1.0,False,1,120,112,6000,0.008333333333333333,0.018666666666666668,0.4464285714285714,5692,5692
immune_biased,BP,GO:0043162,ubiquitin-dependent protein catabolic process via the multivesicular body sorting pathway,1.0,1.0,False,0,120,13,6000,0.0,0.0021666666666666666,0.0,,
immune_biased,BP,GO:0043200,response to amino acid,1.0,1.0,False,0,120,34,6000,0.0,0.005666666666666667,0.0,,
immune_biased,BP,GO:0043242,negative regulation of protein-containing complex disassembly,1.0,1.0,False,0,120,16,6000,0.0,0.0026666666666666666,0.0,,
immune_biased,BP,GO:0043244,regulation of protein-containing complex disassembly,1.0,1.0,False,0,120,25,6000,0.0,0.004166666666666667,0.0,,
immune_biased,BP,GO:0043279,response to alkaloid,1.0,1.0,False,0,120,13,6000,0.0,0.0021666666666666666,0.0,,
immune_biased,BP,GO:0043300,regulation of leukocyte degranulation,1.0,1.0,False,0,120,10,6000,0.0,0.0016666666666666668,0.0,,
immune_biased,BP,GO:0043393,regulation of protein binding,1.0,1.0,False,0,120,11,6000,0.0,0.0018333333333333333,0.0,,
immune_biased,BP,GO:0043401,steroid hormone receptor signaling pathway,1.0,1.0,False,0,120,27,6000,0.0,0.0045,0.0,,
immune_biased,BP,GO:0043409,negative regulation of MAPK cascade,0.5732069281268636,1.0,False,1,120,42,6000,0.008333333333333333,0.007,1.1904761904761905,5468,5468
immune_biased,BP,GO:0043414,macromolecule methylation,1.0,1.0,False,0,120,36,6000,0.0,0.006,0.0,,
immune_biased,BP,GO:0043436,oxoacid metabolic process,0.9896479849450331,1.0,False,1,120,222,6000,0.008333333333333333,0.037,0.22522522522522523,972,972
immune_biased,BP,GO:0043457,regulation of cellular respiration,1.0,1.0,False,0,120,14,6000,0.0,0.0023333333333333335,0.0,,
immune_biased,BP,GO:0043467,regulation of generation of precursor metabolites and energy,0.5554857542944451,1.0,False,1,120,40,6000,0.008333333333333333,0.006666666666666667,1.25,3630,3630
immune_biased,BP,GO:0043484,regulation of RNA splicing,1.0,1.0,False,0,120,46,6000,0.0,0.007666666666666666,0.0,,
immune_biased,BP,GO:0043487,regulation of RNA stability,0.7102197005147446,1.0,False,1,120,61,6000,0.008333333333333333,0.010166666666666666,0.819672131147541,7186,7186
immune_biased,BP,GO:0043488,regulation of mRNA stability,0.6724881482213413,1.0,False,1,120,55,6000,0.008333333333333333,0.009166666666666667,0.9090909090909091,7186,7186
immune_biased,BP,GO:0043534,blood vessel endothelial cell migration,1.0,1.0,False,0,120,13,6000,0.0,0.0021666666666666666,0.0,,
immune_biased,BP,GO:0043536,positive regulation of blood vessel endothelial cell migration,1.0,1.0,False,0,120,17,6000,0.0,0.0028333333333333335,0.0,,
immune_biased,BP,GO:0043542,endothelial cell migration,1.0,1.0,False,0,120,27,6000,0.0,0.0045,0.0,,
immune_biased,BP,GO:0043543,protein acylation,1.0,1.0,False,0,120,11,6000,0.0,0.0018333333333333333,0.0,,
immune_biased,BP,GO:0043583,ear development,0.5370351507111182,1.0,False,1,120,38,6000,0.008333333333333333,0.006333333333333333,1.3157894736842106,5298,5298
immune_biased,BP,GO:0043627,response to estrogen,1.0,1.0,False,0,120,14,6000,0.0,0.0023333333333333335,0.0,,
immune_biased,BP,GO:0043632,modification-dependent macromolecule catabolic process,0.6822651973188767,1.0,False,3,120,174,6000,0.025,0.029,0.8620689655172414,867;5692;165918,165918;5692;867
immune_biased,BP,GO:0043648,dicarboxylic acid metabolic process,1.0,1.0,False,0,120,36,6000,0.0,0.006,0.0,,
immune_biased,BP,GO:0043649,dicarboxylic acid catabolic process,1.0,1.0,False,0,120,10,6000,0.0,0.0016666666666666668,0.0,,
immune_biased,BP,GO:0043921,host-mediated perturbation of viral transcription,1.0,1.0,False,0,120,10,6000,0.0,0.0016666666666666668,0.0,,
immune_biased,BP,GO:0044042,glucan metabolic process,1.0,1.0,False,0,120,13,6000,0.0,0.0021666666666666666,0.0,,
immune_biased,BP,GO:0044085,cellular component biogenesis,0.7572967506509607,1.0,False,14,120,807,6000,0.11666666666666667,0.1345,0.8674101610904584,972;3119;4690;5175;6376;6838;7186;8342;8575;25926;51010;55863;56342;115362,115362;25926;3119;4690;51010;5175;55863;56342;6376;6838;7186;8342;8575;972
immune_biased,BP,GO:0044091,membrane biogenesis,1.0,1.0,False,0,120,14,6000,0.0,0.0023333333333333335,0.0,,
immune_biased,BP,GO:0044092,negative regulation of molecular function,0.738345065927039,1.0,False,1,120,66,6000,0.008333333333333333,0.011,0.7575757575757576,3572,3572
immune_biased,BP,GO:0044272,sulfur compound biosynthetic process,1.0,1.0,False,0,120,24,6000,0.0,0.004,0.0,,
immune_biased,BP,GO:0044281,small molecule metabolic process,0.9977284503329472,1.0,False,2,120,400,6000,0.016666666666666666,0.06666666666666667,0.25,972;5142,5142;972
immune_biased,BP,GO:0044282,small molecule catabolic process,1.0,1.0,False,0,120,111,6000,0.0,0.0185,0.0,,
immune_biased,BP,GO:0044283,small molecule biosynthetic process,0.9136150094912445,1.0,False,1,120,120,6000,0.008333333333333333,0.02,0.41666666666666663,972,972
immune_biased,BP,GO:0044344,cellular response to fibroblast growth factor stimulus,1.0,1.0,False,0,120,24,6000,0.0,0.004,0.0,,
immune_biased,BP,GO:0044380,protein localization to cytoskeleton,1.0,1.0,False,0,120,14,6000,0.0,0.0023333333333333335,0.0,,
immune_biased,BP,GO:0044458,motile cilium assembly,1.0,1.0,False,0,120,14,6000,0.0,0.0023333333333333335,0.0,,
immune_biased,BP,GO:0044703,multi-organism reproductive process,0.5275270586497346,1.0,False,1,120,37,6000,0.008333333333333333,0.006166666666666667,1.3513513513513513,84868,84868
immune_biased,BP,GO:0044706,multi-multicellular organism process,0.5275270586497346,1.0,False,1,120,37,6000,0.008333333333333333,0.006166666666666667,1.3513513513513513,84868,84868
immune_biased,BP,GO:0044770,cell cycle phase transition,1.0,1.0,False,0,120,42,6000,0.0,0.007,0.0,,
immune_biased,BP,GO:0044772,mitotic cell cycle phase transition,1.0,1.0,False,0,120,40,6000,0.0,0.006666666666666667,0.0,,
immune_biased,BP,GO:0044773,mitotic DNA damage checkpoint signaling,1.0,1.0,False,0,120,11,6000,0.0,0.0018333333333333333,0.0,,
immune_biased,BP,GO:0044774,mitotic DNA integrity checkpoint signaling,1.0,1.0,False,0,120,12,6000,0.0,0.002,0.0,,
immune_biased,BP,GO:0044782,cilium organization,1.0,1.0,False,0,120,106,6000,0.0,0.017666666666666667,0.0,,
immune_biased,BP,GO:0044794,host-mediated activation of viral process,1.0,1.0,False,0,120,12,6000,0.0,0.002,0.0,,
immune_biased,BP,GO:0044818,mitotic G2/M transition checkpoint,1.0,1.0,False,0,120,13,6000,0.0,0.0021666666666666666,0.0,,
immune_biased,BP,GO:0044839,cell cycle G2/M phase transition,1.0,1.0,False,0,120,16,6000,0.0,0.0026666666666666666,0.0,,
immune_biased,BP,GO:0044843,cell cycle G1/S phase transition,1.0,1.0,False,0,120,22,6000,0.0,0.0036666666666666666,0.0,,
immune_biased,BP,GO:0045005,DNA-templated DNA replication maintenance of fidelity,1.0,1.0,False,0,120,17,6000,0.0,0.0028333333333333335,0.0,,
immune_biased,BP,GO:0045022,early endosome to late endosome transport,1.0,1.0,False,0,120,13,6000,0.0,0.0021666666666666666,0.0,,
immune_biased,BP,GO:0045047,protein targeting to ER,1.0,1.0,False,0,120,11,6000,0.0,0.0018333333333333333,0.0,,
immune_biased,BP,GO:0045103,intermediate filament-based process,1.0,1.0,False,0,120,27,6000,0.0,0.0045,0.0,,
immune_biased,BP,GO:0045104,intermediate filament cytoskeleton organization,1.0,1.0,False,0,120,27,6000,0.0,0.0045,0.0,,
immune_biased,BP,GO:0045109,intermediate filament organization,1.0,1.0,False,0,120,22,6000,0.0,0.0036666666666666666,0.0,,
immune_biased,BP,GO:0045132,meiotic chromosome segregation,1.0,1.0,False,0,120,21,6000,0.0,0.0035,0.0,,
immune_biased,BP,GO:0045143,homologous chromosome segregation,1.0,1.0,False,0,120,19,6000,0.0,0.0031666666666666666,0.0,,
immune_biased,BP,GO:0045185,maintenance of protein location,1.0,1.0,False,0,120,12,6000,0.0,0.002,0.0,,
immune_biased,BP,GO:0045216,cell-cell junction organization,0.5178253555419259,1.0,False,1,120,36,6000,0.008333333333333333,0.006,1.3888888888888888,5175,5175
immune_biased,BP,GO:0045229,external encapsulating structure organization,1.0,1.0,False,0,120,52,6000,0.0,0.008666666666666666,0.0,,
immune_biased,BP,GO:0045324,late endosome to vacuole transport,1.0,1.0,False,0,120,13,6000,0.0,0.0021666666666666666,0.0,,
immune_biased,BP,GO:0045333,cellular respiration,1.0,1.0,False,0,120,56,6000,0.0,0.009333333333333334,0.0,,
immune_biased,BP,GO:0045454,cell redox homeostasis,1.0,1.0,False,0,120,11,6000,0.0,0.0018333333333333333,0.0,,
immune_biased,BP,GO:0045471,response to ethanol,0.5818029618000387,1.0,False,1,120,43,6000,0.008333333333333333,0.007166666666666667,1.1627906976744187,867,867
immune_biased,BP,GO:0045494,photoreceptor cell maintenance,1.0,1.0,False,0,120,14,6000,0.0,0.0023333333333333335,0.0,,
immune_biased,BP,GO:0045540,regulation of cholesterol biosynthetic process,1.0,1.0,False,0,120,12,6000,0.0,0.002,0.0,,
immune_biased,BP,GO:0045599,negative regulation of fat cell differentiation,1.0,1.0,False,0,120,15,6000,0.0,0.0025,0.0,,
immune_biased,BP,GO:0045601,regulation of endothelial cell differentiation,1.0,1.0,False,0,120,12,6000,0.0,0.002,0.0,,
immune_biased,BP,GO:0045646,regulation of erythrocyte differentiation,1.0,1.0,False,0,120,15,6000,0.0,0.0025,0.0,,
immune_biased,BP,GO:0045648,positive regulation of erythrocyte differentiation,1.0,1.0,False,0,120,11,6000,0.0,0.0018333333333333333,0.0,,
immune_biased,BP,GO:0045664,regulation of neuron differentiation,0.5079261327301264,1.0,False,1,120,35,6000,0.008333333333333333,0.005833333333333334,1.4285714285714284,5909,5909
immune_biased,BP,GO:0045666,positive regulation of neuron differentiation,1.0,1.0,False,0,120,17,6000,0.0,0.0028333333333333335,0.0,,
immune_biased,BP,GO:0045685,regulation of glial cell differentiation,1.0,1.0,False,0,120,17,6000,0.0,0.0028333333333333335,0.0,,
immune_biased,BP,GO:0045730,respiratory burst,1.0,1.0,False,0,120,10,6000,0.0,0.0016666666666666668,0.0,,
immune_biased,BP,GO:0045738,negative regulation of DNA repair,1.0,1.0,False,0,120,10,6000,0.0,0.0016666666666666668,0.0,,
immune_biased,BP,GO:0045739,positive regulation of DNA repair,0.5275270586497346,1.0,False,1,120,37,6000,0.008333333333333333,0.006166666666666667,1.3513513513513513,165918,165918
immune_biased,BP,GO:0045740,positive regulation of DNA replication,1.0,1.0,False,0,120,10,6000,0.0,0.0016666666666666668,0.0,,
immune_biased,BP,GO:0045745,positive regulation of G protein-coupled receptor signaling pathway,1.0,1.0,False,0,120,12,6000,0.0,0.002,0.0,,
immune_biased,BP,GO:0045761,regulation of adenylate cyclase activity,1.0,1.0,False,0,120,12,6000,0.0,0.002,0.0,,
immune_biased,BP,GO:0045773,positive regulation of axon extension,1.0,1.0,False,0,120,10,6000,0.0,0.0016666666666666668,0.0,,
immune_biased,BP,GO:0045776,negative regulation of blood pressure,1.0,1.0,False,0,120,10,6000,0.0,0.0016666666666666668,0.0,,
immune_biased,BP,GO:0045778,positive regulation of ossification,1.0,1.0,False,0,120,18,6000,0.0,0.003,0.0,,
immune_biased,BP,GO:0045786,negative regulation of cell cycle,0.5229815106994276,1.0,False,2,120,87,6000,0.016666666666666666,0.0145,1.1494252873563218,3623;23376,23376;3623
immune_biased,BP,GO:0045806,negative regulation of endocytosis,1.0,1.0,False,0,120,20,6000,0.0,0.0033333333333333335,0.0,,
immune_biased,BP,GO:0045814,"negative regulation of gene expression, epigenetic",0.7637611920712777,1.0,False,1,120,71,6000,0.008333333333333333,0.011833333333333333,0.7042253521126761,5987,5987
immune_biased,BP,GO:0045815,transcription initiation-coupled chromatin remodeling,1.0,1.0,False,0,120,20,6000,0.0,0.0033333333333333335,0.0,,
immune_biased,BP,GO:0045823,positive regulation of heart contraction,1.0,1.0,False,0,120,13,6000,0.0,0.0021666666666666666,0.0,,
immune_biased,BP,GO:0045839,negative regulation of mitotic nuclear division,1.0,1.0,False,0,120,10,6000,0.0,0.0016666666666666668,0.0,,
immune_biased,BP,GO:0045841,negative regulation of mitotic metaphase/anaphase transition,1.0,1.0,False,0,120,10,6000,0.0,0.0016666666666666668,0.0,,
immune_biased,BP,GO:0045861,negative regulation of proteolysis,1.0,1.0,False,0,120,16,6000,0.0,0.0026666666666666666,0.0,,
immune_biased,BP,GO:0045879,negative regulation of smoothened signaling pathway,1.0,1.0,False,0,120,12,6000,0.0,0.002,0.0,,
immune_biased,BP,GO:0045880,positive regulation of smoothened signaling pathway,1.0,1.0,False,0,120,15,6000,0.0,0.0025,0.0,,
immune_biased,BP,GO:0045907,positive regulation of vasoconstriction,1.0,1.0,False,0,120,10,6000,0.0,0.0016666666666666668,0.0,,
immune_biased,BP,GO:0045910,negative regulation of DNA recombination,1.0,1.0,False,0,120,15,6000,0.0,0.0025,0.0,,
immune_biased,BP,GO:0045921,positive regulation of exocytosis,1.0,1.0,False,0,120,22,6000,0.0,0.0036666666666666666,0.0,,
immune_biased,BP,GO:0045926,negative regulation of growth,1.0,1.0,False,0,120,54,6000,0.0,0.009,0.0,,
immune_biased,BP,GO:0045930,negative regulation of mitotic cell cycle,1.0,1.0,False,0,120,42,6000,0.0,0.007,0.0,,
immune_biased,BP,GO:0045933,positive regulation of muscle contraction,1.0,1.0,False,0,120,16,6000,0.0,0.0026666666666666666,0.0,,
immune_biased,BP,GO:0045939,negative regulation of steroid metabolic process,1.0,1.0,False,0,120,12,6000,0.0,0.002,0.0,,
immune_biased,BP,GO:0045940,positive regulation of steroid metabolic process,1.0,1.0,False,0,120,11,6000,0.0,0.0018333333333333333,0.0,,
immune_biased,BP,GO:0045995,regulation of embryonic development,1.0,1.0,False,0,120,29,6000,0.0,0.004833333333333334,0.0,,
immune_biased,BP,GO:0046031,ADP metabolic process,1.0,1.0,False,0,120,10,6000,0.0,0.0016666666666666668,0.0,,
immune_biased,BP,GO:0046034,ATP metabolic process,1.0,1.0,False,0,120,40,6000,0.0,0.006666666666666667,0.0,,
immune_biased,BP,GO:0046148,pigment biosynthetic process,1.0,1.0,False,0,120,10,6000,0.0,0.0016666666666666668,0.0,,
immune_biased,BP,GO:0046165,alcohol biosynthetic process,1.0,1.0,False,0,120,25,6000,0.0,0.004166666666666667,0.0,,
immune_biased,BP,GO:0046173,polyol biosynthetic process,1.0,1.0,False,0,120,13,6000,0.0,0.0021666666666666666,0.0,,
immune_biased,BP,GO:0046209,nitric oxide metabolic process,1.0,1.0,False,0,120,11,6000,0.0,0.0018333333333333333,0.0,,
immune_biased,BP,GO:0046364,monosaccharide biosynthetic process,1.0,1.0,False,0,120,13,6000,0.0,0.0021666666666666666,0.0,,
immune_biased,BP,GO:0046365,monosaccharide catabolic process,1.0,1.0,False,0,120,12,6000,0.0,0.002,0.0,,
immune_biased,BP,GO:0046390,ribose phosphate biosynthetic process,1.0,1.0,False,0,120,48,6000,0.0,0.008,0.0,,
immune_biased,BP,GO:0046394,carboxylic acid biosynthetic process,0.7867270707647809,1.0,False,1,120,76,6000,0.008333333333333333,0.012666666666666666,0.6578947368421053,972,972
immune_biased,BP,GO:0046395,carboxylic acid catabolic process,1.0,1.0,False,0,120,81,6000,0.0,0.0135,0.0,,
immune_biased,BP,GO:0046434,organophosphate catabolic process,0.6145035978910377,1.0,False,1,120,47,6000,0.008333333333333333,0.007833333333333333,1.0638297872340425,5142,5142
immune_biased,BP,GO:0046461,neutral lipid catabolic process,1.0,1.0,False,0,120,18,6000,0.0,0.003,0.0,,
immune_biased,BP,GO:0046464,acylglycerol catabolic process,1.0,1.0,False,0,120,18,6000,0.0,0.003,0.0,,
immune_biased,BP,GO:0046470,phosphatidylcholine metabolic process,1.0,1.0,False,0,120,22,6000,0.0,0.0036666666666666666,0.0,,
immune_biased,BP,GO:0046475,glycerophospholipid catabolic process,1.0,1.0,False,0,120,15,6000,0.0,0.0025,0.0,,
immune_biased,BP,GO:0046496,nicotinamide nucleotide metabolic process,1.0,1.0,False,0,120,31,6000,0.0,0.005166666666666667,0.0,,
immune_biased,BP,GO:0046503,glycerolipid catabolic process,1.0,1.0,False,0,120,27,6000,0.0,0.0045,0.0,,
immune_biased,BP,GO:0046513,ceramide biosynthetic process,1.0,1.0,False,0,120,15,6000,0.0,0.0025,0.0,,
immune_biased,BP,GO:0046530,photoreceptor cell differentiation,1.0,1.0,False,0,120,14,6000,0.0,0.0023333333333333335,0.0,,
immune_biased,BP,GO:0046578,regulation of Ras protein signal transduction,1.0,1.0,False,0,120,14,6000,0.0,0.0023333333333333335,0.0,,
immune_biased,BP,GO:0046605,regulation of centrosome cycle,1.0,1.0,False,0,120,12,6000,0.0,0.002,0.0,,
immune_biased,BP,GO:0046676,negative regulation of insulin secretion,1.0,1.0,False,0,120,10,6000,0.0,0.0016666666666666668,0.0,,
immune_biased,BP,GO:0046683,response to organophosphorus,1.0,1.0,False,0,120,36,6000,0.0,0.006,0.0,,
immune_biased,BP,GO:0046686,response to cadmium ion,1.0,1.0,False,0,120,12,6000,0.0,0.002,0.0,,
immune_biased,BP,GO:0046785,microtubule polymerization,1.0,1.0,False,0,120,12,6000,0.0,0.002,0.0,,
immune_biased,BP,GO:0046824,positive regulation of nucleocytoplasmic transport,1.0,1.0,False,0,120,14,6000,0.0,0.0023333333333333335,0.0,,
immune_biased,BP,GO:0046825,regulation of protein export from nucleus,1.0,1.0,False,0,120,10,6000,0.0,0.0016666666666666668,0.0,,
immune_biased,BP,GO:0046839,phospholipid dephosphorylation,1.0,1.0,False,0,120,10,6000,0.0,0.0016666666666666668,0.0,,
immune_biased,BP,GO:0046902,regulation of mitochondrial membrane permeability,1.0,1.0,False,0,120,19,6000,0.0,0.0031666666666666666,0.0,,
immune_biased,BP,GO:0046928,regulation of neurotransmitter secretion,1.0,1.0,False,0,120,23,6000,0.0,0.003833333333333333,0.0,,
immune_biased,BP,GO:0046942,carboxylic acid transport,0.8431582686902698,1.0,False,1,120,91,6000,0.008333333333333333,0.015166666666666667,0.5494505494505494,5468,5468
immune_biased,BP,GO:0048024,"regulation of mRNA splicing, via spliceosome",1.0,1.0,False,0,120,24,6000,0.0,0.004,0.0,,
immune_biased,BP,GO:0048048,embryonic eye morphogenesis,1.0,1.0,False,0,120,10,6000,0.0,0.0016666666666666668,0.0,,
immune_biased,BP,GO:0048168,regulation of neuronal synaptic plasticity,1.0,1.0,False,0,120,17,6000,0.0,0.0028333333333333335,0.0,,
immune_biased,BP,GO:0048193,Golgi vesicle transport,0.582269970976724,1.0,False,2,120,97,6000,0.016666666666666666,0.016166666666666666,1.0309278350515465,10890;51290,10890;51290
immune_biased,BP,GO:0048208,COPII vesicle coat assembly,1.0,1.0,False,0,120,10,6000,0.0,0.0016666666666666668,0.0,,
immune_biased,BP,GO:0048232,male gamete generation,0.8456251689715891,1.0,False,2,120,164,6000,0.016666666666666666,0.027333333333333334,0.6097560975609756,5692;5987,5692;5987
immune_biased,BP,GO:0048240,sperm capacitation,1.0,1.0,False,0,120,11,6000,0.0,0.0018333333333333333,0.0,,
immune_biased,BP,GO:0048259,regulation of receptor-mediated endocytosis,0.5644357055502625,1.0,False,1,120,41,6000,0.008333333333333333,0.006833333333333334,1.2195121951219512,867,867
immune_biased,BP,GO:0048261,negative regulation of receptor-mediated endocytosis,1.0,1.0,False,0,120,10,6000,0.0,0.0016666666666666668,0.0,,
immune_biased,BP,GO:0048284,organelle fusion,1.0,1.0,False,0,120,36,6000,0.0,0.006,0.0,,
immune_biased,BP,GO:0048285,organelle fission,1.0,1.0,False,0,120,101,6000,0.0,0.016833333333333332,0.0,,
immune_biased,BP,GO:0048477,oogenesis,1.0,1.0,False,0,120,16,6000,0.0,0.0026666666666666666,0.0,,
immune_biased,BP,GO:0048488,synaptic vesicle endocytosis,1.0,1.0,False,0,120,15,6000,0.0,0.0025,0.0,,
immune_biased,BP,GO:0048513,animal organ development,0.7459992303614633,1.0,False,10,120,585,6000,0.08333333333333333,0.0975,0.8547008547008547,867;1051;2674;3623;5175;5266;5298;5468;344167;388552,1051;2674;344167;3623;388552;5175;5266;5298;5468;867
immune_biased,BP,GO:0048515,spermatid differentiation,1.0,1.0,False,0,120,66,6000,0.0,0.011,0.0,,
immune_biased,BP,GO:0048545,response to steroid hormone,0.8113802750844568,1.0,False,1,120,82,6000,0.008333333333333333,0.013666666666666667,0.6097560975609756,27347,27347
immune_biased,BP,GO:0048546,digestive tract morphogenesis,1.0,1.0,False,0,120,11,6000,0.0,0.0018333333333333333,0.0,,
immune_biased,BP,GO:0048562,embryonic organ morphogenesis,1.0,1.0,False,0,120,53,6000,0.0,0.008833333333333334,0.0,,
immune_biased,BP,GO:0048568,embryonic organ development,1.0,1.0,False,0,120,83,6000,0.0,0.013833333333333333,0.0,,
immune_biased,BP,GO:0048589,developmental growth,0.7160748336917495,1.0,False,1,120,62,6000,0.008333333333333333,0.010333333333333333,0.8064516129032258,3676,3676
immune_biased,BP,GO:0048592,eye morphogenesis,1.0,1.0,False,0,120,38,6000,0.0,0.006333333333333333,0.0,,
immune_biased,BP,GO:0048593,camera-type eye morphogenesis,1.0,1.0,False,0,120,32,6000,0.0,0.005333333333333333,0.0,,
immune_biased,BP,GO:0048598,embryonic morphogenesis,0.8641509745850324,1.0,False,1,120,98,6000,0.008333333333333333,0.01633333333333333,0.5102040816326531,3676,3676
immune_biased,BP,GO:0048609,multicellular organismal reproductive process,0.6367636085301756,1.0,False,4,120,217,6000,0.03333333333333333,0.036166666666666666,0.9216589861751152,5266;5692;5987;84868,5266;5692;5987;84868
immune_biased,BP,GO:0048634,regulation of muscle organ development,1.0,1.0,False,0,120,11,6000,0.0,0.0018333333333333333,0.0,,
immune_biased,BP,GO:0048638,regulation of developmental growth,0.738345065927039,1.0,False,1,120,66,6000,0.008333333333333333,0.011,0.7575757575757576,5292,5292
immune_biased,BP,GO:0048639,positive regulation of developmental growth,0.5178253555419259,1.0,False,1,120,36,6000,0.008333333333333333,0.006,1.3888888888888888,5292,5292
immune_biased,BP,GO:0048640,negative regulation of developmental growth,1.0,1.0,False,0,120,19,6000,0.0,0.0031666666666666666,0.0,,
immune_biased,BP,GO:0048644,muscle organ morphogenesis,1.0,1.0,False,0,120,16,6000,0.0,0.0026666666666666666,0.0,,
immune_biased,BP,GO:0048646,anatomical structure formation involved in morphogenesis,0.7044026104854555,1.0,False,3,120,180,6000,0.025,0.03,0.8333333333333334,3676;51752;57007,3676;51752;57007
immune_biased,BP,GO:0048675,axon extension,1.0,1.0,False,0,120,14,6000,0.0,0.0023333333333333335,0.0,,
immune_biased,BP,GO:0048678,response to axon injury,1.0,1.0,False,0,120,12,6000,0.0,0.002,0.0,,
immune_biased,BP,GO:0048699,generation of neurons,0.5228303283375428,1.0,False,6,120,289,6000,0.05,0.04816666666666667,1.0380622837370241,2674;3676;6376;10890;64218;388552,10890;2674;3676;388552;6376;64218
immune_biased,BP,GO:0048704,embryonic skeletal system morphogenesis,1.0,1.0,False,0,120,16,6000,0.0,0.0026666666666666666,0.0,,
immune_biased,BP,GO:0048705,skeletal system morphogenesis,1.0,1.0,False,0,120,29,6000,0.0,0.004833333333333334,0.0,,
immune_biased,BP,GO:0048706,embryonic skeletal system development,1.0,1.0,False,0,120,27,6000,0.0,0.0045,0.0,,
immune_biased,BP,GO:0048710,regulation of astrocyte differentiation,1.0,1.0,False,0,120,10,6000,0.0,0.0016666666666666668,0.0,,
immune_biased,BP,GO:0048729,tissue morphogenesis,0.8669130693071259,1.0,False,1,120,99,6000,0.008333333333333333,0.0165,0.505050505050505,10890,10890
immune_biased,BP,GO:0048736,appendage development,1.0,1.0,False,0,120,23,6000,0.0,0.003833333333333333,0.0,,
immune_biased,BP,GO:0048738,cardiac muscle tissue development,1.0,1.0,False,0,120,34,6000,0.0,0.005666666666666667,0.0,,
immune_biased,BP,GO:0048754,branching morphogenesis of an epithelial tube,1.0,1.0,False,0,120,17,6000,0.0,0.0028333333333333335,0.0,,
immune_biased,BP,GO:0048762,mesenchymal cell differentiation,1.0,1.0,False,0,120,44,6000,0.0,0.007333333333333333,0.0,,
immune_biased,BP,GO:0048771,tissue remodeling,1.0,1.0,False,0,120,14,6000,0.0,0.0023333333333333335,0.0,,
immune_biased,BP,GO:0048806,genitalia development,1.0,1.0,False,0,120,10,6000,0.0,0.0016666666666666668,0.0,,
immune_biased,BP,GO:0048813,dendrite morphogenesis,1.0,1.0,False,0,120,14,6000,0.0,0.0023333333333333335,0.0,,
immune_biased,BP,GO:0048814,regulation of dendrite morphogenesis,1.0,1.0,False,0,120,19,6000,0.0,0.0031666666666666666,0.0,,
immune_biased,BP,GO:0048844,artery morphogenesis,1.0,1.0,False,0,120,17,6000,0.0,0.0028333333333333335,0.0,,
immune_biased,BP,GO:0048857,neural nucleus development,1.0,1.0,False,0,120,11,6000,0.0,0.0018333333333333333,0.0,,
immune_biased,BP,GO:0048864,stem cell development,1.0,1.0,False,0,120,17,6000,0.0,0.0028333333333333335,0.0,,
immune_biased,BP,GO:0048878,chemical homeostasis,0.5318899277903674,1.0,False,5,120,241,6000,0.041666666666666664,0.04016666666666667,1.0373443983402488,2896;3630;5468;27347;169026,169026;27347;2896;3630;5468
immune_biased,BP,GO:0048880,sensory system development,0.7994289504275417,1.0,False,1,120,79,6000,0.008333333333333333,0.013166666666666667,0.6329113924050632,388552,388552
immune_biased,BP,GO:0050000,chromosome localization,1.0,1.0,False,0,120,34,6000,0.0,0.005666666666666667,0.0,,
immune_biased,BP,GO:0050654,chondroitin sulfate proteoglycan metabolic process,1.0,1.0,False,0,120,11,6000,0.0,0.0018333333333333333,0.0,,
immune_biased,BP,GO:0050657,nucleic acid transport,1.0,1.0,False,0,120,32,6000,0.0,0.005333333333333333,0.0,,
immune_biased,BP,GO:0050658,RNA transport,1.0,1.0,False,0,120,32,6000,0.0,0.005333333333333333,0.0,,
immune_biased,BP,GO:0050684,regulation of mRNA processing,1.0,1.0,False,0,120,30,6000,0.0,0.005,0.0,,
immune_biased,BP,GO:0050732,negative regulation of peptidyl-tyrosine phosphorylation,1.0,1.0,False,0,120,10,6000,0.0,0.0016666666666666668,0.0,,
immune_biased,BP,GO:0050767,regulation of neurogenesis,0.8262235218847124,1.0,False,1,120,86,6000,0.008333333333333333,0.014333333333333333,0.5813953488372093,6376,6376
immune_biased,BP,GO:0050768,negative regulation of neurogenesis,1.0,1.0,False,0,120,27,6000,0.0,0.0045,0.0,,
immune_biased,BP,GO:0050769,positive regulation of neurogenesis,0.6855774707694965,1.0,False,1,120,57,6000,0.008333333333333333,0.0095,0.8771929824561404,6376,6376
immune_biased,BP,GO:0050770,regulation of axonogenesis,1.0,1.0,False,0,120,40,6000,0.0,0.006666666666666667,0.0,,
immune_biased,BP,GO:0050771,negative regulation of axonogenesis,1.0,1.0,False,0,120,11,6000,0.0,0.0018333333333333333,0.0,,
immune_biased,BP,GO:0050772,positive regulation of axonogenesis,1.0,1.0,False,0,120,22,6000,0.0,0.0036666666666666666,0.0,,
immune_biased,BP,GO:0050773,regulation of dendrite development,1.0,1.0,False,0,120,32,6000,0.0,0.005333333333333333,0.0,,
immune_biased,BP,GO:0050775,positive regulation of dendrite morphogenesis,1.0,1.0,False,0,120,12,6000,0.0,0.002,0.0,,
immune_biased,BP,GO:0050779,RNA destabilization,1.0,1.0,False,0,120,27,6000,0.0,0.0045,0.0,,
immune_biased,BP,GO:0050803,regulation of synapse structure or activity,0.547353138137202,1.0,False,2,120,91,6000,0.016666666666666666,0.015166666666666667,1.0989010989010988,3630;64218,3630;64218
immune_biased,BP,GO:0050804,modulation of chemical synaptic transmission,0.5586597479282946,1.0,False,3,120,145,6000,0.025,0.024166666666666666,1.0344827586206897,3630;5595;6376,3630;5595;6376
immune_biased,BP,GO:0050806,positive regulation of synaptic transmission,0.5275270586497346,1.0,False,1,120,37,6000,0.008333333333333333,0.006166666666666667,1.3513513513513513,3630,3630
immune_biased,BP,GO:0050807,regulation of synapse organization,0.547353138137202,1.0,False,2,120,91,6000,0.016666666666666666,0.015166666666666667,1.0989010989010988,3630;64218,3630;64218
immune_biased,BP,GO:0050810,regulation of steroid biosynthetic process,1.0,1.0,False,0,120,30,6000,0.0,0.005,0.0,,
immune_biased,BP,GO:0050817,coagulation,0.5644357055502625,1.0,False,1,120,41,6000,0.008333333333333333,0.006833333333333334,1.2195121951219512,388552,388552
immune_biased,BP,GO:0050818,regulation of coagulation,1.0,1.0,False,0,120,21,6000,0.0,0.0035,0.0,,
immune_biased,BP,GO:0050819,negative regulation of coagulation,1.0,1.0,False,0,120,14,6000,0.0,0.0023333333333333335,0.0,,
immune_biased,BP,GO:0050848,regulation of calcium-mediated signaling,1.0,1.0,False,0,120,29,6000,0.0,0.004833333333333334,0.0,,
immune_biased,BP,GO:0050850,positive regulation of calcium-mediated signaling,1.0,1.0,False,0,120,17,6000,0.0,0.0028333333333333335,0.0,,
immune_biased,BP,GO:0050877,nervous system process,0.6853256147344471,1.0,False,6,120,341,6000,0.05,0.05683333333333333,0.8797653958944283,728;1051;3630;5595;338398;390265,1051;338398;3630;390265;5595;728
immune_biased,BP,GO:0050878,regulation of body fluid levels,0.5041421045179643,1.0,False,2,120,84,6000,0.016666666666666666,0.014,1.1904761904761905,27347;388552,27347;388552
immune_biased,BP,GO:0050879,multicellular organismal movement,1.0,1.0,False,0,120,15,6000,0.0,0.0025,0.0,,
immune_biased,BP,GO:0050881,musculoskeletal movement,1.0,1.0,False,0,120,14,6000,0.0,0.0023333333333333335,0.0,,
immune_biased,BP,GO:0050891,multicellular organismal-level water homeostasis,1.0,1.0,False,0,120,10,6000,0.0,0.0016666666666666668,0.0,,
immune_biased,BP,GO:0050905,neuromuscular process,1.0,1.0,False,0,120,28,6000,0.0,0.004666666666666667,0.0,,
immune_biased,BP,GO:0050906,detection of stimulus involved in sensory perception,0.840640856172925,1.0,False,2,120,162,6000,0.016666666666666666,0.027,0.6172839506172839,338398;390265,338398;390265
immune_biased,BP,GO:0050907,detection of chemical stimulus involved in sensory perception,0.7889136771540219,1.0,False,2,120,144,6000,0.016666666666666666,0.024,0.6944444444444444,338398;390265,338398;390265
immune_biased,BP,GO:0050911,detection of chemical stimulus involved in sensory perception of smell,0.9236716036031679,1.0,False,1,120,126,6000,0.008333333333333333,0.021,0.3968253968253968,390265,390265
immune_biased,BP,GO:0050922,negative regulation of chemotaxis,1.0,1.0,False,0,120,13,6000,0.0,0.0021666666666666666,0.0,,
immune_biased,BP,GO:0050953,sensory perception of light stimulus,1.0,1.0,False,0,120,33,6000,0.0,0.0055,0.0,,
immune_biased,BP,GO:0050954,sensory perception of mechanical stimulus,1.0,1.0,False,0,120,37,6000,0.0,0.006166666666666667,0.0,,
immune_biased,BP,GO:0051017,actin filament bundle assembly,1.0,1.0,False,0,120,14,6000,0.0,0.0023333333333333335,0.0,,
immune_biased,BP,GO:0051028,mRNA transport,1.0,1.0,False,0,120,23,6000,0.0,0.003833333333333333,0.0,,
immune_biased,BP,GO:0051052,regulation of DNA metabolic process,0.5298141156335221,1.0,False,3,120,139,6000,0.025,0.023166666666666665,1.0791366906474822,5595;8741;165918,165918;5595;8741
immune_biased,BP,GO:0051053,negative regulation of DNA metabolic process,1.0,1.0,False,0,120,38,6000,0.0,0.006333333333333333,0.0,,
immune_biased,BP,GO:0051055,negative regulation of lipid biosynthetic process,1.0,1.0,False,0,120,21,6000,0.0,0.0035,0.0,,
immune_biased,BP,GO:0051056,regulation of small GTPase mediated signal transduction,0.8494643982192128,1.0,False,1,120,93,6000,0.008333333333333333,0.0155,0.5376344086021505,5909,5909
immune_biased,BP,GO:0051057,positive regulation of small GTPase mediated signal transduction,1.0,1.0,False,0,120,24,6000,0.0,0.004,0.0,,
immune_biased,BP,GO:0051058,negative regulation of small GTPase mediated signal transduction,1.0,1.0,False,0,120,17,6000,0.0,0.0028333333333333335,0.0,,
immune_biased,BP,GO:0051100,negative regulation of binding,1.0,1.0,False,0,120,13,6000,0.0,0.0021666666666666666,0.0,,
immune_biased,BP,GO:0051123,RNA polymerase II preinitiation complex assembly,1.0,1.0,False,0,120,17,6000,0.0,0.0028333333333333335,0.0,,
immune_biased,BP,GO:0051125,regulation of actin nucleation,1.0,1.0,False,0,120,12,6000,0.0,0.002,0.0,,
immune_biased,BP,GO:0051129,negative regulation of cellular component organization,0.5757823016189334,1.0,False,4,120,201,6000,0.03333333333333333,0.0335,0.9950248756218905,5468;5909;10890;96459,10890;5468;5909;96459
immune_biased,BP,GO:0051145,smooth muscle cell differentiation,1.0,1.0,False,0,120,11,6000,0.0,0.0018333333333333333,0.0,,
immune_biased,BP,GO:0051146,striated muscle cell differentiation,1.0,1.0,False,0,120,39,6000,0.0,0.0065,0.0,,
immune_biased,BP,GO:0051149,positive regulation of muscle cell differentiation,1.0,1.0,False,0,120,14,6000,0.0,0.0023333333333333335,0.0,,
immune_biased,BP,GO:0051153,regulation of striated muscle cell differentiation,1.0,1.0,False,0,120,16,6000,0.0,0.0026666666666666666,0.0,,
immune_biased,BP,GO:0051156,glucose 6-phosphate metabolic process,1.0,1.0,False,0,120,13,6000,0.0,0.0021666666666666666,0.0,,
immune_biased,BP,GO:0051168,nuclear export,1.0,1.0,False,0,120,39,6000,0.0,0.0065,0.0,,
immune_biased,BP,GO:0051169,nuclear transport,1.0,1.0,False,0,120,58,6000,0.0,0.009666666666666667,0.0,,
immune_biased,BP,GO:0051170,import into nucleus,1.0,1.0,False,0,120,23,6000,0.0,0.003833333333333333,0.0,,
immune_biased,BP,GO:0051179,localization,0.5553463676160894,1.0,False,24,120,1210,6000,0.2,0.20166666666666666,0.9917355371900828,306;867;972;2896;3045;3676;5175;5298;5468;5595;5987;6421;10890;27347;30835;51290;57007;64005;84694;115362;134266;169026;256987;388552,10890;115362;134266;169026;256987;27347;2896;3045;306;30835;3676;388552;51290;5175;5298;5468;5595;57007;5987;64005;6421;84694;867;972
immune_biased,BP,GO:0051180,vitamin transport,1.0,1.0,False,0,120,15,6000,0.0,0.0025,0.0,,
immune_biased,BP,GO:0051205,protein insertion into membrane,1.0,1.0,False,0,120,13,6000,0.0,0.0021666666666666666,0.0,,
immune_biased,BP,GO:0051209,release of sequestered calcium ion into cytosol,1.0,1.0,False,0,120,18,6000,0.0,0.003,0.0,,
immune_biased,BP,GO:0051216,cartilage development,1.0,1.0,False,0,120,19,6000,0.0,0.0031666666666666666,0.0,,
immune_biased,BP,GO:0051225,spindle assembly,1.0,1.0,False,0,120,23,6000,0.0,0.003833333333333333,0.0,,
immune_biased,BP,GO:0051235,maintenance of location,1.0,1.0,False,0,120,14,6000,0.0,0.0023333333333333335,0.0,,
immune_biased,BP,GO:0051236,establishment of RNA localization,1.0,1.0,False,0,120,32,6000,0.0,0.005333333333333333,0.0,,
immune_biased,BP,GO:0051258,protein polymerization,1.0,1.0,False,0,120,24,6000,0.0,0.004,0.0,,
immune_biased,BP,GO:0051260,protein homooligomerization,0.7160748336917495,1.0,False,1,120,62,6000,0.008333333333333333,0.010333333333333333,0.8064516129032258,115362,115362
immune_biased,BP,GO:0051276,chromosome organization,1.0,1.0,False,0,120,126,6000,0.0,0.021,0.0,,
immune_biased,BP,GO:0051293,establishment of spindle localization,1.0,1.0,False,0,120,18,6000,0.0,0.003,0.0,,
immune_biased,BP,GO:0051294,establishment of spindle orientation,1.0,1.0,False,0,120,14,6000,0.0,0.0023333333333333335,0.0,,
immune_biased,BP,GO:0051298,centrosome duplication,1.0,1.0,False,0,120,13,6000,0.0,0.0021666666666666666,0.0,,
immune_biased,BP,GO:0051301,cell division,0.6657422810374347,1.0,False,1,120,54,6000,0.008333333333333333,0.009,0.9259259259259259,10890,10890
immune_biased,BP,GO:0051302,regulation of cell division,1.0,1.0,False,0,120,40,6000,0.0,0.006666666666666667,0.0,,
immune_biased,BP,GO:0051310,metaphase chromosome alignment,1.0,1.0,False,0,120,29,6000,0.0,0.004833333333333334,0.0,,
immune_biased,BP,GO:0051321,meiotic cell cycle,0.7160748336917495,1.0,False,1,120,62,6000,0.008333333333333333,0.010333333333333333,0.8064516129032258,5692,5692
immune_biased,BP,GO:0051346,negative regulation of hydrolase activity,1.0,1.0,False,0,120,11,6000,0.0,0.0018333333333333333,0.0,,
immune_biased,BP,GO:0051384,response to glucocorticoid,1.0,1.0,False,0,120,35,6000,0.0,0.005833333333333334,0.0,,
immune_biased,BP,GO:0051445,regulation of meiotic cell cycle,1.0,1.0,False,0,120,18,6000,0.0,0.003,0.0,,
immune_biased,BP,GO:0051480,regulation of cytosolic calcium ion concentration,1.0,1.0,False,0,120,18,6000,0.0,0.003,0.0,,
immune_biased,BP,GO:0051489,regulation of filopodium assembly,1.0,1.0,False,0,120,12,6000,0.0,0.002,0.0,,
immune_biased,BP,GO:0051492,regulation of stress fiber assembly,1.0,1.0,False,0,120,21,6000,0.0,0.0035,0.0,,
immune_biased,BP,GO:0051493,regulation of cytoskeleton organization,0.524907341890837,1.0,False,3,120,138,6000,0.025,0.023,1.0869565217391306,4690;5595;6376,4690;5595;6376
immune_biased,BP,GO:0051494,negative regulation of cytoskeleton organization,1.0,1.0,False,0,120,34,6000,0.0,0.005666666666666667,0.0,,
immune_biased,BP,GO:0051496,positive regulation of stress fiber assembly,1.0,1.0,False,0,120,13,6000,0.0,0.0021666666666666666,0.0,,
immune_biased,BP,GO:0051503,adenine nucleotide transport,1.0,1.0,False,0,120,17,6000,0.0,0.0028333333333333335,0.0,,
immune_biased,BP,GO:0051588,regulation of neurotransmitter transport,1.0,1.0,False,0,120,27,6000,0.0,0.0045,0.0,,
immune_biased,BP,GO:0051591,response to cAMP,1.0,1.0,False,0,120,28,6000,0.0,0.004666666666666667,0.0,,
immune_biased,BP,GO:0051592,response to calcium ion,1.0,1.0,False,0,120,41,6000,0.0,0.006833333333333334,0.0,,
immune_biased,BP,GO:0051606,detection of stimulus,0.7287390918558828,1.0,False,3,120,187,6000,0.025,0.031166666666666665,0.8021390374331552,5175;338398;390265,338398;390265;5175
immune_biased,BP,GO:0051646,mitochondrion localization,1.0,1.0,False,0,120,15,6000,0.0,0.0025,0.0,,
immune_biased,BP,GO:0051651,maintenance of location in cell,1.0,1.0,False,0,120,13,6000,0.0,0.0021666666666666666,0.0,,
immune_biased,BP,GO:0051653,spindle localization,1.0,1.0,False,0,120,18,6000,0.0,0.003,0.0,,
immune_biased,BP,GO:0051654,establishment of mitochondrion localization,1.0,1.0,False,0,120,10,6000,0.0,0.0016666666666666668,0.0,,
immune_biased,BP,GO:0051668,localization within membrane,0.8075991360906454,1.0,False,2,120,150,6000,0.016666666666666666,0.025,0.6666666666666666,3676;10890,10890;3676
immune_biased,BP,GO:0051726,regulation of cell cycle,0.6340967635746111,1.0,False,5,120,270,6000,0.041666666666666664,0.045,0.9259259259259259,3623;3630;5292;5692;23376,23376;3623;3630;5292;5692
immune_biased,BP,GO:0051781,positive regulation of cell division,1.0,1.0,False,0,120,15,6000,0.0,0.0025,0.0,,
immune_biased,BP,GO:0051783,regulation of nuclear division,0.5818029618000387,1.0,False,1,120,43,6000,0.008333333333333333,0.007166666666666667,1.1627906976744187,3630,3630
immune_biased,BP,GO:0051784,negative regulation of nuclear division,1.0,1.0,False,0,120,13,6000,0.0,0.0021666666666666666,0.0,,
immune_biased,BP,GO:0051881,regulation of mitochondrial membrane potential,1.0,1.0,False,0,120,20,6000,0.0,0.0033333333333333335,0.0,,
immune_biased,BP,GO:0051893,regulation of focal adhesion assembly,1.0,1.0,False,0,120,13,6000,0.0,0.0021666666666666666,0.0,,
immune_biased,BP,GO:0051898,negative regulation of phosphatidylinositol 3-kinase/protein kinase B signal transduction,1.0,1.0,False,0,120,20,6000,0.0,0.0033333333333333335,0.0,,
immune_biased,BP,GO:0051899,membrane depolarization,1.0,1.0,False,0,120,20,6000,0.0,0.0033333333333333335,0.0,,
immune_biased,BP,GO:0051926,negative regulation of calcium ion transport,1.0,1.0,False,0,120,13,6000,0.0,0.0021666666666666666,0.0,,
immune_biased,BP,GO:0051952,regulation of amine transport,1.0,1.0,False,0,120,16,6000,0.0,0.0026666666666666666,0.0,,
immune_biased,BP,GO:0051960,regulation of nervous system development,0.6257167382937093,1.0,False,2,120,105,6000,0.016666666666666666,0.0175,0.9523809523809523,6376;64218,6376;64218
immune_biased,BP,GO:0051961,negative regulation of nervous system development,1.0,1.0,False,0,120,29,6000,0.0,0.004833333333333334,0.0,,
immune_biased,BP,GO:0051963,regulation of synapse assembly,0.6065742923968529,1.0,False,1,120,46,6000,0.008333333333333333,0.007666666666666666,1.0869565217391304,64218,64218
immune_biased,BP,GO:0051966,"regulation of synaptic transmission, glutamatergic",1.0,1.0,False,0,120,19,6000,0.0,0.0031666666666666666,0.0,,
immune_biased,BP,GO:0051968,"positive regulation of synaptic transmission, glutamatergic",1.0,1.0,False,0,120,10,6000,0.0,0.0016666666666666668,0.0,,
immune_biased,BP,GO:0051983,regulation of chromosome segregation,1.0,1.0,False,0,120,36,6000,0.0,0.006,0.0,,
immune_biased,BP,GO:0051985,negative regulation of chromosome segregation,1.0,1.0,False,0,120,10,6000,0.0,0.0016666666666666668,0.0,,
immune_biased,BP,GO:0055001,muscle cell development,1.0,1.0,False,0,120,37,6000,0.0,0.006166666666666667,0.0,,
immune_biased,BP,GO:0055002,striated muscle cell development,1.0,1.0,False,0,120,24,6000,0.0,0.004,0.0,,
immune_biased,BP,GO:0055007,cardiac muscle cell differentiation,1.0,1.0,False,0,120,14,6000,0.0,0.0023333333333333335,0.0,,
immune_biased,BP,GO:0055008,cardiac muscle tissue morphogenesis,1.0,1.0,False,0,120,14,6000,0.0,0.0023333333333333335,0.0,,
immune_biased,BP,GO:0055010,ventricular cardiac muscle tissue morphogenesis,1.0,1.0,False,0,120,12,6000,0.0,0.002,0.0,,
immune_biased,BP,GO:0055074,calcium ion homeostasis,1.0,1.0,False,0,120,53,6000,0.0,0.008833333333333334,0.0,,
immune_biased,BP,GO:0055078,sodium ion homeostasis,1.0,1.0,False,0,120,15,6000,0.0,0.0025,0.0,,
immune_biased,BP,GO:0055080,monoatomic cation homeostasis,0.7190224909655172,1.0,False,2,120,125,6000,0.016666666666666666,0.020833333333333332,0.8,2896;169026,169026;2896
immune_biased,BP,GO:0055082,intracellular chemical homeostasis,0.595448983225958,1.0,False,3,120,153,6000,0.025,0.0255,0.9803921568627452,2896;27347;169026,169026;27347;2896
immune_biased,BP,GO:0055085,transmembrane transport,0.8960904922106068,1.0,False,5,120,388,6000,0.041666666666666664,0.06466666666666666,0.6443298969072165,27347;84694;134266;169026;388552,134266;169026;27347;388552;84694
immune_biased,BP,GO:0055086,nucleobase-containing small molecule metabolic process,0.9525625782843693,1.0,False,1,120,149,6000,0.008333333333333333,0.024833333333333332,0.33557046979865773,5142,5142
immune_biased,BP,GO:0055090,acylglycerol homeostasis,1.0,1.0,False,0,120,12,6000,0.0,0.002,0.0,,
immune_biased,BP,GO:0055092,sterol homeostasis,1.0,1.0,False,0,120,30,6000,0.0,0.005,0.0,,
immune_biased,BP,GO:0060021,roof of mouth development,1.0,1.0,False,0,120,12,6000,0.0,0.002,0.0,,
immune_biased,BP,GO:0060041,retina development in camera-type eye,1.0,1.0,False,0,120,32,6000,0.0,0.005333333333333333,0.0,,
immune_biased,BP,GO:0060042,retina morphogenesis in camera-type eye,1.0,1.0,False,0,120,14,6000,0.0,0.0023333333333333335,0.0,,
immune_biased,BP,GO:0060047,heart contraction,1.0,1.0,False,0,120,24,6000,0.0,0.004,0.0,,
immune_biased,BP,GO:0060048,cardiac muscle contraction,1.0,1.0,False,0,120,21,6000,0.0,0.0035,0.0,,
immune_biased,BP,GO:0060070,canonical Wnt signaling pathway,1.0,1.0,False,0,120,31,6000,0.0,0.005166666666666667,0.0,,
immune_biased,BP,GO:0060078,regulation of postsynaptic membrane potential,1.0,1.0,False,0,120,22,6000,0.0,0.0036666666666666666,0.0,,
immune_biased,BP,GO:0060079,excitatory postsynaptic potential,1.0,1.0,False,0,120,13,6000,0.0,0.0021666666666666666,0.0,,
immune_biased,BP,GO:0060142,regulation of syncytium formation by plasma membrane fusion,1.0,1.0,False,0,120,20,6000,0.0,0.0033333333333333335,0.0,,
immune_biased,BP,GO:0060147,regulation of post-transcriptional gene silencing,1.0,1.0,False,0,120,12,6000,0.0,0.002,0.0,,
immune_biased,BP,GO:0060173,limb development,1.0,1.0,False,0,120,23,6000,0.0,0.003833333333333333,0.0,,
immune_biased,BP,GO:0060236,regulation of mitotic spindle organization,1.0,1.0,False,0,120,16,6000,0.0,0.0026666666666666666,0.0,,
immune_biased,BP,GO:0060271,cilium assembly,1.0,1.0,False,0,120,95,6000,0.0,0.015833333333333335,0.0,,
immune_biased,BP,GO:0060285,cilium-dependent cell motility,0.738345065927039,1.0,False,1,120,66,6000,0.008333333333333333,0.011,0.7575757575757576,5692,5692
immune_biased,BP,GO:0060291,long-term synaptic potentiation,1.0,1.0,False,0,120,14,6000,0.0,0.0023333333333333335,0.0,,
immune_biased,BP,GO:0060294,cilium movement involved in cell motility,0.738345065927039,1.0,False,1,120,66,6000,0.008333333333333333,0.011,0.7575757575757576,5692,5692
immune_biased,BP,GO:0060306,regulation of membrane repolarization,1.0,1.0,False,0,120,14,6000,0.0,0.0023333333333333335,0.0,,
immune_biased,BP,GO:0060322,head development,1.0,1.0,False,0,120,159,6000,0.0,0.0265,0.0,,
immune_biased,BP,GO:0060341,regulation of cellular localization,0.5298141156335221,1.0,False,3,120,139,6000,0.025,0.023166666666666665,1.0791366906474822,3630;4792;5595,3630;4792;5595
immune_biased,BP,GO:0060348,bone development,1.0,1.0,False,0,120,32,6000,0.0,0.005333333333333333,0.0,,
immune_biased,BP,GO:0060349,bone morphogenesis,1.0,1.0,False,0,120,11,6000,0.0,0.0018333333333333333,0.0,,
immune_biased,BP,GO:0060391,positive regulation of SMAD protein signal transduction,1.0,1.0,False,0,120,10,6000,0.0,0.0016666666666666668,0.0,,
immune_biased,BP,GO:0060411,cardiac septum morphogenesis,1.0,1.0,False,0,120,18,6000,0.0,0.003,0.0,,
immune_biased,BP,GO:0060412,ventricular septum morphogenesis,1.0,1.0,False,0,120,13,6000,0.0,0.0021666666666666666,0.0,,
immune_biased,BP,GO:0060415,muscle tissue morphogenesis,1.0,1.0,False,0,120,16,6000,0.0,0.0026666666666666666,0.0,,
immune_biased,BP,GO:0060416,response to growth hormone,1.0,1.0,False,0,120,13,6000,0.0,0.0021666666666666666,0.0,,
immune_biased,BP,GO:0060485,mesenchyme development,1.0,1.0,False,0,120,54,6000,0.0,0.009,0.0,,
immune_biased,BP,GO:0060537,muscle tissue development,1.0,1.0,False,0,120,55,6000,0.0,0.009166666666666667,0.0,,
immune_biased,BP,GO:0060538,skeletal muscle organ development,1.0,1.0,False,0,120,19,6000,0.0,0.0031666666666666666,0.0,,
immune_biased,BP,GO:0060541,respiratory system development,1.0,1.0,False,0,120,21,6000,0.0,0.0035,0.0,,
immune_biased,BP,GO:0060544,regulation of necroptotic process,1.0,1.0,False,0,120,10,6000,0.0,0.0016666666666666668,0.0,,
immune_biased,BP,GO:0060562,epithelial tube morphogenesis,1.0,1.0,False,0,120,39,6000,0.0,0.0065,0.0,,
immune_biased,BP,GO:0060632,regulation of microtubule-based movement,1.0,1.0,False,0,120,17,6000,0.0,0.0028333333333333335,0.0,,
immune_biased,BP,GO:0060675,ureteric bud morphogenesis,1.0,1.0,False,0,120,10,6000,0.0,0.0016666666666666668,0.0,,
immune_biased,BP,GO:0060828,regulation of canonical Wnt signaling pathway,1.0,1.0,False,0,120,61,6000,0.0,0.010166666666666666,0.0,,
immune_biased,BP,GO:0060840,artery development,1.0,1.0,False,0,120,20,6000,0.0,0.0033333333333333335,0.0,,
immune_biased,BP,GO:0060964,regulation of miRNA-mediated gene silencing,1.0,1.0,False,0,120,12,6000,0.0,0.002,0.0,,
immune_biased,BP,GO:0060972,left/right pattern formation,1.0,1.0,False,0,120,18,6000,0.0,0.003,0.0,,
immune_biased,BP,GO:0060993,kidney morphogenesis,1.0,1.0,False,0,120,16,6000,0.0,0.0026666666666666666,0.0,,
immune_biased,BP,GO:0060996,dendritic spine development,1.0,1.0,False,0,120,11,6000,0.0,0.0018333333333333333,0.0,,
immune_biased,BP,GO:0060998,regulation of dendritic spine development,1.0,1.0,False,0,120,11,6000,0.0,0.0018333333333333333,0.0,,
immune_biased,BP,GO:0061001,regulation of dendritic spine morphogenesis,1.0,1.0,False,0,120,12,6000,0.0,0.002,0.0,,
immune_biased,BP,GO:0061013,regulation of mRNA catabolic process,0.7042448489789661,1.0,False,1,120,60,6000,0.008333333333333333,0.01,0.8333333333333333,7186,7186
immune_biased,BP,GO:0061014,positive regulation of mRNA catabolic process,1.0,1.0,False,0,120,29,6000,0.0,0.004833333333333334,0.0,,
immune_biased,BP,GO:0061024,membrane organization,0.9797766364896743,1.0,False,1,120,190,6000,0.008333333333333333,0.03166666666666667,0.2631578947368421,256987,256987
immune_biased,BP,GO:0061025,membrane fusion,1.0,1.0,False,0,120,38,6000,0.0,0.006333333333333333,0.0,,
immune_biased,BP,GO:0061035,regulation of cartilage development,1.0,1.0,False,0,120,13,6000,0.0,0.0021666666666666666,0.0,,
immune_biased,BP,GO:0061041,regulation of wound healing,0.5275270586497346,1.0,False,1,120,37,6000,0.008333333333333333,0.006166666666666667,1.3513513513513513,130120,130120
immune_biased,BP,GO:0061045,negative regulation of wound healing,1.0,1.0,False,0,120,16,6000,0.0,0.0026666666666666666,0.0,,
immune_biased,BP,GO:0061061,muscle structure development,1.0,1.0,False,0,120,94,6000,0.0,0.015666666666666666,0.0,,
immune_biased,BP,GO:0061138,morphogenesis of a branching epithelium,1.0,1.0,False,0,120,18,6000,0.0,0.003,0.0,,
immune_biased,BP,GO:0061157,mRNA destabilization,1.0,1.0,False,0,120,26,6000,0.0,0.004333333333333333,0.0,,
immune_biased,BP,GO:0061178,regulation of insulin secretion involved in cellular response to glucose stimulus,1.0,1.0,False,0,120,17,6000,0.0,0.0028333333333333335,0.0,,
immune_biased,BP,GO:0061326,renal tubule development,1.0,1.0,False,0,120,18,6000,0.0,0.003,0.0,,
immune_biased,BP,GO:0061333,renal tubule morphogenesis,1.0,1.0,False,0,120,14,6000,0.0,0.0023333333333333335,0.0,,
immune_biased,BP,GO:0061337,cardiac conduction,1.0,1.0,False,0,120,22,6000,0.0,0.0036666666666666666,0.0,,
immune_biased,BP,GO:0061387,regulation of extent of cell growth,1.0,1.0,False,0,120,21,6000,0.0,0.0035,0.0,,
immune_biased,BP,GO:0061448,connective tissue development,1.0,1.0,False,0,120,27,6000,0.0,0.0045,0.0,,
immune_biased,BP,GO:0061462,protein localization to lysosome,1.0,1.0,False,0,120,15,6000,0.0,0.0025,0.0,,
immune_biased,BP,GO:0061512,protein localization to cilium,1.0,1.0,False,0,120,23,6000,0.0,0.003833333333333333,0.0,,
immune_biased,BP,GO:0061572,actin filament bundle organization,1.0,1.0,False,0,120,16,6000,0.0,0.0026666666666666666,0.0,,
immune_biased,BP,GO:0061640,cytoskeleton-dependent cytokinesis,1.0,1.0,False,0,120,28,6000,0.0,0.004666666666666667,0.0,,
immune_biased,BP,GO:0061668,mitochondrial ribosome assembly,1.0,1.0,False,0,120,11,6000,0.0,0.0018333333333333333,0.0,,
immune_biased,BP,GO:0061982,meiosis I cell cycle process,1.0,1.0,False,0,120,40,6000,0.0,0.006666666666666667,0.0,,
immune_biased,BP,GO:0062014,negative regulation of small molecule metabolic process,0.5370351507111182,1.0,False,1,120,38,6000,0.008333333333333333,0.006333333333333333,1.3157894736842106,3630,3630
immune_biased,BP,GO:0062098,regulation of programmed necrotic cell death,1.0,1.0,False,0,120,10,6000,0.0,0.0016666666666666668,0.0,,
immune_biased,BP,GO:0062197,cellular response to chemical stress,0.7823183280415722,1.0,False,1,120,75,6000,0.008333333333333333,0.0125,0.6666666666666666,27347,27347
immune_biased,BP,GO:0065004,protein-DNA complex assembly,0.6724881482213413,1.0,False,1,120,55,6000,0.008333333333333333,0.009166666666666667,0.9090909090909091,8342,8342
immune_biased,BP,GO:0070192,chromosome organization involved in meiotic cell cycle,1.0,1.0,False,0,120,18,6000,0.0,0.003,0.0,,
immune_biased,BP,GO:0070252,actin-mediated cell contraction,1.0,1.0,False,0,120,21,6000,0.0,0.0035,0.0,,
immune_biased,BP,GO:0070269,pyroptotic inflammatory response,1.0,1.0,False,0,120,10,6000,0.0,0.0016666666666666668,0.0,,
immune_biased,BP,GO:0070286,axonemal dynein complex assembly,1.0,1.0,False,0,120,11,6000,0.0,0.0018333333333333333,0.0,,
immune_biased,BP,GO:0070301,cellular response to hydrogen peroxide,1.0,1.0,False,0,120,19,6000,0.0,0.0031666666666666666,0.0,,
immune_biased,BP,GO:0070316,regulation of G0 to G1 transition,1.0,1.0,False,0,120,12,6000,0.0,0.002,0.0,,
immune_biased,BP,GO:0070328,triglyceride homeostasis,1.0,1.0,False,0,120,12,6000,0.0,0.002,0.0,,
immune_biased,BP,GO:0070373,negative regulation of ERK1 and ERK2 cascade,1.0,1.0,False,0,120,20,6000,0.0,0.0033333333333333335,0.0,,
immune_biased,BP,GO:0070507,regulation of microtubule cytoskeleton organization,1.0,1.0,False,0,120,45,6000,0.0,0.0075,0.0,,
immune_biased,BP,GO:0070509,calcium ion import,1.0,1.0,False,0,120,12,6000,0.0,0.002,0.0,,
immune_biased,BP,GO:0070542,response to fatty acid,1.0,1.0,False,0,120,23,6000,0.0,0.003833333333333333,0.0,,
immune_biased,BP,GO:0070588,calcium ion transmembrane transport,1.0,1.0,False,0,120,74,6000,0.0,0.012333333333333333,0.0,,
immune_biased,BP,GO:0070613,regulation of protein processing,1.0,1.0,False,0,120,12,6000,0.0,0.002,0.0,,
immune_biased,BP,GO:0070633,transepithelial transport,1.0,1.0,False,0,120,11,6000,0.0,0.0018333333333333333,0.0,,
immune_biased,BP,GO:0070646,protein modification by small protein removal,1.0,1.0,False,0,120,26,6000,0.0,0.004333333333333333,0.0,,
immune_biased,BP,GO:0070828,heterochromatin organization,1.0,1.0,False,0,120,65,6000,0.0,0.010833333333333334,0.0,,
immune_biased,BP,GO:0070884,regulation of calcineurin-NFAT signaling cascade,1.0,1.0,False,0,120,12,6000,0.0,0.002,0.0,,
immune_biased,BP,GO:0070897,transcription preinitiation complex assembly,1.0,1.0,False,0,120,20,6000,0.0,0.0033333333333333335,0.0,,
immune_biased,BP,GO:0070925,organelle assembly,1.0,1.0,False,0,120,243,6000,0.0,0.0405,0.0,,
immune_biased,BP,GO:0070935,3'-UTR-mediated mRNA stabilization,1.0,1.0,False,0,120,11,6000,0.0,0.0018333333333333333,0.0,,
immune_biased,BP,GO:0070936,protein K48-linked ubiquitination,1.0,1.0,False,0,120,30,6000,0.0,0.005,0.0,,
immune_biased,BP,GO:0071044,histone mRNA catabolic process,1.0,1.0,False,0,120,11,6000,0.0,0.0018333333333333333,0.0,,
immune_biased,BP,GO:0071168,protein localization to chromatin,1.0,1.0,False,0,120,13,6000,0.0,0.0021666666666666666,0.0,,
immune_biased,BP,GO:0071173,spindle assembly checkpoint signaling,1.0,1.0,False,0,120,10,6000,0.0,0.0016666666666666668,0.0,,
immune_biased,BP,GO:0071174,mitotic spindle checkpoint signaling,1.0,1.0,False,0,120,10,6000,0.0,0.0016666666666666668,0.0,,
immune_biased,BP,GO:0071229,cellular response to acid chemical,1.0,1.0,False,0,120,24,6000,0.0,0.004,0.0,,
immune_biased,BP,GO:0071230,cellular response to amino acid stimulus,1.0,1.0,False,0,120,23,6000,0.0,0.003833333333333333,0.0,,
immune_biased,BP,GO:0071248,cellular response to metal ion,0.6065742923968529,1.0,False,1,120,46,6000,0.008333333333333333,0.007666666666666666,1.0869565217391304,27347,27347
immune_biased,BP,GO:0071277,cellular response to calcium ion,1.0,1.0,False,0,120,21,6000,0.0,0.0035,0.0,,
immune_biased,BP,GO:0071300,cellular response to retinoic acid,1.0,1.0,False,0,120,16,6000,0.0,0.0026666666666666666,0.0,,
immune_biased,BP,GO:0071320,cellular response to cAMP,1.0,1.0,False,0,120,18,6000,0.0,0.003,0.0,,
immune_biased,BP,GO:0071322,cellular response to carbohydrate stimulus,1.0,1.0,False,0,120,27,6000,0.0,0.0045,0.0,,
immune_biased,BP,GO:0071326,cellular response to monosaccharide stimulus,1.0,1.0,False,0,120,23,6000,0.0,0.003833333333333333,0.0,,
immune_biased,BP,GO:0071331,cellular response to hexose stimulus,1.0,1.0,False,0,120,22,6000,0.0,0.0036666666666666666,0.0,,
immune_biased,BP,GO:0071333,cellular response to glucose stimulus,1.0,1.0,False,0,120,21,6000,0.0,0.0035,0.0,,
immune_biased,BP,GO:0071364,cellular response to epidermal growth factor stimulus,1.0,1.0,False,0,120,11,6000,0.0,0.0018333333333333333,0.0,,
immune_biased,BP,GO:0071377,cellular response to glucagon stimulus,1.0,1.0,False,0,120,11,6000,0.0,0.0018333333333333333,0.0,,
immune_biased,BP,GO:0071379,cellular response to prostaglandin stimulus,1.0,1.0,False,0,120,11,6000,0.0,0.0018333333333333333,0.0,,
immune_biased,BP,GO:0071383,cellular response to steroid hormone stimulus,1.0,1.0,False,0,120,50,6000,0.0,0.008333333333333333,0.0,,
immune_biased,BP,GO:0071384,cellular response to corticosteroid stimulus,1.0,1.0,False,0,120,20,6000,0.0,0.0033333333333333335,0.0,,
immune_biased,BP,GO:0071385,cellular response to glucocorticoid stimulus,1.0,1.0,False,0,120,17,6000,0.0,0.0028333333333333335,0.0,,
immune_biased,BP,GO:0071398,cellular response to fatty acid,1.0,1.0,False,0,120,16,6000,0.0,0.0026666666666666666,0.0,,
immune_biased,BP,GO:0071466,cellular response to xenobiotic stimulus,0.5732069281268636,1.0,False,1,120,42,6000,0.008333333333333333,0.007,1.1904761904761905,5142,5142
immune_biased,BP,GO:0071467,cellular response to pH,1.0,1.0,False,0,120,12,6000,0.0,0.002,0.0,,
immune_biased,BP,GO:0071478,cellular response to radiation,1.0,1.0,False,0,120,39,6000,0.0,0.0065,0.0,,
immune_biased,BP,GO:0071479,cellular response to ionizing radiation,1.0,1.0,False,0,120,13,6000,0.0,0.0021666666666666666,0.0,,
immune_biased,BP,GO:0071482,cellular response to light stimulus,1.0,1.0,False,0,120,28,6000,0.0,0.004666666666666667,0.0,,
immune_biased,BP,GO:0071498,cellular response to fluid shear stress,1.0,1.0,False,0,120,13,6000,0.0,0.0021666666666666666,0.0,,
immune_biased,BP,GO:0071499,cellular response to laminar fluid shear stress,1.0,1.0,False,0,120,10,6000,0.0,0.0016666666666666668,0.0,,
immune_biased,BP,GO:0071542,dopaminergic neuron differentiation,1.0,1.0,False,0,120,13,6000,0.0,0.0021666666666666666,0.0,,
immune_biased,BP,GO:0071548,response to dexamethasone,1.0,1.0,False,0,120,10,6000,0.0,0.0016666666666666668,0.0,,
immune_biased,BP,GO:0071559,response to transforming growth factor beta,0.5370351507111182,1.0,False,1,120,38,6000,0.008333333333333333,0.006333333333333333,1.3157894736842106,463,463
immune_biased,BP,GO:0071560,cellular response to transforming growth factor beta stimulus,1.0,1.0,False,0,120,36,6000,0.0,0.006,0.0,,
immune_biased,BP,GO:0071616,acyl-CoA biosynthetic process,1.0,1.0,False,0,120,11,6000,0.0,0.0018333333333333333,0.0,,
immune_biased,BP,GO:0071705,nitrogen compound transport,0.9440161582525584,1.0,False,1,120,141,6000,0.008333333333333333,0.0235,0.3546099290780142,169026,169026
immune_biased,BP,GO:0071709,membrane assembly,1.0,1.0,False,0,120,13,6000,0.0,0.0021666666666666666,0.0,,
immune_biased,BP,GO:0071715,icosanoid transport,1.0,1.0,False,0,120,13,6000,0.0,0.0021666666666666666,0.0,,
immune_biased,BP,GO:0071774,response to fibroblast growth factor,1.0,1.0,False,0,120,24,6000,0.0,0.004,0.0,,
immune_biased,BP,GO:0071805,potassium ion transmembrane transport,1.0,1.0,False,0,120,50,6000,0.0,0.008333333333333333,0.0,,
immune_biased,BP,GO:0071824,protein-DNA complex organization,0.7102197005147446,1.0,False,1,120,61,6000,0.008333333333333333,0.010166666666666666,0.819672131147541,8342,8342
immune_biased,BP,GO:0071825,protein-lipid complex organization,1.0,1.0,False,0,120,16,6000,0.0,0.0026666666666666666,0.0,,
immune_biased,BP,GO:0071826,protein-RNA complex organization,0.7539026982459304,1.0,False,1,120,69,6000,0.008333333333333333,0.0115,0.7246376811594203,8575,8575
immune_biased,BP,GO:0071827,plasma lipoprotein particle organization,1.0,1.0,False,0,120,16,6000,0.0,0.0026666666666666666,0.0,,
immune_biased,BP,GO:0071840,cellular component organization or biogenesis,0.5036643376864238,1.0,False,32,120,1581,6000,0.26666666666666666,0.2635,1.0120177103099304,713;728;972;1776;2674;2896;3119;3630;3676;4690;5175;5298;5987;6376;6421;6838;7186;8342;8575;10890;23376;25926;27347;51010;55863;56342;64005;64218;115362;165918;256987;388552,10890;115362;165918;1776;23376;256987;25926;2674;27347;2896;3119;3630;3676;388552;4690;51010;5175;5298;55863;56342;5987;6376;64005;6421;64218;6838;713;7186;728;8342;8575;972
immune_biased,BP,GO:0071867,response to monoamine,1.0,1.0,False,0,120,11,6000,0.0,0.0018333333333333333,0.0,,
immune_biased,BP,GO:0071868,cellular response to monoamine stimulus,1.0,1.0,False,0,120,11,6000,0.0,0.0018333333333333333,0.0,,
immune_biased,BP,GO:0071869,response to catecholamine,1.0,1.0,False,0,120,10,6000,0.0,0.0016666666666666668,0.0,,
immune_biased,BP,GO:0071870,cellular response to catecholamine stimulus,1.0,1.0,False,0,120,10,6000,0.0,0.0016666666666666668,0.0,,
immune_biased,BP,GO:0071897,DNA biosynthetic process,1.0,1.0,False,0,120,23,6000,0.0,0.003833333333333333,0.0,,
immune_biased,BP,GO:0071985,multivesicular body sorting pathway,1.0,1.0,False,0,120,14,6000,0.0,0.0023333333333333335,0.0,,
immune_biased,BP,GO:0072028,nephron morphogenesis,1.0,1.0,False,0,120,14,6000,0.0,0.0023333333333333335,0.0,,
immune_biased,BP,GO:0072078,nephron tubule morphogenesis,1.0,1.0,False,0,120,14,6000,0.0,0.0023333333333333335,0.0,,
immune_biased,BP,GO:0072080,nephron tubule development,1.0,1.0,False,0,120,18,6000,0.0,0.003,0.0,,
immune_biased,BP,GO:0072088,nephron epithelium morphogenesis,1.0,1.0,False,0,120,14,6000,0.0,0.0023333333333333335,0.0,,
immune_biased,BP,GO:0072132,mesenchyme morphogenesis,1.0,1.0,False,0,120,14,6000,0.0,0.0023333333333333335,0.0,,
immune_biased,BP,GO:0072163,mesonephric epithelium development,1.0,1.0,False,0,120,20,6000,0.0,0.0033333333333333335,0.0,,
immune_biased,BP,GO:0072164,mesonephric tubule development,1.0,1.0,False,0,120,20,6000,0.0,0.0033333333333333335,0.0,,
immune_biased,BP,GO:0072171,mesonephric tubule morphogenesis,1.0,1.0,False,0,120,11,6000,0.0,0.0018333333333333333,0.0,,
immune_biased,BP,GO:0072175,epithelial tube formation,1.0,1.0,False,0,120,14,6000,0.0,0.0023333333333333335,0.0,,
immune_biased,BP,GO:0072210,metanephric nephron development,1.0,1.0,False,0,120,10,6000,0.0,0.0016666666666666668,0.0,,
immune_biased,BP,GO:0072329,monocarboxylic acid catabolic process,1.0,1.0,False,0,120,33,6000,0.0,0.0055,0.0,,
immune_biased,BP,GO:0072330,monocarboxylic acid biosynthetic process,0.6145035978910377,1.0,False,1,120,47,6000,0.008333333333333333,0.007833333333333333,1.0638297872340425,972,972
immune_biased,BP,GO:0072331,signal transduction by p53 class mediator,1.0,1.0,False,0,120,27,6000,0.0,0.0045,0.0,,
immune_biased,BP,GO:0072332,intrinsic apoptotic signaling pathway by p53 class mediator,1.0,1.0,False,0,120,14,6000,0.0,0.0023333333333333335,0.0,,
immune_biased,BP,GO:0072337,modified amino acid transport,1.0,1.0,False,0,120,14,6000,0.0,0.0023333333333333335,0.0,,
immune_biased,BP,GO:0072348,sulfur compound transport,1.0,1.0,False,0,120,22,6000,0.0,0.0036666666666666666,0.0,,
immune_biased,BP,GO:0072359,circulatory system development,0.6302219073334736,1.0,False,3,120,161,6000,0.025,0.026833333333333334,0.9316770186335404,5175;51752;57007,5175;51752;57007
immune_biased,BP,GO:0072521,purine-containing compound metabolic process,0.9297218137697635,1.0,False,1,120,130,6000,0.008333333333333333,0.021666666666666667,0.3846153846153846,5142,5142
immune_biased,BP,GO:0072522,purine-containing compound biosynthetic process,1.0,1.0,False,0,120,62,6000,0.0,0.010333333333333333,0.0,,
immune_biased,BP,GO:0072524,pyridine-containing compound metabolic process,1.0,1.0,False,0,120,33,6000,0.0,0.0055,0.0,,
immune_biased,BP,GO:0072527,pyrimidine-containing compound metabolic process,1.0,1.0,False,0,120,15,6000,0.0,0.0025,0.0,,
immune_biased,BP,GO:0072530,purine-containing compound transmembrane transport,1.0,1.0,False,0,120,16,6000,0.0,0.0026666666666666666,0.0,,
immune_biased,BP,GO:0072593,reactive oxygen species metabolic process,1.0,1.0,False,0,120,26,6000,0.0,0.004333333333333333,0.0,,
immune_biased,BP,GO:0072659,protein localization to plasma membrane,0.6588586485892609,1.0,False,1,120,53,6000,0.008333333333333333,0.008833333333333334,0.9433962264150942,10890,10890
immune_biased,BP,GO:0072665,protein localization to vacuole,1.0,1.0,False,0,120,22,6000,0.0,0.0036666666666666666,0.0,,
immune_biased,BP,GO:0072666,establishment of protein localization to vacuole,1.0,1.0,False,0,120,20,6000,0.0,0.0033333333333333335,0.0,,
immune_biased,BP,GO:0072698,protein localization to microtubule cytoskeleton,1.0,1.0,False,0,120,11,6000,0.0,0.0018333333333333333,0.0,,
immune_biased,BP,GO:0086001,cardiac muscle cell action potential,1.0,1.0,False,0,120,21,6000,0.0,0.0035,0.0,,
immune_biased,BP,GO:0086002,cardiac muscle cell action potential involved in contraction,1.0,1.0,False,0,120,13,6000,0.0,0.0021666666666666666,0.0,,
immune_biased,BP,GO:0086003,cardiac muscle cell contraction,1.0,1.0,False,0,120,15,6000,0.0,0.0025,0.0,,
immune_biased,BP,GO:0086009,membrane repolarization,1.0,1.0,False,0,120,10,6000,0.0,0.0016666666666666668,0.0,,
immune_biased,BP,GO:0086010,membrane depolarization during action potential,1.0,1.0,False,0,120,12,6000,0.0,0.002,0.0,,
immune_biased,BP,GO:0086012,membrane depolarization during cardiac muscle cell action potential,1.0,1.0,False,0,120,11,6000,0.0,0.0018333333333333333,0.0,,
immune_biased,BP,GO:0086065,cell communication involved in cardiac conduction,1.0,1.0,False,0,120,16,6000,0.0,0.0026666666666666666,0.0,,
immune_biased,BP,GO:0086091,regulation of heart rate by cardiac conduction,1.0,1.0,False,0,120,12,6000,0.0,0.002,0.0,,
immune_biased,BP,GO:0090049,regulation of cell migration involved in sprouting angiogenesis,1.0,1.0,False,0,120,13,6000,0.0,0.0021666666666666666,0.0,,
immune_biased,BP,GO:0090090,negative regulation of canonical Wnt signaling pathway,1.0,1.0,False,0,120,31,6000,0.0,0.005166666666666667,0.0,,
immune_biased,BP,GO:0090100,positive regulation of transmembrane receptor protein serine/threonine kinase signaling pathway,1.0,1.0,False,0,120,31,6000,0.0,0.005166666666666667,0.0,,
immune_biased,BP,GO:0090102,cochlea development,1.0,1.0,False,0,120,11,6000,0.0,0.0018333333333333333,0.0,,
immune_biased,BP,GO:0090109,regulation of cell-substrate junction assembly,1.0,1.0,False,0,120,13,6000,0.0,0.0021666666666666666,0.0,,
immune_biased,BP,GO:0090114,COPII-coated vesicle budding,1.0,1.0,False,0,120,17,6000,0.0,0.0028333333333333335,0.0,,
immune_biased,BP,GO:0090128,regulation of synapse maturation,1.0,1.0,False,0,120,13,6000,0.0,0.0021666666666666666,0.0,,
immune_biased,BP,GO:0090148,membrane fission,1.0,1.0,False,0,120,15,6000,0.0,0.0025,0.0,,
immune_biased,BP,GO:0090150,establishment of protein localization to membrane,0.6724881482213413,1.0,False,1,120,55,6000,0.008333333333333333,0.009166666666666667,0.9090909090909091,10890,10890
immune_biased,BP,GO:0090169,regulation of spindle assembly,1.0,1.0,False,0,120,10,6000,0.0,0.0016666666666666668,0.0,,
immune_biased,BP,GO:0090174,organelle membrane fusion,1.0,1.0,False,0,120,29,6000,0.0,0.004833333333333334,0.0,,
immune_biased,BP,GO:0090181,regulation of cholesterol metabolic process,1.0,1.0,False,0,120,19,6000,0.0,0.0031666666666666666,0.0,,
immune_biased,BP,GO:0090207,regulation of triglyceride metabolic process,1.0,1.0,False,0,120,11,6000,0.0,0.0018333333333333333,0.0,,
immune_biased,BP,GO:0090224,regulation of spindle organization,1.0,1.0,False,0,120,16,6000,0.0,0.0026666666666666666,0.0,,
immune_biased,BP,GO:0090231,regulation of spindle checkpoint,1.0,1.0,False,0,120,10,6000,0.0,0.0016666666666666668,0.0,,
immune_biased,BP,GO:0090263,positive regulation of canonical Wnt signaling pathway,1.0,1.0,False,0,120,28,6000,0.0,0.004666666666666667,0.0,,
immune_biased,BP,GO:0090278,negative regulation of peptide hormone secretion,1.0,1.0,False,0,120,11,6000,0.0,0.0018333333333333333,0.0,,
immune_biased,BP,GO:0090279,regulation of calcium ion import,1.0,1.0,False,0,120,10,6000,0.0,0.0016666666666666668,0.0,,
immune_biased,BP,GO:0090287,regulation of cellular response to growth factor stimulus,0.8525225110029768,1.0,False,1,120,94,6000,0.008333333333333333,0.015666666666666666,0.5319148936170213,5468,5468
immune_biased,BP,GO:0090307,mitotic spindle assembly,1.0,1.0,False,0,120,12,6000,0.0,0.002,0.0,,
immune_biased,BP,GO:0090316,positive regulation of intracellular protein transport,1.0,1.0,False,0,120,18,6000,0.0,0.003,0.0,,
immune_biased,BP,GO:0090329,regulation of DNA-templated DNA replication,1.0,1.0,False,0,120,13,6000,0.0,0.0021666666666666666,0.0,,
immune_biased,BP,GO:0090398,cellular senescence,1.0,1.0,False,0,120,20,6000,0.0,0.0033333333333333335,0.0,,
immune_biased,BP,GO:0090407,organophosphate biosynthetic process,0.7921340118285074,1.0,False,2,120,145,6000,0.016666666666666666,0.024166666666666666,0.6896551724137931,5298;8818,5298;8818
immune_biased,BP,GO:0090559,regulation of membrane permeability,1.0,1.0,False,0,120,20,6000,0.0,0.0033333333333333335,0.0,,
immune_biased,BP,GO:0090596,sensory organ morphogenesis,1.0,1.0,False,0,120,56,6000,0.0,0.009333333333333334,0.0,,
immune_biased,BP,GO:0095500,acetylcholine receptor signaling pathway,1.0,1.0,False,0,120,11,6000,0.0,0.0018333333333333333,0.0,,
immune_biased,BP,GO:0097006,regulation of plasma lipoprotein particle levels,1.0,1.0,False,0,120,22,6000,0.0,0.0036666666666666666,0.0,,
immune_biased,BP,GO:0097061,dendritic spine organization,1.0,1.0,False,0,120,11,6000,0.0,0.0018333333333333333,0.0,,
immune_biased,BP,GO:0097120,receptor localization to synapse,1.0,1.0,False,0,120,16,6000,0.0,0.0026666666666666666,0.0,,
immune_biased,BP,GO:0097237,cellular response to toxic substance,1.0,1.0,False,0,120,39,6000,0.0,0.0065,0.0,,
immune_biased,BP,GO:0097306,cellular response to alcohol,1.0,1.0,False,0,120,33,6000,0.0,0.0055,0.0,,
immune_biased,BP,GO:0097352,autophagosome maturation,1.0,1.0,False,0,120,17,6000,0.0,0.0028333333333333335,0.0,,
immune_biased,BP,GO:0097435,supramolecular fiber organization,0.7505358201435943,1.0,False,2,120,133,6000,0.016666666666666666,0.022166666666666668,0.7518796992481203,5987;64005,5987;64005
immune_biased,BP,GO:0097485,neuron projection guidance,0.6588586485892609,1.0,False,1,120,53,6000,0.008333333333333333,0.008833333333333334,0.9433962264150942,64218,64218
immune_biased,BP,GO:0097553,calcium ion transmembrane import into cytosol,1.0,1.0,False,0,120,34,6000,0.0,0.005666666666666667,0.0,,
immune_biased,BP,GO:0097699,vascular endothelial cell response to fluid shear stress,1.0,1.0,False,0,120,10,6000,0.0,0.0016666666666666668,0.0,,
immune_biased,BP,GO:0097722,sperm motility,0.7274354142638543,1.0,False,1,120,64,6000,0.008333333333333333,0.010666666666666666,0.78125,5692,5692
immune_biased,BP,GO:0098534,centriole assembly,1.0,1.0,False,0,120,10,6000,0.0,0.0016666666666666668,0.0,,
immune_biased,BP,GO:0098655,monoatomic cation transmembrane transport,0.9367352353658082,1.0,False,2,120,218,6000,0.016666666666666666,0.036333333333333336,0.4587155963302752,27347;169026,169026;27347
immune_biased,BP,GO:0098656,monoatomic anion transmembrane transport,1.0,1.0,False,0,120,39,6000,0.0,0.0065,0.0,,
immune_biased,BP,GO:0098659,inorganic cation import across plasma membrane,0.5902272768216926,1.0,False,1,120,44,6000,0.008333333333333333,0.007333333333333333,1.1363636363636365,169026,169026
immune_biased,BP,GO:0098703,calcium ion import across plasma membrane,1.0,1.0,False,0,120,11,6000,0.0,0.0018333333333333333,0.0,,
immune_biased,BP,GO:0098727,maintenance of cell number,1.0,1.0,False,0,120,14,6000,0.0,0.0023333333333333335,0.0,,
immune_biased,BP,GO:0098739,import across plasma membrane,0.7329454800132373,1.0,False,1,120,65,6000,0.008333333333333333,0.010833333333333334,0.7692307692307692,169026,169026
immune_biased,BP,GO:0098754,detoxification,1.0,1.0,False,0,120,45,6000,0.0,0.0075,0.0,,
immune_biased,BP,GO:0098771,inorganic ion homeostasis,0.6461075932445605,1.0,False,2,120,109,6000,0.016666666666666666,0.018166666666666668,0.9174311926605504,27347;169026,169026;27347
immune_biased,BP,GO:0098813,nuclear chromosome segregation,1.0,1.0,False,0,120,66,6000,0.0,0.011,0.0,,
immune_biased,BP,GO:0098869,cellular oxidant detoxification,1.0,1.0,False,0,120,27,6000,0.0,0.0045,0.0,,
immune_biased,BP,GO:0098876,vesicle-mediated transport to the plasma membrane,0.6373529851582895,1.0,False,1,120,50,6000,0.008333333333333333,0.008333333333333333,1.0,10890,10890
immune_biased,BP,GO:0098900,regulation of action potential,1.0,1.0,False,0,120,22,6000,0.0,0.0036666666666666666,0.0,,
immune_biased,BP,GO:0098916,anterograde trans-synaptic signaling,1.0,1.0,False,0,120,91,6000,0.0,0.015166666666666667,0.0,,
immune_biased,BP,GO:0098926,postsynaptic signal transduction,1.0,1.0,False,0,120,13,6000,0.0,0.0021666666666666666,0.0,,
immune_biased,BP,GO:0098927,vesicle-mediated transport between endosomal compartments,1.0,1.0,False,0,120,13,6000,0.0,0.0021666666666666666,0.0,,
immune_biased,BP,GO:0099003,vesicle-mediated transport in synapse,1.0,1.0,False,0,120,41,6000,0.0,0.006833333333333334,0.0,,
immune_biased,BP,GO:0099024,plasma membrane invagination,1.0,1.0,False,0,120,11,6000,0.0,0.0018333333333333333,0.0,,
immune_biased,BP,GO:0099072,regulation of postsynaptic membrane neurotransmitter receptor levels,1.0,1.0,False,0,120,21,6000,0.0,0.0035,0.0,,
immune_biased,BP,GO:0099149,regulation of postsynaptic neurotransmitter receptor internalization,1.0,1.0,False,0,120,10,6000,0.0,0.0016666666666666668,0.0,,
immune_biased,BP,GO:0099170,postsynaptic modulation of chemical synaptic transmission,1.0,1.0,False,0,120,18,6000,0.0,0.003,0.0,,
immune_biased,BP,GO:0099171,presynaptic modulation of chemical synaptic transmission,1.0,1.0,False,0,120,13,6000,0.0,0.0021666666666666666,0.0,,
immune_biased,BP,GO:0099173,postsynapse organization,1.0,1.0,False,0,120,34,6000,0.0,0.005666666666666667,0.0,,
immune_biased,BP,GO:0099175,regulation of postsynapse organization,0.5463534636790258,1.0,False,1,120,39,6000,0.008333333333333333,0.0065,1.2820512820512822,3630,3630
immune_biased,BP,GO:0099177,regulation of trans-synaptic signaling,0.563365121649938,1.0,False,3,120,146,6000,0.025,0.024333333333333332,1.0273972602739727,3630;5595;6376,3630;5595;6376
immune_biased,BP,GO:0099504,synaptic vesicle cycle,1.0,1.0,False,0,120,40,6000,0.0,0.006666666666666667,0.0,,
immune_biased,BP,GO:0099536,synaptic signaling,1.0,1.0,False,0,120,113,6000,0.0,0.018833333333333334,0.0,,
immune_biased,BP,GO:0099537,trans-synaptic signaling,1.0,1.0,False,0,120,100,6000,0.0,0.016666666666666666,0.0,,
immune_biased,BP,GO:0099565,"chemical synaptic transmission, postsynaptic",1.0,1.0,False,0,120,16,6000,0.0,0.0026666666666666666,0.0,,
immune_biased,BP,GO:0099587,inorganic ion import across plasma membrane,0.5902272768216926,1.0,False,1,120,44,6000,0.008333333333333333,0.007333333333333333,1.1363636363636365,169026,169026
immune_biased,BP,GO:0099643,signal release from synapse,1.0,1.0,False,0,120,17,6000,0.0,0.0028333333333333335,0.0,,
immune_biased,BP,GO:0106056,regulation of calcineurin-mediated signaling,1.0,1.0,False,0,120,12,6000,0.0,0.002,0.0,,
immune_biased,BP,GO:0106118,regulation of sterol biosynthetic process,1.0,1.0,False,0,120,12,6000,0.0,0.002,0.0,,
immune_biased,BP,GO:0110020,regulation of actomyosin structure organization,1.0,1.0,False,0,120,23,6000,0.0,0.003833333333333333,0.0,,
immune_biased,BP,GO:0120009,intermembrane lipid transfer,1.0,1.0,False,0,120,14,6000,0.0,0.0023333333333333335,0.0,,
immune_biased,BP,GO:0120031,plasma membrane bounded cell projection assembly,1.0,1.0,False,0,120,110,6000,0.0,0.018333333333333333,0.0,,
immune_biased,BP,GO:0120034,positive regulation of plasma membrane bounded cell projection assembly,1.0,1.0,False,0,120,33,6000,0.0,0.0055,0.0,,
immune_biased,BP,GO:0120036,plasma membrane bounded cell projection organization,0.5699546073659865,1.0,False,6,120,303,6000,0.05,0.0505,0.9900990099009901,2674;3630;3676;10890;64218;388552,10890;2674;3630;3676;388552;64218
immune_biased,BP,GO:0120161,regulation of cold-induced thermogenesis,0.5554857542944451,1.0,False,1,120,40,6000,0.008333333333333333,0.006666666666666667,1.25,1051,1051
immune_biased,BP,GO:0120163,negative regulation of cold-induced thermogenesis,1.0,1.0,False,0,120,19,6000,0.0,0.0031666666666666666,0.0,,
immune_biased,BP,GO:0120254,olefinic compound metabolic process,1.0,1.0,False,0,120,46,6000,0.0,0.007666666666666666,0.0,,
immune_biased,BP,GO:0120316,sperm flagellum assembly,1.0,1.0,False,0,120,11,6000,0.0,0.0018333333333333333,0.0,,
immune_biased,BP,GO:0140013,meiotic nuclear division,1.0,1.0,False,0,120,47,6000,0.0,0.007833333333333333,0.0,,
immune_biased,BP,GO:0140014,mitotic nuclear division,1.0,1.0,False,0,120,46,6000,0.0,0.007666666666666666,0.0,,
immune_biased,BP,GO:0140053,mitochondrial gene expression,1.0,1.0,False,0,120,49,6000,0.0,0.008166666666666666,0.0,,
immune_biased,BP,GO:0140115,export across plasma membrane,1.0,1.0,False,0,120,18,6000,0.0,0.003,0.0,,
immune_biased,BP,GO:0140238,presynaptic endocytosis,1.0,1.0,False,0,120,15,6000,0.0,0.0025,0.0,,
immune_biased,BP,GO:0140527,reciprocal homologous recombination,1.0,1.0,False,0,120,21,6000,0.0,0.0035,0.0,,
immune_biased,BP,GO:0140694,membraneless organelle assembly,1.0,1.0,False,0,120,96,6000,0.0,0.016,0.0,,
immune_biased,BP,GO:0140719,constitutive heterochromatin formation,1.0,1.0,False,0,120,18,6000,0.0,0.003,0.0,,
immune_biased,BP,GO:0140962,multicellular organismal-level chemical homeostasis,1.0,1.0,False,0,120,21,6000,0.0,0.0035,0.0,,
immune_biased,BP,GO:0141086,negative regulation of inflammasome-mediated signaling pathway,1.0,1.0,False,0,120,11,6000,0.0,0.0018333333333333333,0.0,,
immune_biased,BP,GO:0141137,"positive regulation of gene expression, epigenetic",1.0,1.0,False,0,120,20,6000,0.0,0.0033333333333333335,0.0,,
immune_biased,BP,GO:0150052,regulation of postsynapse assembly,1.0,1.0,False,0,120,16,6000,0.0,0.0026666666666666666,0.0,,
immune_biased,BP,GO:0150063,visual system development,0.7910472516405787,1.0,False,1,120,77,6000,0.008333333333333333,0.012833333333333334,0.6493506493506493,388552,388552
immune_biased,BP,GO:0150104,transport across blood-brain barrier,1.0,1.0,False,0,120,23,6000,0.0,0.003833333333333333,0.0,,
immune_biased,BP,GO:0150116,regulation of cell-substrate junction organization,1.0,1.0,False,0,120,14,6000,0.0,0.0023333333333333335,0.0,,
immune_biased,BP,GO:0160307,protein biosynthetic process,0.6360226446751689,1.0,False,2,120,107,6000,0.016666666666666666,0.017833333333333333,0.9345794392523364,1967;23376,1967;23376
immune_biased,BP,GO:0170038,proteinogenic amino acid biosynthetic process,1.0,1.0,False,0,120,12,6000,0.0,0.002,0.0,,
immune_biased,BP,GO:0170039,proteinogenic amino acid metabolic process,1.0,1.0,False,0,120,54,6000,0.0,0.009,0.0,,
immune_biased,BP,GO:0170040,proteinogenic amino acid catabolic process,1.0,1.0,False,0,120,41,6000,0.0,0.006833333333333334,0.0,,
immune_biased,BP,GO:0170041,non-proteinogenic amino acid metabolic process,1.0,1.0,False,0,120,13,6000,0.0,0.0021666666666666666,0.0,,
immune_biased,BP,GO:0170062,nutrient storage,1.0,1.0,False,0,120,16,6000,0.0,0.0026666666666666666,0.0,,
immune_biased,BP,GO:0180064,protein O-linked glycosylation via xylose,1.0,1.0,False,0,120,15,6000,0.0,0.0025,0.0,,
immune_biased,BP,GO:1900024,regulation of substrate adhesion-dependent cell spreading,1.0,1.0,False,0,120,15,6000,0.0,0.0025,0.0,,
immune_biased,BP,GO:1900026,positive regulation of substrate adhesion-dependent cell spreading,1.0,1.0,False,0,120,11,6000,0.0,0.0018333333333333333,0.0,,
immune_biased,BP,GO:1900046,regulation of hemostasis,1.0,1.0,False,0,120,20,6000,0.0,0.0033333333333333335,0.0,,
immune_biased,BP,GO:1900047,negative regulation of hemostasis,1.0,1.0,False,0,120,13,6000,0.0,0.0021666666666666666,0.0,,
immune_biased,BP,GO:1900151,"regulation of nuclear-transcribed mRNA catabolic process, deadenylation-dependent decay",1.0,1.0,False,0,120,10,6000,0.0,0.0016666666666666668,0.0,,
immune_biased,BP,GO:1900368,regulation of post-transcriptional gene silencing by regulatory ncRNA,1.0,1.0,False,0,120,12,6000,0.0,0.002,0.0,,
immune_biased,BP,GO:1901135,carbohydrate derivative metabolic process,0.9551715325179465,1.0,False,2,120,238,6000,0.016666666666666666,0.03966666666666667,0.4201680672268907,5142;8818,5142;8818
immune_biased,BP,GO:1901136,carbohydrate derivative catabolic process,0.6855774707694965,1.0,False,1,120,57,6000,0.008333333333333333,0.0095,0.8771929824561404,5142,5142
immune_biased,BP,GO:1901137,carbohydrate derivative biosynthetic process,0.9515694710607343,1.0,False,1,120,148,6000,0.008333333333333333,0.024666666666666667,0.33783783783783783,8818,8818
immune_biased,BP,GO:1901264,carbohydrate derivative transport,1.0,1.0,False,0,120,35,6000,0.0,0.005833333333333334,0.0,,
immune_biased,BP,GO:1901293,nucleoside phosphate biosynthetic process,1.0,1.0,False,0,120,76,6000,0.0,0.012666666666666666,0.0,,
immune_biased,BP,GO:1901524,regulation of mitophagy,1.0,1.0,False,0,120,15,6000,0.0,0.0025,0.0,,
immune_biased,BP,GO:1901568,fatty acid derivative metabolic process,1.0,1.0,False,0,120,27,6000,0.0,0.0045,0.0,,
immune_biased,BP,GO:1901570,fatty acid derivative biosynthetic process,1.0,1.0,False,0,120,16,6000,0.0,0.0026666666666666666,0.0,,
immune_biased,BP,GO:1901655,cellular response to ketone,1.0,1.0,False,0,120,34,6000,0.0,0.005666666666666667,0.0,,
immune_biased,BP,GO:1901679,nucleotide transmembrane transport,1.0,1.0,False,0,120,15,6000,0.0,0.0025,0.0,,
immune_biased,BP,GO:1901739,regulation of myoblast fusion,1.0,1.0,False,0,120,16,6000,0.0,0.0026666666666666666,0.0,,
immune_biased,BP,GO:1901740,negative regulation of myoblast fusion,1.0,1.0,False,0,120,13,6000,0.0,0.0021666666666666666,0.0,,
immune_biased,BP,GO:1901799,negative regulation of proteasomal protein catabolic process,1.0,1.0,False,0,120,16,6000,0.0,0.0026666666666666666,0.0,,
immune_biased,BP,GO:1901800,positive regulation of proteasomal protein catabolic process,1.0,1.0,False,0,120,31,6000,0.0,0.005166666666666667,0.0,,
immune_biased,BP,GO:1901873,regulation of post-translational protein modification,0.6790989845902964,1.0,False,1,120,56,6000,0.008333333333333333,0.009333333333333334,0.8928571428571428,23376,23376
immune_biased,BP,GO:1901875,positive regulation of post-translational protein modification,1.0,1.0,False,0,120,28,6000,0.0,0.004666666666666667,0.0,,
immune_biased,BP,GO:1901879,regulation of protein depolymerization,1.0,1.0,False,0,120,17,6000,0.0,0.0028333333333333335,0.0,,
immune_biased,BP,GO:1901880,negative regulation of protein depolymerization,1.0,1.0,False,0,120,14,6000,0.0,0.0023333333333333335,0.0,,
immune_biased,BP,GO:1901888,regulation of cell junction assembly,0.7539026982459304,1.0,False,1,120,69,6000,0.008333333333333333,0.0115,0.7246376811594203,64218,64218
immune_biased,BP,GO:1901976,regulation of cell cycle checkpoint,1.0,1.0,False,0,120,14,6000,0.0,0.0023333333333333335,0.0,,
immune_biased,BP,GO:1901988,negative regulation of cell cycle phase transition,0.6588586485892609,1.0,False,1,120,53,6000,0.008333333333333333,0.008833333333333334,0.9433962264150942,23376,23376
immune_biased,BP,GO:1901991,negative regulation of mitotic cell cycle phase transition,1.0,1.0,False,0,120,38,6000,0.0,0.006333333333333333,0.0,,
immune_biased,BP,GO:1902041,regulation of extrinsic apoptotic signaling pathway via death domain receptors,1.0,1.0,False,0,120,11,6000,0.0,0.0018333333333333333,0.0,,
immune_biased,BP,GO:1902099,regulation of metaphase/anaphase transition of cell cycle,1.0,1.0,False,0,120,30,6000,0.0,0.005,0.0,,
immune_biased,BP,GO:1902100,negative regulation of metaphase/anaphase transition of cell cycle,1.0,1.0,False,0,120,10,6000,0.0,0.0016666666666666668,0.0,,
immune_biased,BP,GO:1902115,regulation of organelle assembly,0.6518344615320735,1.0,False,1,120,52,6000,0.008333333333333333,0.008666666666666666,0.9615384615384616,10890,10890
immune_biased,BP,GO:1902117,positive regulation of organelle assembly,1.0,1.0,False,0,120,19,6000,0.0,0.0031666666666666666,0.0,,
immune_biased,BP,GO:1902369,negative regulation of RNA catabolic process,0.5178253555419259,1.0,False,1,120,36,6000,0.008333333333333333,0.006,1.3888888888888888,7186,7186
immune_biased,BP,GO:1902414,protein localization to cell junction,1.0,1.0,False,0,120,23,6000,0.0,0.003833333333333333,0.0,,
immune_biased,BP,GO:1902455,negative regulation of stem cell population maintenance,1.0,1.0,False,0,120,10,6000,0.0,0.0016666666666666668,0.0,,
immune_biased,BP,GO:1902459,positive regulation of stem cell population maintenance,1.0,1.0,False,0,120,18,6000,0.0,0.003,0.0,,
immune_biased,BP,GO:1902475,L-alpha-amino acid transmembrane transport,1.0,1.0,False,0,120,14,6000,0.0,0.0023333333333333335,0.0,,
immune_biased,BP,GO:1902476,chloride transmembrane transport,1.0,1.0,False,0,120,28,6000,0.0,0.004666666666666667,0.0,,
immune_biased,BP,GO:1902547,regulation of cellular response to vascular endothelial growth factor stimulus,1.0,1.0,False,0,120,10,6000,0.0,0.0016666666666666668,0.0,,
immune_biased,BP,GO:1902600,proton transmembrane transport,1.0,1.0,False,0,120,58,6000,0.0,0.009666666666666667,0.0,,
immune_biased,BP,GO:1902652,secondary alcohol metabolic process,1.0,1.0,False,0,120,26,6000,0.0,0.004333333333333333,0.0,,
immune_biased,BP,GO:1902653,secondary alcohol biosynthetic process,1.0,1.0,False,0,120,11,6000,0.0,0.0018333333333333333,0.0,,
immune_biased,BP,GO:1902656,calcium ion import into cytosol,1.0,1.0,False,0,120,12,6000,0.0,0.002,0.0,,
immune_biased,BP,GO:1902743,regulation of lamellipodium organization,1.0,1.0,False,0,120,18,6000,0.0,0.003,0.0,,
immune_biased,BP,GO:1902745,positive regulation of lamellipodium organization,1.0,1.0,False,0,120,13,6000,0.0,0.0021666666666666666,0.0,,
immune_biased,BP,GO:1902750,negative regulation of cell cycle G2/M phase transition,1.0,1.0,False,0,120,19,6000,0.0,0.0031666666666666666,0.0,,
immune_biased,BP,GO:1902807,negative regulation of cell cycle G1/S phase transition,1.0,1.0,False,0,120,11,6000,0.0,0.0018333333333333333,0.0,,
immune_biased,BP,GO:1902850,microtubule cytoskeleton organization involved in mitosis,1.0,1.0,False,0,120,38,6000,0.0,0.006333333333333333,0.0,,
immune_biased,BP,GO:1902903,regulation of supramolecular fiber organization,0.5708519935823158,1.0,False,2,120,95,6000,0.016666666666666666,0.015833333333333335,1.0526315789473684,4690;6376,4690;6376
immune_biased,BP,GO:1902904,negative regulation of supramolecular fiber organization,1.0,1.0,False,0,120,37,6000,0.0,0.006166666666666667,0.0,,
immune_biased,BP,GO:1902930,regulation of alcohol biosynthetic process,1.0,1.0,False,0,120,16,6000,0.0,0.0026666666666666666,0.0,,
immune_biased,BP,GO:1903035,negative regulation of response to wounding,1.0,1.0,False,0,120,20,6000,0.0,0.0033333333333333335,0.0,,
immune_biased,BP,GO:1903046,meiotic cell cycle process,1.0,1.0,False,0,120,53,6000,0.0,0.008833333333333334,0.0,,
immune_biased,BP,GO:1903047,mitotic cell cycle process,1.0,1.0,False,0,120,141,6000,0.0,0.0235,0.0,,
immune_biased,BP,GO:1903078,positive regulation of protein localization to plasma membrane,1.0,1.0,False,0,120,17,6000,0.0,0.0028333333333333335,0.0,,
immune_biased,BP,GO:1903146,regulation of autophagy of mitochondrion,1.0,1.0,False,0,120,15,6000,0.0,0.0025,0.0,,
immune_biased,BP,GO:1903170,negative regulation of calcium ion transmembrane transport,1.0,1.0,False,0,120,10,6000,0.0,0.0016666666666666668,0.0,,
immune_biased,BP,GO:1903305,regulation of regulated secretory pathway,1.0,1.0,False,0,120,28,6000,0.0,0.004666666666666667,0.0,,
immune_biased,BP,GO:1903311,regulation of mRNA metabolic process,0.8226250443396159,1.0,False,1,120,85,6000,0.008333333333333333,0.014166666666666666,0.5882352941176471,7186,7186
immune_biased,BP,GO:1903312,negative regulation of mRNA metabolic process,0.5079261327301264,1.0,False,1,120,35,6000,0.008333333333333333,0.005833333333333334,1.4285714285714284,7186,7186
immune_biased,BP,GO:1903313,positive regulation of mRNA metabolic process,1.0,1.0,False,0,120,33,6000,0.0,0.0055,0.0,,
immune_biased,BP,GO:1903317,regulation of protein maturation,1.0,1.0,False,0,120,13,6000,0.0,0.0021666666666666666,0.0,,
immune_biased,BP,GO:1903320,regulation of protein modification by small protein conjugation or removal,0.6657422810374347,1.0,False,1,120,54,6000,0.008333333333333333,0.009,0.9259259259259259,23376,23376
immune_biased,BP,GO:1903322,positive regulation of protein modification by small protein conjugation or removal,1.0,1.0,False,0,120,27,6000,0.0,0.0045,0.0,,
immune_biased,BP,GO:1903509,liposaccharide metabolic process,0.5463534636790258,1.0,False,1,120,39,6000,0.008333333333333333,0.0065,1.2820512820512822,8818,8818
immune_biased,BP,GO:1903524,positive regulation of blood circulation,1.0,1.0,False,0,120,14,6000,0.0,0.0023333333333333335,0.0,,
immune_biased,BP,GO:1903670,regulation of sprouting angiogenesis,1.0,1.0,False,0,120,16,6000,0.0,0.0026666666666666666,0.0,,
immune_biased,BP,GO:1903747,regulation of protein localization to mitochondrion,1.0,1.0,False,0,120,14,6000,0.0,0.0023333333333333335,0.0,,
immune_biased,BP,GO:1903779,regulation of cardiac conduction,1.0,1.0,False,0,120,13,6000,0.0,0.0021666666666666666,0.0,,
immune_biased,BP,GO:1903844,regulation of cellular response to transforming growth factor beta stimulus,0.6145035978910377,1.0,False,1,120,47,6000,0.008333333333333333,0.007833333333333333,1.0638297872340425,5468,5468
immune_biased,BP,GO:1903846,positive regulation of cellular response to transforming growth factor beta stimulus,1.0,1.0,False,0,120,14,6000,0.0,0.0023333333333333335,0.0,,
immune_biased,BP,GO:1904356,regulation of telomere maintenance via telomere lengthening,1.0,1.0,False,0,120,16,6000,0.0,0.0026666666666666666,0.0,,
immune_biased,BP,GO:1904375,regulation of protein localization to cell periphery,0.5370351507111182,1.0,False,1,120,38,6000,0.008333333333333333,0.006333333333333333,1.3157894736842106,3630,3630
immune_biased,BP,GO:1904377,positive regulation of protein localization to cell periphery,1.0,1.0,False,0,120,21,6000,0.0,0.0035,0.0,,
immune_biased,BP,GO:1904385,cellular response to angiotensin,1.0,1.0,False,0,120,12,6000,0.0,0.002,0.0,,
immune_biased,BP,GO:1904659,D-glucose transmembrane transport,1.0,1.0,False,0,120,10,6000,0.0,0.0016666666666666668,0.0,,
immune_biased,BP,GO:1904888,cranial skeletal system development,1.0,1.0,False,0,120,14,6000,0.0,0.0023333333333333335,0.0,,
immune_biased,BP,GO:1905037,autophagosome organization,1.0,1.0,False,0,120,23,6000,0.0,0.003833333333333333,0.0,,
immune_biased,BP,GO:1905039,carboxylic acid transmembrane transport,1.0,1.0,False,0,120,40,6000,0.0,0.006666666666666667,0.0,,
immune_biased,BP,GO:1905144,response to acetylcholine,1.0,1.0,False,0,120,14,6000,0.0,0.0023333333333333335,0.0,,
immune_biased,BP,GO:1905145,cellular response to acetylcholine,1.0,1.0,False,0,120,13,6000,0.0,0.0021666666666666666,0.0,,
immune_biased,BP,GO:1905168,positive regulation of double-strand break repair via homologous recombination,1.0,1.0,False,0,120,16,6000,0.0,0.0026666666666666666,0.0,,
immune_biased,BP,GO:1905314,semi-lunar valve development,1.0,1.0,False,0,120,12,6000,0.0,0.002,0.0,,
immune_biased,BP,GO:1905330,regulation of morphogenesis of an epithelium,1.0,1.0,False,0,120,14,6000,0.0,0.0023333333333333335,0.0,,
immune_biased,BP,GO:1905332,positive regulation of morphogenesis of an epithelium,1.0,1.0,False,0,120,12,6000,0.0,0.002,0.0,,
immune_biased,BP,GO:1905475,regulation of protein localization to membrane,0.5984832752739089,1.0,False,1,120,45,6000,0.008333333333333333,0.0075,1.1111111111111112,3630,3630
immune_biased,BP,GO:1905477,positive regulation of protein localization to membrane,1.0,1.0,False,0,120,23,6000,0.0,0.003833333333333333,0.0,,
immune_biased,BP,GO:1905515,non-motile cilium assembly,1.0,1.0,False,0,120,13,6000,0.0,0.0021666666666666666,0.0,,
immune_biased,BP,GO:1905818,regulation of chromosome separation,1.0,1.0,False,0,120,18,6000,0.0,0.003,0.0,,
immune_biased,BP,GO:1905819,negative regulation of chromosome separation,1.0,1.0,False,0,120,10,6000,0.0,0.0016666666666666668,0.0,,
immune_biased,BP,GO:1990573,potassium ion import across plasma membrane,1.0,1.0,False,0,120,18,6000,0.0,0.003,0.0,,
immune_biased,BP,GO:1990748,cellular detoxification,1.0,1.0,False,0,120,36,6000,0.0,0.006,0.0,,
immune_biased,BP,GO:1990776,response to angiotensin,1.0,1.0,False,0,120,15,6000,0.0,0.0025,0.0,,
immune_biased,BP,GO:1990778,protein localization to cell periphery,0.7102197005147446,1.0,False,1,120,61,6000,0.008333333333333333,0.010166666666666666,0.819672131147541,10890,10890
immune_biased,BP,GO:2000027,regulation of animal organ morphogenesis,1.0,1.0,False,0,120,12,6000,0.0,0.002,0.0,,
immune_biased,BP,GO:2000036,regulation of stem cell population maintenance,1.0,1.0,False,0,120,22,6000,0.0,0.0036666666666666666,0.0,,
immune_biased,BP,GO:2000059,negative regulation of ubiquitin-dependent protein catabolic process,1.0,1.0,False,0,120,15,6000,0.0,0.0025,0.0,,
immune_biased,BP,GO:2000134,negative regulation of G1/S transition of mitotic cell cycle,1.0,1.0,False,0,120,11,6000,0.0,0.0018333333333333333,0.0,,
immune_biased,BP,GO:2000241,regulation of reproductive process,1.0,1.0,False,0,120,42,6000,0.0,0.007,0.0,,
immune_biased,BP,GO:2000242,negative regulation of reproductive process,1.0,1.0,False,0,120,12,6000,0.0,0.002,0.0,,
immune_biased,BP,GO:2000243,positive regulation of reproductive process,1.0,1.0,False,0,120,17,6000,0.0,0.0028333333333333335,0.0,,
immune_biased,BP,GO:2000278,regulation of DNA biosynthetic process,1.0,1.0,False,0,120,24,6000,0.0,0.004,0.0,,
immune_biased,BP,GO:2000279,negative regulation of DNA biosynthetic process,1.0,1.0,False,0,120,10,6000,0.0,0.0016666666666666668,0.0,,
immune_biased,BP,GO:2000300,regulation of synaptic vesicle exocytosis,1.0,1.0,False,0,120,11,6000,0.0,0.0018333333333333333,0.0,,
immune_biased,BP,GO:2000377,regulation of reactive oxygen species metabolic process,0.5818029618000387,1.0,False,1,120,43,6000,0.008333333333333333,0.007166666666666667,1.1627906976744187,3630,3630
immune_biased,BP,GO:2000379,positive regulation of reactive oxygen species metabolic process,1.0,1.0,False,0,120,22,6000,0.0,0.0036666666666666666,0.0,,
immune_biased,BP,GO:2000573,positive regulation of DNA biosynthetic process,1.0,1.0,False,0,120,12,6000,0.0,0.002,0.0,,
immune_biased,BP,GO:2000736,regulation of stem cell differentiation,1.0,1.0,False,0,120,17,6000,0.0,0.0028333333333333335,0.0,,
immune_biased,BP,GO:2000772,regulation of cellular senescence,1.0,1.0,False,0,120,12,6000,0.0,0.002,0.0,,
immune_biased,BP,GO:2000779,regulation of double-strand break repair,1.0,1.0,False,0,120,40,6000,0.0,0.006666666666666667,0.0,,
immune_biased,BP,GO:2000781,positive regulation of double-strand break repair,1.0,1.0,False,0,120,30,6000,0.0,0.005,0.0,,
immune_biased,BP,GO:2000785,regulation of autophagosome assembly,1.0,1.0,False,0,120,11,6000,0.0,0.0018333333333333333,0.0,,
immune_biased,BP,GO:2000816,negative regulation of mitotic sister chromatid separation,1.0,1.0,False,0,120,10,6000,0.0,0.0016666666666666668,0.0,,
immune_biased,BP,GO:2000819,regulation of nucleotide-excision repair,1.0,1.0,False,0,120,12,6000,0.0,0.002,0.0,,
immune_biased,BP,GO:2001057,reactive nitrogen species metabolic process,1.0,1.0,False,0,120,11,6000,0.0,0.0018333333333333333,0.0,,
immune_biased,BP,GO:2001224,positive regulation of neuron migration,1.0,1.0,False,0,120,13,6000,0.0,0.0021666666666666666,0.0,,
immune_biased,BP,GO:2001237,negative regulation of extrinsic apoptotic signaling pathway,1.0,1.0,False,0,120,20,6000,0.0,0.0033333333333333335,0.0,,
immune_biased,BP,GO:2001251,negative regulation of chromosome organization,1.0,1.0,False,0,120,24,6000,0.0,0.004,0.0,,
