list,source,GO_ID,description,p_value,p_adjust_BH,significant,Count,query_size,background_term_size,effective_background_size,GeneRatio,BgRatio,FoldEnrichment,overlap_entrez_ids,overlap_input_ids
random_control_2,MF,GO:0000049,tRNA binding,1.0,1.0,False,0,120,19,6000,0.0,0.0031666666666666666,0.0,,
random_control_2,MF,GO:0000149,SNARE binding,0.003153862993540612,1.0,False,4,120,31,6000,0.03333333333333333,0.005166666666666667,6.451612903225806,3745;6861;23208;203062,203062;23208;3745;6861
random_control_2,MF,GO:0000166,nucleotide binding,0.7241408219288878,1.0,False,9,120,520,6000,0.075,0.08666666666666667,0.8653846153846153,1488;2356;2747;3654;5911;6787;29083;83871;84617,1488;2356;2747;29083;3654;5911;6787;83871;84617
random_control_2,MF,GO:0000217,DNA secondary structure binding,1.0,1.0,False,0,120,12,6000,0.0,0.002,0.0,,
random_control_2,MF,GO:0000287,magnesium ion binding,0.6518344615320735,1.0,False,1,120,52,6000,0.008333333333333333,0.008666666666666666,0.9615384615384616,5911,5911
random_control_2,MF,GO:0000295,adenine nucleotide transmembrane transporter activity,1.0,1.0,False,0,120,11,6000,0.0,0.0018333333333333333,0.0,,
random_control_2,MF,GO:0000976,transcription cis-regulatory region binding,0.14119106774309423,1.0,False,12,120,425,6000,0.1,0.07083333333333333,1.411764705882353,2146;3221;4601;4776;7678;9705;10379;55762;57786;170958;284371;343930,10379;170958;2146;284371;3221;343930;4601;4776;55762;57786;7678;9705
random_control_2,MF,GO:0000977,RNA polymerase II transcription regulatory region sequence-specific DNA binding,0.15178884155478434,1.0,False,11,120,388,6000,0.09166666666666666,0.06466666666666666,1.4175257731958761,2146;3221;4601;4776;7678;9705;10379;55762;57786;170958;343930,10379;170958;2146;3221;343930;4601;4776;55762;57786;7678;9705
random_control_2,MF,GO:0000978,RNA polymerase II cis-regulatory region sequence-specific DNA binding,0.13392591075962398,1.0,False,10,120,336,6000,0.08333333333333333,0.056,1.488095238095238,2146;3221;4601;4776;9705;10379;55762;57786;170958;343930,10379;170958;2146;3221;343930;4601;4776;55762;57786;9705
random_control_2,MF,GO:0000981,"DNA-binding transcription factor activity, RNA polymerase II-specific",0.3636660974185109,1.0,False,9,120,385,6000,0.075,0.06416666666666666,1.1688311688311688,3221;4601;4776;7678;9705;10379;55762;57786;343930,10379;3221;343930;4601;4776;55762;57786;7678;9705
random_control_2,MF,GO:0000987,cis-regulatory region sequence-specific DNA binding,0.13765832064274625,1.0,False,10,120,338,6000,0.08333333333333333,0.05633333333333333,1.4792899408284024,2146;3221;4601;4776;9705;10379;55762;57786;170958;343930,10379;170958;2146;3221;343930;4601;4776;55762;57786;9705
random_control_2,MF,GO:0000993,RNA polymerase II complex binding,1.0,1.0,False,0,120,18,6000,0.0,0.003,0.0,,
random_control_2,MF,GO:0001046,core promoter sequence-specific DNA binding,0.2616950548768287,1.0,False,1,120,15,6000,0.008333333333333333,0.0025,3.333333333333333,2146,2146
random_control_2,MF,GO:0001067,transcription regulatory region nucleic acid binding,0.14119106774309423,1.0,False,12,120,425,6000,0.1,0.07083333333333333,1.411764705882353,2146;3221;4601;4776;7678;9705;10379;55762;57786;170958;284371;343930,10379;170958;2146;284371;3221;343930;4601;4776;55762;57786;7678;9705
random_control_2,MF,GO:0001216,DNA-binding transcription activator activity,0.7231354865710047,1.0,False,2,120,126,6000,0.016666666666666666,0.021,0.7936507936507936,3221;343930,3221;343930
random_control_2,MF,GO:0001217,DNA-binding transcription repressor activity,0.5592126159328288,1.0,False,2,120,93,6000,0.016666666666666666,0.0155,1.075268817204301,4601;4776,4601;4776
random_control_2,MF,GO:0001221,transcription coregulator binding,0.14741111319620218,1.0,False,2,120,34,6000,0.016666666666666666,0.005666666666666667,2.941176470588235,1488;2146,1488;2146
random_control_2,MF,GO:0001223,transcription coactivator binding,1.0,1.0,False,0,120,14,6000,0.0,0.0023333333333333335,0.0,,
random_control_2,MF,GO:0001227,"DNA-binding transcription repressor activity, RNA polymerase II-specific",0.541341397774223,1.0,False,2,120,90,6000,0.016666666666666666,0.015,1.1111111111111112,4601;4776,4601;4776
random_control_2,MF,GO:0001228,"DNA-binding transcription activator activity, RNA polymerase II-specific",0.7148587705575301,1.0,False,2,120,124,6000,0.016666666666666666,0.020666666666666667,0.8064516129032258,3221;343930,3221;343930
random_control_2,MF,GO:0001530,lipopolysaccharide binding,0.24659164652108712,1.0,False,1,120,14,6000,0.008333333333333333,0.0023333333333333335,3.571428571428571,5692,5692
random_control_2,MF,GO:0001540,amyloid-beta binding,1.0,1.0,False,0,120,27,6000,0.0,0.0045,0.0,,
random_control_2,MF,GO:0001637,G protein-coupled chemoattractant receptor activity,1.0,1.0,False,0,120,13,6000,0.0,0.0021666666666666666,0.0,,
random_control_2,MF,GO:0001653,peptide receptor activity,0.18293925793062543,1.0,False,2,120,39,6000,0.016666666666666666,0.0065,2.5641025641025643,3061;56413,3061;56413
random_control_2,MF,GO:0001664,G protein-coupled receptor binding,0.33429059591127813,1.0,False,3,120,102,6000,0.025,0.017,1.4705882352941175,727;4852;6364,4852;6364;727
random_control_2,MF,GO:0001727,lipid kinase activity,1.0,1.0,False,0,120,10,6000,0.0,0.0016666666666666668,0.0,,
random_control_2,MF,GO:0001784,phosphotyrosine residue binding,0.3593341011387844,1.0,False,1,120,22,6000,0.008333333333333333,0.0036666666666666666,2.272727272727273,5296,5296
random_control_2,MF,GO:0001786,phosphatidylserine binding,0.3593341011387844,1.0,False,1,120,22,6000,0.008333333333333333,0.0036666666666666666,2.272727272727273,6861,6861
random_control_2,MF,GO:0001968,fibronectin binding,1.0,1.0,False,0,120,10,6000,0.0,0.0016666666666666668,0.0,,
random_control_2,MF,GO:0002020,protease binding,0.5370351507111182,1.0,False,1,120,38,6000,0.008333333333333333,0.006333333333333333,1.3157894736842106,1213,1213
random_control_2,MF,GO:0002039,p53 binding,1.0,1.0,False,0,120,25,6000,0.0,0.004166666666666667,0.0,,
random_control_2,MF,GO:0003676,nucleic acid binding,0.4035416994119166,1.0,False,23,120,1079,6000,0.19166666666666668,0.17983333333333335,1.0658016682113067,328;1213;2146;3221;4601;4776;7678;9705;10146;10379;29083;51503;51720;54888;55762;57786;170958;219988;254528;284371;343069;343930;353267,10146;10379;1213;170958;2146;219988;254528;284371;29083;3221;328;343069;343930;353267;4601;4776;51503;51720;54888;55762;57786;7678;9705
random_control_2,MF,GO:0003677,DNA binding,0.3327523253971385,1.0,False,15,120,657,6000,0.125,0.1095,1.1415525114155252,328;2146;3221;4601;4776;7678;9705;10379;51720;55762;57786;170958;254528;284371;343930,10379;170958;2146;254528;284371;3221;328;343930;4601;4776;51720;55762;57786;7678;9705
random_control_2,MF,GO:0003678,DNA helicase activity,0.27649816154596496,1.0,False,1,120,16,6000,0.008333333333333333,0.0026666666666666666,3.125,10146,10146
random_control_2,MF,GO:0003682,chromatin binding,0.18571066339835274,1.0,False,6,120,192,6000,0.05,0.032,1.5625,328;648;2146;7703;254528;343930,2146;254528;328;343930;648;7703
random_control_2,MF,GO:0003684,damaged DNA binding,0.3593341011387844,1.0,False,1,120,22,6000,0.008333333333333333,0.0036666666666666666,2.272727272727273,328,328
random_control_2,MF,GO:0003690,double-stranded DNA binding,0.14091143137760676,1.0,False,13,120,468,6000,0.10833333333333334,0.078,1.3888888888888888,328;2146;3221;4601;4776;7678;9705;10379;55762;57786;170958;284371;343930,10379;170958;2146;284371;3221;328;343930;4601;4776;55762;57786;7678;9705
random_control_2,MF,GO:0003697,single-stranded DNA binding,0.5079261327301264,1.0,False,1,120,35,6000,0.008333333333333333,0.005833333333333334,1.4285714285714284,254528,254528
random_control_2,MF,GO:0003700,DNA-binding transcription factor activity,0.3168643213342366,1.0,False,10,120,415,6000,0.08333333333333333,0.06916666666666667,1.2048192771084336,3221;4601;4776;7678;9705;10379;55762;57786;170958;343930,10379;170958;3221;343930;4601;4776;55762;57786;7678;9705
random_control_2,MF,GO:0003712,transcription coregulator activity,0.40757453013193057,1.0,False,4,120,162,6000,0.03333333333333333,0.027,1.2345679012345678,328;1488;2146;9442,1488;2146;328;9442
random_control_2,MF,GO:0003713,transcription coactivator activity,0.27381895162163145,1.0,False,3,120,91,6000,0.025,0.015166666666666667,1.6483516483516485,328;1488;9442,1488;328;9442
random_control_2,MF,GO:0003714,transcription corepressor activity,0.14033160955462612,1.0,False,3,120,65,6000,0.025,0.010833333333333334,2.307692307692308,328;1488;2146,1488;2146;328
random_control_2,MF,GO:0003723,RNA binding,0.4428578510204082,1.0,False,10,120,461,6000,0.08333333333333333,0.07683333333333334,1.0845986984815617,328;1213;2146;10146;29083;51503;54888;219988;343069;353267,10146;1213;2146;219988;29083;328;343069;353267;51503;54888
random_control_2,MF,GO:0003724,RNA helicase activity,0.3462124237427534,1.0,False,1,120,21,6000,0.008333333333333333,0.0035,2.380952380952381,10146,10146
random_control_2,MF,GO:0003725,double-stranded RNA binding,0.3847989996645063,1.0,False,1,120,24,6000,0.008333333333333333,0.004,2.0833333333333335,1213,1213
random_control_2,MF,GO:0003727,single-stranded RNA binding,0.3052270409204303,1.0,False,1,120,18,6000,0.008333333333333333,0.003,2.7777777777777777,219988,219988
random_control_2,MF,GO:0003729,mRNA binding,0.8669130693071259,1.0,False,1,120,99,6000,0.008333333333333333,0.0165,0.505050505050505,10146,10146
random_control_2,MF,GO:0003730,mRNA 3'-UTR binding,1.0,1.0,False,0,120,40,6000,0.0,0.006666666666666667,0.0,,
random_control_2,MF,GO:0003735,structural constituent of ribosome,0.25673349125354994,1.0,False,2,120,49,6000,0.016666666666666666,0.008166666666666666,2.0408163265306123,6176;7311,6176;7311
random_control_2,MF,GO:0003743,translation initiation factor activity,1.0,1.0,False,0,120,19,6000,0.0,0.0031666666666666666,0.0,,
random_control_2,MF,GO:0003774,cytoskeletal motor activity,1.0,1.0,False,0,120,32,6000,0.0,0.005333333333333333,0.0,,
random_control_2,MF,GO:0003777,microtubule motor activity,1.0,1.0,False,0,120,22,6000,0.0,0.0036666666666666666,0.0,,
random_control_2,MF,GO:0003779,actin binding,1.0,1.0,False,0,120,93,6000,0.0,0.0155,0.0,,
random_control_2,MF,GO:0003823,antigen binding,1.0,1.0,False,0,120,25,6000,0.0,0.004166666666666667,0.0,,
random_control_2,MF,GO:0003824,catalytic activity,0.5957516563267428,1.0,False,32,120,1637,6000,0.26666666666666666,0.2728333333333333,0.9773976786805132,328;1488;2146;2356;2747;3654;4151;4259;4508;5408;5911;6649;6677;6787;7320;7941;9953;10146;10636;10739;29083;51606;54888;55830;57674;83871;84263;84617;84842;112937;254528;414189,10146;10636;10739;112937;1488;2146;2356;254528;2747;29083;328;3654;414189;4151;4259;4508;51606;5408;54888;55830;57674;5911;6649;6677;6787;7320;7941;83871;84263;84617;84842;9953
random_control_2,MF,GO:0003899,DNA-directed RNA polymerase activity,1.0,1.0,False,0,120,12,6000,0.0,0.002,0.0,,
random_control_2,MF,GO:0003924,GTPase activity,0.015998296029527823,1.0,False,6,120,102,6000,0.05,0.017,2.941176470588235,5911;10636;29083;83871;84617;414189,10636;29083;414189;5911;83871;84617
random_control_2,MF,GO:0003925,G protein activity,0.20481557990959964,1.0,False,2,120,42,6000,0.016666666666666666,0.007,2.380952380952381,5911;83871,5911;83871
random_control_2,MF,GO:0003954,NADH dehydrogenase activity,1.0,1.0,False,0,120,12,6000,0.0,0.002,0.0,,
random_control_2,MF,GO:0004112,cyclic-nucleotide phosphodiesterase activity,1.0,1.0,False,0,120,10,6000,0.0,0.0016666666666666668,0.0,,
random_control_2,MF,GO:0004175,endopeptidase activity,1.0,1.0,False,0,120,107,6000,0.0,0.017833333333333333,0.0,,
random_control_2,MF,GO:0004180,carboxypeptidase activity,1.0,1.0,False,0,120,18,6000,0.0,0.003,0.0,,
random_control_2,MF,GO:0004181,metallocarboxypeptidase activity,1.0,1.0,False,0,120,15,6000,0.0,0.0025,0.0,,
random_control_2,MF,GO:0004197,cysteine-type endopeptidase activity,1.0,1.0,False,0,120,24,6000,0.0,0.004,0.0,,
random_control_2,MF,GO:0004222,metalloendopeptidase activity,1.0,1.0,False,0,120,32,6000,0.0,0.005333333333333333,0.0,,
random_control_2,MF,GO:0004252,serine-type endopeptidase activity,1.0,1.0,False,0,120,40,6000,0.0,0.006666666666666667,0.0,,
random_control_2,MF,GO:0004364,glutathione transferase activity,0.1994186086676354,1.0,False,1,120,11,6000,0.008333333333333333,0.0018333333333333333,4.545454545454546,4259,4259
random_control_2,MF,GO:0004386,helicase activity,0.5370351507111182,1.0,False,1,120,38,6000,0.008333333333333333,0.006333333333333333,1.3157894736842106,10146,10146
random_control_2,MF,GO:0004402,histone acetyltransferase activity,1.0,1.0,False,0,120,10,6000,0.0,0.0016666666666666668,0.0,,
random_control_2,MF,GO:0004497,monooxygenase activity,1.0,1.0,False,0,120,33,6000,0.0,0.0055,0.0,,
random_control_2,MF,GO:0004518,nuclease activity,0.3236979318267654,1.0,False,2,120,58,6000,0.016666666666666666,0.009666666666666667,1.7241379310344827,328;254528,254528;328
random_control_2,MF,GO:0004519,endonuclease activity,0.5079261327301264,1.0,False,1,120,35,6000,0.008333333333333333,0.005833333333333334,1.4285714285714284,328,328
random_control_2,MF,GO:0004520,DNA endonuclease activity,0.3847989996645063,1.0,False,1,120,24,6000,0.008333333333333333,0.004,2.0833333333333335,328,328
random_control_2,MF,GO:0004521,RNA endonuclease activity,0.2616950548768287,1.0,False,1,120,15,6000,0.008333333333333333,0.0025,3.333333333333333,328,328
random_control_2,MF,GO:0004527,exonuclease activity,0.08229278812852872,1.0,False,2,120,24,6000,0.016666666666666666,0.004,4.166666666666667,328;254528,254528;328
random_control_2,MF,GO:0004529,DNA exonuclease activity,0.019390084552009995,1.0,False,2,120,11,6000,0.016666666666666666,0.0018333333333333333,9.090909090909092,328;254528,254528;328
random_control_2,MF,GO:0004532,RNA exonuclease activity,1.0,1.0,False,0,120,10,6000,0.0,0.0016666666666666668,0.0,,
random_control_2,MF,GO:0004536,DNA nuclease activity,0.12019743948550393,1.0,False,2,120,30,6000,0.016666666666666666,0.005,3.333333333333333,328;254528,254528;328
random_control_2,MF,GO:0004540,RNA nuclease activity,0.46627310055397503,1.0,False,1,120,31,6000,0.008333333333333333,0.005166666666666667,1.6129032258064515,328,328
random_control_2,MF,GO:0004553,"hydrolase activity, hydrolyzing O-glycosyl compounds",0.11360980724587899,1.0,False,2,120,29,6000,0.016666666666666666,0.004833333333333334,3.4482758620689653,6677;112937,112937;6677
random_control_2,MF,GO:0004601,peroxidase activity,0.05435616301807822,1.0,False,2,120,19,6000,0.016666666666666666,0.0031666666666666666,5.2631578947368425,4151;4259,4151;4259
random_control_2,MF,GO:0004620,glycerophospholipase activity,0.19748770406178495,1.0,False,2,120,41,6000,0.016666666666666666,0.006833333333333334,2.4390243902439024,5408;7941,5408;7941
random_control_2,MF,GO:0004623,A2-type glycerophospholipase activity,0.18305237920257855,1.0,False,1,120,10,6000,0.008333333333333333,0.0016666666666666668,5.0,7941,7941
random_control_2,MF,GO:0004629,C-type glycerophospholipase activity,1.0,1.0,False,0,120,11,6000,0.0,0.0018333333333333333,0.0,,
random_control_2,MF,GO:0004672,protein kinase activity,0.8574777002117424,1.0,False,2,120,169,6000,0.016666666666666666,0.028166666666666666,0.591715976331361,3654;6787,3654;6787
random_control_2,MF,GO:0004674,protein serine/threonine kinase activity,0.7390871928009424,1.0,False,2,120,130,6000,0.016666666666666666,0.021666666666666667,0.7692307692307692,3654;6787,3654;6787
random_control_2,MF,GO:0004712,protein serine/threonine/tyrosine kinase activity,1.0,1.0,False,0,120,15,6000,0.0,0.0025,0.0,,
random_control_2,MF,GO:0004713,protein tyrosine kinase activity,1.0,1.0,False,0,120,39,6000,0.0,0.0065,0.0,,
random_control_2,MF,GO:0004714,transmembrane receptor protein tyrosine kinase activity,1.0,1.0,False,0,120,17,6000,0.0,0.0028333333333333335,0.0,,
random_control_2,MF,GO:0004715,non-membrane spanning protein tyrosine kinase activity,1.0,1.0,False,0,120,12,6000,0.0,0.002,0.0,,
random_control_2,MF,GO:0004721,phosphoprotein phosphatase activity,1.0,1.0,False,0,120,49,6000,0.0,0.008166666666666666,0.0,,
random_control_2,MF,GO:0004722,protein serine/threonine phosphatase activity,1.0,1.0,False,0,120,27,6000,0.0,0.0045,0.0,,
random_control_2,MF,GO:0004725,protein tyrosine phosphatase activity,1.0,1.0,False,0,120,25,6000,0.0,0.004166666666666667,0.0,,
random_control_2,MF,GO:0004806,triacylglycerol lipase activity,0.18305237920257855,1.0,False,1,120,10,6000,0.008333333333333333,0.0016666666666666668,5.0,5408,5408
random_control_2,MF,GO:0004812,aminoacyl-tRNA ligase activity,1.0,1.0,False,0,120,12,6000,0.0,0.002,0.0,,
random_control_2,MF,GO:0004842,ubiquitin-protein transferase activity,0.4847033205397823,1.0,False,3,120,130,6000,0.025,0.021666666666666667,1.153846153846154,7320;10739;57674,10739;57674;7320
random_control_2,MF,GO:0004843,cysteine-type deubiquitinase activity,1.0,1.0,False,0,120,20,6000,0.0,0.0033333333333333335,0.0,,
random_control_2,MF,GO:0004857,enzyme inhibitor activity,0.9171052424703762,1.0,False,1,120,122,6000,0.008333333333333333,0.02033333333333333,0.4098360655737705,727,727
random_control_2,MF,GO:0004860,protein kinase inhibitor activity,1.0,1.0,False,0,120,26,6000,0.0,0.004333333333333333,0.0,,
random_control_2,MF,GO:0004864,protein phosphatase inhibitor activity,1.0,1.0,False,0,120,11,6000,0.0,0.0018333333333333333,0.0,,
random_control_2,MF,GO:0004866,endopeptidase inhibitor activity,0.5984832752739089,1.0,False,1,120,45,6000,0.008333333333333333,0.0075,1.1111111111111112,727,727
random_control_2,MF,GO:0004867,serine-type endopeptidase inhibitor activity,1.0,1.0,False,0,120,21,6000,0.0,0.0035,0.0,,
random_control_2,MF,GO:0004869,cysteine-type endopeptidase inhibitor activity,1.0,1.0,False,0,120,12,6000,0.0,0.002,0.0,,
random_control_2,MF,GO:0004879,nuclear receptor activity,1.0,1.0,False,0,120,19,6000,0.0,0.0031666666666666666,0.0,,
random_control_2,MF,GO:0004888,transmembrane signaling receptor activity,0.02787304887019968,1.0,False,14,120,400,6000,0.11666666666666667,0.06666666666666667,1.75,3061;4852;5729;7201;9499;26531;56413;79346;81341;81793;84868;119749;219956;401665,119749;219956;26531;3061;401665;4852;56413;5729;7201;79346;81341;81793;84868;9499
random_control_2,MF,GO:0004896,cytokine receptor activity,1.0,1.0,False,0,120,37,6000,0.0,0.006166666666666667,0.0,,
random_control_2,MF,GO:0004930,G protein-coupled receptor activity,0.015261354787660419,1.0,False,11,120,262,6000,0.09166666666666666,0.043666666666666666,2.099236641221374,3061;4852;5729;7201;26531;56413;79346;81341;119749;219956;401665,119749;219956;26531;3061;401665;4852;56413;5729;7201;79346;81341
random_control_2,MF,GO:0004950,chemokine receptor activity,1.0,1.0,False,0,120,13,6000,0.0,0.0021666666666666666,0.0,,
random_control_2,MF,GO:0004984,olfactory receptor activity,0.03862019564755592,1.0,False,6,120,125,6000,0.05,0.020833333333333332,2.4000000000000004,26531;79346;81341;119749;219956;401665,119749;219956;26531;401665;79346;81341
random_control_2,MF,GO:0005044,scavenger receptor activity,1.0,1.0,False,0,120,11,6000,0.0,0.0018333333333333333,0.0,,
random_control_2,MF,GO:0005080,protein kinase C binding,1.0,1.0,False,0,120,13,6000,0.0,0.0021666666666666666,0.0,,
random_control_2,MF,GO:0005085,guanyl-nucleotide exchange factor activity,1.0,1.0,False,0,120,64,6000,0.0,0.010666666666666666,0.0,,
random_control_2,MF,GO:0005096,GTPase activator activity,0.4380628442203826,1.0,False,2,120,74,6000,0.016666666666666666,0.012333333333333333,1.3513513513513513,10636;414189,10636;414189
random_control_2,MF,GO:0005102,signaling receptor binding,0.6368639160916583,1.0,False,8,120,430,6000,0.06666666666666667,0.07166666666666667,0.9302325581395349,727;1213;4852;5296;6364;55062;81793;389658,1213;389658;4852;5296;55062;6364;727;81793
random_control_2,MF,GO:0005104,fibroblast growth factor receptor binding,1.0,1.0,False,0,120,13,6000,0.0,0.0021666666666666666,0.0,,
random_control_2,MF,GO:0005109,frizzled binding,1.0,1.0,False,0,120,14,6000,0.0,0.0023333333333333335,0.0,,
random_control_2,MF,GO:0005125,cytokine activity,0.18397678470757303,1.0,False,3,120,74,6000,0.025,0.012333333333333333,2.027027027027027,727;6364;389658,389658;6364;727
random_control_2,MF,GO:0005126,cytokine receptor binding,0.5708519935823158,1.0,False,2,120,95,6000,0.016666666666666666,0.015833333333333335,1.0526315789473684,727;6364,6364;727
random_control_2,MF,GO:0005154,epidermal growth factor receptor binding,1.0,1.0,False,0,120,17,6000,0.0,0.0028333333333333335,0.0,,
random_control_2,MF,GO:0005160,transforming growth factor beta receptor binding,1.0,1.0,False,0,120,11,6000,0.0,0.0018333333333333333,0.0,,
random_control_2,MF,GO:0005164,tumor necrosis factor receptor binding,1.0,1.0,False,0,120,12,6000,0.0,0.002,0.0,,
random_control_2,MF,GO:0005178,integrin binding,1.0,1.0,False,0,120,40,6000,0.0,0.006666666666666667,0.0,,
random_control_2,MF,GO:0005179,hormone activity,0.5984832752739089,1.0,False,1,120,45,6000,0.008333333333333333,0.0075,1.1111111111111112,4852,4852
random_control_2,MF,GO:0005184,neuropeptide hormone activity,0.1994186086676354,1.0,False,1,120,11,6000,0.008333333333333333,0.0018333333333333333,4.545454545454546,4852,4852
random_control_2,MF,GO:0005198,structural molecule activity,0.12466730410513727,1.0,False,8,120,249,6000,0.06666666666666667,0.0415,1.606425702811245,1213;5692;6176;7311;9499;10398;23279;84617,10398;1213;23279;5692;6176;7311;84617;9499
random_control_2,MF,GO:0005200,structural constituent of cytoskeleton,0.21217351385351615,1.0,False,2,120,43,6000,0.016666666666666666,0.007166666666666667,2.3255813953488373,10398;84617,10398;84617
random_control_2,MF,GO:0005201,extracellular matrix structural constituent,1.0,1.0,False,0,120,53,6000,0.0,0.008833333333333334,0.0,,
random_control_2,MF,GO:0005215,transporter activity,0.03794989109663254,1.0,False,13,120,378,6000,0.10833333333333334,0.063,1.7195767195767195,343;727;1182;3745;4508;7991;23230;51606;84275;93109;148641;283375;347411,1182;148641;23230;283375;343;347411;3745;4508;51606;727;7991;84275;93109
random_control_2,MF,GO:0005216,monoatomic ion channel activity,0.4847033205397823,1.0,False,3,120,130,6000,0.025,0.021666666666666667,1.153846153846154,1182;3745;4508,1182;3745;4508
random_control_2,MF,GO:0005230,extracellular ligand-gated monoatomic ion channel activity,1.0,1.0,False,0,120,18,6000,0.0,0.003,0.0,,
random_control_2,MF,GO:0005242,inward rectifier potassium channel activity,1.0,1.0,False,0,120,12,6000,0.0,0.002,0.0,,
random_control_2,MF,GO:0005243,gap junction channel activity,1.0,1.0,False,0,120,10,6000,0.0,0.0016666666666666668,0.0,,
random_control_2,MF,GO:0005244,voltage-gated monoatomic ion channel activity,0.33842504355868663,1.0,False,2,120,60,6000,0.016666666666666666,0.01,1.6666666666666665,1182;3745,1182;3745
random_control_2,MF,GO:0005245,voltage-gated calcium channel activity,1.0,1.0,False,0,120,14,6000,0.0,0.0023333333333333335,0.0,,
random_control_2,MF,GO:0005246,calcium channel regulator activity,0.3191643119150053,1.0,False,1,120,19,6000,0.008333333333333333,0.0031666666666666666,2.6315789473684212,4852,4852
random_control_2,MF,GO:0005249,voltage-gated potassium channel activity,0.4553248564627744,1.0,False,1,120,30,6000,0.008333333333333333,0.005,1.6666666666666665,3745,3745
random_control_2,MF,GO:0005253,monoatomic anion channel activity,0.42112605589102525,1.0,False,1,120,27,6000,0.008333333333333333,0.0045,1.8518518518518519,1182,1182
random_control_2,MF,GO:0005254,chloride channel activity,0.2910068882529308,1.0,False,1,120,17,6000,0.008333333333333333,0.0028333333333333335,2.941176470588235,1182,1182
random_control_2,MF,GO:0005261,monoatomic cation channel activity,0.6204806302120119,1.0,False,2,120,104,6000,0.016666666666666666,0.017333333333333333,0.9615384615384616,3745;4508,3745;4508
random_control_2,MF,GO:0005262,calcium channel activity,1.0,1.0,False,0,120,41,6000,0.0,0.006833333333333334,0.0,,
random_control_2,MF,GO:0005267,potassium channel activity,0.5178253555419259,1.0,False,1,120,36,6000,0.008333333333333333,0.006,1.3888888888888888,3745,3745
random_control_2,MF,GO:0005272,sodium channel activity,1.0,1.0,False,0,120,14,6000,0.0,0.0023333333333333335,0.0,,
random_control_2,MF,GO:0005310,dicarboxylic acid transmembrane transporter activity,1.0,1.0,False,0,120,17,6000,0.0,0.0028333333333333335,0.0,,
random_control_2,MF,GO:0005319,lipid carrier activity,0.19748770406178495,1.0,False,2,120,41,6000,0.016666666666666666,0.006833333333333334,2.4390243902439024,23230;400499,23230;400499
random_control_2,MF,GO:0005346,purine ribonucleotide transmembrane transporter activity,1.0,1.0,False,0,120,12,6000,0.0,0.002,0.0,,
random_control_2,MF,GO:0005452,solute:inorganic anion antiporter activity,0.2154596450610039,1.0,False,1,120,12,6000,0.008333333333333333,0.002,4.166666666666667,1182,1182
random_control_2,MF,GO:0005484,SNAP receptor activity,0.18305237920257855,1.0,False,1,120,10,6000,0.008333333333333333,0.0016666666666666668,5.0,203062,203062
random_control_2,MF,GO:0005496,steroid binding,1.0,1.0,False,0,120,32,6000,0.0,0.005333333333333333,0.0,,
random_control_2,MF,GO:0005501,retinoid binding,1.0,1.0,False,0,120,10,6000,0.0,0.0016666666666666668,0.0,,
random_control_2,MF,GO:0005504,fatty acid binding,1.0,1.0,False,0,120,13,6000,0.0,0.0021666666666666666,0.0,,
random_control_2,MF,GO:0005506,iron ion binding,1.0,1.0,False,0,120,46,6000,0.0,0.007666666666666666,0.0,,
random_control_2,MF,GO:0005507,copper ion binding,0.1994186086676354,1.0,False,1,120,11,6000,0.008333333333333333,0.0018333333333333333,4.545454545454546,6649,6649
random_control_2,MF,GO:0005509,calcium ion binding,0.6107785451335271,1.0,False,4,120,210,6000,0.03333333333333333,0.035,0.9523809523809523,5408;6861;10398;23208,10398;23208;5408;6861
random_control_2,MF,GO:0005516,calmodulin binding,1.0,1.0,False,0,120,40,6000,0.0,0.006666666666666667,0.0,,
random_control_2,MF,GO:0005518,collagen binding,1.0,1.0,False,0,120,19,6000,0.0,0.0031666666666666666,0.0,,
random_control_2,MF,GO:0005524,ATP binding,0.9692166355579899,1.0,False,3,120,338,6000,0.025,0.05633333333333333,0.44378698224852076,2356;3654;6787,2356;3654;6787
random_control_2,MF,GO:0005525,GTP binding,0.042611662215675916,1.0,False,5,120,96,6000,0.041666666666666664,0.016,2.6041666666666665,2747;5911;29083;83871;84617,2747;29083;5911;83871;84617
random_control_2,MF,GO:0005539,glycosaminoglycan binding,1.0,1.0,False,0,120,50,6000,0.0,0.008333333333333333,0.0,,
random_control_2,MF,GO:0005540,hyaluronic acid binding,1.0,1.0,False,0,120,11,6000,0.0,0.0018333333333333333,0.0,,
random_control_2,MF,GO:0005543,phospholipid binding,0.11277674523835317,1.0,False,5,120,128,6000,0.041666666666666664,0.021333333333333333,1.953125,6861;7941;8724;23208;55062,23208;55062;6861;7941;8724
random_control_2,MF,GO:0005544,calcium-dependent phospholipid binding,0.05435616301807822,1.0,False,2,120,19,6000,0.016666666666666666,0.0031666666666666666,5.2631578947368425,6861;23208,23208;6861
random_control_2,MF,GO:0005546,"phosphatidylinositol-4,5-bisphosphate binding",0.3847989996645063,1.0,False,1,120,24,6000,0.008333333333333333,0.004,2.0833333333333335,6861,6861
random_control_2,MF,GO:0005547,"phosphatidylinositol-3,4,5-trisphosphate binding",1.0,1.0,False,0,120,10,6000,0.0,0.0016666666666666668,0.0,,
random_control_2,MF,GO:0005549,odorant binding,1.0,1.0,False,0,120,10,6000,0.0,0.0016666666666666668,0.0,,
random_control_2,MF,GO:0008009,chemokine activity,0.04435853423451011,1.0,False,2,120,17,6000,0.016666666666666666,0.0028333333333333335,5.88235294117647,727;6364,6364;727
random_control_2,MF,GO:0008013,beta-catenin binding,1.0,1.0,False,0,120,23,6000,0.0,0.003833333333333333,0.0,,
random_control_2,MF,GO:0008017,microtubule binding,0.25210450105307397,1.0,False,3,120,87,6000,0.025,0.0145,1.7241379310344829,10636;54627;84376,10636;54627;84376
random_control_2,MF,GO:0008028,monocarboxylic acid transmembrane transporter activity,0.3191643119150053,1.0,False,1,120,19,6000,0.008333333333333333,0.0031666666666666666,2.6315789473684212,347411,347411
random_control_2,MF,GO:0008047,enzyme activator activity,0.18269500153427673,1.0,False,6,120,191,6000,0.05,0.03183333333333333,1.5706806282722514,648;6176;10636;353267;389658;414189,10636;353267;389658;414189;6176;648
random_control_2,MF,GO:0008080,N-acetyltransferase activity,1.0,1.0,False,0,120,19,6000,0.0,0.0031666666666666666,0.0,,
random_control_2,MF,GO:0008081,phosphoric diester hydrolase activity,0.4553248564627744,1.0,False,1,120,30,6000,0.008333333333333333,0.005,1.6666666666666665,328,328
random_control_2,MF,GO:0008083,growth factor activity,1.0,1.0,False,0,120,50,6000,0.0,0.008333333333333333,0.0,,
random_control_2,MF,GO:0008092,cytoskeletal protein binding,0.47388981753729903,1.0,False,6,120,275,6000,0.05,0.04583333333333333,1.090909090909091,9499;10398;10636;23208;54627;84376,10398;10636;23208;54627;84376;9499
random_control_2,MF,GO:0008093,cytoskeletal adaptor activity,1.0,1.0,False,0,120,12,6000,0.0,0.002,0.0,,
random_control_2,MF,GO:0008094,"ATP-dependent activity, acting on DNA",0.5275270586497346,1.0,False,1,120,37,6000,0.008333333333333333,0.006166666666666667,1.3513513513513513,10146,10146
random_control_2,MF,GO:0008106,alcohol dehydrogenase (NADP+) activity,1.0,1.0,False,0,120,14,6000,0.0,0.0023333333333333335,0.0,,
random_control_2,MF,GO:0008134,transcription factor binding,0.6897762134880132,1.0,False,3,120,176,6000,0.025,0.029333333333333333,0.8522727272727273,1488;2146;55062,1488;2146;55062
random_control_2,MF,GO:0008137,NADH dehydrogenase (ubiquinone) activity,1.0,1.0,False,0,120,12,6000,0.0,0.002,0.0,,
random_control_2,MF,GO:0008146,sulfotransferase activity,0.23118189666298758,1.0,False,1,120,13,6000,0.008333333333333333,0.0021666666666666666,3.8461538461538463,9953,9953
random_control_2,MF,GO:0008157,protein phosphatase 1 binding,1.0,1.0,False,0,120,13,6000,0.0,0.0021666666666666666,0.0,,
random_control_2,MF,GO:0008168,methyltransferase activity,0.45166262380092165,1.0,False,2,120,76,6000,0.016666666666666666,0.012666666666666666,1.3157894736842106,2146;54888,2146;54888
random_control_2,MF,GO:0008170,N-methyltransferase activity,0.5178253555419259,1.0,False,1,120,36,6000,0.008333333333333333,0.006,1.3888888888888888,2146,2146
random_control_2,MF,GO:0008171,O-methyltransferase activity,1.0,1.0,False,0,120,10,6000,0.0,0.0016666666666666668,0.0,,
random_control_2,MF,GO:0008173,RNA methyltransferase activity,0.4770030767532584,1.0,False,1,120,32,6000,0.008333333333333333,0.005333333333333333,1.5625,54888,54888
random_control_2,MF,GO:0008175,tRNA methyltransferase activity,0.1994186086676354,1.0,False,1,120,11,6000,0.008333333333333333,0.0018333333333333333,4.545454545454546,54888,54888
random_control_2,MF,GO:0008186,"ATP-dependent activity, acting on RNA",0.3462124237427534,1.0,False,1,120,21,6000,0.008333333333333333,0.0035,2.380952380952381,10146,10146
random_control_2,MF,GO:0008188,neuropeptide receptor activity,1.0,1.0,False,0,120,15,6000,0.0,0.0025,0.0,,
random_control_2,MF,GO:0008194,UDP-glycosyltransferase activity,1.0,1.0,False,0,120,43,6000,0.0,0.007166666666666667,0.0,,
random_control_2,MF,GO:0008200,ion channel inhibitor activity,1.0,1.0,False,0,120,17,6000,0.0,0.0028333333333333335,0.0,,
random_control_2,MF,GO:0008201,heparin binding,1.0,1.0,False,0,120,34,6000,0.0,0.005666666666666667,0.0,,
random_control_2,MF,GO:0008227,G protein-coupled amine receptor activity,1.0,1.0,False,0,120,10,6000,0.0,0.0016666666666666668,0.0,,
random_control_2,MF,GO:0008233,peptidase activity,1.0,1.0,False,0,120,157,6000,0.0,0.026166666666666668,0.0,,
random_control_2,MF,GO:0008234,cysteine-type peptidase activity,1.0,1.0,False,0,120,41,6000,0.0,0.006833333333333334,0.0,,
random_control_2,MF,GO:0008235,metalloexopeptidase activity,1.0,1.0,False,0,120,24,6000,0.0,0.004,0.0,,
random_control_2,MF,GO:0008236,serine-type peptidase activity,1.0,1.0,False,0,120,43,6000,0.0,0.007166666666666667,0.0,,
random_control_2,MF,GO:0008237,metallopeptidase activity,1.0,1.0,False,0,120,56,6000,0.0,0.009333333333333334,0.0,,
random_control_2,MF,GO:0008238,exopeptidase activity,1.0,1.0,False,0,120,31,6000,0.0,0.005166666666666667,0.0,,
random_control_2,MF,GO:0008270,zinc ion binding,0.9002240630535333,1.0,False,3,120,261,6000,0.025,0.0435,0.574712643678161,648;9705;57786,57786;648;9705
random_control_2,MF,GO:0008276,protein methyltransferase activity,0.5275270586497346,1.0,False,1,120,37,6000,0.008333333333333333,0.006166666666666667,1.3513513513513513,2146,2146
random_control_2,MF,GO:0008289,lipid binding,0.158104357623861,1.0,False,7,120,223,6000,0.058333333333333334,0.03716666666666667,1.5695067264573992,5692;6861;7941;8724;23208;55062;81793,23208;55062;5692;6861;7941;81793;8724
random_control_2,MF,GO:0008307,structural constituent of muscle,0.016072793960387157,1.0,False,2,120,10,6000,0.016666666666666666,0.0016666666666666668,10.0,9499;10398,10398;9499
random_control_2,MF,GO:0008324,monoatomic cation transmembrane transporter activity,0.20735915149659495,1.0,False,6,120,199,6000,0.05,0.033166666666666664,1.5075376884422114,1182;3745;4508;7991;51606;283375,1182;283375;3745;4508;51606;7991
random_control_2,MF,GO:0008376,acetylgalactosaminyltransferase activity,1.0,1.0,False,0,120,11,6000,0.0,0.0018333333333333333,0.0,,
random_control_2,MF,GO:0008378,galactosyltransferase activity,1.0,1.0,False,0,120,13,6000,0.0,0.0021666666666666666,0.0,,
random_control_2,MF,GO:0008408,3'-5' exonuclease activity,0.04926429290544311,1.0,False,2,120,18,6000,0.016666666666666666,0.003,5.555555555555555,328;254528,254528;328
random_control_2,MF,GO:0008509,monoatomic anion transmembrane transporter activity,0.5644357055502625,1.0,False,1,120,41,6000,0.008333333333333333,0.006833333333333334,1.2195121951219512,1182,1182
random_control_2,MF,GO:0008527,taste receptor activity,1.0,1.0,False,0,120,12,6000,0.0,0.002,0.0,,
random_control_2,MF,GO:0008528,G protein-coupled peptide receptor activity,0.17572765237853247,1.0,False,2,120,38,6000,0.016666666666666666,0.006333333333333333,2.6315789473684212,3061;56413,3061;56413
random_control_2,MF,GO:0008649,rRNA methyltransferase activity,0.24659164652108712,1.0,False,1,120,14,6000,0.008333333333333333,0.0023333333333333335,3.571428571428571,54888,54888
random_control_2,MF,GO:0008757,S-adenosylmethionine-dependent methyltransferase activity,0.3747912063033416,1.0,False,2,120,65,6000,0.016666666666666666,0.010833333333333334,1.5384615384615383,2146;54888,2146;54888
random_control_2,MF,GO:0008970,glycerophospholipid phospholipase A1 activity,0.18305237920257855,1.0,False,1,120,10,6000,0.008333333333333333,0.0016666666666666668,5.0,5408,5408
random_control_2,MF,GO:0009055,electron transfer activity,1.0,1.0,False,0,120,32,6000,0.0,0.005333333333333333,0.0,,
random_control_2,MF,GO:0010314,phosphatidylinositol-5-phosphate binding,0.18305237920257855,1.0,False,1,120,10,6000,0.008333333333333333,0.0016666666666666668,5.0,8724,8724
random_control_2,MF,GO:0015020,glucuronosyltransferase activity,1.0,1.0,False,0,120,12,6000,0.0,0.002,0.0,,
random_control_2,MF,GO:0015026,coreceptor activity,1.0,1.0,False,0,120,26,6000,0.0,0.004333333333333333,0.0,,
random_control_2,MF,GO:0015036,disulfide oxidoreductase activity,1.0,1.0,False,0,120,11,6000,0.0,0.0018333333333333333,0.0,,
random_control_2,MF,GO:0015075,monoatomic ion transmembrane transporter activity,0.2979537928491971,1.0,False,6,120,226,6000,0.05,0.03766666666666667,1.3274336283185841,1182;3745;4508;7991;51606;283375,1182;283375;3745;4508;51606;7991
random_control_2,MF,GO:0015078,proton transmembrane transporter activity,0.12666916027619196,1.0,False,3,120,62,6000,0.025,0.010333333333333333,2.4193548387096775,1182;4508;51606,1182;4508;51606
random_control_2,MF,GO:0015079,potassium ion transmembrane transporter activity,0.6222743971944265,1.0,False,1,120,48,6000,0.008333333333333333,0.008,1.0416666666666667,3745,3745
random_control_2,MF,GO:0015081,sodium ion transmembrane transporter activity,1.0,1.0,False,0,120,49,6000,0.0,0.008166666666666666,0.0,,
random_control_2,MF,GO:0015085,calcium ion transmembrane transporter activity,1.0,1.0,False,0,120,48,6000,0.0,0.008,0.0,,
random_control_2,MF,GO:0015108,chloride transmembrane transporter activity,0.4441539425635324,1.0,False,1,120,29,6000,0.008333333333333333,0.004833333333333334,1.7241379310344827,1182,1182
random_control_2,MF,GO:0015144,carbohydrate transmembrane transporter activity,1.0,1.0,False,0,120,12,6000,0.0,0.002,0.0,,
random_control_2,MF,GO:0015171,amino acid transmembrane transporter activity,0.4327558689318889,1.0,False,1,120,28,6000,0.008333333333333333,0.004666666666666667,1.7857142857142856,93109,93109
random_control_2,MF,GO:0015175,neutral L-amino acid transmembrane transporter activity,1.0,1.0,False,0,120,10,6000,0.0,0.0016666666666666668,0.0,,
random_control_2,MF,GO:0015179,L-amino acid transmembrane transporter activity,0.27649816154596496,1.0,False,1,120,16,6000,0.008333333333333333,0.0026666666666666666,3.125,93109,93109
random_control_2,MF,GO:0015215,nucleotide transmembrane transporter activity,0.24659164652108712,1.0,False,1,120,14,6000,0.008333333333333333,0.0023333333333333335,3.571428571428571,84275,84275
random_control_2,MF,GO:0015216,purine nucleotide transmembrane transporter activity,1.0,1.0,False,0,120,12,6000,0.0,0.002,0.0,,
random_control_2,MF,GO:0015245,fatty acid transmembrane transporter activity,1.0,1.0,False,0,120,10,6000,0.0,0.0016666666666666668,0.0,,
random_control_2,MF,GO:0015252,proton channel activity,0.18305237920257855,1.0,False,1,120,10,6000,0.008333333333333333,0.0016666666666666668,5.0,4508,4508
random_control_2,MF,GO:0015267,channel activity,0.19459980055833775,1.0,False,5,120,154,6000,0.041666666666666664,0.025666666666666667,1.6233766233766231,343;727;1182;3745;4508,1182;343;3745;4508;727
random_control_2,MF,GO:0015276,ligand-gated monoatomic ion channel activity,1.0,1.0,False,0,120,51,6000,0.0,0.0085,0.0,,
random_control_2,MF,GO:0015291,secondary active transmembrane transporter activity,0.45839332420414536,1.0,False,2,120,77,6000,0.016666666666666666,0.012833333333333334,1.2987012987012987,1182;283375,1182;283375
random_control_2,MF,GO:0015293,symporter activity,0.5079261327301264,1.0,False,1,120,35,6000,0.008333333333333333,0.005833333333333334,1.4285714285714284,283375,283375
random_control_2,MF,GO:0015294,solute:monoatomic cation symporter activity,0.49782540333012903,1.0,False,1,120,34,6000,0.008333333333333333,0.005666666666666667,1.4705882352941175,283375,283375
random_control_2,MF,GO:0015297,antiporter activity,0.5818029618000387,1.0,False,1,120,43,6000,0.008333333333333333,0.007166666666666667,1.1627906976744187,1182,1182
random_control_2,MF,GO:0015370,solute:sodium symporter activity,1.0,1.0,False,0,120,25,6000,0.0,0.004166666666666667,0.0,,
random_control_2,MF,GO:0015399,primary active transmembrane transporter activity,0.6657422810374347,1.0,False,1,120,54,6000,0.008333333333333333,0.009,0.9259259259259259,51606,51606
random_control_2,MF,GO:0015453,oxidoreduction-driven active transmembrane transporter activity,1.0,1.0,False,0,120,24,6000,0.0,0.004,0.0,,
random_control_2,MF,GO:0015459,potassium channel regulator activity,0.2910068882529308,1.0,False,1,120,17,6000,0.008333333333333333,0.0028333333333333335,2.941176470588235,3745,3745
random_control_2,MF,GO:0015485,cholesterol binding,1.0,1.0,False,0,120,16,6000,0.0,0.0026666666666666666,0.0,,
random_control_2,MF,GO:0015605,organophosphate ester transmembrane transporter activity,0.3593341011387844,1.0,False,1,120,22,6000,0.008333333333333333,0.0036666666666666666,2.272727272727273,84275,84275
random_control_2,MF,GO:0015631,tubulin binding,0.19776271535575174,1.0,False,4,120,115,6000,0.03333333333333333,0.019166666666666665,1.7391304347826089,10636;23208;54627;84376,10636;23208;54627;84376
random_control_2,MF,GO:0015645,fatty acid ligase activity,1.0,1.0,False,0,120,10,6000,0.0,0.0016666666666666668,0.0,,
random_control_2,MF,GO:0015932,nucleobase-containing compound transmembrane transporter activity,0.3462124237427534,1.0,False,1,120,21,6000,0.008333333333333333,0.0035,2.380952380952381,84275,84275
random_control_2,MF,GO:0016209,antioxidant activity,0.014506115457933278,1.0,False,3,120,26,6000,0.025,0.004333333333333333,5.76923076923077,4151;4259;6649,4151;4259;6649
random_control_2,MF,GO:0016229,steroid dehydrogenase activity,0.24659164652108712,1.0,False,1,120,14,6000,0.008333333333333333,0.0023333333333333335,3.571428571428571,84263,84263
random_control_2,MF,GO:0016247,channel regulator activity,0.3310724131514505,1.0,False,2,120,59,6000,0.016666666666666666,0.009833333333333333,1.6949152542372883,3745;4852,3745;4852
random_control_2,MF,GO:0016248,channel inhibitor activity,1.0,1.0,False,0,120,17,6000,0.0,0.0028333333333333335,0.0,,
random_control_2,MF,GO:0016251,RNA polymerase II general transcription initiation factor activity,1.0,1.0,False,0,120,13,6000,0.0,0.0021666666666666666,0.0,,
random_control_2,MF,GO:0016278,lysine N-methyltransferase activity,0.3191643119150053,1.0,False,1,120,19,6000,0.008333333333333333,0.0031666666666666666,2.6315789473684212,2146,2146
random_control_2,MF,GO:0016279,protein-lysine N-methyltransferase activity,0.3052270409204303,1.0,False,1,120,18,6000,0.008333333333333333,0.003,2.7777777777777777,2146,2146
random_control_2,MF,GO:0016298,lipase activity,0.271658516410346,1.0,False,2,120,51,6000,0.016666666666666666,0.0085,1.9607843137254901,5408;7941,5408;7941
random_control_2,MF,GO:0016301,kinase activity,0.9224684795581146,1.0,False,2,120,206,6000,0.016666666666666666,0.034333333333333334,0.4854368932038835,3654;6787,3654;6787
random_control_2,MF,GO:0016405,CoA-ligase activity,1.0,1.0,False,0,120,11,6000,0.0,0.0018333333333333333,0.0,,
random_control_2,MF,GO:0016407,acetyltransferase activity,1.0,1.0,False,0,120,27,6000,0.0,0.0045,0.0,,
random_control_2,MF,GO:0016409,palmitoyltransferase activity,1.0,1.0,False,0,120,10,6000,0.0,0.0016666666666666668,0.0,,
random_control_2,MF,GO:0016462,pyrophosphatase activity,0.048126338663149824,1.0,False,9,120,238,6000,0.075,0.03966666666666667,1.8907563025210081,5911;10146;10636;29083;51606;57674;83871;84617;414189,10146;10636;29083;414189;51606;57674;5911;83871;84617
random_control_2,MF,GO:0016491,oxidoreductase activity,0.07897481809769437,1.0,False,8,120,224,6000,0.06666666666666667,0.037333333333333336,1.7857142857142856,328;1488;2747;4151;4259;6649;84263;84842,1488;2747;328;4151;4259;6649;84263;84842
random_control_2,MF,GO:0016493,C-C chemokine receptor activity,1.0,1.0,False,0,120,11,6000,0.0,0.0018333333333333333,0.0,,
random_control_2,MF,GO:0016504,peptidase activator activity,1.0,1.0,False,0,120,21,6000,0.0,0.0035,0.0,,
random_control_2,MF,GO:0016538,cyclin-dependent protein serine/threonine kinase regulator activity,1.0,1.0,False,0,120,13,6000,0.0,0.0021666666666666666,0.0,,
random_control_2,MF,GO:0016597,amino acid binding,0.2910068882529308,1.0,False,1,120,17,6000,0.008333333333333333,0.0028333333333333335,2.941176470588235,2747,2747
random_control_2,MF,GO:0016614,"oxidoreductase activity, acting on CH-OH group of donors",0.5732069281268636,1.0,False,1,120,42,6000,0.008333333333333333,0.007,1.1904761904761905,1488,1488
random_control_2,MF,GO:0016616,"oxidoreductase activity, acting on the CH-OH group of donors, NAD or NADP as acceptor",0.5554857542944451,1.0,False,1,120,40,6000,0.008333333333333333,0.006666666666666667,1.25,1488,1488
random_control_2,MF,GO:0016627,"oxidoreductase activity, acting on the CH-CH group of donors",1.0,1.0,False,0,120,25,6000,0.0,0.004166666666666667,0.0,,
random_control_2,MF,GO:0016628,"oxidoreductase activity, acting on the CH-CH group of donors, NAD or NADP as acceptor",1.0,1.0,False,0,120,14,6000,0.0,0.0023333333333333335,0.0,,
random_control_2,MF,GO:0016651,"oxidoreductase activity, acting on NAD(P)H",1.0,1.0,False,0,120,26,6000,0.0,0.004333333333333333,0.0,,
random_control_2,MF,GO:0016655,"oxidoreductase activity, acting on NAD(P)H, quinone or similar compound as acceptor",1.0,1.0,False,0,120,16,6000,0.0,0.0026666666666666666,0.0,,
random_control_2,MF,GO:0016667,"oxidoreductase activity, acting on a sulfur group of donors",1.0,1.0,False,0,120,16,6000,0.0,0.0026666666666666666,0.0,,
random_control_2,MF,GO:0016684,"oxidoreductase activity, acting on peroxide as acceptor",0.05962487556091966,1.0,False,2,120,20,6000,0.016666666666666666,0.0033333333333333335,5.0,4151;4259,4151;4259
random_control_2,MF,GO:0016705,"oxidoreductase activity, acting on paired donors, with incorporation or reduction of molecular oxygen",1.0,1.0,False,0,120,62,6000,0.0,0.010333333333333333,0.0,,
random_control_2,MF,GO:0016706,2-oxoglutarate-dependent dioxygenase activity,1.0,1.0,False,0,120,24,6000,0.0,0.004,0.0,,
random_control_2,MF,GO:0016709,"oxidoreductase activity, acting on paired donors, with incorporation or reduction of molecular oxygen, NAD(P)H as one donor, and incorporation of one atom of oxygen",1.0,1.0,False,0,120,11,6000,0.0,0.0018333333333333333,0.0,,
random_control_2,MF,GO:0016712,"oxidoreductase activity, acting on paired donors, with incorporation or reduction of molecular oxygen, reduced flavin or flavoprotein as one donor, and incorporation of one atom of oxygen",1.0,1.0,False,0,120,16,6000,0.0,0.0026666666666666666,0.0,,
random_control_2,MF,GO:0016740,transferase activity,0.8751915975153807,1.0,False,10,120,669,6000,0.08333333333333333,0.1115,0.7473841554559043,2146;3654;4259;6787;7320;9953;10739;54888;55830;57674,10739;2146;3654;4259;54888;55830;57674;6787;7320;9953
random_control_2,MF,GO:0016741,"transferase activity, transferring one-carbon groups",0.4650767308164933,1.0,False,2,120,78,6000,0.016666666666666666,0.013,1.2820512820512822,2146;54888,2146;54888
random_control_2,MF,GO:0016746,acyltransferase activity,0.8082295374973345,1.0,False,3,120,214,6000,0.025,0.035666666666666666,0.7009345794392524,7320;10739;57674,10739;57674;7320
random_control_2,MF,GO:0016747,"acyltransferase activity, transferring groups other than amino-acyl groups",1.0,1.0,False,0,120,67,6000,0.0,0.011166666666666667,0.0,,
random_control_2,MF,GO:0016755,aminoacyltransferase activity,0.563365121649938,1.0,False,3,120,146,6000,0.025,0.024333333333333332,1.0273972602739727,7320;10739;57674,10739;57674;7320
random_control_2,MF,GO:0016757,glycosyltransferase activity,0.7952806350279045,1.0,False,1,120,78,6000,0.008333333333333333,0.013,0.6410256410256411,55830,55830
random_control_2,MF,GO:0016758,hexosyltransferase activity,0.7042448489789661,1.0,False,1,120,60,6000,0.008333333333333333,0.01,0.8333333333333333,55830,55830
random_control_2,MF,GO:0016763,pentosyltransferase activity,1.0,1.0,False,0,120,11,6000,0.0,0.0018333333333333333,0.0,,
random_control_2,MF,GO:0016765,"transferase activity, transferring alkyl or aryl (other than methyl) groups",0.3328242822494307,1.0,False,1,120,20,6000,0.008333333333333333,0.0033333333333333335,2.5,4259,4259
random_control_2,MF,GO:0016772,"transferase activity, transferring phosphorus-containing groups",0.9655227853792288,1.0,False,2,120,253,6000,0.016666666666666666,0.042166666666666665,0.3952569169960474,3654;6787,3654;6787
random_control_2,MF,GO:0016773,"phosphotransferase activity, alcohol group as acceptor",0.9128124709237482,1.0,False,2,120,199,6000,0.016666666666666666,0.033166666666666664,0.5025125628140704,3654;6787,3654;6787
random_control_2,MF,GO:0016779,nucleotidyltransferase activity,1.0,1.0,False,0,120,40,6000,0.0,0.006666666666666667,0.0,,
random_control_2,MF,GO:0016782,"transferase activity, transferring sulphur-containing groups",0.3052270409204303,1.0,False,1,120,18,6000,0.008333333333333333,0.003,2.7777777777777777,9953,9953
random_control_2,MF,GO:0016787,hydrolase activity,0.3481603051775853,1.0,False,15,120,664,6000,0.125,0.11066666666666666,1.1295180722891567,328;5408;5911;6677;7941;10146;10636;29083;51606;57674;83871;84617;112937;254528;414189,10146;10636;112937;254528;29083;328;414189;51606;5408;57674;5911;6677;7941;83871;84617
random_control_2,MF,GO:0016788,"hydrolase activity, acting on ester bonds",0.629452788074957,1.0,False,4,120,215,6000,0.03333333333333333,0.035833333333333335,0.9302325581395349,328;5408;7941;254528,254528;328;5408;7941
random_control_2,MF,GO:0016790,thiolester hydrolase activity,1.0,1.0,False,0,120,13,6000,0.0,0.0021666666666666666,0.0,,
random_control_2,MF,GO:0016791,phosphatase activity,1.0,1.0,False,0,120,80,6000,0.0,0.013333333333333334,0.0,,
random_control_2,MF,GO:0016798,"hydrolase activity, acting on glycosyl bonds",0.023336072987299537,1.0,False,3,120,31,6000,0.025,0.005166666666666667,4.838709677419355,328;6677;112937,112937;328;6677
random_control_2,MF,GO:0016810,"hydrolase activity, acting on carbon-nitrogen (but not peptide) bonds",1.0,1.0,False,0,120,36,6000,0.0,0.006,0.0,,
random_control_2,MF,GO:0016811,"hydrolase activity, acting on carbon-nitrogen (but not peptide) bonds, in linear amides",1.0,1.0,False,0,120,16,6000,0.0,0.0026666666666666666,0.0,,
random_control_2,MF,GO:0016814,"hydrolase activity, acting on carbon-nitrogen (but not peptide) bonds, in cyclic amidines",1.0,1.0,False,0,120,11,6000,0.0,0.0018333333333333333,0.0,,
random_control_2,MF,GO:0016817,"hydrolase activity, acting on acid anhydrides",0.048126338663149824,1.0,False,9,120,238,6000,0.075,0.03966666666666667,1.8907563025210081,5911;10146;10636;29083;51606;57674;83871;84617;414189,10146;10636;29083;414189;51606;57674;5911;83871;84617
random_control_2,MF,GO:0016818,"hydrolase activity, acting on acid anhydrides, in phosphorus-containing anhydrides",0.048126338663149824,1.0,False,9,120,238,6000,0.075,0.03966666666666667,1.8907563025210081,5911;10146;10636;29083;51606;57674;83871;84617;414189,10146;10636;29083;414189;51606;57674;5911;83871;84617
random_control_2,MF,GO:0016829,lyase activity,0.6919262346105967,1.0,False,1,120,58,6000,0.008333333333333333,0.009666666666666667,0.8620689655172413,4259,4259
random_control_2,MF,GO:0016830,carbon-carbon lyase activity,1.0,1.0,False,0,120,17,6000,0.0,0.0028333333333333335,0.0,,
random_control_2,MF,GO:0016835,carbon-oxygen lyase activity,1.0,1.0,False,0,120,19,6000,0.0,0.0031666666666666666,0.0,,
random_control_2,MF,GO:0016836,hydro-lyase activity,1.0,1.0,False,0,120,15,6000,0.0,0.0025,0.0,,
random_control_2,MF,GO:0016853,isomerase activity,0.9099790979871996,1.0,False,1,120,118,6000,0.008333333333333333,0.019666666666666666,0.42372881355932207,10146,10146
random_control_2,MF,GO:0016859,cis-trans isomerase activity,1.0,1.0,False,0,120,10,6000,0.0,0.0016666666666666668,0.0,,
random_control_2,MF,GO:0016860,intramolecular oxidoreductase activity,1.0,1.0,False,0,120,22,6000,0.0,0.0036666666666666666,0.0,,
random_control_2,MF,GO:0016863,"intramolecular oxidoreductase activity, transposing C=C bonds",1.0,1.0,False,0,120,10,6000,0.0,0.0016666666666666668,0.0,,
random_control_2,MF,GO:0016874,ligase activity,0.25673349125354994,1.0,False,2,120,49,6000,0.016666666666666666,0.008166666666666666,2.0408163265306123,2356;4508,2356;4508
random_control_2,MF,GO:0016875,"ligase activity, forming carbon-oxygen bonds",1.0,1.0,False,0,120,12,6000,0.0,0.002,0.0,,
random_control_2,MF,GO:0016877,"ligase activity, forming carbon-sulfur bonds",1.0,1.0,False,0,120,12,6000,0.0,0.002,0.0,,
random_control_2,MF,GO:0016878,acid-thiol ligase activity,1.0,1.0,False,0,120,11,6000,0.0,0.0018333333333333333,0.0,,
random_control_2,MF,GO:0016879,"ligase activity, forming carbon-nitrogen bonds",0.27649816154596496,1.0,False,1,120,16,6000,0.008333333333333333,0.0026666666666666666,3.125,2356,2356
random_control_2,MF,GO:0016887,ATP hydrolysis activity,0.42165418967970114,1.0,False,3,120,118,6000,0.025,0.019666666666666666,1.2711864406779663,10146;51606;57674,10146;51606;57674
random_control_2,MF,GO:0016895,"DNA exonuclease activity, producing 5'-phosphomonoesters",0.016072793960387157,1.0,False,2,120,10,6000,0.016666666666666666,0.0016666666666666668,10.0,328;254528,254528;328
random_control_2,MF,GO:0016922,nuclear receptor binding,0.5902272768216926,1.0,False,1,120,44,6000,0.008333333333333333,0.007333333333333333,1.1363636363636365,55062,55062
random_control_2,MF,GO:0017022,myosin binding,0.397152433406183,1.0,False,1,120,25,6000,0.008333333333333333,0.004166666666666667,2.0,10398,10398
random_control_2,MF,GO:0017046,peptide hormone binding,0.23118189666298758,1.0,False,1,120,13,6000,0.008333333333333333,0.0021666666666666666,3.8461538461538463,3061,3061
random_control_2,MF,GO:0017069,snRNA binding,1.0,1.0,False,0,120,11,6000,0.0,0.0018333333333333333,0.0,,
random_control_2,MF,GO:0017076,purine nucleotide binding,0.6202611129539877,1.0,False,9,120,476,6000,0.075,0.07933333333333334,0.9453781512605041,1488;2356;2747;3654;5911;6787;29083;83871;84617,1488;2356;2747;29083;3654;5911;6787;83871;84617
random_control_2,MF,GO:0017080,sodium channel regulator activity,1.0,1.0,False,0,120,10,6000,0.0,0.0016666666666666668,0.0,,
random_control_2,MF,GO:0017111,ribonucleoside triphosphate phosphatase activity,0.031486455704640974,1.0,False,9,120,220,6000,0.075,0.03666666666666667,2.0454545454545454,5911;10146;10636;29083;51606;57674;83871;84617;414189,10146;10636;29083;414189;51606;57674;5911;83871;84617
random_control_2,MF,GO:0017124,SH3 domain binding,1.0,1.0,False,0,120,19,6000,0.0,0.0031666666666666666,0.0,,
random_control_2,MF,GO:0017147,Wnt-protein binding,1.0,1.0,False,0,120,11,6000,0.0,0.0018333333333333333,0.0,,
random_control_2,MF,GO:0017171,serine hydrolase activity,1.0,1.0,False,0,120,46,6000,0.0,0.007666666666666666,0.0,,
random_control_2,MF,GO:0018455,alcohol dehydrogenase [NAD(P)+] activity,1.0,1.0,False,0,120,17,6000,0.0,0.0028333333333333335,0.0,,
random_control_2,MF,GO:0019001,guanyl nucleotide binding,0.05476006889659996,1.0,False,5,120,103,6000,0.041666666666666664,0.017166666666666667,2.4271844660194173,2747;5911;29083;83871;84617,2747;29083;5911;83871;84617
random_control_2,MF,GO:0019003,GDP binding,0.3052270409204303,1.0,False,1,120,18,6000,0.008333333333333333,0.003,2.7777777777777777,5911,5911
random_control_2,MF,GO:0019199,transmembrane receptor protein kinase activity,1.0,1.0,False,0,120,25,6000,0.0,0.004166666666666667,0.0,,
random_control_2,MF,GO:0019207,kinase regulator activity,0.25210450105307397,1.0,False,3,120,87,6000,0.025,0.0145,1.7241379310344829,5296;6176;389658,389658;5296;6176
random_control_2,MF,GO:0019208,phosphatase regulator activity,1.0,1.0,False,0,120,28,6000,0.0,0.004666666666666667,0.0,,
random_control_2,MF,GO:0019209,kinase activator activity,0.21955741586889918,1.0,False,2,120,44,6000,0.016666666666666666,0.007333333333333333,2.272727272727273,6176;389658,389658;6176
random_control_2,MF,GO:0019210,kinase inhibitor activity,1.0,1.0,False,0,120,26,6000,0.0,0.004333333333333333,0.0,,
random_control_2,MF,GO:0019212,phosphatase inhibitor activity,1.0,1.0,False,0,120,11,6000,0.0,0.0018333333333333333,0.0,,
random_control_2,MF,GO:0019239,deaminase activity,1.0,1.0,False,0,120,12,6000,0.0,0.002,0.0,,
random_control_2,MF,GO:0019783,ubiquitin-like protein peptidase activity,1.0,1.0,False,0,120,26,6000,0.0,0.004333333333333333,0.0,,
random_control_2,MF,GO:0019787,ubiquitin-like protein transferase activity,0.5443664921151318,1.0,False,3,120,142,6000,0.025,0.023666666666666666,1.0563380281690142,7320;10739;57674,10739;57674;7320
random_control_2,MF,GO:0019789,SUMO transferase activity,1.0,1.0,False,0,120,11,6000,0.0,0.0018333333333333333,0.0,,
random_control_2,MF,GO:0019829,ATPase-coupled monoatomic cation transmembrane transporter activity,0.3052270409204303,1.0,False,1,120,18,6000,0.008333333333333333,0.003,2.7777777777777777,51606,51606
random_control_2,MF,GO:0019838,growth factor binding,1.0,1.0,False,0,120,40,6000,0.0,0.006666666666666667,0.0,,
random_control_2,MF,GO:0019840,isoprenoid binding,1.0,1.0,False,0,120,11,6000,0.0,0.0018333333333333333,0.0,,
random_control_2,MF,GO:0019842,vitamin binding,1.0,1.0,False,0,120,39,6000,0.0,0.0065,0.0,,
random_control_2,MF,GO:0019843,rRNA binding,1.0,1.0,False,0,120,22,6000,0.0,0.0036666666666666666,0.0,,
random_control_2,MF,GO:0019887,protein kinase regulator activity,0.45166262380092165,1.0,False,2,120,76,6000,0.016666666666666666,0.012666666666666666,1.3157894736842106,6176;389658,389658;6176
random_control_2,MF,GO:0019888,protein phosphatase regulator activity,1.0,1.0,False,0,120,23,6000,0.0,0.003833333333333333,0.0,,
random_control_2,MF,GO:0019894,kinesin binding,1.0,1.0,False,0,120,11,6000,0.0,0.0018333333333333333,0.0,,
random_control_2,MF,GO:0019899,enzyme binding,0.6918889751586763,1.0,False,11,120,612,6000,0.09166666666666666,0.102,0.8986928104575164,1213;1488;3654;5296;7320;8724;10636;23208;83871;113828;389658,10636;113828;1213;1488;23208;3654;389658;5296;7320;83871;8724
random_control_2,MF,GO:0019900,kinase binding,0.19829328058808748,1.0,False,7,120,238,6000,0.058333333333333334,0.03966666666666667,1.4705882352941175,1213;1488;3654;5296;10636;113828;389658,10636;113828;1213;1488;3654;389658;5296
random_control_2,MF,GO:0019901,protein kinase binding,0.13838685262106457,1.0,False,7,120,215,6000,0.058333333333333334,0.035833333333333335,1.627906976744186,1213;1488;3654;5296;10636;113828;389658,10636;113828;1213;1488;3654;389658;5296
random_control_2,MF,GO:0019902,phosphatase binding,0.345753756832258,1.0,False,2,120,61,6000,0.016666666666666666,0.010166666666666666,1.639344262295082,5296;8724,5296;8724
random_control_2,MF,GO:0019903,protein phosphatase binding,0.2641953639869182,1.0,False,2,120,50,6000,0.016666666666666666,0.008333333333333333,2.0,5296;8724,5296;8724
random_control_2,MF,GO:0019904,protein domain specific binding,0.5095700362054987,1.0,False,4,120,185,6000,0.03333333333333333,0.030833333333333334,1.0810810810810811,648;1182;1213;3221,1182;1213;3221;648
random_control_2,MF,GO:0019905,syntaxin binding,1.0,1.0,False,0,120,11,6000,0.0,0.0018333333333333333,0.0,,
random_control_2,MF,GO:0019914,cyclin-dependent protein kinase regulator activity,1.0,1.0,False,0,120,13,6000,0.0,0.0021666666666666666,0.0,,
random_control_2,MF,GO:0019955,cytokine binding,1.0,1.0,False,0,120,55,6000,0.0,0.009166666666666667,0.0,,
random_control_2,MF,GO:0019956,chemokine binding,1.0,1.0,False,0,120,15,6000,0.0,0.0025,0.0,,
random_control_2,MF,GO:0019957,C-C chemokine binding,1.0,1.0,False,0,120,11,6000,0.0,0.0018333333333333333,0.0,,
random_control_2,MF,GO:0020037,heme binding,0.6298898327348624,1.0,False,1,120,49,6000,0.008333333333333333,0.008166666666666666,1.0204081632653061,4151,4151
random_control_2,MF,GO:0022803,passive transmembrane transporter activity,0.19459980055833775,1.0,False,5,120,154,6000,0.041666666666666664,0.025666666666666667,1.6233766233766231,343;727;1182;3745;4508,1182;343;3745;4508;727
random_control_2,MF,GO:0022804,active transmembrane transporter activity,0.48981699974367005,1.0,False,3,120,131,6000,0.025,0.021833333333333333,1.1450381679389314,1182;51606;283375,1182;283375;51606
random_control_2,MF,GO:0022824,transmitter-gated monoatomic ion channel activity,1.0,1.0,False,0,120,14,6000,0.0,0.0023333333333333335,0.0,,
random_control_2,MF,GO:0022829,wide pore channel activity,0.27649816154596496,1.0,False,1,120,16,6000,0.008333333333333333,0.0026666666666666666,3.125,727,727
random_control_2,MF,GO:0022832,voltage-gated channel activity,0.345753756832258,1.0,False,2,120,61,6000,0.016666666666666666,0.010166666666666666,1.639344262295082,1182;3745,1182;3745
random_control_2,MF,GO:0022834,ligand-gated channel activity,1.0,1.0,False,0,120,52,6000,0.0,0.008666666666666666,0.0,,
random_control_2,MF,GO:0022835,transmitter-gated channel activity,1.0,1.0,False,0,120,14,6000,0.0,0.0023333333333333335,0.0,,
random_control_2,MF,GO:0022836,gated channel activity,0.5650599093291517,1.0,False,2,120,94,6000,0.016666666666666666,0.015666666666666666,1.0638297872340425,1182;3745,1182;3745
random_control_2,MF,GO:0022843,voltage-gated monoatomic cation channel activity,0.5984832752739089,1.0,False,1,120,45,6000,0.008333333333333333,0.0075,1.1111111111111112,3745,3745
random_control_2,MF,GO:0022853,active monoatomic ion transmembrane transporter activity,0.5370351507111182,1.0,False,1,120,38,6000,0.008333333333333333,0.006333333333333333,1.3157894736842106,51606,51606
random_control_2,MF,GO:0022857,transmembrane transporter activity,0.04710075185596011,1.0,False,12,120,351,6000,0.1,0.0585,1.7094017094017093,343;727;1182;3745;4508;7991;51606;84275;93109;148641;283375;347411,1182;148641;283375;343;347411;3745;4508;51606;727;7991;84275;93109
random_control_2,MF,GO:0022884,macromolecule transmembrane transporter activity,1.0,1.0,False,0,120,10,6000,0.0,0.0016666666666666668,0.0,,
random_control_2,MF,GO:0023023,MHC protein complex binding,1.0,1.0,False,0,120,16,6000,0.0,0.0026666666666666666,0.0,,
random_control_2,MF,GO:0023026,MHC class II protein complex binding,1.0,1.0,False,0,120,14,6000,0.0,0.0023333333333333335,0.0,,
random_control_2,MF,GO:0030145,manganese ion binding,0.4553248564627744,1.0,False,1,120,30,6000,0.008333333333333333,0.005,1.6666666666666665,6787,6787
random_control_2,MF,GO:0030159,signaling receptor complex adaptor activity,0.24659164652108712,1.0,False,1,120,14,6000,0.008333333333333333,0.0023333333333333335,3.571428571428571,10636,10636
random_control_2,MF,GO:0030165,PDZ domain binding,0.4441539425635324,1.0,False,1,120,29,6000,0.008333333333333333,0.004833333333333334,1.7241379310344827,1182,1182
random_control_2,MF,GO:0030170,pyridoxal phosphate binding,1.0,1.0,False,0,120,15,6000,0.0,0.0025,0.0,,
random_control_2,MF,GO:0030215,semaphorin receptor binding,1.0,1.0,False,0,120,10,6000,0.0,0.0016666666666666668,0.0,,
random_control_2,MF,GO:0030234,enzyme regulator activity,0.4655671931861193,1.0,False,9,120,420,6000,0.075,0.07,1.0714285714285714,648;727;5296;6176;10636;51606;353267;389658;414189,10636;353267;389658;414189;51606;5296;6176;648;727
random_control_2,MF,GO:0030246,carbohydrate binding,0.6855774707694965,1.0,False,1,120,57,6000,0.008333333333333333,0.0095,0.8771929824561404,81562,81562
random_control_2,MF,GO:0030247,polysaccharide binding,1.0,1.0,False,0,120,13,6000,0.0,0.0021666666666666666,0.0,,
random_control_2,MF,GO:0030276,clathrin binding,0.022967208340582274,1.0,False,2,120,12,6000,0.016666666666666666,0.002,8.333333333333334,1213;6861,1213;6861
random_control_2,MF,GO:0030280,structural constituent of skin epidermis,1.0,1.0,False,0,120,19,6000,0.0,0.0031666666666666666,0.0,,
random_control_2,MF,GO:0030291,protein serine/threonine kinase inhibitor activity,1.0,1.0,False,0,120,15,6000,0.0,0.0025,0.0,,
random_control_2,MF,GO:0030295,protein kinase activator activity,0.19748770406178495,1.0,False,2,120,41,6000,0.016666666666666666,0.006833333333333334,2.4390243902439024,6176;389658,389658;6176
random_control_2,MF,GO:0030296,protein tyrosine kinase activator activity,0.2154596450610039,1.0,False,1,120,12,6000,0.008333333333333333,0.002,4.166666666666667,389658,389658
random_control_2,MF,GO:0030331,nuclear estrogen receptor binding,0.1994186086676354,1.0,False,1,120,11,6000,0.008333333333333333,0.0018333333333333333,4.545454545454546,55062,55062
random_control_2,MF,GO:0030371,translation repressor activity,1.0,1.0,False,0,120,10,6000,0.0,0.0016666666666666668,0.0,,
random_control_2,MF,GO:0030414,peptidase inhibitor activity,0.6065742923968529,1.0,False,1,120,46,6000,0.008333333333333333,0.007666666666666666,1.0869565217391304,727,727
random_control_2,MF,GO:0030527,structural constituent of chromatin,1.0,1.0,False,0,120,25,6000,0.0,0.004166666666666667,0.0,,
random_control_2,MF,GO:0030544,Hsp70 protein binding,1.0,1.0,False,0,120,12,6000,0.0,0.002,0.0,,
random_control_2,MF,GO:0030545,signaling receptor regulator activity,0.5717883285650047,1.0,False,4,120,200,6000,0.03333333333333333,0.03333333333333333,1.0,727;4852;6364;389658,389658;4852;6364;727
random_control_2,MF,GO:0030546,signaling receptor activator activity,0.5265616609254321,1.0,False,4,120,189,6000,0.03333333333333333,0.0315,1.0582010582010581,727;4852;6364;389658,389658;4852;6364;727
random_control_2,MF,GO:0030551,cyclic nucleotide binding,1.0,1.0,False,0,120,10,6000,0.0,0.0016666666666666668,0.0,,
random_control_2,MF,GO:0030554,adenyl nucleotide binding,0.8855751645578518,1.0,False,5,120,380,6000,0.041666666666666664,0.06333333333333334,0.6578947368421052,1488;2356;2747;3654;6787,1488;2356;2747;3654;6787
random_control_2,MF,GO:0030594,neurotransmitter receptor activity,1.0,1.0,False,0,120,24,6000,0.0,0.004,0.0,,
random_control_2,MF,GO:0030674,protein-macromolecule adaptor activity,0.37029879109517344,1.0,False,7,120,293,6000,0.058333333333333334,0.04883333333333333,1.1945392491467577,3654;10146;10636;51720;55062;203062;219988,10146;10636;203062;219988;3654;51720;55062
random_control_2,MF,GO:0030695,GTPase regulator activity,0.7889136771540219,1.0,False,2,120,144,6000,0.016666666666666666,0.024,0.6944444444444444,10636;414189,10636;414189
random_control_2,MF,GO:0030971,receptor tyrosine kinase binding,0.11360980724587899,1.0,False,2,120,29,6000,0.016666666666666666,0.004833333333333334,3.4482758620689653,5296;389658,389658;5296
random_control_2,MF,GO:0031072,heat shock protein binding,0.48751910067913096,1.0,False,1,120,33,6000,0.008333333333333333,0.0055,1.5151515151515151,3654,3654
random_control_2,MF,GO:0031267,small GTPase binding,0.8226250443396159,1.0,False,1,120,85,6000,0.008333333333333333,0.014166666666666666,0.5882352941176471,83871,83871
random_control_2,MF,GO:0031369,translation initiation factor binding,0.18305237920257855,1.0,False,1,120,10,6000,0.008333333333333333,0.0016666666666666668,5.0,23208,23208
random_control_2,MF,GO:0031406,carboxylic acid binding,0.777819223557416,1.0,False,1,120,74,6000,0.008333333333333333,0.012333333333333333,0.6756756756756757,2747,2747
random_control_2,MF,GO:0031490,chromatin DNA binding,0.24927603063174908,1.0,False,2,120,48,6000,0.016666666666666666,0.008,2.0833333333333335,328;2146,2146;328
random_control_2,MF,GO:0031491,nucleosome binding,0.4327558689318889,1.0,False,1,120,28,6000,0.008333333333333333,0.004666666666666667,1.7857142857142856,2146,2146
random_control_2,MF,GO:0031492,nucleosomal DNA binding,1.0,1.0,False,0,120,19,6000,0.0,0.0031666666666666666,0.0,,
random_control_2,MF,GO:0031593,polyubiquitin modification-dependent protein binding,0.1994186086676354,1.0,False,1,120,11,6000,0.008333333333333333,0.0018333333333333333,4.545454545454546,51720,51720
random_control_2,MF,GO:0031625,ubiquitin protein ligase binding,0.38197239561614327,1.0,False,2,120,66,6000,0.016666666666666666,0.011,1.5151515151515151,7320;23208,23208;7320
random_control_2,MF,GO:0031683,G-protein beta/gamma-subunit complex binding,1.0,1.0,False,0,120,10,6000,0.0,0.0016666666666666668,0.0,,
random_control_2,MF,GO:0032182,ubiquitin-like protein binding,0.3721945741838406,1.0,False,1,120,23,6000,0.008333333333333333,0.003833333333333333,2.1739130434782608,51271,51271
random_control_2,MF,GO:0032266,phosphatidylinositol-3-phosphate binding,0.03964845483978493,1.0,False,2,120,16,6000,0.016666666666666666,0.0026666666666666666,6.25,8724;55062,55062;8724
random_control_2,MF,GO:0032451,demethylase activity,1.0,1.0,False,0,120,16,6000,0.0,0.0026666666666666666,0.0,,
random_control_2,MF,GO:0032452,histone demethylase activity,1.0,1.0,False,0,120,11,6000,0.0,0.0018333333333333333,0.0,,
random_control_2,MF,GO:0032553,ribonucleotide binding,0.692452723478607,1.0,False,8,120,452,6000,0.06666666666666667,0.07533333333333334,0.8849557522123893,2356;2747;3654;5911;6787;29083;83871;84617,2356;2747;29083;3654;5911;6787;83871;84617
random_control_2,MF,GO:0032555,purine ribonucleotide binding,0.6827455444770851,1.0,False,8,120,448,6000,0.06666666666666667,0.07466666666666667,0.8928571428571428,2356;2747;3654;5911;6787;29083;83871;84617,2356;2747;29083;3654;5911;6787;83871;84617
random_control_2,MF,GO:0032559,adenyl ribonucleotide binding,0.9302921152894773,1.0,False,4,120,354,6000,0.03333333333333333,0.059,0.5649717514124294,2356;2747;3654;6787,2356;2747;3654;6787
random_control_2,MF,GO:0032561,guanyl ribonucleotide binding,0.05110380752723645,1.0,False,5,120,101,6000,0.041666666666666664,0.016833333333333332,2.4752475247524752,2747;5911;29083;83871;84617,2747;29083;5911;83871;84617
random_control_2,MF,GO:0032813,tumor necrosis factor receptor superfamily binding,1.0,1.0,False,0,120,15,6000,0.0,0.0025,0.0,,
random_control_2,MF,GO:0032934,sterol binding,1.0,1.0,False,0,120,20,6000,0.0,0.0033333333333333335,0.0,,
random_control_2,MF,GO:0033293,monocarboxylic acid binding,1.0,1.0,False,0,120,28,6000,0.0,0.004666666666666667,0.0,,
random_control_2,MF,GO:0033612,receptor serine/threonine kinase binding,1.0,1.0,False,0,120,10,6000,0.0,0.0016666666666666668,0.0,,
random_control_2,MF,GO:0033764,"steroid dehydrogenase activity, acting on the CH-OH group of donors, NAD or NADP as acceptor",1.0,1.0,False,0,120,11,6000,0.0,0.0018333333333333333,0.0,,
random_control_2,MF,GO:0034061,DNA polymerase activity,1.0,1.0,False,0,120,11,6000,0.0,0.0018333333333333333,0.0,,
random_control_2,MF,GO:0034062,5'-3' RNA polymerase activity,1.0,1.0,False,0,120,12,6000,0.0,0.002,0.0,,
random_control_2,MF,GO:0034212,protein N-acetyltransferase activity,1.0,1.0,False,0,120,15,6000,0.0,0.0025,0.0,,
random_control_2,MF,GO:0035091,phosphatidylinositol binding,0.5079261327301264,1.0,False,1,120,35,6000,0.008333333333333333,0.005833333333333334,1.4285714285714284,8724,8724
random_control_2,MF,GO:0035198,miRNA binding,1.0,1.0,False,0,120,14,6000,0.0,0.0023333333333333335,0.0,,
random_control_2,MF,GO:0035250,UDP-galactosyltransferase activity,1.0,1.0,False,0,120,13,6000,0.0,0.0021666666666666666,0.0,,
random_control_2,MF,GO:0035254,glutamate receptor binding,1.0,1.0,False,0,120,14,6000,0.0,0.0023333333333333335,0.0,,
random_control_2,MF,GO:0035591,signaling adaptor activity,0.1901941296776577,1.0,False,2,120,40,6000,0.016666666666666666,0.006666666666666667,2.5,3654;10636,10636;3654
random_control_2,MF,GO:0035639,purine ribonucleoside triphosphate binding,0.6395040297027399,1.0,False,8,120,431,6000,0.06666666666666667,0.07183333333333333,0.9280742459396751,2356;2747;3654;5911;6787;29083;83871;84617,2356;2747;29083;3654;5911;6787;83871;84617
random_control_2,MF,GO:0035651,AP-3 adaptor complex binding,1.0,1.0,False,0,120,10,6000,0.0,0.0016666666666666668,0.0,,
random_control_2,MF,GO:0035925,mRNA 3'-UTR AU-rich region binding,1.0,1.0,False,0,120,11,6000,0.0,0.0018333333333333333,0.0,,
random_control_2,MF,GO:0036002,pre-mRNA binding,1.0,1.0,False,0,120,11,6000,0.0,0.0018333333333333333,0.0,,
random_control_2,MF,GO:0036094,small molecule binding,0.7309138792636665,1.0,False,23,120,1264,6000,0.19166666666666668,0.21066666666666667,0.9098101265822786,328;648;1488;2356;2747;3654;4151;5408;5911;6649;6787;6861;8724;9705;10398;23208;29083;55062;57674;57786;81562;83871;84617,10398;1488;23208;2356;2747;29083;328;3654;4151;5408;55062;57674;57786;5911;648;6649;6787;6861;81562;83871;84617;8724;9705
random_control_2,MF,GO:0038023,signaling receptor activity,0.10063232606816326,1.0,False,14,120,483,6000,0.11666666666666667,0.0805,1.4492753623188406,3061;4852;5729;7201;9499;26531;56413;79346;81341;81793;84868;119749;219956;401665,119749;219956;26531;3061;401665;4852;56413;5729;7201;79346;81341;81793;84868;9499
random_control_2,MF,GO:0038024,cargo receptor activity,1.0,1.0,False,0,120,23,6000,0.0,0.003833333333333333,0.0,,
random_control_2,MF,GO:0038187,pattern recognition receptor activity,1.0,1.0,False,0,120,13,6000,0.0,0.0021666666666666666,0.0,,
random_control_2,MF,GO:0042054,histone methyltransferase activity,0.3593341011387844,1.0,False,1,120,22,6000,0.008333333333333333,0.0036666666666666666,2.272727272727273,2146,2146
random_control_2,MF,GO:0042056,chemoattractant activity,1.0,1.0,False,0,120,18,6000,0.0,0.003,0.0,,
random_control_2,MF,GO:0042169,SH2 domain binding,1.0,1.0,False,0,120,12,6000,0.0,0.002,0.0,,
random_control_2,MF,GO:0042277,peptide binding,1.0,1.0,False,0,120,55,6000,0.0,0.009166666666666667,0.0,,
random_control_2,MF,GO:0042287,MHC protein binding,1.0,1.0,False,0,120,10,6000,0.0,0.0016666666666666668,0.0,,
random_control_2,MF,GO:0042379,chemokine receptor binding,0.10073801712896961,1.0,False,2,120,27,6000,0.016666666666666666,0.0045,3.7037037037037037,727;6364,6364;727
random_control_2,MF,GO:0042393,histone binding,0.271658516410346,1.0,False,2,120,51,6000,0.016666666666666666,0.0085,1.9607843137254901,2146;51720,2146;51720
random_control_2,MF,GO:0042562,hormone binding,0.397152433406183,1.0,False,1,120,25,6000,0.008333333333333333,0.004166666666666667,2.0,3061,3061
random_control_2,MF,GO:0042578,phosphoric ester hydrolase activity,0.8893945437829911,1.0,False,1,120,108,6000,0.008333333333333333,0.018,0.46296296296296297,328,328
random_control_2,MF,GO:0042605,peptide antigen binding,1.0,1.0,False,0,120,13,6000,0.0,0.0021666666666666666,0.0,,
random_control_2,MF,GO:0042626,ATPase-coupled transmembrane transporter activity,0.4553248564627744,1.0,False,1,120,30,6000,0.008333333333333333,0.005,1.6666666666666665,51606,51606
random_control_2,MF,GO:0042802,identical protein binding,0.9518340663044284,1.0,False,8,120,641,6000,0.06666666666666667,0.10683333333333334,0.62402496099844,1488;3654;4259;23208;81793;84376;130951;343069,130951;1488;23208;343069;3654;4259;81793;84376
random_control_2,MF,GO:0042803,protein homodimerization activity,0.9858240275808591,1.0,False,1,120,207,6000,0.008333333333333333,0.0345,0.24154589371980675,3654,3654
random_control_2,MF,GO:0042805,actinin binding,0.2154596450610039,1.0,False,1,120,12,6000,0.008333333333333333,0.002,4.166666666666667,9499,9499
random_control_2,MF,GO:0042826,histone deacetylase binding,1.0,1.0,False,0,120,42,6000,0.0,0.007,0.0,,
random_control_2,MF,GO:0043021,ribonucleoprotein complex binding,0.06701596897600118,1.0,False,3,120,47,6000,0.025,0.007833333333333333,3.191489361702128,2146;6176;10146,10146;2146;6176
random_control_2,MF,GO:0043022,ribosome binding,0.4327558689318889,1.0,False,1,120,28,6000,0.008333333333333333,0.004666666666666667,1.7857142857142856,10146,10146
random_control_2,MF,GO:0043130,ubiquitin binding,0.3593341011387844,1.0,False,1,120,22,6000,0.008333333333333333,0.0036666666666666666,2.272727272727273,51271,51271
random_control_2,MF,GO:0043167,ion binding,0.8465960830908623,1.0,False,20,120,1196,6000,0.16666666666666666,0.19933333333333333,0.8361204013377926,328;648;2356;2747;3654;5408;5911;6649;6787;6861;8724;9705;10398;23208;29083;55062;57674;57786;83871;84617,10398;23208;2356;2747;29083;328;3654;5408;55062;57674;57786;5911;648;6649;6787;6861;83871;84617;8724;9705
random_control_2,MF,GO:0043168,anion binding,0.7896329813446413,1.0,False,11,120,664,6000,0.09166666666666666,0.11066666666666666,0.8283132530120482,2356;2747;3654;5911;6787;6861;8724;29083;55062;83871;84617,2356;2747;29083;3654;55062;5911;6787;6861;83871;84617;8724
random_control_2,MF,GO:0043169,cation binding,0.5859413255513823,1.0,False,13,120,668,6000,0.10833333333333334,0.11133333333333334,0.9730538922155688,328;648;2747;5408;5911;6649;6787;6861;9705;10398;23208;57674;57786,10398;23208;2747;328;5408;57674;57786;5911;648;6649;6787;6861;9705
random_control_2,MF,GO:0043175,RNA polymerase core enzyme binding,1.0,1.0,False,0,120,19,6000,0.0,0.0031666666666666666,0.0,,
random_control_2,MF,GO:0043177,organic acid binding,0.7823183280415722,1.0,False,1,120,75,6000,0.008333333333333333,0.0125,0.6666666666666666,2747,2747
random_control_2,MF,GO:0043178,alcohol binding,1.0,1.0,False,0,120,26,6000,0.0,0.004333333333333333,0.0,,
random_control_2,MF,GO:0043394,proteoglycan binding,1.0,1.0,False,0,120,13,6000,0.0,0.0021666666666666666,0.0,,
random_control_2,MF,GO:0043425,bHLH transcription factor binding,1.0,1.0,False,0,120,10,6000,0.0,0.0016666666666666668,0.0,,
random_control_2,MF,GO:0043495,protein-membrane adaptor activity,1.0,1.0,False,0,120,17,6000,0.0,0.0028333333333333335,0.0,,
random_control_2,MF,GO:0043531,ADP binding,0.23118189666298758,1.0,False,1,120,13,6000,0.008333333333333333,0.0021666666666666666,3.8461538461538463,2747,2747
random_control_2,MF,GO:0043539,protein serine/threonine kinase activator activity,1.0,1.0,False,0,120,21,6000,0.0,0.0035,0.0,,
random_control_2,MF,GO:0043565,sequence-specific DNA binding,0.15765157985551542,1.0,False,13,120,478,6000,0.10833333333333334,0.07966666666666666,1.3598326359832638,328;2146;3221;4601;4776;7678;9705;10379;55762;57786;170958;284371;343930,10379;170958;2146;284371;3221;328;343930;4601;4776;55762;57786;7678;9705
random_control_2,MF,GO:0044183,protein folding chaperone,1.0,1.0,False,0,120,28,6000,0.0,0.004666666666666667,0.0,,
random_control_2,MF,GO:0044325,transmembrane transporter binding,0.6373529851582895,1.0,False,1,120,50,6000,0.008333333333333333,0.008333333333333333,1.0,3745,3745
random_control_2,MF,GO:0044389,ubiquitin-like protein ligase binding,0.41733182140815933,1.0,False,2,120,71,6000,0.016666666666666666,0.011833333333333333,1.4084507042253522,7320;23208,23208;7320
random_control_2,MF,GO:0044877,protein-containing complex binding,0.8799890577346835,1.0,False,5,120,376,6000,0.041666666666666664,0.06266666666666666,0.6648936170212766,1488;2146;6176;8724;10146,10146;1488;2146;6176;8724
random_control_2,MF,GO:0045182,translation regulator activity,1.0,1.0,False,0,120,19,6000,0.0,0.0031666666666666666,0.0,,
random_control_2,MF,GO:0045296,cadherin binding,0.8262235218847124,1.0,False,1,120,86,6000,0.008333333333333333,0.014333333333333333,0.5813953488372093,7082,7082
random_control_2,MF,GO:0045309,protein phosphorylated amino acid binding,0.3847989996645063,1.0,False,1,120,24,6000,0.008333333333333333,0.004,2.0833333333333335,5296,5296
random_control_2,MF,GO:0045499,chemorepellent activity,1.0,1.0,False,0,120,11,6000,0.0,0.0018333333333333333,0.0,,
random_control_2,MF,GO:0045505,dynein intermediate chain binding,0.2616950548768287,1.0,False,1,120,15,6000,0.008333333333333333,0.0025,3.333333333333333,84376,84376
random_control_2,MF,GO:0046332,SMAD binding,1.0,1.0,False,0,120,24,6000,0.0,0.004,0.0,,
random_control_2,MF,GO:0046872,metal ion binding,0.6141031031185796,1.0,False,12,120,629,6000,0.1,0.10483333333333333,0.9538950715421304,328;648;5408;5911;6649;6787;6861;9705;10398;23208;57674;57786,10398;23208;328;5408;57674;57786;5911;648;6649;6787;6861;9705
random_control_2,MF,GO:0046873,metal ion transmembrane transporter activity,0.5199731999849222,1.0,False,3,120,137,6000,0.025,0.022833333333333334,1.094890510948905,3745;7991;283375,283375;3745;7991
random_control_2,MF,GO:0046875,ephrin receptor binding,1.0,1.0,False,0,120,10,6000,0.0,0.0016666666666666668,0.0,,
random_control_2,MF,GO:0046906,tetrapyrrole binding,0.6446668745332489,1.0,False,1,120,51,6000,0.008333333333333333,0.0085,0.9803921568627451,4151,4151
random_control_2,MF,GO:0046914,transition metal ion binding,0.8304416560554397,1.0,False,5,120,346,6000,0.041666666666666664,0.057666666666666665,0.7225433526011561,648;6649;6787;9705;57786,57786;648;6649;6787;9705
random_control_2,MF,GO:0046915,transition metal ion transmembrane transporter activity,0.18305237920257855,1.0,False,1,120,10,6000,0.008333333333333333,0.0016666666666666668,5.0,283375,283375
random_control_2,MF,GO:0046943,carboxylic acid transmembrane transporter activity,0.33842504355868663,1.0,False,2,120,60,6000,0.016666666666666666,0.01,1.6666666666666665,93109;347411,347411;93109
random_control_2,MF,GO:0046966,nuclear thyroid hormone receptor binding,1.0,1.0,False,0,120,10,6000,0.0,0.0016666666666666668,0.0,,
random_control_2,MF,GO:0046982,protein heterodimerization activity,0.146808458218875,1.0,False,4,120,102,6000,0.03333333333333333,0.017,1.9607843137254901,3654;3745;5296;6861,3654;3745;5296;6861
random_control_2,MF,GO:0046983,protein dimerization activity,0.6271190434280989,1.0,False,6,120,321,6000,0.05,0.0535,0.9345794392523366,3654;3745;4601;5296;6861;343930,343930;3654;3745;4601;5296;6861
random_control_2,MF,GO:0048018,receptor ligand activity,0.5180996947166623,1.0,False,4,120,187,6000,0.03333333333333333,0.031166666666666665,1.0695187165775402,727;4852;6364;389658,389658;4852;6364;727
random_control_2,MF,GO:0048020,CCR chemokine receptor binding,0.3052270409204303,1.0,False,1,120,18,6000,0.008333333333333333,0.003,2.7777777777777777,6364,6364
random_control_2,MF,GO:0048029,monosaccharide binding,0.3847989996645063,1.0,False,1,120,24,6000,0.008333333333333333,0.004,2.0833333333333335,81562,81562
random_control_2,MF,GO:0048306,calcium-dependent protein binding,1.0,1.0,False,0,120,22,6000,0.0,0.0036666666666666666,0.0,,
random_control_2,MF,GO:0048487,beta-tubulin binding,0.23118189666298758,1.0,False,1,120,13,6000,0.008333333333333333,0.0021666666666666666,3.8461538461538463,23208,23208
random_control_2,MF,GO:0050431,transforming growth factor beta binding,1.0,1.0,False,0,120,12,6000,0.0,0.002,0.0,,
random_control_2,MF,GO:0050660,flavin adenine dinucleotide binding,1.0,1.0,False,0,120,24,6000,0.0,0.004,0.0,,
random_control_2,MF,GO:0050661,NADP binding,1.0,1.0,False,0,120,16,6000,0.0,0.0026666666666666666,0.0,,
random_control_2,MF,GO:0050699,WW domain binding,1.0,1.0,False,0,120,10,6000,0.0,0.0016666666666666668,0.0,,
random_control_2,MF,GO:0050839,cell adhesion molecule binding,0.9645199870570211,1.0,False,1,120,163,6000,0.008333333333333333,0.027166666666666665,0.3067484662576687,7082,7082
random_control_2,MF,GO:0050840,extracellular matrix binding,1.0,1.0,False,0,120,16,6000,0.0,0.0026666666666666666,0.0,,
random_control_2,MF,GO:0050997,quaternary ammonium group binding,1.0,1.0,False,0,120,11,6000,0.0,0.0018333333333333333,0.0,,
random_control_2,MF,GO:0051015,actin filament binding,1.0,1.0,False,0,120,51,6000,0.0,0.0085,0.0,,
random_control_2,MF,GO:0051018,protein kinase A binding,1.0,1.0,False,0,120,11,6000,0.0,0.0018333333333333333,0.0,,
random_control_2,MF,GO:0051020,GTPase binding,0.8555190058691542,1.0,False,1,120,95,6000,0.008333333333333333,0.015833333333333335,0.5263157894736842,83871,83871
random_control_2,MF,GO:0051059,NF-kappaB binding,1.0,1.0,False,0,120,13,6000,0.0,0.0021666666666666666,0.0,,
random_control_2,MF,GO:0051087,protein-folding chaperone binding,1.0,1.0,False,0,120,39,6000,0.0,0.0065,0.0,,
random_control_2,MF,GO:0051117,ATPase binding,1.0,1.0,False,0,120,19,6000,0.0,0.0031666666666666666,0.0,,
random_control_2,MF,GO:0051213,dioxygenase activity,0.4770030767532584,1.0,False,1,120,32,6000,0.008333333333333333,0.005333333333333333,1.5625,84842,84842
random_control_2,MF,GO:0051219,phosphoprotein binding,0.5178253555419259,1.0,False,1,120,36,6000,0.008333333333333333,0.006,1.3888888888888888,5296,5296
random_control_2,MF,GO:0051287,NAD binding,0.2154596450610039,1.0,False,1,120,12,6000,0.008333333333333333,0.002,4.166666666666667,1488,1488
random_control_2,MF,GO:0051393,alpha-actinin binding,0.18305237920257855,1.0,False,1,120,10,6000,0.008333333333333333,0.0016666666666666668,5.0,9499,9499
random_control_2,MF,GO:0051536,iron-sulfur cluster binding,1.0,1.0,False,0,120,10,6000,0.0,0.0016666666666666668,0.0,,
random_control_2,MF,GO:0051540,metal cluster binding,1.0,1.0,False,0,120,10,6000,0.0,0.0016666666666666668,0.0,,
random_control_2,MF,GO:0051861,glycolipid binding,1.0,1.0,False,0,120,10,6000,0.0,0.0016666666666666668,0.0,,
random_control_2,MF,GO:0051879,Hsp90 protein binding,1.0,1.0,False,0,120,12,6000,0.0,0.002,0.0,,
random_control_2,MF,GO:0051959,dynein light intermediate chain binding,0.2154596450610039,1.0,False,1,120,12,6000,0.008333333333333333,0.002,4.166666666666667,84376,84376
random_control_2,MF,GO:0052689,carboxylic ester hydrolase activity,0.271658516410346,1.0,False,2,120,51,6000,0.016666666666666666,0.0085,1.9607843137254901,5408;7941,5408;7941
random_control_2,MF,GO:0055106,ubiquitin-protein transferase regulator activity,0.2154596450610039,1.0,False,1,120,12,6000,0.008333333333333333,0.002,4.166666666666667,648,648
random_control_2,MF,GO:0060089,molecular transducer activity,0.10063232606816326,1.0,False,14,120,483,6000,0.11666666666666667,0.0805,1.4492753623188406,3061;4852;5729;7201;9499;26531;56413;79346;81341;81793;84868;119749;219956;401665,119749;219956;26531;3061;401665;4852;56413;5729;7201;79346;81341;81793;84868;9499
random_control_2,MF,GO:0060090,molecular adaptor activity,0.3671034615753912,1.0,False,8,120,339,6000,0.06666666666666667,0.0565,1.1799410029498525,3654;6649;10146;10636;51720;55062;203062;219988,10146;10636;203062;219988;3654;51720;55062;6649
random_control_2,MF,GO:0060589,nucleoside-triphosphatase regulator activity,0.8045896019627579,1.0,False,2,120,149,6000,0.016666666666666666,0.024833333333333332,0.6711409395973155,10636;414189,10636;414189
random_control_2,MF,GO:0061133,endopeptidase activator activity,1.0,1.0,False,0,120,11,6000,0.0,0.0018333333333333333,0.0,,
random_control_2,MF,GO:0061134,peptidase regulator activity,0.7488215426694528,1.0,False,1,120,68,6000,0.008333333333333333,0.011333333333333334,0.7352941176470588,727,727
random_control_2,MF,GO:0061135,endopeptidase regulator activity,0.6855774707694965,1.0,False,1,120,57,6000,0.008333333333333333,0.0095,0.8771929824561404,727,727
random_control_2,MF,GO:0061629,RNA polymerase II-specific DNA-binding transcription factor binding,0.9081046388094214,1.0,False,1,120,117,6000,0.008333333333333333,0.0195,0.42735042735042733,55062,55062
random_control_2,MF,GO:0061630,ubiquitin protein ligase activity,0.6608233801018408,1.0,False,2,120,112,6000,0.016666666666666666,0.018666666666666668,0.8928571428571428,10739;57674,10739;57674
random_control_2,MF,GO:0061659,ubiquitin-like protein ligase activity,0.6842651400037787,1.0,False,2,120,117,6000,0.016666666666666666,0.0195,0.8547008547008547,10739;57674,10739;57674
random_control_2,MF,GO:0061733,protein-lysine-acetyltransferase activity,1.0,1.0,False,0,120,13,6000,0.0,0.0021666666666666666,0.0,,
random_control_2,MF,GO:0061980,regulatory RNA binding,1.0,1.0,False,0,120,21,6000,0.0,0.0035,0.0,,
random_control_2,MF,GO:0070063,RNA polymerase binding,1.0,1.0,False,0,120,23,6000,0.0,0.003833333333333333,0.0,,
random_control_2,MF,GO:0070273,phosphatidylinositol-4-phosphate binding,0.27649816154596496,1.0,False,1,120,16,6000,0.008333333333333333,0.0026666666666666666,3.125,8724,8724
random_control_2,MF,GO:0070279,vitamin B6 binding,1.0,1.0,False,0,120,15,6000,0.0,0.0025,0.0,,
random_control_2,MF,GO:0070851,growth factor receptor binding,1.0,1.0,False,0,120,55,6000,0.0,0.009166666666666667,0.0,,
random_control_2,MF,GO:0070888,E-box binding,1.0,1.0,False,0,120,21,6000,0.0,0.0035,0.0,,
random_control_2,MF,GO:0071855,neuropeptide receptor binding,0.24659164652108712,1.0,False,1,120,14,6000,0.008333333333333333,0.0023333333333333335,3.571428571428571,4852,4852
random_control_2,MF,GO:0071949,FAD binding,1.0,1.0,False,0,120,14,6000,0.0,0.0023333333333333335,0.0,,
random_control_2,MF,GO:0072341,modified amino acid binding,0.4553248564627744,1.0,False,1,120,30,6000,0.008333333333333333,0.005,1.6666666666666665,6861,6861
random_control_2,MF,GO:0072349,modified amino acid transmembrane transporter activity,1.0,1.0,False,0,120,14,6000,0.0,0.0023333333333333335,0.0,,
random_control_2,MF,GO:0080025,"phosphatidylinositol-3,5-bisphosphate binding",0.019390084552009995,1.0,False,2,120,11,6000,0.016666666666666666,0.0018333333333333333,9.090909090909092,8724;55062,55062;8724
random_control_2,MF,GO:0090482,vitamin transmembrane transporter activity,1.0,1.0,False,0,120,12,6000,0.0,0.002,0.0,,
random_control_2,MF,GO:0097110,scaffold protein binding,1.0,1.0,False,0,120,23,6000,0.0,0.003833333333333333,0.0,,
random_control_2,MF,GO:0097367,carbohydrate derivative binding,0.7608926291729657,1.0,False,9,120,538,6000,0.075,0.08966666666666667,0.8364312267657992,2356;2747;3654;5692;5911;6787;29083;83871;84617,2356;2747;29083;3654;5692;5911;6787;83871;84617
random_control_2,MF,GO:0097747,RNA polymerase activity,1.0,1.0,False,0,120,12,6000,0.0,0.002,0.0,,
random_control_2,MF,GO:0098531,ligand-modulated transcription factor activity,1.0,1.0,False,0,120,19,6000,0.0,0.0031666666666666666,0.0,,
random_control_2,MF,GO:0098631,cell adhesion mediator activity,1.0,1.0,False,0,120,29,6000,0.0,0.004833333333333334,0.0,,
random_control_2,MF,GO:0098632,cell-cell adhesion mediator activity,1.0,1.0,False,0,120,15,6000,0.0,0.0025,0.0,,
random_control_2,MF,GO:0098772,molecular function regulator activity,0.405123475015104,1.0,False,16,120,738,6000,0.13333333333333333,0.123,1.084010840108401,648;727;3745;4852;5296;5911;6176;6364;6861;10636;23208;51606;83871;353267;389658;414189,10636;23208;353267;3745;389658;414189;4852;51606;5296;5911;6176;6364;648;6861;727;83871
random_control_2,MF,GO:0098918,structural constituent of synapse,1.0,1.0,False,0,120,11,6000,0.0,0.0018333333333333333,0.0,,
random_control_2,MF,GO:0099094,ligand-gated monoatomic cation channel activity,1.0,1.0,False,0,120,41,6000,0.0,0.006833333333333334,0.0,,
random_control_2,MF,GO:0099106,ion channel regulator activity,0.3163037585550991,1.0,False,2,120,57,6000,0.016666666666666666,0.0095,1.7543859649122808,3745;4852,3745;4852
random_control_2,MF,GO:0101005,deubiquitinase activity,1.0,1.0,False,0,120,24,6000,0.0,0.004,0.0,,
random_control_2,MF,GO:0106222,lncRNA binding,0.2154596450610039,1.0,False,1,120,12,6000,0.008333333333333333,0.002,4.166666666666667,2146,2146
random_control_2,MF,GO:0106310,protein serine kinase activity,0.6257167382937093,1.0,False,2,120,105,6000,0.016666666666666666,0.0175,0.9523809523809523,3654;6787,3654;6787
random_control_2,MF,GO:0120013,lipid transfer activity,0.3191643119150053,1.0,False,1,120,19,6000,0.008333333333333333,0.0031666666666666666,2.6315789473684212,23230,23230
random_control_2,MF,GO:0120014,phospholipid transfer activity,0.1994186086676354,1.0,False,1,120,11,6000,0.008333333333333333,0.0018333333333333333,4.545454545454546,23230,23230
random_control_2,MF,GO:0120283,protein serine/threonine kinase binding,1.0,1.0,False,0,120,10,6000,0.0,0.0016666666666666668,0.0,,
random_control_2,MF,GO:0120515,fatty acid-CoA ligase activity,1.0,1.0,False,0,120,10,6000,0.0,0.0016666666666666668,0.0,,
random_control_2,MF,GO:0120543,macromolecular conformation isomerase activity,0.768542547603652,1.0,False,1,120,72,6000,0.008333333333333333,0.012,0.6944444444444444,10146,10146
random_control_2,MF,GO:0120544,polypeptide conformation or assembly isomerase activity,1.0,1.0,False,0,120,33,6000,0.0,0.0055,0.0,,
random_control_2,MF,GO:0120545,nucleic acid conformation isomerase activity,0.5463534636790258,1.0,False,1,120,39,6000,0.008333333333333333,0.0065,1.2820512820512822,10146,10146
random_control_2,MF,GO:0120558,lysophospholipase A1 activity,1.0,1.0,False,0,120,11,6000,0.0,0.0018333333333333333,0.0,,
random_control_2,MF,GO:0120569,phospholipase activity,0.20481557990959964,1.0,False,2,120,42,6000,0.016666666666666666,0.007,2.380952380952381,5408;7941,5408;7941
random_control_2,MF,GO:0140006,histone H3 reader activity,1.0,1.0,False,0,120,18,6000,0.0,0.003,0.0,,
random_control_2,MF,GO:0140030,modification-dependent protein binding,0.3191643119150053,1.0,False,1,120,19,6000,0.008333333333333333,0.0031666666666666666,2.6315789473684212,51720,51720
random_control_2,MF,GO:0140035,ubiquitin-like protein reader activity,0.2154596450610039,1.0,False,1,120,12,6000,0.008333333333333333,0.002,4.166666666666667,51720,51720
random_control_2,MF,GO:0140036,ubiquitin-modified protein reader activity,0.1994186086676354,1.0,False,1,120,11,6000,0.008333333333333333,0.0018333333333333333,4.545454545454546,51720,51720
random_control_2,MF,GO:0140096,"catalytic activity, acting on a protein",0.9932894055825454,1.0,False,6,120,657,6000,0.05,0.1095,0.4566210045662101,2146;3654;6787;7320;10739;57674,10739;2146;3654;57674;6787;7320
random_control_2,MF,GO:0140097,"catalytic activity, acting on DNA",0.2148408617893925,1.0,False,3,120,80,6000,0.025,0.013333333333333334,1.875,328;10146;254528,10146;254528;328
random_control_2,MF,GO:0140098,"catalytic activity, acting on RNA",0.4847033205397823,1.0,False,3,120,130,6000,0.025,0.021666666666666667,1.153846153846154,328;10146;54888,10146;328;54888
random_control_2,MF,GO:0140101,"catalytic activity, acting on a tRNA",0.5463534636790258,1.0,False,1,120,39,6000,0.008333333333333333,0.0065,1.2820512820512822,54888,54888
random_control_2,MF,GO:0140102,"catalytic activity, acting on a rRNA",0.24659164652108712,1.0,False,1,120,14,6000,0.008333333333333333,0.0023333333333333335,3.571428571428571,54888,54888
random_control_2,MF,GO:0140104,molecular carrier activity,0.2359992877266854,1.0,False,3,120,84,6000,0.025,0.014,1.7857142857142858,4151;23230;400499,23230;400499;4151
random_control_2,MF,GO:0140110,transcription regulator activity,0.2471221561841424,1.0,False,14,120,570,6000,0.11666666666666667,0.095,1.2280701754385965,328;1488;2146;3221;4601;4776;7678;9442;9705;10379;55762;57786;170958;343930,10379;1488;170958;2146;3221;328;343930;4601;4776;55762;57786;7678;9442;9705
random_control_2,MF,GO:0140186,protein N-acyltransferase activity,1.0,1.0,False,0,120,15,6000,0.0,0.0025,0.0,,
random_control_2,MF,GO:0140223,general transcription initiation factor activity,1.0,1.0,False,0,120,16,6000,0.0,0.0026666666666666666,0.0,,
random_control_2,MF,GO:0140296,general transcription initiation factor binding,1.0,1.0,False,0,120,16,6000,0.0,0.0026666666666666666,0.0,,
random_control_2,MF,GO:0140297,DNA-binding transcription factor binding,0.8045896019627579,1.0,False,2,120,149,6000,0.016666666666666666,0.024833333333333332,0.6711409395973155,1488;55062,1488;55062
random_control_2,MF,GO:0140299,molecular sensor activity,0.0706571984261017,1.0,False,2,120,22,6000,0.016666666666666666,0.0036666666666666666,4.545454545454546,6861;23208,23208;6861
random_control_2,MF,GO:0140303,intramembrane lipid carrier activity,1.0,1.0,False,0,120,17,6000,0.0,0.0028333333333333335,0.0,,
random_control_2,MF,GO:0140311,protein sequestering activity,1.0,1.0,False,0,120,22,6000,0.0,0.0036666666666666666,0.0,,
random_control_2,MF,GO:0140312,cargo adaptor activity,1.0,1.0,False,0,120,11,6000,0.0,0.0018333333333333333,0.0,,
random_control_2,MF,GO:0140313,molecular sequestering activity,1.0,1.0,False,0,120,36,6000,0.0,0.006,0.0,,
random_control_2,MF,GO:0140322,A1-type glycerophospholipase activity,0.3191643119150053,1.0,False,1,120,19,6000,0.008333333333333333,0.0031666666666666666,2.6315789473684212,5408,5408
random_control_2,MF,GO:0140359,ABC-type transporter activity,1.0,1.0,False,0,120,13,6000,0.0,0.0021666666666666666,0.0,,
random_control_2,MF,GO:0140375,immune receptor activity,1.0,1.0,False,0,120,58,6000,0.0,0.009666666666666667,0.0,,
random_control_2,MF,GO:0140416,transcription regulator inhibitor activity,1.0,1.0,False,0,120,15,6000,0.0,0.0025,0.0,,
random_control_2,MF,GO:0140457,protein demethylase activity,1.0,1.0,False,0,120,11,6000,0.0,0.0018333333333333333,0.0,,
random_control_2,MF,GO:0140463,chromatin-protein adaptor activity,0.5275270586497346,1.0,False,1,120,37,6000,0.008333333333333333,0.006166666666666667,1.3513513513513513,51720,51720
random_control_2,MF,GO:0140517,protein-RNA adaptor activity,1.0,1.0,False,0,120,12,6000,0.0,0.002,0.0,,
random_control_2,MF,GO:0140522,fusogenic activity,0.2154596450610039,1.0,False,1,120,12,6000,0.008333333333333333,0.002,4.166666666666667,203062,203062
random_control_2,MF,GO:0140566,histone reader activity,0.4327558689318889,1.0,False,1,120,28,6000,0.008333333333333333,0.004666666666666667,1.7857142857142856,51720,51720
random_control_2,MF,GO:0140597,protein carrier activity,1.0,1.0,False,0,120,20,6000,0.0,0.0033333333333333335,0.0,,
random_control_2,MF,GO:0140640,"catalytic activity, acting on a nucleic acid",0.5757823016189334,1.0,False,4,120,201,6000,0.03333333333333333,0.0335,0.9950248756218905,328;10146;54888;254528,10146;254528;328;54888
random_control_2,MF,GO:0140657,ATP-dependent activity,0.6468287956203818,1.0,False,3,120,165,6000,0.025,0.0275,0.9090909090909092,10146;51606;57674,10146;51606;57674
random_control_2,MF,GO:0140658,ATP-dependent chromatin remodeler activity,1.0,1.0,False,0,120,10,6000,0.0,0.0016666666666666668,0.0,,
random_control_2,MF,GO:0140677,molecular function activator activity,0.36077518883765375,1.0,False,9,120,384,6000,0.075,0.064,1.171875,648;727;4852;6176;6364;10636;353267;389658;414189,10636;353267;389658;414189;4852;6176;6364;648;727
random_control_2,MF,GO:0140678,molecular function inhibitor activity,0.9729241397472612,1.0,False,1,120,176,6000,0.008333333333333333,0.029333333333333333,0.2840909090909091,727,727
random_control_2,MF,GO:0140693,molecular condensate scaffold activity,0.23118189666298758,1.0,False,1,120,13,6000,0.008333333333333333,0.0021666666666666666,3.8461538461538463,10146,10146
random_control_2,MF,GO:0140767,enzyme-substrate adaptor activity,1.0,1.0,False,0,120,60,6000,0.0,0.01,0.0,,
random_control_2,MF,GO:0140828,metal cation:monoatomic cation antiporter activity,1.0,1.0,False,0,120,13,6000,0.0,0.0021666666666666666,0.0,,
random_control_2,MF,GO:0140938,histone H3 methyltransferase activity,0.24659164652108712,1.0,False,1,120,14,6000,0.008333333333333333,0.0023333333333333335,3.571428571428571,2146,2146
random_control_2,MF,GO:0140993,histone modifying activity,0.7218126275544963,1.0,False,1,120,63,6000,0.008333333333333333,0.0105,0.7936507936507936,2146,2146
random_control_2,MF,GO:0141052,histone H3 demethylase activity,1.0,1.0,False,0,120,10,6000,0.0,0.0016666666666666668,0.0,,
random_control_2,MF,GO:0141108,transporter regulator activity,0.3747912063033416,1.0,False,2,120,65,6000,0.016666666666666666,0.010833333333333334,1.5384615384615383,3745;4852,3745;4852
random_control_2,MF,GO:0141110,transporter inhibitor activity,1.0,1.0,False,0,120,20,6000,0.0,0.0033333333333333335,0.0,,
random_control_2,MF,GO:0160041,neuropeptide activity,0.2154596450610039,1.0,False,1,120,12,6000,0.008333333333333333,0.002,4.166666666666667,4852,4852
random_control_2,MF,GO:0160215,deacylase activity,1.0,1.0,False,0,120,18,6000,0.0,0.003,0.0,,
random_control_2,MF,GO:0170055,lipid transmembrane transporter activity,1.0,1.0,False,0,120,21,6000,0.0,0.0035,0.0,,
random_control_2,MF,GO:0180051,translation factor activity,1.0,1.0,False,0,120,26,6000,0.0,0.004333333333333333,0.0,,
random_control_2,MF,GO:1901265,nucleoside phosphate binding,0.7346979441117945,1.0,False,9,120,525,6000,0.075,0.0875,0.8571428571428572,1488;2356;2747;3654;5911;6787;29083;83871;84617,1488;2356;2747;29083;3654;5911;6787;83871;84617
random_control_2,MF,GO:1901363,heterocyclic compound binding,0.8010740804535884,1.0,False,9,120,560,6000,0.075,0.09333333333333334,0.8035714285714285,1488;2356;2747;3654;5911;6787;29083;83871;84617,1488;2356;2747;29083;3654;5911;6787;83871;84617
random_control_2,MF,GO:1901505,carbohydrate derivative transmembrane transporter activity,1.0,1.0,False,0,120,21,6000,0.0,0.0035,0.0,,
random_control_2,MF,GO:1901681,sulfur compound binding,1.0,1.0,False,0,120,62,6000,0.0,0.010333333333333333,0.0,,
random_control_2,MF,GO:1901682,sulfur compound transmembrane transporter activity,1.0,1.0,False,0,120,22,6000,0.0,0.0036666666666666666,0.0,,
random_control_2,MF,GO:1901981,phosphatidylinositol phosphate binding,0.10926690694844134,1.0,False,3,120,58,6000,0.025,0.009666666666666667,2.586206896551724,6861;8724;55062,55062;6861;8724
random_control_2,MF,GO:1902936,phosphatidylinositol bisphosphate binding,0.03961908674212129,1.0,False,3,120,38,6000,0.025,0.006333333333333333,3.947368421052632,6861;8724;55062,55062;6861;8724
random_control_2,MF,GO:1904315,transmitter-gated monoatomic ion channel activity involved in regulation of postsynaptic membrane potential,1.0,1.0,False,0,120,12,6000,0.0,0.002,0.0,,
random_control_2,MF,GO:1990756,ubiquitin-like ligase-substrate adaptor activity,1.0,1.0,False,0,120,49,6000,0.0,0.008166666666666666,0.0,,
random_control_2,MF,GO:1990782,protein tyrosine kinase binding,0.17572765237853247,1.0,False,2,120,38,6000,0.016666666666666666,0.006333333333333333,2.6315789473684212,5296;389658,389658;5296
random_control_2,MF,GO:1990837,sequence-specific double-stranded DNA binding,0.17365166476537414,1.0,False,12,120,443,6000,0.1,0.07383333333333333,1.3544018058690745,2146;3221;4601;4776;7678;9705;10379;55762;57786;170958;284371;343930,10379;170958;2146;284371;3221;343930;4601;4776;55762;57786;7678;9705
random_control_2,MF,GO:1990841,promoter-specific chromatin binding,0.023336072987299537,1.0,False,3,120,31,6000,0.025,0.005166666666666667,4.838709677419355,648;2146;7703,2146;648;7703
