list,source,GO_ID,description,p_value,p_adjust_BH,significant,Count,query_size,background_term_size,effective_background_size,GeneRatio,BgRatio,FoldEnrichment,overlap_entrez_ids,overlap_input_ids
random_control_1,BP,GO:0000018,regulation of DNA recombination,1.0,1.0,False,0,120,39,6000,0.0,0.0065,0.0,,
random_control_1,BP,GO:0000027,ribosomal large subunit assembly,1.0,1.0,False,0,120,12,6000,0.0,0.002,0.0,,
random_control_1,BP,GO:0000038,very long-chain fatty acid metabolic process,1.0,1.0,False,0,120,16,6000,0.0,0.0026666666666666666,0.0,,
random_control_1,BP,GO:0000041,transition metal ion transport,1.0,1.0,False,0,120,24,6000,0.0,0.004,0.0,,
random_control_1,BP,GO:0000045,autophagosome assembly,1.0,1.0,False,0,120,22,6000,0.0,0.0036666666666666666,0.0,,
random_control_1,BP,GO:0000070,mitotic sister chromatid segregation,0.5644357055502625,1.0,False,1,120,41,6000,0.008333333333333333,0.006833333333333334,1.2195121951219512,79884,79884
random_control_1,BP,GO:0000075,cell cycle checkpoint signaling,1.0,1.0,False,0,120,41,6000,0.0,0.006833333333333334,0.0,,
random_control_1,BP,GO:0000077,DNA damage checkpoint signaling,1.0,1.0,False,0,120,19,6000,0.0,0.0031666666666666666,0.0,,
random_control_1,BP,GO:0000079,regulation of cyclin-dependent protein serine/threonine kinase activity,1.0,1.0,False,0,120,11,6000,0.0,0.0018333333333333333,0.0,,
random_control_1,BP,GO:0000082,G1/S transition of mitotic cell cycle,1.0,1.0,False,0,120,22,6000,0.0,0.0036666666666666666,0.0,,
random_control_1,BP,GO:0000086,G2/M transition of mitotic cell cycle,1.0,1.0,False,0,120,15,6000,0.0,0.0025,0.0,,
random_control_1,BP,GO:0000122,negative regulation of transcription by RNA polymerase II,0.8734658834485544,1.0,False,4,120,309,6000,0.03333333333333333,0.0515,0.6472491909385113,948;4790;55657;80764,4790;55657;80764;948
random_control_1,BP,GO:0000132,establishment of mitotic spindle orientation,1.0,1.0,False,0,120,11,6000,0.0,0.0018333333333333333,0.0,,
random_control_1,BP,GO:0000154,rRNA modification,0.24659164652108712,1.0,False,1,120,14,6000,0.008333333333333333,0.0023333333333333335,3.571428571428571,221078,221078
random_control_1,BP,GO:0000165,MAPK cascade,0.5554857542944451,1.0,False,1,120,40,6000,0.008333333333333333,0.006666666666666667,1.25,4790,4790
random_control_1,BP,GO:0000209,protein polyubiquitination,0.43119565342273936,1.0,False,2,120,73,6000,0.016666666666666666,0.012166666666666666,1.3698630136986303,8405;57531,57531;8405
random_control_1,BP,GO:0000226,microtubule cytoskeleton organization,0.5443664921151318,1.0,False,3,120,142,6000,0.025,0.023666666666666666,1.0563380281690142,9475;25981;79884,25981;79884;9475
random_control_1,BP,GO:0000245,spliceosomal complex assembly,1.0,1.0,False,0,120,19,6000,0.0,0.0031666666666666666,0.0,,
random_control_1,BP,GO:0000278,mitotic cell cycle,0.8551751114088593,1.0,False,2,120,168,6000,0.016666666666666666,0.028,0.5952380952380952,9475;79884,79884;9475
random_control_1,BP,GO:0000280,nuclear division,0.8399076628600162,1.0,False,1,120,90,6000,0.008333333333333333,0.015,0.5555555555555556,79884,79884
random_control_1,BP,GO:0000281,mitotic cytokinesis,0.08229278812852872,1.0,False,2,120,24,6000,0.016666666666666666,0.004,4.166666666666667,9475;79884,79884;9475
random_control_1,BP,GO:0000288,"nuclear-transcribed mRNA catabolic process, deadenylation-dependent decay",1.0,1.0,False,0,120,11,6000,0.0,0.0018333333333333333,0.0,,
random_control_1,BP,GO:0000302,response to reactive oxygen species,1.0,1.0,False,0,120,42,6000,0.0,0.007,0.0,,
random_control_1,BP,GO:0000375,"RNA splicing, via transesterification reactions",1.0,1.0,False,0,120,71,6000,0.0,0.011833333333333333,0.0,,
random_control_1,BP,GO:0000377,"RNA splicing, via transesterification reactions with bulged adenosine as nucleophile",1.0,1.0,False,0,120,70,6000,0.0,0.011666666666666667,0.0,,
random_control_1,BP,GO:0000381,"regulation of alternative mRNA splicing, via spliceosome",0.27649816154596496,1.0,False,1,120,16,6000,0.008333333333333333,0.0026666666666666666,3.125,7073,7073
random_control_1,BP,GO:0000387,spliceosomal snRNP assembly,1.0,1.0,False,0,120,19,6000,0.0,0.0031666666666666666,0.0,,
random_control_1,BP,GO:0000393,spliceosomal conformational changes to generate catalytic conformation,1.0,1.0,False,0,120,10,6000,0.0,0.0016666666666666668,0.0,,
random_control_1,BP,GO:0000398,"mRNA splicing, via spliceosome",1.0,1.0,False,0,120,70,6000,0.0,0.011666666666666667,0.0,,
random_control_1,BP,GO:0000422,autophagy of mitochondrion,0.3593341011387844,1.0,False,1,120,22,6000,0.008333333333333333,0.0036666666666666666,2.272727272727273,1965,1965
random_control_1,BP,GO:0000423,mitophagy,0.3191643119150053,1.0,False,1,120,19,6000,0.008333333333333333,0.0031666666666666666,2.6315789473684212,1965,1965
random_control_1,BP,GO:0000460,maturation of 5.8S rRNA,1.0,1.0,False,0,120,13,6000,0.0,0.0021666666666666666,0.0,,
random_control_1,BP,GO:0000462,"maturation of SSU-rRNA from tricistronic rRNA transcript (SSU-rRNA, 5.8S rRNA, LSU-rRNA)",1.0,1.0,False,0,120,14,6000,0.0,0.0023333333333333335,0.0,,
random_control_1,BP,GO:0000466,"maturation of 5.8S rRNA from tricistronic rRNA transcript (SSU-rRNA, 5.8S rRNA, LSU-rRNA)",1.0,1.0,False,0,120,11,6000,0.0,0.0018333333333333333,0.0,,
random_control_1,BP,GO:0000479,"endonucleolytic cleavage of tricistronic rRNA transcript (SSU-rRNA, 5.8S rRNA, LSU-rRNA)",1.0,1.0,False,0,120,11,6000,0.0,0.0018333333333333333,0.0,,
random_control_1,BP,GO:0000578,embryonic axis specification,1.0,1.0,False,0,120,10,6000,0.0,0.0016666666666666668,0.0,,
random_control_1,BP,GO:0000723,telomere maintenance,0.46627310055397503,1.0,False,1,120,31,6000,0.008333333333333333,0.005166666666666667,1.6129032258064515,328,328
random_control_1,BP,GO:0000724,double-strand break repair via homologous recombination,1.0,1.0,False,0,120,34,6000,0.0,0.005666666666666667,0.0,,
random_control_1,BP,GO:0000725,recombinational repair,1.0,1.0,False,0,120,35,6000,0.0,0.005833333333333334,0.0,,
random_control_1,BP,GO:0000819,sister chromatid segregation,0.5732069281268636,1.0,False,1,120,42,6000,0.008333333333333333,0.007,1.1904761904761905,79884,79884
random_control_1,BP,GO:0000902,cell morphogenesis,0.384760015965428,1.0,False,4,120,157,6000,0.03333333333333333,0.026166666666666668,1.2738853503184713,2823;4352;4756;653269,2823;4352;4756;653269
random_control_1,BP,GO:0000910,cytokinesis,0.11360980724587899,1.0,False,2,120,29,6000,0.016666666666666666,0.004833333333333334,3.4482758620689653,9475;79884,79884;9475
random_control_1,BP,GO:0000956,nuclear-transcribed mRNA catabolic process,1.0,1.0,False,0,120,36,6000,0.0,0.006,0.0,,
random_control_1,BP,GO:0000959,mitochondrial RNA metabolic process,1.0,1.0,False,0,120,19,6000,0.0,0.0031666666666666666,0.0,,
random_control_1,BP,GO:0001101,response to acid chemical,0.5275270586497346,1.0,False,1,120,37,6000,0.008333333333333333,0.006166666666666667,1.3513513513513513,1965,1965
random_control_1,BP,GO:0001501,skeletal system development,0.8494643982192128,1.0,False,1,120,93,6000,0.008333333333333333,0.0155,0.5376344086021505,51360,51360
random_control_1,BP,GO:0001503,ossification,0.33842504355868663,1.0,False,2,120,60,6000,0.016666666666666666,0.01,1.6666666666666665,6238;9923,6238;9923
random_control_1,BP,GO:0001508,action potential,0.5178253555419259,1.0,False,1,120,36,6000,0.008333333333333333,0.006,1.3888888888888888,3759,3759
random_control_1,BP,GO:0001510,RNA methylation,0.021382955891129322,1.0,False,3,120,30,6000,0.025,0.005,5.0,56257;221078;353267,221078;353267;56257
random_control_1,BP,GO:0001523,retinoid metabolic process,1.0,1.0,False,0,120,25,6000,0.0,0.004166666666666667,0.0,,
random_control_1,BP,GO:0001525,angiogenesis,0.3163037585550991,1.0,False,2,120,57,6000,0.016666666666666666,0.0095,1.7543859649122808,7057;51752,51752;7057
random_control_1,BP,GO:0001539,cilium or flagellum-dependent cell motility,0.38197239561614327,1.0,False,2,120,66,6000,0.016666666666666666,0.011,1.5151515151515151,25981;161142,161142;25981
random_control_1,BP,GO:0001541,ovarian follicle development,1.0,1.0,False,0,120,10,6000,0.0,0.0016666666666666668,0.0,,
random_control_1,BP,GO:0001558,regulation of cell growth,0.8696194634239103,1.0,False,1,120,100,6000,0.008333333333333333,0.016666666666666666,0.5,3484,3484
random_control_1,BP,GO:0001568,blood vessel development,0.5352753386245839,1.0,False,2,120,89,6000,0.016666666666666666,0.014833333333333334,1.1235955056179774,7057;51752,51752;7057
random_control_1,BP,GO:0001570,vasculogenesis,1.0,1.0,False,0,120,12,6000,0.0,0.002,0.0,,
random_control_1,BP,GO:0001573,ganglioside metabolic process,1.0,1.0,False,0,120,10,6000,0.0,0.0016666666666666668,0.0,,
random_control_1,BP,GO:0001578,microtubule bundle formation,0.4770030767532584,1.0,False,1,120,32,6000,0.008333333333333333,0.005333333333333333,1.5625,25981,25981
random_control_1,BP,GO:0001580,detection of chemical stimulus involved in sensory perception of bitter taste,1.0,1.0,False,0,120,15,6000,0.0,0.0025,0.0,,
random_control_1,BP,GO:0001649,osteoblast differentiation,0.5644357055502625,1.0,False,1,120,41,6000,0.008333333333333333,0.006833333333333334,1.2195121951219512,6238,6238
random_control_1,BP,GO:0001654,eye development,0.45839332420414536,1.0,False,2,120,77,6000,0.016666666666666666,0.012833333333333334,1.2987012987012987,2301;2823,2301;2823
random_control_1,BP,GO:0001656,metanephros development,1.0,1.0,False,0,120,17,6000,0.0,0.0028333333333333335,0.0,,
random_control_1,BP,GO:0001657,ureteric bud development,1.0,1.0,False,0,120,19,6000,0.0,0.0031666666666666666,0.0,,
random_control_1,BP,GO:0001659,temperature homeostasis,1.0,1.0,False,0,120,11,6000,0.0,0.0018333333333333333,0.0,,
random_control_1,BP,GO:0001666,response to hypoxia,0.41733182140815933,1.0,False,2,120,71,6000,0.016666666666666666,0.011833333333333333,1.4084507042253522,4352;7057,4352;7057
random_control_1,BP,GO:0001667,ameboidal-type cell migration,1.0,1.0,False,0,120,17,6000,0.0,0.0028333333333333335,0.0,,
random_control_1,BP,GO:0001675,acrosome assembly,1.0,1.0,False,0,120,12,6000,0.0,0.002,0.0,,
random_control_1,BP,GO:0001676,long-chain fatty acid metabolic process,1.0,1.0,False,0,120,38,6000,0.0,0.006333333333333333,0.0,,
random_control_1,BP,GO:0001678,intracellular glucose homeostasis,1.0,1.0,False,0,120,28,6000,0.0,0.004666666666666667,0.0,,
random_control_1,BP,GO:0001701,in utero embryonic development,1.0,1.0,False,0,120,24,6000,0.0,0.004,0.0,,
random_control_1,BP,GO:0001704,formation of primary germ layer,1.0,1.0,False,0,120,19,6000,0.0,0.0031666666666666666,0.0,,
random_control_1,BP,GO:0001706,endoderm formation,1.0,1.0,False,0,120,14,6000,0.0,0.0023333333333333335,0.0,,
random_control_1,BP,GO:0001708,cell fate specification,1.0,1.0,False,0,120,16,6000,0.0,0.0026666666666666666,0.0,,
random_control_1,BP,GO:0001754,eye photoreceptor cell differentiation,1.0,1.0,False,0,120,10,6000,0.0,0.0016666666666666668,0.0,,
random_control_1,BP,GO:0001763,morphogenesis of a branching structure,1.0,1.0,False,0,120,20,6000,0.0,0.0033333333333333335,0.0,,
random_control_1,BP,GO:0001764,neuron migration,0.08831658986426864,1.0,False,2,120,25,6000,0.016666666666666666,0.004166666666666667,4.0,2823;4756,2823;4756
random_control_1,BP,GO:0001775,cell activation,0.9775534765322388,1.0,False,1,120,185,6000,0.008333333333333333,0.030833333333333334,0.2702702702702703,27347,27347
random_control_1,BP,GO:0001776,leukocyte homeostasis,0.397152433406183,1.0,False,1,120,25,6000,0.008333333333333333,0.004166666666666667,2.0,4352,4352
random_control_1,BP,GO:0001817,regulation of cytokine production,0.20394088733758026,1.0,False,7,120,240,6000,0.058333333333333334,0.04,1.4583333333333333,948;4790;5966;7057;9475;10623;26060,10623;26060;4790;5966;7057;9475;948
random_control_1,BP,GO:0001818,negative regulation of cytokine production,0.2629320056581393,1.0,False,3,120,89,6000,0.025,0.014833333333333334,1.6853932584269664,4790;5966;7057,4790;5966;7057
random_control_1,BP,GO:0001819,positive regulation of cytokine production,0.19459980055833775,1.0,False,5,120,154,6000,0.041666666666666664,0.025666666666666667,1.6233766233766231,948;7057;9475;10623;26060,10623;26060;7057;9475;948
random_control_1,BP,GO:0001822,kidney development,1.0,1.0,False,0,120,69,6000,0.0,0.0115,0.0,,
random_control_1,BP,GO:0001823,mesonephros development,1.0,1.0,False,0,120,21,6000,0.0,0.0035,0.0,,
random_control_1,BP,GO:0001837,epithelial to mesenchymal transition,0.4327558689318889,1.0,False,1,120,28,6000,0.008333333333333333,0.004666666666666667,1.7857142857142856,9475,9475
random_control_1,BP,GO:0001838,embryonic epithelial tube formation,1.0,1.0,False,0,120,13,6000,0.0,0.0021666666666666666,0.0,,
random_control_1,BP,GO:0001889,liver development,1.0,1.0,False,0,120,20,6000,0.0,0.0033333333333333335,0.0,,
random_control_1,BP,GO:0001890,placenta development,1.0,1.0,False,0,120,16,6000,0.0,0.0026666666666666666,0.0,,
random_control_1,BP,GO:0001894,tissue homeostasis,0.6724881482213413,1.0,False,1,120,55,6000,0.008333333333333333,0.009166666666666667,0.9090909090909091,27347,27347
random_control_1,BP,GO:0001895,retina homeostasis,1.0,1.0,False,0,120,17,6000,0.0,0.0028333333333333335,0.0,,
random_control_1,BP,GO:0001906,cell killing,1.0,1.0,False,0,120,41,6000,0.0,0.006833333333333334,0.0,,
random_control_1,BP,GO:0001909,leukocyte mediated cytotoxicity,1.0,1.0,False,0,120,15,6000,0.0,0.0025,0.0,,
random_control_1,BP,GO:0001910,regulation of leukocyte mediated cytotoxicity,1.0,1.0,False,0,120,27,6000,0.0,0.0045,0.0,,
random_control_1,BP,GO:0001912,positive regulation of leukocyte mediated cytotoxicity,1.0,1.0,False,0,120,18,6000,0.0,0.003,0.0,,
random_control_1,BP,GO:0001914,regulation of T cell mediated cytotoxicity,1.0,1.0,False,0,120,15,6000,0.0,0.0025,0.0,,
random_control_1,BP,GO:0001916,positive regulation of T cell mediated cytotoxicity,1.0,1.0,False,0,120,11,6000,0.0,0.0018333333333333333,0.0,,
random_control_1,BP,GO:0001932,regulation of protein phosphorylation,1.0,1.0,False,0,120,113,6000,0.0,0.018833333333333334,0.0,,
random_control_1,BP,GO:0001933,negative regulation of protein phosphorylation,1.0,1.0,False,0,120,31,6000,0.0,0.005166666666666667,0.0,,
random_control_1,BP,GO:0001934,positive regulation of protein phosphorylation,1.0,1.0,False,0,120,65,6000,0.0,0.010833333333333334,0.0,,
random_control_1,BP,GO:0001936,regulation of endothelial cell proliferation,0.16145333431713965,1.0,False,2,120,36,6000,0.016666666666666666,0.006,2.7777777777777777,1232;7057,1232;7057
random_control_1,BP,GO:0001937,negative regulation of endothelial cell proliferation,0.2154596450610039,1.0,False,1,120,12,6000,0.008333333333333333,0.002,4.166666666666667,7057,7057
random_control_1,BP,GO:0001938,positive regulation of endothelial cell proliferation,0.3847989996645063,1.0,False,1,120,24,6000,0.008333333333333333,0.004,2.0833333333333335,1232,1232
random_control_1,BP,GO:0001944,vasculature development,0.5650599093291517,1.0,False,2,120,94,6000,0.016666666666666666,0.015666666666666666,1.0638297872340425,7057;51752,51752;7057
random_control_1,BP,GO:0001952,regulation of cell-matrix adhesion,0.001870777020334978,1.0,False,4,120,27,6000,0.03333333333333333,0.0045,7.407407407407407,948;5328;7057;9475,5328;7057;9475;948
random_control_1,BP,GO:0001954,positive regulation of cell-matrix adhesion,0.23118189666298758,1.0,False,1,120,13,6000,0.008333333333333333,0.0021666666666666666,3.8461538461538463,948,948
random_control_1,BP,GO:0001959,regulation of cytokine-mediated signaling pathway,1.0,1.0,False,0,120,53,6000,0.0,0.008833333333333334,0.0,,
random_control_1,BP,GO:0001960,negative regulation of cytokine-mediated signaling pathway,1.0,1.0,False,0,120,27,6000,0.0,0.0045,0.0,,
random_control_1,BP,GO:0001961,positive regulation of cytokine-mediated signaling pathway,1.0,1.0,False,0,120,19,6000,0.0,0.0031666666666666666,0.0,,
random_control_1,BP,GO:0002009,morphogenesis of an epithelium,1.0,1.0,False,0,120,73,6000,0.0,0.012166666666666666,0.0,,
random_control_1,BP,GO:0002011,morphogenesis of an epithelial sheet,1.0,1.0,False,0,120,10,6000,0.0,0.0016666666666666668,0.0,,
random_control_1,BP,GO:0002027,regulation of heart rate,0.4553248564627744,1.0,False,1,120,30,6000,0.008333333333333333,0.005,1.6666666666666665,3759,3759
random_control_1,BP,GO:0002028,regulation of sodium ion transport,0.05435616301807822,1.0,False,2,120,19,6000,0.016666666666666666,0.0031666666666666666,5.2631578947368425,10768;27347,10768;27347
random_control_1,BP,GO:0002040,sprouting angiogenesis,0.3847989996645063,1.0,False,1,120,24,6000,0.008333333333333333,0.004,2.0833333333333335,7057,7057
random_control_1,BP,GO:0002042,cell migration involved in sprouting angiogenesis,1.0,1.0,False,0,120,12,6000,0.0,0.002,0.0,,
random_control_1,BP,GO:0002062,chondrocyte differentiation,1.0,1.0,False,0,120,11,6000,0.0,0.0018333333333333333,0.0,,
random_control_1,BP,GO:0002064,epithelial cell development,1.0,1.0,False,0,120,23,6000,0.0,0.003833333333333333,0.0,,
random_control_1,BP,GO:0002065,columnar/cuboidal epithelial cell differentiation,1.0,1.0,False,0,120,15,6000,0.0,0.0025,0.0,,
random_control_1,BP,GO:0002088,lens development in camera-type eye,0.23118189666298758,1.0,False,1,120,13,6000,0.008333333333333333,0.0021666666666666666,3.8461538461538463,2301,2301
random_control_1,BP,GO:0002090,regulation of receptor internalization,1.0,1.0,False,0,120,23,6000,0.0,0.003833333333333333,0.0,,
random_control_1,BP,GO:0002097,tRNA wobble base modification,1.0,1.0,False,0,120,10,6000,0.0,0.0016666666666666668,0.0,,
random_control_1,BP,GO:0002181,cytoplasmic translation,1.0,1.0,False,0,120,49,6000,0.0,0.008166666666666666,0.0,,
random_control_1,BP,GO:0002182,cytoplasmic translational elongation,1.0,1.0,False,0,120,11,6000,0.0,0.0018333333333333333,0.0,,
random_control_1,BP,GO:0002183,cytoplasmic translational initiation,1.0,1.0,False,0,120,13,6000,0.0,0.0021666666666666666,0.0,,
random_control_1,BP,GO:0002200,somatic diversification of immune receptors,1.0,1.0,False,0,120,12,6000,0.0,0.002,0.0,,
random_control_1,BP,GO:0002218,activation of innate immune response,1.0,1.0,False,0,120,53,6000,0.0,0.008833333333333334,0.0,,
random_control_1,BP,GO:0002220,innate immune response activating cell surface receptor signaling pathway,1.0,1.0,False,0,120,19,6000,0.0,0.0031666666666666666,0.0,,
random_control_1,BP,GO:0002221,pattern recognition receptor signaling pathway,1.0,1.0,False,0,120,39,6000,0.0,0.0065,0.0,,
random_control_1,BP,GO:0002224,toll-like receptor signaling pathway,1.0,1.0,False,0,120,16,6000,0.0,0.0026666666666666666,0.0,,
random_control_1,BP,GO:0002228,natural killer cell mediated immunity,1.0,1.0,False,0,120,13,6000,0.0,0.0021666666666666666,0.0,,
random_control_1,BP,GO:0002230,positive regulation of defense response to virus by host,1.0,1.0,False,0,120,10,6000,0.0,0.0016666666666666668,0.0,,
random_control_1,BP,GO:0002237,response to molecule of bacterial origin,0.5592126159328288,1.0,False,2,120,93,6000,0.016666666666666666,0.0155,1.075268817204301,948;4790,4790;948
random_control_1,BP,GO:0002250,adaptive immune response,0.6919262346105967,1.0,False,1,120,58,6000,0.008333333333333333,0.009666666666666667,0.8620689655172413,6891,6891
random_control_1,BP,GO:0002252,immune effector process,1.0,1.0,False,0,120,94,6000,0.0,0.015666666666666666,0.0,,
random_control_1,BP,GO:0002253,activation of immune response,0.8916472007324211,1.0,False,1,120,109,6000,0.008333333333333333,0.018166666666666668,0.4587155963302752,4790,4790
random_control_1,BP,GO:0002260,lymphocyte homeostasis,1.0,1.0,False,0,120,13,6000,0.0,0.0021666666666666666,0.0,,
random_control_1,BP,GO:0002262,myeloid cell homeostasis,0.18293925793062543,1.0,False,2,120,39,6000,0.016666666666666666,0.0065,2.5641025641025643,4352;8031,4352;8031
random_control_1,BP,GO:0002263,cell activation involved in immune response,1.0,1.0,False,0,120,53,6000,0.0,0.008833333333333334,0.0,,
random_control_1,BP,GO:0002274,myeloid leukocyte activation,0.4327558689318889,1.0,False,1,120,28,6000,0.008333333333333333,0.004666666666666667,1.7857142857142856,27347,27347
random_control_1,BP,GO:0002275,myeloid cell activation involved in immune response,1.0,1.0,False,0,120,13,6000,0.0,0.0021666666666666666,0.0,,
random_control_1,BP,GO:0002285,lymphocyte activation involved in immune response,1.0,1.0,False,0,120,41,6000,0.0,0.006833333333333334,0.0,,
random_control_1,BP,GO:0002286,T cell activation involved in immune response,1.0,1.0,False,0,120,27,6000,0.0,0.0045,0.0,,
random_control_1,BP,GO:0002287,alpha-beta T cell activation involved in immune response,1.0,1.0,False,0,120,15,6000,0.0,0.0025,0.0,,
random_control_1,BP,GO:0002292,T cell differentiation involved in immune response,1.0,1.0,False,0,120,15,6000,0.0,0.0025,0.0,,
random_control_1,BP,GO:0002312,B cell activation involved in immune response,1.0,1.0,False,0,120,18,6000,0.0,0.003,0.0,,
random_control_1,BP,GO:0002360,T cell lineage commitment,1.0,1.0,False,0,120,10,6000,0.0,0.0016666666666666668,0.0,,
random_control_1,BP,GO:0002366,leukocyte activation involved in immune response,1.0,1.0,False,0,120,52,6000,0.0,0.008666666666666666,0.0,,
random_control_1,BP,GO:0002376,immune system process,0.7666789076970498,1.0,False,9,120,541,6000,0.075,0.09016666666666667,0.831792975970425,1232;4352;4790;5966;6891;7057;8031;27347;51752,1232;27347;4352;4790;51752;5966;6891;7057;8031
random_control_1,BP,GO:0002377,immunoglobulin production,1.0,1.0,False,0,120,10,6000,0.0,0.0016666666666666668,0.0,,
random_control_1,BP,GO:0002396,MHC protein complex assembly,1.0,1.0,False,0,120,10,6000,0.0,0.0016666666666666668,0.0,,
random_control_1,BP,GO:0002429,immune response-activating cell surface receptor signaling pathway,0.7436363689416589,1.0,False,1,120,67,6000,0.008333333333333333,0.011166666666666667,0.7462686567164178,4790,4790
random_control_1,BP,GO:0002431,Fc receptor mediated stimulatory signaling pathway,1.0,1.0,False,0,120,10,6000,0.0,0.0016666666666666668,0.0,,
random_control_1,BP,GO:0002440,production of molecular mediator of immune response,1.0,1.0,False,0,120,10,6000,0.0,0.0016666666666666668,0.0,,
random_control_1,BP,GO:0002443,leukocyte mediated immunity,1.0,1.0,False,0,120,47,6000,0.0,0.007833333333333333,0.0,,
random_control_1,BP,GO:0002444,myeloid leukocyte mediated immunity,1.0,1.0,False,0,120,14,6000,0.0,0.0023333333333333335,0.0,,
random_control_1,BP,GO:0002449,lymphocyte mediated immunity,1.0,1.0,False,0,120,35,6000,0.0,0.005833333333333334,0.0,,
random_control_1,BP,GO:0002460,adaptive immune response based on somatic recombination of immune receptors built from immunoglobulin superfamily domains,1.0,1.0,False,0,120,40,6000,0.0,0.006666666666666667,0.0,,
random_control_1,BP,GO:0002474,antigen processing and presentation of peptide antigen via MHC class I,0.022967208340582274,1.0,False,2,120,12,6000,0.016666666666666666,0.002,8.333333333333334,6891;51752,51752;6891
random_control_1,BP,GO:0002478,antigen processing and presentation of exogenous peptide antigen,1.0,1.0,False,0,120,15,6000,0.0,0.0025,0.0,,
random_control_1,BP,GO:0002495,antigen processing and presentation of peptide antigen via MHC class II,1.0,1.0,False,0,120,12,6000,0.0,0.002,0.0,,
random_control_1,BP,GO:0002501,peptide antigen assembly with MHC protein complex,1.0,1.0,False,0,120,10,6000,0.0,0.0016666666666666668,0.0,,
random_control_1,BP,GO:0002504,antigen processing and presentation of peptide or polysaccharide antigen via MHC class II,1.0,1.0,False,0,120,12,6000,0.0,0.002,0.0,,
random_control_1,BP,GO:0002520,immune system development,1.0,1.0,False,0,120,27,6000,0.0,0.0045,0.0,,
random_control_1,BP,GO:0002521,leukocyte differentiation,0.8696194634239103,1.0,False,1,120,100,6000,0.008333333333333333,0.016666666666666666,0.5,147710,147710
random_control_1,BP,GO:0002526,acute inflammatory response,1.0,1.0,False,0,120,18,6000,0.0,0.003,0.0,,
random_control_1,BP,GO:0002548,monocyte chemotaxis,1.0,1.0,False,0,120,10,6000,0.0,0.0016666666666666668,0.0,,
random_control_1,BP,GO:0002562,somatic diversification of immune receptors via germline recombination within a single locus,1.0,1.0,False,0,120,10,6000,0.0,0.0016666666666666668,0.0,,
random_control_1,BP,GO:0002573,myeloid leukocyte differentiation,0.46627310055397503,1.0,False,1,120,31,6000,0.008333333333333333,0.005166666666666667,1.6129032258064515,147710,147710
random_control_1,BP,GO:0002637,regulation of immunoglobulin production,1.0,1.0,False,0,120,17,6000,0.0,0.0028333333333333335,0.0,,
random_control_1,BP,GO:0002639,positive regulation of immunoglobulin production,1.0,1.0,False,0,120,14,6000,0.0,0.0023333333333333335,0.0,,
random_control_1,BP,GO:0002673,regulation of acute inflammatory response,1.0,1.0,False,0,120,14,6000,0.0,0.0023333333333333335,0.0,,
random_control_1,BP,GO:0002682,regulation of immune system process,0.5781058320144505,1.0,False,9,120,460,6000,0.075,0.07666666666666666,0.9782608695652174,948;4352;4790;7057;10623;26060;27347;51752;55170,10623;26060;27347;4352;4790;51752;55170;7057;948
random_control_1,BP,GO:0002683,negative regulation of immune system process,0.8075991360906454,1.0,False,2,120,150,6000,0.016666666666666666,0.025,0.6666666666666666,7057;26060,26060;7057
random_control_1,BP,GO:0002684,positive regulation of immune system process,0.5533656407576975,1.0,False,6,120,298,6000,0.05,0.049666666666666665,1.0067114093959733,948;4352;4790;7057;10623;27347,10623;27347;4352;4790;7057;948
random_control_1,BP,GO:0002685,regulation of leukocyte migration,0.38197239561614327,1.0,False,2,120,66,6000,0.016666666666666666,0.011,1.5151515151515151,7057;27347,27347;7057
random_control_1,BP,GO:0002686,negative regulation of leukocyte migration,1.0,1.0,False,0,120,16,6000,0.0,0.0026666666666666666,0.0,,
random_control_1,BP,GO:0002687,positive regulation of leukocyte migration,0.22696334492420184,1.0,False,2,120,45,6000,0.016666666666666666,0.0075,2.2222222222222223,7057;27347,27347;7057
random_control_1,BP,GO:0002688,regulation of leukocyte chemotaxis,0.19748770406178495,1.0,False,2,120,41,6000,0.016666666666666666,0.006833333333333334,2.4390243902439024,7057;27347,27347;7057
random_control_1,BP,GO:0002690,positive regulation of leukocyte chemotaxis,0.14741111319620218,1.0,False,2,120,34,6000,0.016666666666666666,0.005666666666666667,2.941176470588235,7057;27347,27347;7057
random_control_1,BP,GO:0002691,regulation of cellular extravasation,1.0,1.0,False,0,120,11,6000,0.0,0.0018333333333333333,0.0,,
random_control_1,BP,GO:0002694,regulation of leukocyte activation,0.8953595067896151,1.0,False,2,120,188,6000,0.016666666666666666,0.03133333333333333,0.5319148936170213,4352;7057,4352;7057
random_control_1,BP,GO:0002695,negative regulation of leukocyte activation,1.0,1.0,False,0,120,58,6000,0.0,0.009666666666666667,0.0,,
random_control_1,BP,GO:0002696,positive regulation of leukocyte activation,0.6842651400037787,1.0,False,2,120,117,6000,0.016666666666666666,0.0195,0.8547008547008547,4352;7057,4352;7057
random_control_1,BP,GO:0002697,regulation of immune effector process,1.0,1.0,False,0,120,104,6000,0.0,0.017333333333333333,0.0,,
random_control_1,BP,GO:0002698,negative regulation of immune effector process,1.0,1.0,False,0,120,35,6000,0.0,0.005833333333333334,0.0,,
random_control_1,BP,GO:0002699,positive regulation of immune effector process,1.0,1.0,False,0,120,71,6000,0.0,0.011833333333333333,0.0,,
random_control_1,BP,GO:0002700,regulation of production of molecular mediator of immune response,1.0,1.0,False,0,120,42,6000,0.0,0.007,0.0,,
random_control_1,BP,GO:0002701,negative regulation of production of molecular mediator of immune response,1.0,1.0,False,0,120,10,6000,0.0,0.0016666666666666668,0.0,,
random_control_1,BP,GO:0002702,positive regulation of production of molecular mediator of immune response,1.0,1.0,False,0,120,32,6000,0.0,0.005333333333333333,0.0,,
random_control_1,BP,GO:0002703,regulation of leukocyte mediated immunity,1.0,1.0,False,0,120,68,6000,0.0,0.011333333333333334,0.0,,
random_control_1,BP,GO:0002704,negative regulation of leukocyte mediated immunity,1.0,1.0,False,0,120,22,6000,0.0,0.0036666666666666666,0.0,,
random_control_1,BP,GO:0002705,positive regulation of leukocyte mediated immunity,1.0,1.0,False,0,120,38,6000,0.0,0.006333333333333333,0.0,,
random_control_1,BP,GO:0002706,regulation of lymphocyte mediated immunity,1.0,1.0,False,0,120,57,6000,0.0,0.0095,0.0,,
random_control_1,BP,GO:0002707,negative regulation of lymphocyte mediated immunity,1.0,1.0,False,0,120,20,6000,0.0,0.0033333333333333335,0.0,,
random_control_1,BP,GO:0002708,positive regulation of lymphocyte mediated immunity,1.0,1.0,False,0,120,33,6000,0.0,0.0055,0.0,,
random_control_1,BP,GO:0002709,regulation of T cell mediated immunity,1.0,1.0,False,0,120,39,6000,0.0,0.0065,0.0,,
random_control_1,BP,GO:0002710,negative regulation of T cell mediated immunity,1.0,1.0,False,0,120,14,6000,0.0,0.0023333333333333335,0.0,,
random_control_1,BP,GO:0002711,positive regulation of T cell mediated immunity,1.0,1.0,False,0,120,22,6000,0.0,0.0036666666666666666,0.0,,
random_control_1,BP,GO:0002712,regulation of B cell mediated immunity,1.0,1.0,False,0,120,11,6000,0.0,0.0018333333333333333,0.0,,
random_control_1,BP,GO:0002715,regulation of natural killer cell mediated immunity,1.0,1.0,False,0,120,13,6000,0.0,0.0021666666666666666,0.0,,
random_control_1,BP,GO:0002718,regulation of cytokine production involved in immune response,1.0,1.0,False,0,120,29,6000,0.0,0.004833333333333334,0.0,,
random_control_1,BP,GO:0002720,positive regulation of cytokine production involved in immune response,1.0,1.0,False,0,120,22,6000,0.0,0.0036666666666666666,0.0,,
random_control_1,BP,GO:0002724,regulation of T cell cytokine production,1.0,1.0,False,0,120,15,6000,0.0,0.0025,0.0,,
random_control_1,BP,GO:0002726,positive regulation of T cell cytokine production,1.0,1.0,False,0,120,10,6000,0.0,0.0016666666666666668,0.0,,
random_control_1,BP,GO:0002752,cell surface pattern recognition receptor signaling pathway,1.0,1.0,False,0,120,14,6000,0.0,0.0023333333333333335,0.0,,
random_control_1,BP,GO:0002753,cytoplasmic pattern recognition receptor signaling pathway,1.0,1.0,False,0,120,22,6000,0.0,0.0036666666666666666,0.0,,
random_control_1,BP,GO:0002757,immune response-activating signaling pathway,0.8494643982192128,1.0,False,1,120,93,6000,0.008333333333333333,0.0155,0.5376344086021505,4790,4790
random_control_1,BP,GO:0002758,innate immune response-activating signaling pathway,1.0,1.0,False,0,120,45,6000,0.0,0.0075,0.0,,
random_control_1,BP,GO:0002761,regulation of myeloid leukocyte differentiation,1.0,1.0,False,0,120,28,6000,0.0,0.004666666666666667,0.0,,
random_control_1,BP,GO:0002762,negative regulation of myeloid leukocyte differentiation,1.0,1.0,False,0,120,13,6000,0.0,0.0021666666666666666,0.0,,
random_control_1,BP,GO:0002763,positive regulation of myeloid leukocyte differentiation,1.0,1.0,False,0,120,13,6000,0.0,0.0021666666666666666,0.0,,
random_control_1,BP,GO:0002764,immune response-regulating signaling pathway,0.884748977528497,1.0,False,1,120,106,6000,0.008333333333333333,0.017666666666666667,0.4716981132075471,4790,4790
random_control_1,BP,GO:0002768,immune response-regulating cell surface receptor signaling pathway,0.8034938931650345,1.0,False,1,120,80,6000,0.008333333333333333,0.013333333333333334,0.625,4790,4790
random_control_1,BP,GO:0002790,peptide secretion,1.0,1.0,False,0,120,11,6000,0.0,0.0018333333333333333,0.0,,
random_control_1,BP,GO:0002791,regulation of peptide secretion,1.0,1.0,False,0,120,56,6000,0.0,0.009333333333333334,0.0,,
random_control_1,BP,GO:0002792,negative regulation of peptide secretion,1.0,1.0,False,0,120,12,6000,0.0,0.002,0.0,,
random_control_1,BP,GO:0002793,positive regulation of peptide secretion,1.0,1.0,False,0,120,33,6000,0.0,0.0055,0.0,,
random_control_1,BP,GO:0002819,regulation of adaptive immune response,1.0,1.0,False,0,120,63,6000,0.0,0.0105,0.0,,
random_control_1,BP,GO:0002820,negative regulation of adaptive immune response,1.0,1.0,False,0,120,26,6000,0.0,0.004333333333333333,0.0,,
random_control_1,BP,GO:0002821,positive regulation of adaptive immune response,1.0,1.0,False,0,120,32,6000,0.0,0.005333333333333333,0.0,,
random_control_1,BP,GO:0002822,regulation of adaptive immune response based on somatic recombination of immune receptors built from immunoglobulin superfamily domains,1.0,1.0,False,0,120,59,6000,0.0,0.009833333333333333,0.0,,
random_control_1,BP,GO:0002823,negative regulation of adaptive immune response based on somatic recombination of immune receptors built from immunoglobulin superfamily domains,1.0,1.0,False,0,120,25,6000,0.0,0.004166666666666667,0.0,,
random_control_1,BP,GO:0002824,positive regulation of adaptive immune response based on somatic recombination of immune receptors built from immunoglobulin superfamily domains,1.0,1.0,False,0,120,30,6000,0.0,0.005,0.0,,
random_control_1,BP,GO:0002825,regulation of T-helper 1 type immune response,1.0,1.0,False,0,120,12,6000,0.0,0.002,0.0,,
random_control_1,BP,GO:0002828,regulation of type 2 immune response,1.0,1.0,False,0,120,14,6000,0.0,0.0023333333333333335,0.0,,
random_control_1,BP,GO:0002831,regulation of response to biotic stimulus,0.4166603118782207,1.0,False,4,120,164,6000,0.03333333333333333,0.027333333333333334,1.2195121951219512,948;10623;26060;51752,10623;26060;51752;948
random_control_1,BP,GO:0002832,negative regulation of response to biotic stimulus,1.0,1.0,False,0,120,40,6000,0.0,0.006666666666666667,0.0,,
random_control_1,BP,GO:0002833,positive regulation of response to biotic stimulus,0.5934656918198644,1.0,False,2,120,99,6000,0.016666666666666666,0.0165,1.01010101010101,948;10623,10623;948
random_control_1,BP,GO:0002834,regulation of response to tumor cell,1.0,1.0,False,0,120,11,6000,0.0,0.0018333333333333333,0.0,,
random_control_1,BP,GO:0002837,regulation of immune response to tumor cell,1.0,1.0,False,0,120,11,6000,0.0,0.0018333333333333333,0.0,,
random_control_1,BP,GO:0002889,regulation of immunoglobulin mediated immune response,1.0,1.0,False,0,120,11,6000,0.0,0.0018333333333333333,0.0,,
random_control_1,BP,GO:0002931,response to ischemia,0.04435853423451011,1.0,False,2,120,17,6000,0.016666666666666666,0.0028333333333333335,5.88235294117647,9475;29904,29904;9475
random_control_1,BP,GO:0003002,regionalization,1.0,1.0,False,0,120,65,6000,0.0,0.010833333333333334,0.0,,
random_control_1,BP,GO:0003006,developmental process involved in reproduction,0.8181823925831309,1.0,False,3,120,218,6000,0.025,0.036333333333333336,0.6880733944954128,8031;25981;401115,25981;401115;8031
random_control_1,BP,GO:0003007,heart morphogenesis,1.0,1.0,False,0,120,48,6000,0.0,0.008,0.0,,
random_control_1,BP,GO:0003008,system process,0.7429513682413426,1.0,False,9,120,529,6000,0.075,0.08816666666666667,0.8506616257088846,948;3759;8383;9475;9993;27347;51752;120586;391107,120586;27347;3759;391107;51752;8383;9475;948;9993
random_control_1,BP,GO:0003009,skeletal muscle contraction,1.0,1.0,False,0,120,12,6000,0.0,0.002,0.0,,
random_control_1,BP,GO:0003012,muscle system process,0.4848353415407648,1.0,False,2,120,81,6000,0.016666666666666666,0.0135,1.2345679012345678,3759;9475,3759;9475
random_control_1,BP,GO:0003013,circulatory system process,0.2979368142187478,1.0,False,4,120,138,6000,0.03333333333333333,0.023,1.4492753623188406,948;3759;9475;51752,3759;51752;9475;948
random_control_1,BP,GO:0003014,renal system process,0.5275270586497346,1.0,False,1,120,37,6000,0.008333333333333333,0.006166666666666667,1.3513513513513513,27347,27347
random_control_1,BP,GO:0003015,heart process,0.40925983223317164,1.0,False,1,120,26,6000,0.008333333333333333,0.004333333333333333,1.9230769230769231,3759,3759
random_control_1,BP,GO:0003018,vascular process in circulatory system,0.4848353415407648,1.0,False,2,120,81,6000,0.016666666666666666,0.0135,1.2345679012345678,948;9475,9475;948
random_control_1,BP,GO:0003044,regulation of systemic arterial blood pressure mediated by a chemical signal,1.0,1.0,False,0,120,10,6000,0.0,0.0016666666666666668,0.0,,
random_control_1,BP,GO:0003073,regulation of systemic arterial blood pressure,1.0,1.0,False,0,120,26,6000,0.0,0.004333333333333333,0.0,,
random_control_1,BP,GO:0003091,renal water homeostasis,1.0,1.0,False,0,120,10,6000,0.0,0.0016666666666666668,0.0,,
random_control_1,BP,GO:0003151,outflow tract morphogenesis,1.0,1.0,False,0,120,15,6000,0.0,0.0025,0.0,,
random_control_1,BP,GO:0003158,endothelium development,1.0,1.0,False,0,120,18,6000,0.0,0.003,0.0,,
random_control_1,BP,GO:0003170,heart valve development,0.27649816154596496,1.0,False,1,120,16,6000,0.008333333333333333,0.0026666666666666666,3.125,9475,9475
random_control_1,BP,GO:0003176,aortic valve development,0.1994186086676354,1.0,False,1,120,11,6000,0.008333333333333333,0.0018333333333333333,4.545454545454546,9475,9475
random_control_1,BP,GO:0003179,heart valve morphogenesis,0.24659164652108712,1.0,False,1,120,14,6000,0.008333333333333333,0.0023333333333333335,3.571428571428571,9475,9475
random_control_1,BP,GO:0003197,endocardial cushion development,1.0,1.0,False,0,120,12,6000,0.0,0.002,0.0,,
random_control_1,BP,GO:0003203,endocardial cushion morphogenesis,1.0,1.0,False,0,120,11,6000,0.0,0.0018333333333333333,0.0,,
random_control_1,BP,GO:0003205,cardiac chamber development,1.0,1.0,False,0,120,38,6000,0.0,0.006333333333333333,0.0,,
random_control_1,BP,GO:0003206,cardiac chamber morphogenesis,1.0,1.0,False,0,120,29,6000,0.0,0.004833333333333334,0.0,,
random_control_1,BP,GO:0003208,cardiac ventricle morphogenesis,1.0,1.0,False,0,120,14,6000,0.0,0.0023333333333333335,0.0,,
random_control_1,BP,GO:0003229,ventricular cardiac muscle tissue development,1.0,1.0,False,0,120,15,6000,0.0,0.0025,0.0,,
random_control_1,BP,GO:0003230,cardiac atrium development,1.0,1.0,False,0,120,11,6000,0.0,0.0018333333333333333,0.0,,
random_control_1,BP,GO:0003231,cardiac ventricle development,1.0,1.0,False,0,120,30,6000,0.0,0.005,0.0,,
random_control_1,BP,GO:0003254,regulation of membrane depolarization,1.0,1.0,False,0,120,12,6000,0.0,0.002,0.0,,
random_control_1,BP,GO:0003272,endocardial cushion formation,1.0,1.0,False,0,120,10,6000,0.0,0.0016666666666666668,0.0,,
random_control_1,BP,GO:0003279,cardiac septum development,1.0,1.0,False,0,120,27,6000,0.0,0.0045,0.0,,
random_control_1,BP,GO:0003281,ventricular septum development,1.0,1.0,False,0,120,20,6000,0.0,0.0033333333333333335,0.0,,
random_control_1,BP,GO:0003333,amino acid transmembrane transport,1.0,1.0,False,0,120,23,6000,0.0,0.003833333333333333,0.0,,
random_control_1,BP,GO:0003341,cilium movement,0.4650767308164933,1.0,False,2,120,78,6000,0.016666666666666666,0.013,1.2820512820512822,25981;161142,161142;25981
random_control_1,BP,GO:0003352,regulation of cilium movement,1.0,1.0,False,0,120,11,6000,0.0,0.0018333333333333333,0.0,,
random_control_1,BP,GO:0003407,neural retina development,0.3052270409204303,1.0,False,1,120,18,6000,0.008333333333333333,0.003,2.7777777777777777,2823,2823
random_control_1,BP,GO:0005975,carbohydrate metabolic process,0.10465080031738698,1.0,False,5,120,125,6000,0.041666666666666664,0.020833333333333332,2.0,2683;5261;23324;112937;729020,112937;23324;2683;5261;729020
random_control_1,BP,GO:0005976,polysaccharide metabolic process,0.2910068882529308,1.0,False,1,120,17,6000,0.008333333333333333,0.0028333333333333335,2.941176470588235,5261,5261
random_control_1,BP,GO:0005977,glycogen metabolic process,0.23118189666298758,1.0,False,1,120,13,6000,0.008333333333333333,0.0021666666666666666,3.8461538461538463,5261,5261
random_control_1,BP,GO:0005979,regulation of glycogen biosynthetic process,1.0,1.0,False,0,120,11,6000,0.0,0.0018333333333333333,0.0,,
random_control_1,BP,GO:0005996,monosaccharide metabolic process,0.21955741586889918,1.0,False,2,120,44,6000,0.016666666666666666,0.007333333333333333,2.272727272727273,23324;112937,112937;23324
random_control_1,BP,GO:0006006,glucose metabolic process,1.0,1.0,False,0,120,29,6000,0.0,0.004833333333333334,0.0,,
random_control_1,BP,GO:0006022,aminoglycan metabolic process,1.0,1.0,False,0,120,18,6000,0.0,0.003,0.0,,
random_control_1,BP,GO:0006026,aminoglycan catabolic process,1.0,1.0,False,0,120,11,6000,0.0,0.0018333333333333333,0.0,,
random_control_1,BP,GO:0006027,glycosaminoglycan catabolic process,1.0,1.0,False,0,120,11,6000,0.0,0.0018333333333333333,0.0,,
random_control_1,BP,GO:0006029,proteoglycan metabolic process,1.0,1.0,False,0,120,30,6000,0.0,0.005,0.0,,
random_control_1,BP,GO:0006040,amino sugar metabolic process,1.0,1.0,False,0,120,12,6000,0.0,0.002,0.0,,
random_control_1,BP,GO:0006066,alcohol metabolic process,0.7539026982459304,1.0,False,1,120,69,6000,0.008333333333333333,0.0115,0.7246376811594203,51360,51360
random_control_1,BP,GO:0006081,aldehyde metabolic process,0.3191643119150053,1.0,False,1,120,19,6000,0.008333333333333333,0.0031666666666666666,2.6315789473684212,729020,729020
random_control_1,BP,GO:0006091,generation of precursor metabolites and energy,0.27381895162163145,1.0,False,3,120,91,6000,0.025,0.015166666666666667,1.6483516483516485,5261;205251;729020,205251;5261;729020
random_control_1,BP,GO:0006094,gluconeogenesis,1.0,1.0,False,0,120,12,6000,0.0,0.002,0.0,,
random_control_1,BP,GO:0006099,tricarboxylic acid cycle,1.0,1.0,False,0,120,10,6000,0.0,0.0016666666666666668,0.0,,
random_control_1,BP,GO:0006109,regulation of carbohydrate metabolic process,0.0704810474139693,1.0,False,3,120,48,6000,0.025,0.008,3.125,4790;5261;55657,4790;5261;55657
random_control_1,BP,GO:0006110,regulation of glycolytic process,1.0,1.0,False,0,120,15,6000,0.0,0.0025,0.0,,
random_control_1,BP,GO:0006111,regulation of gluconeogenesis,0.2910068882529308,1.0,False,1,120,17,6000,0.008333333333333333,0.0028333333333333335,2.941176470588235,55657,55657
random_control_1,BP,GO:0006112,energy reserve metabolic process,0.23118189666298758,1.0,False,1,120,13,6000,0.008333333333333333,0.0021666666666666666,3.8461538461538463,5261,5261
random_control_1,BP,GO:0006119,oxidative phosphorylation,1.0,1.0,False,0,120,31,6000,0.0,0.005166666666666667,0.0,,
random_control_1,BP,GO:0006120,"mitochondrial electron transport, NADH to ubiquinone",1.0,1.0,False,0,120,13,6000,0.0,0.0021666666666666666,0.0,,
random_control_1,BP,GO:0006139,nucleobase-containing compound metabolic process,0.6864625672799541,1.0,False,13,120,715,6000,0.10833333333333334,0.11916666666666667,0.9090909090909091,328;2301;4790;5430;10623;10768;54439;55170;56257;79039;221078;353267;729020,10623;10768;221078;2301;328;353267;4790;5430;54439;55170;56257;729020;79039
random_control_1,BP,GO:0006140,regulation of nucleotide metabolic process,1.0,1.0,False,0,120,25,6000,0.0,0.004166666666666667,0.0,,
random_control_1,BP,GO:0006163,purine nucleotide metabolic process,0.8584551141326091,1.0,False,1,120,96,6000,0.008333333333333333,0.016,0.5208333333333334,729020,729020
random_control_1,BP,GO:0006164,purine nucleotide biosynthetic process,1.0,1.0,False,0,120,50,6000,0.0,0.008333333333333333,0.0,,
random_control_1,BP,GO:0006195,purine nucleotide catabolic process,1.0,1.0,False,0,120,16,6000,0.0,0.0026666666666666666,0.0,,
random_control_1,BP,GO:0006220,pyrimidine nucleotide metabolic process,1.0,1.0,False,0,120,11,6000,0.0,0.0018333333333333333,0.0,,
random_control_1,BP,GO:0006259,DNA metabolic process,0.8882512630147764,1.0,False,2,120,184,6000,0.016666666666666666,0.030666666666666665,0.5434782608695652,328;55170,328;55170
random_control_1,BP,GO:0006260,DNA replication,1.0,1.0,False,0,120,57,6000,0.0,0.0095,0.0,,
random_control_1,BP,GO:0006261,DNA-templated DNA replication,1.0,1.0,False,0,120,40,6000,0.0,0.006666666666666667,0.0,,
random_control_1,BP,GO:0006275,regulation of DNA replication,1.0,1.0,False,0,120,31,6000,0.0,0.005166666666666667,0.0,,
random_control_1,BP,GO:0006281,DNA repair,0.6796841799790007,1.0,False,2,120,116,6000,0.016666666666666666,0.019333333333333334,0.8620689655172413,328;55170,328;55170
random_control_1,BP,GO:0006282,regulation of DNA repair,1.0,1.0,False,0,120,64,6000,0.0,0.010666666666666666,0.0,,
random_control_1,BP,GO:0006284,base-excision repair,0.03514392954070408,1.0,False,2,120,15,6000,0.016666666666666666,0.0025,6.666666666666666,328;55170,328;55170
random_control_1,BP,GO:0006289,nucleotide-excision repair,1.0,1.0,False,0,120,21,6000,0.0,0.0035,0.0,,
random_control_1,BP,GO:0006301,DNA damage tolerance,1.0,1.0,False,0,120,10,6000,0.0,0.0016666666666666668,0.0,,
random_control_1,BP,GO:0006302,double-strand break repair,1.0,1.0,False,0,120,58,6000,0.0,0.009666666666666667,0.0,,
random_control_1,BP,GO:0006303,double-strand break repair via nonhomologous end joining,1.0,1.0,False,0,120,17,6000,0.0,0.0028333333333333335,0.0,,
random_control_1,BP,GO:0006310,DNA recombination,1.0,1.0,False,0,120,64,6000,0.0,0.010666666666666666,0.0,,
random_control_1,BP,GO:0006325,chromatin organization,0.32272980830957926,1.0,False,6,120,233,6000,0.05,0.03883333333333333,1.2875536480686698,328;55170;80764;221477;340602;114483833,114483833;221477;328;340602;55170;80764
random_control_1,BP,GO:0006334,nucleosome assembly,1.0,1.0,False,0,120,32,6000,0.0,0.005333333333333333,0.0,,
random_control_1,BP,GO:0006338,chromatin remodeling,0.5837082764850086,1.0,False,4,120,203,6000,0.03333333333333333,0.03383333333333333,0.9852216748768473,328;55170;221477;340602,221477;328;340602;55170
random_control_1,BP,GO:0006346,DNA methylation-dependent constitutive heterochromatin formation,1.0,1.0,False,0,120,14,6000,0.0,0.0023333333333333335,0.0,,
random_control_1,BP,GO:0006351,DNA-templated transcription,0.15767851883661457,1.0,False,5,120,143,6000,0.041666666666666664,0.023833333333333335,1.7482517482517481,328;2301;4790;5430;10623,10623;2301;328;4790;5430
random_control_1,BP,GO:0006352,DNA-templated transcription initiation,0.14033160955462612,1.0,False,3,120,65,6000,0.025,0.010833333333333334,2.307692307692308,328;5430;10623,10623;328;5430
random_control_1,BP,GO:0006353,DNA-templated transcription termination,0.0308551485076948,1.0,False,2,120,14,6000,0.016666666666666666,0.0023333333333333335,7.142857142857142,5430;10623,10623;5430
random_control_1,BP,GO:0006354,DNA-templated transcription elongation,0.3052270409204303,1.0,False,1,120,18,6000,0.008333333333333333,0.003,2.7777777777777777,5430,5430
random_control_1,BP,GO:0006355,regulation of DNA-templated transcription,0.39505740444098003,1.0,False,20,120,928,6000,0.16666666666666666,0.15466666666666667,1.0775862068965516,328;948;2301;4790;5430;5966;7073;8031;9923;10623;27324;51360;55170;55657;56257;56924;65243;79039;80764;84838,10623;2301;27324;328;4790;51360;5430;55170;55657;56257;56924;5966;65243;7073;79039;8031;80764;84838;948;9923
random_control_1,BP,GO:0006356,regulation of transcription by RNA polymerase I,1.0,1.0,False,0,120,11,6000,0.0,0.0018333333333333333,0.0,,
random_control_1,BP,GO:0006357,regulation of transcription by RNA polymerase II,0.6225261329825236,1.0,False,14,120,736,6000,0.11666666666666667,0.12266666666666666,0.9510869565217392,328;948;2301;4790;5966;7073;9923;27324;51360;55657;56257;65243;80764;84838,2301;27324;328;4790;51360;55657;56257;5966;65243;7073;80764;84838;948;9923
random_control_1,BP,GO:0006364,rRNA processing,0.3163037585550991,1.0,False,2,120,57,6000,0.016666666666666666,0.0095,1.7543859649122808,79039;221078,221078;79039
random_control_1,BP,GO:0006366,transcription by RNA polymerase II,0.1394818428315141,1.0,False,4,120,100,6000,0.03333333333333333,0.016666666666666666,2.0,328;2301;4790;5430,2301;328;4790;5430
random_control_1,BP,GO:0006367,transcription initiation at RNA polymerase II promoter,0.28657673455832383,1.0,False,2,120,53,6000,0.016666666666666666,0.008833333333333334,1.8867924528301885,328;5430,328;5430
random_control_1,BP,GO:0006368,transcription elongation by RNA polymerase II,0.24659164652108712,1.0,False,1,120,14,6000,0.008333333333333333,0.0023333333333333335,3.571428571428571,5430,5430
random_control_1,BP,GO:0006383,transcription by RNA polymerase III,0.2154596450610039,1.0,False,1,120,12,6000,0.008333333333333333,0.002,4.166666666666667,10623,10623
random_control_1,BP,GO:0006396,RNA processing,0.7015367948122244,1.0,False,4,120,236,6000,0.03333333333333333,0.03933333333333333,0.8474576271186441,56257;79039;221078;353267,221078;353267;56257;79039
random_control_1,BP,GO:0006397,mRNA processing,0.8696194634239103,1.0,False,1,120,100,6000,0.008333333333333333,0.016666666666666666,0.5,353267,353267
random_control_1,BP,GO:0006399,tRNA metabolic process,0.6518344615320735,1.0,False,1,120,52,6000,0.008333333333333333,0.008666666666666666,0.9615384615384616,221078,221078
random_control_1,BP,GO:0006400,tRNA modification,0.42112605589102525,1.0,False,1,120,27,6000,0.008333333333333333,0.0045,1.8518518518518519,221078,221078
random_control_1,BP,GO:0006401,RNA catabolic process,0.7488215426694528,1.0,False,1,120,68,6000,0.008333333333333333,0.011333333333333334,0.7352941176470588,54439,54439
random_control_1,BP,GO:0006402,mRNA catabolic process,1.0,1.0,False,0,120,43,6000,0.0,0.007166666666666667,0.0,,
random_control_1,BP,GO:0006403,RNA localization,0.1901941296776577,1.0,False,2,120,40,6000,0.016666666666666666,0.006666666666666667,2.5,10575;643136,10575;643136
random_control_1,BP,GO:0006405,RNA export from nucleus,0.3593341011387844,1.0,False,1,120,22,6000,0.008333333333333333,0.0036666666666666666,2.272727272727273,643136,643136
random_control_1,BP,GO:0006406,mRNA export from nucleus,0.2910068882529308,1.0,False,1,120,17,6000,0.008333333333333333,0.0028333333333333335,2.941176470588235,643136,643136
random_control_1,BP,GO:0006412,translation,0.16575872355404153,1.0,False,4,120,107,6000,0.03333333333333333,0.017833333333333333,1.8691588785046729,1965;6238;29904;79048,1965;29904;6238;79048
random_control_1,BP,GO:0006413,translational initiation,0.3462124237427534,1.0,False,1,120,21,6000,0.008333333333333333,0.0035,2.380952380952381,1965,1965
random_control_1,BP,GO:0006414,translational elongation,0.04926429290544311,1.0,False,2,120,18,6000,0.016666666666666666,0.003,5.555555555555555,29904;79048,29904;79048
random_control_1,BP,GO:0006417,regulation of translation,0.10208304373008016,1.0,False,4,120,89,6000,0.03333333333333333,0.014833333333333334,2.2471910112359548,1965;7057;29904;79048,1965;29904;7057;79048
random_control_1,BP,GO:0006418,tRNA aminoacylation for protein translation,1.0,1.0,False,0,120,12,6000,0.0,0.002,0.0,,
random_control_1,BP,GO:0006446,regulation of translational initiation,0.3462124237427534,1.0,False,1,120,21,6000,0.008333333333333333,0.0035,2.380952380952381,1965,1965
random_control_1,BP,GO:0006457,protein folding,0.7274354142638543,1.0,False,1,120,64,6000,0.008333333333333333,0.010666666666666666,0.78125,10575,10575
random_control_1,BP,GO:0006468,protein phosphorylation,0.10526682457013804,1.0,False,4,120,90,6000,0.03333333333333333,0.015,2.2222222222222223,5261;9475;27347;29904,27347;29904;5261;9475
random_control_1,BP,GO:0006469,negative regulation of protein kinase activity,1.0,1.0,False,0,120,21,6000,0.0,0.0035,0.0,,
random_control_1,BP,GO:0006470,protein dephosphorylation,1.0,1.0,False,0,120,18,6000,0.0,0.003,0.0,,
random_control_1,BP,GO:0006487,protein N-linked glycosylation,0.3721945741838406,1.0,False,1,120,23,6000,0.008333333333333333,0.003833333333333333,2.1739130434782608,2683,2683
random_control_1,BP,GO:0006493,protein O-linked glycosylation,1.0,1.0,False,0,120,37,6000,0.0,0.006166666666666667,0.0,,
random_control_1,BP,GO:0006508,proteolysis,0.5199731999849222,1.0,False,3,120,137,6000,0.025,0.022833333333333334,1.094890510948905,5328;51360;51752,51360;51752;5328
random_control_1,BP,GO:0006511,ubiquitin-dependent protein catabolic process,0.8528389606960782,1.0,False,2,120,167,6000,0.016666666666666666,0.027833333333333335,0.5988023952095808,8405;57531,57531;8405
random_control_1,BP,GO:0006513,protein monoubiquitination,1.0,1.0,False,0,120,16,6000,0.0,0.0026666666666666666,0.0,,
random_control_1,BP,GO:0006516,glycoprotein catabolic process,0.27649816154596496,1.0,False,1,120,16,6000,0.008333333333333333,0.0026666666666666666,3.125,23324,23324
random_control_1,BP,GO:0006518,peptide metabolic process,0.3191643119150053,1.0,False,1,120,19,6000,0.008333333333333333,0.0031666666666666666,2.6315789473684212,51752,51752
random_control_1,BP,GO:0006520,amino acid metabolic process,0.4977577517372188,1.0,False,2,120,83,6000,0.016666666666666666,0.013833333333333333,1.2048192771084338,4548;10768,10768;4548
random_control_1,BP,GO:0006575,modified amino acid metabolic process,0.2641953639869182,1.0,False,2,120,50,6000,0.016666666666666666,0.008333333333333333,2.0,4548;10768,10768;4548
random_control_1,BP,GO:0006576,biogenic amine metabolic process,1.0,1.0,False,0,120,11,6000,0.0,0.0018333333333333333,0.0,,
random_control_1,BP,GO:0006605,protein targeting,0.08897161498177233,1.0,False,3,120,53,6000,0.025,0.008833333333333334,2.8301886792452833,6748;8031;11231,11231;6748;8031
random_control_1,BP,GO:0006606,protein import into nucleus,0.3593341011387844,1.0,False,1,120,22,6000,0.008333333333333333,0.0036666666666666666,2.272727272727273,26060,26060
random_control_1,BP,GO:0006611,protein export from nucleus,1.0,1.0,False,0,120,10,6000,0.0,0.0016666666666666668,0.0,,
random_control_1,BP,GO:0006612,protein targeting to membrane,0.08229278812852872,1.0,False,2,120,24,6000,0.016666666666666666,0.004,4.166666666666667,6748;11231,11231;6748
random_control_1,BP,GO:0006622,protein targeting to lysosome,0.23118189666298758,1.0,False,1,120,13,6000,0.008333333333333333,0.0021666666666666666,3.8461538461538463,8031,8031
random_control_1,BP,GO:0006623,protein targeting to vacuole,0.27649816154596496,1.0,False,1,120,16,6000,0.008333333333333333,0.0026666666666666666,3.125,8031,8031
random_control_1,BP,GO:0006629,lipid metabolic process,0.8828250879746481,1.0,False,4,120,315,6000,0.03333333333333333,0.0525,0.6349206349206349,948;2683;51360;205251,205251;2683;51360;948
random_control_1,BP,GO:0006631,fatty acid metabolic process,0.5765887208409325,1.0,False,2,120,96,6000,0.016666666666666666,0.016,1.0416666666666667,948;205251,205251;948
random_control_1,BP,GO:0006633,fatty acid biosynthetic process,1.0,1.0,False,0,120,32,6000,0.0,0.005333333333333333,0.0,,
random_control_1,BP,GO:0006635,fatty acid beta-oxidation,0.3462124237427534,1.0,False,1,120,21,6000,0.008333333333333333,0.0035,2.380952380952381,205251,205251
random_control_1,BP,GO:0006636,unsaturated fatty acid biosynthetic process,1.0,1.0,False,0,120,12,6000,0.0,0.002,0.0,,
random_control_1,BP,GO:0006637,acyl-CoA metabolic process,1.0,1.0,False,0,120,25,6000,0.0,0.004166666666666667,0.0,,
random_control_1,BP,GO:0006638,neutral lipid metabolic process,1.0,1.0,False,0,120,27,6000,0.0,0.0045,0.0,,
random_control_1,BP,GO:0006639,acylglycerol metabolic process,1.0,1.0,False,0,120,27,6000,0.0,0.0045,0.0,,
random_control_1,BP,GO:0006641,triglyceride metabolic process,1.0,1.0,False,0,120,16,6000,0.0,0.0026666666666666666,0.0,,
random_control_1,BP,GO:0006644,phospholipid metabolic process,1.0,1.0,False,0,120,104,6000,0.0,0.017333333333333333,0.0,,
random_control_1,BP,GO:0006650,glycerophospholipid metabolic process,1.0,1.0,False,0,120,81,6000,0.0,0.0135,0.0,,
random_control_1,BP,GO:0006664,glycolipid metabolic process,1.0,1.0,False,0,120,38,6000,0.0,0.006333333333333333,0.0,,
random_control_1,BP,GO:0006665,sphingolipid metabolic process,1.0,1.0,False,0,120,45,6000,0.0,0.0075,0.0,,
random_control_1,BP,GO:0006672,ceramide metabolic process,1.0,1.0,False,0,120,26,6000,0.0,0.004333333333333333,0.0,,
random_control_1,BP,GO:0006687,glycosphingolipid metabolic process,1.0,1.0,False,0,120,26,6000,0.0,0.004333333333333333,0.0,,
random_control_1,BP,GO:0006688,glycosphingolipid biosynthetic process,1.0,1.0,False,0,120,19,6000,0.0,0.0031666666666666666,0.0,,
random_control_1,BP,GO:0006690,icosanoid metabolic process,1.0,1.0,False,0,120,40,6000,0.0,0.006666666666666667,0.0,,
random_control_1,BP,GO:0006691,leukotriene metabolic process,1.0,1.0,False,0,120,15,6000,0.0,0.0025,0.0,,
random_control_1,BP,GO:0006692,prostanoid metabolic process,1.0,1.0,False,0,120,15,6000,0.0,0.0025,0.0,,
random_control_1,BP,GO:0006693,prostaglandin metabolic process,1.0,1.0,False,0,120,14,6000,0.0,0.0023333333333333335,0.0,,
random_control_1,BP,GO:0006694,steroid biosynthetic process,1.0,1.0,False,0,120,23,6000,0.0,0.003833333333333333,0.0,,
random_control_1,BP,GO:0006695,cholesterol biosynthetic process,1.0,1.0,False,0,120,11,6000,0.0,0.0018333333333333333,0.0,,
random_control_1,BP,GO:0006720,isoprenoid metabolic process,1.0,1.0,False,0,120,31,6000,0.0,0.005166666666666667,0.0,,
random_control_1,BP,GO:0006721,terpenoid metabolic process,1.0,1.0,False,0,120,30,6000,0.0,0.005,0.0,,
random_control_1,BP,GO:0006739,NADP+ metabolic process,0.2616950548768287,1.0,False,1,120,15,6000,0.008333333333333333,0.0025,3.333333333333333,729020,729020
random_control_1,BP,GO:0006740,NADPH regeneration,0.18305237920257855,1.0,False,1,120,10,6000,0.008333333333333333,0.0016666666666666668,5.0,729020,729020
random_control_1,BP,GO:0006749,glutathione metabolic process,1.0,1.0,False,0,120,14,6000,0.0,0.0023333333333333335,0.0,,
random_control_1,BP,GO:0006753,nucleoside phosphate metabolic process,0.9451627807153836,1.0,False,1,120,142,6000,0.008333333333333333,0.023666666666666666,0.35211267605633806,729020,729020
random_control_1,BP,GO:0006754,ATP biosynthetic process,1.0,1.0,False,0,120,22,6000,0.0,0.0036666666666666666,0.0,,
random_control_1,BP,GO:0006760,folic acid-containing compound metabolic process,0.1994186086676354,1.0,False,1,120,11,6000,0.008333333333333333,0.0018333333333333333,4.545454545454546,4548,4548
random_control_1,BP,GO:0006778,porphyrin-containing compound metabolic process,1.0,1.0,False,0,120,13,6000,0.0,0.0021666666666666666,0.0,,
random_control_1,BP,GO:0006790,sulfur compound metabolic process,0.33842504355868663,1.0,False,2,120,60,6000,0.016666666666666666,0.01,1.6666666666666665,4548;10768,10768;4548
random_control_1,BP,GO:0006793,phosphorus metabolic process,0.9949390637440911,1.0,False,1,120,256,6000,0.008333333333333333,0.042666666666666665,0.1953125,729020,729020
random_control_1,BP,GO:0006796,phosphate-containing compound metabolic process,0.24886382067940382,1.0,False,4,120,127,6000,0.03333333333333333,0.021166666666666667,1.574803149606299,5261;9475;27347;29904,27347;29904;5261;9475
random_control_1,BP,GO:0006801,superoxide metabolic process,1.0,1.0,False,0,120,14,6000,0.0,0.0023333333333333335,0.0,,
random_control_1,BP,GO:0006805,xenobiotic metabolic process,1.0,1.0,False,0,120,33,6000,0.0,0.0055,0.0,,
random_control_1,BP,GO:0006810,transport,0.6359987250685007,1.0,False,19,120,1000,6000,0.15833333333333333,0.16666666666666666,0.95,948;2823;3756;3759;4253;6238;6748;6891;7057;8031;10768;11231;23787;26060;27347;56606;57655;221301;643136,10768;11231;221301;23787;26060;27347;2823;3756;3759;4253;56606;57655;6238;643136;6748;6891;7057;8031;948
random_control_1,BP,GO:0006811,monoatomic ion transport,0.491541959521149,1.0,False,6,120,280,6000,0.05,0.04666666666666667,1.0714285714285714,2823;3756;3759;27347;56606;221301,221301;27347;2823;3756;3759;56606
random_control_1,BP,GO:0006812,monoatomic cation transport,0.37669151721721744,1.0,False,6,120,248,6000,0.05,0.04133333333333333,1.2096774193548387,2823;3756;3759;27347;56606;221301,221301;27347;2823;3756;3759;56606
random_control_1,BP,GO:0006813,potassium ion transport,0.279119937593171,1.0,False,2,120,52,6000,0.016666666666666666,0.008666666666666666,1.9230769230769231,3756;3759,3756;3759
random_control_1,BP,GO:0006814,sodium ion transport,0.6855774707694965,1.0,False,1,120,57,6000,0.008333333333333333,0.0095,0.8771929824561404,27347,27347
random_control_1,BP,GO:0006816,calcium ion transport,0.8365902599146186,1.0,False,1,120,89,6000,0.008333333333333333,0.014833333333333334,0.5617977528089887,2823,2823
random_control_1,BP,GO:0006820,monoatomic anion transport,1.0,1.0,False,0,120,39,6000,0.0,0.0065,0.0,,
random_control_1,BP,GO:0006821,chloride transport,1.0,1.0,False,0,120,29,6000,0.0,0.004833333333333334,0.0,,
random_control_1,BP,GO:0006826,iron ion transport,1.0,1.0,False,0,120,11,6000,0.0,0.0018333333333333333,0.0,,
random_control_1,BP,GO:0006829,zinc ion transport,1.0,1.0,False,0,120,10,6000,0.0,0.0016666666666666668,0.0,,
random_control_1,BP,GO:0006835,dicarboxylic acid transport,1.0,1.0,False,0,120,19,6000,0.0,0.0031666666666666666,0.0,,
random_control_1,BP,GO:0006836,neurotransmitter transport,1.0,1.0,False,0,120,28,6000,0.0,0.004666666666666667,0.0,,
random_control_1,BP,GO:0006839,mitochondrial transport,0.4327558689318889,1.0,False,1,120,28,6000,0.008333333333333333,0.004666666666666667,1.7857142857142856,23787,23787
random_control_1,BP,GO:0006862,nucleotide transport,1.0,1.0,False,0,120,19,6000,0.0,0.0031666666666666666,0.0,,
random_control_1,BP,GO:0006865,amino acid transport,1.0,1.0,False,0,120,33,6000,0.0,0.0055,0.0,,
random_control_1,BP,GO:0006869,lipid transport,0.5989800517454676,1.0,False,2,120,100,6000,0.016666666666666666,0.016666666666666666,1.0,948;57655,57655;948
random_control_1,BP,GO:0006873,intracellular monoatomic ion homeostasis,0.0687257053725854,1.0,False,5,120,110,6000,0.041666666666666664,0.018333333333333333,2.2727272727272725,3756;3759;8031;27347;84560,27347;3756;3759;8031;84560
random_control_1,BP,GO:0006874,intracellular calcium ion homeostasis,0.6065742923968529,1.0,False,1,120,46,6000,0.008333333333333333,0.007666666666666666,1.0869565217391304,3756,3756
random_control_1,BP,GO:0006879,intracellular iron ion homeostasis,0.3328242822494307,1.0,False,1,120,20,6000,0.008333333333333333,0.0033333333333333335,2.5,8031,8031
random_control_1,BP,GO:0006883,intracellular sodium ion homeostasis,1.0,1.0,False,0,120,10,6000,0.0,0.0016666666666666668,0.0,,
random_control_1,BP,GO:0006884,cell volume homeostasis,0.23118189666298758,1.0,False,1,120,13,6000,0.008333333333333333,0.0021666666666666666,3.8461538461538463,27347,27347
random_control_1,BP,GO:0006885,regulation of pH,1.0,1.0,False,0,120,28,6000,0.0,0.004666666666666667,0.0,,
random_control_1,BP,GO:0006886,intracellular protein transport,0.20162331860897778,1.0,False,5,120,156,6000,0.041666666666666664,0.026,1.6025641025641026,6748;8031;11231;23787;26060,11231;23787;26060;6748;8031
random_control_1,BP,GO:0006887,exocytosis,1.0,1.0,False,0,120,53,6000,0.0,0.008833333333333334,0.0,,
random_control_1,BP,GO:0006888,endoplasmic reticulum to Golgi vesicle-mediated transport,0.5902272768216926,1.0,False,1,120,44,6000,0.008333333333333333,0.007333333333333333,1.1363636363636365,4253,4253
random_control_1,BP,GO:0006890,"retrograde vesicle-mediated transport, Golgi to endoplasmic reticulum",1.0,1.0,False,0,120,15,6000,0.0,0.0025,0.0,,
random_control_1,BP,GO:0006891,intra-Golgi vesicle-mediated transport,1.0,1.0,False,0,120,15,6000,0.0,0.0025,0.0,,
random_control_1,BP,GO:0006892,post-Golgi vesicle-mediated transport,1.0,1.0,False,0,120,38,6000,0.0,0.006333333333333333,0.0,,
random_control_1,BP,GO:0006893,Golgi to plasma membrane transport,1.0,1.0,False,0,120,19,6000,0.0,0.0031666666666666666,0.0,,
random_control_1,BP,GO:0006896,Golgi to vacuole transport,1.0,1.0,False,0,120,10,6000,0.0,0.0016666666666666668,0.0,,
random_control_1,BP,GO:0006897,endocytosis,0.6510675683406488,1.0,False,2,120,110,6000,0.016666666666666666,0.018333333333333333,0.9090909090909091,948;7057,7057;948
random_control_1,BP,GO:0006898,receptor-mediated endocytosis,0.5370351507111182,1.0,False,1,120,38,6000,0.008333333333333333,0.006333333333333333,1.3157894736842106,948,948
random_control_1,BP,GO:0006900,vesicle budding from membrane,0.5370351507111182,1.0,False,1,120,38,6000,0.008333333333333333,0.006333333333333333,1.3157894736842106,4253,4253
random_control_1,BP,GO:0006901,vesicle coat assembly,1.0,1.0,False,0,120,15,6000,0.0,0.0025,0.0,,
random_control_1,BP,GO:0006906,vesicle fusion,1.0,1.0,False,0,120,27,6000,0.0,0.0045,0.0,,
random_control_1,BP,GO:0006909,phagocytosis,0.1685640436608267,1.0,False,2,120,37,6000,0.016666666666666666,0.006166666666666667,2.7027027027027026,948;7057,7057;948
random_control_1,BP,GO:0006913,nucleocytoplasmic transport,0.3163037585550991,1.0,False,2,120,57,6000,0.016666666666666666,0.0095,1.7543859649122808,26060;643136,26060;643136
random_control_1,BP,GO:0006914,autophagy,0.4380628442203826,1.0,False,2,120,74,6000,0.016666666666666666,0.012333333333333333,1.3513513513513513,1965;8031,1965;8031
random_control_1,BP,GO:0006915,apoptotic process,0.5773002195298064,1.0,False,3,120,149,6000,0.025,0.024833333333333332,1.0067114093959733,328;7073;56924,328;56924;7073
random_control_1,BP,GO:0006935,chemotaxis,0.6703616595477611,1.0,False,2,120,114,6000,0.016666666666666666,0.019,0.8771929824561404,1232;5328,1232;5328
random_control_1,BP,GO:0006936,muscle contraction,0.41033742113857935,1.0,False,2,120,70,6000,0.016666666666666666,0.011666666666666667,1.4285714285714284,3759;9475,3759;9475
random_control_1,BP,GO:0006937,regulation of muscle contraction,0.6657422810374347,1.0,False,1,120,54,6000,0.008333333333333333,0.009,0.9259259259259259,3759,3759
random_control_1,BP,GO:0006939,smooth muscle contraction,0.23118189666298758,1.0,False,1,120,13,6000,0.008333333333333333,0.0021666666666666666,3.8461538461538463,9475,9475
random_control_1,BP,GO:0006940,regulation of smooth muscle contraction,1.0,1.0,False,0,120,14,6000,0.0,0.0023333333333333335,0.0,,
random_control_1,BP,GO:0006941,striated muscle contraction,0.5984832752739089,1.0,False,1,120,45,6000,0.008333333333333333,0.0075,1.1111111111111112,3759,3759
random_control_1,BP,GO:0006942,regulation of striated muscle contraction,0.5178253555419259,1.0,False,1,120,36,6000,0.008333333333333333,0.006,1.3888888888888888,3759,3759
random_control_1,BP,GO:0006950,response to stress,0.18284091254770843,1.0,False,22,120,901,6000,0.18333333333333332,0.15016666666666667,1.220865704772475,328;948;1232;1965;4352;4548;4790;5493;5966;6891;7057;7073;9475;9923;27347;29904;51360;55170;56924;84560;118812;221477,118812;1232;1965;221477;27347;29904;328;4352;4548;4790;51360;5493;55170;56924;5966;6891;7057;7073;84560;9475;948;9923
random_control_1,BP,GO:0006952,defense response,0.4290611813317515,1.0,False,8,120,359,6000,0.06666666666666667,0.059833333333333336,1.1142061281337048,948;1232;4790;5966;6891;7057;7073;27347,1232;27347;4790;5966;6891;7057;7073;948
random_control_1,BP,GO:0006953,acute-phase response,1.0,1.0,False,0,120,11,6000,0.0,0.0018333333333333333,0.0,,
random_control_1,BP,GO:0006954,inflammatory response,0.12407203680321807,1.0,False,5,120,132,6000,0.041666666666666664,0.022,1.893939393939394,948;1232;4790;7057;27347,1232;27347;4790;7057;948
random_control_1,BP,GO:0006955,immune response,0.8569688127294912,1.0,False,5,120,361,6000,0.041666666666666664,0.06016666666666667,0.6925207756232686,1232;4790;5966;6891;7057,1232;4790;5966;6891;7057
random_control_1,BP,GO:0006956,complement activation,1.0,1.0,False,0,120,10,6000,0.0,0.0016666666666666668,0.0,,
random_control_1,BP,GO:0006959,humoral immune response,1.0,1.0,False,0,120,76,6000,0.0,0.012666666666666666,0.0,,
random_control_1,BP,GO:0006968,cellular defense response,0.27649816154596496,1.0,False,1,120,16,6000,0.008333333333333333,0.0026666666666666666,3.125,1232,1232
random_control_1,BP,GO:0006970,response to osmotic stress,0.3328242822494307,1.0,False,1,120,20,6000,0.008333333333333333,0.0033333333333333335,2.5,27347,27347
random_control_1,BP,GO:0006974,DNA damage response,0.7869641850165698,1.0,False,3,120,206,6000,0.025,0.034333333333333334,0.7281553398058253,328;9923;55170,328;55170;9923
random_control_1,BP,GO:0006979,response to oxidative stress,0.6098416733688516,1.0,False,2,120,102,6000,0.016666666666666666,0.017,0.9803921568627451,948;1965,1965;948
random_control_1,BP,GO:0006986,response to unfolded protein,0.12019743948550393,1.0,False,2,120,30,6000,0.016666666666666666,0.005,3.333333333333333,1965;51360,1965;51360
random_control_1,BP,GO:0006996,organelle organization,0.67712708677786,1.0,False,15,120,815,6000,0.125,0.13583333333333333,0.9202453987730062,328;1965;4253;5493;9475;11155;23787;25981;56924;57531;65243;79884;205251;389941;653269,11155;1965;205251;23787;25981;328;389941;4253;5493;56924;57531;65243;653269;79884;9475
random_control_1,BP,GO:0006997,nucleus organization,1.0,1.0,False,0,120,24,6000,0.0,0.004,0.0,,
random_control_1,BP,GO:0007005,mitochondrion organization,0.4848353415407648,1.0,False,2,120,81,6000,0.016666666666666666,0.0135,1.2345679012345678,23787;205251,205251;23787
random_control_1,BP,GO:0007006,mitochondrial membrane organization,0.24659164652108712,1.0,False,1,120,14,6000,0.008333333333333333,0.0023333333333333335,3.571428571428571,23787,23787
random_control_1,BP,GO:0007007,inner mitochondrial membrane organization,1.0,1.0,False,0,120,10,6000,0.0,0.0016666666666666668,0.0,,
random_control_1,BP,GO:0007009,plasma membrane organization,1.0,1.0,False,0,120,32,6000,0.0,0.005333333333333333,0.0,,
random_control_1,BP,GO:0007010,cytoskeleton organization,0.4467547706808051,1.0,False,7,120,316,6000,0.058333333333333334,0.05266666666666667,1.1075949367088607,5493;9475;11155;25981;56924;79884;653269,11155;25981;5493;56924;653269;79884;9475
random_control_1,BP,GO:0007015,actin filament organization,1.0,1.0,False,0,120,64,6000,0.0,0.010666666666666666,0.0,,
random_control_1,BP,GO:0007017,microtubule-based process,0.7380055345106395,1.0,False,4,120,248,6000,0.03333333333333333,0.04133333333333333,0.8064516129032258,9475;25981;79884;161142,161142;25981;79884;9475
random_control_1,BP,GO:0007018,microtubule-based movement,0.7889136771540219,1.0,False,2,120,144,6000,0.016666666666666666,0.024,0.6944444444444444,25981;161142,161142;25981
random_control_1,BP,GO:0007029,endoplasmic reticulum organization,1.0,1.0,False,0,120,21,6000,0.0,0.0035,0.0,,
random_control_1,BP,GO:0007030,Golgi organization,0.16145333431713965,1.0,False,2,120,36,6000,0.016666666666666666,0.006,2.7777777777777777,57531;65243,57531;65243
random_control_1,BP,GO:0007032,endosome organization,1.0,1.0,False,0,120,27,6000,0.0,0.0045,0.0,,
random_control_1,BP,GO:0007033,vacuole organization,1.0,1.0,False,0,120,46,6000,0.0,0.007666666666666666,0.0,,
random_control_1,BP,GO:0007034,vacuolar transport,0.6724881482213413,1.0,False,1,120,55,6000,0.008333333333333333,0.009166666666666667,0.9090909090909091,8031,8031
random_control_1,BP,GO:0007035,vacuolar acidification,1.0,1.0,False,0,120,11,6000,0.0,0.0018333333333333333,0.0,,
random_control_1,BP,GO:0007040,lysosome organization,1.0,1.0,False,0,120,22,6000,0.0,0.0036666666666666666,0.0,,
random_control_1,BP,GO:0007041,lysosomal transport,0.5732069281268636,1.0,False,1,120,42,6000,0.008333333333333333,0.007,1.1904761904761905,8031,8031
random_control_1,BP,GO:0007043,cell-cell junction assembly,1.0,1.0,False,0,120,28,6000,0.0,0.004666666666666667,0.0,,
random_control_1,BP,GO:0007049,cell cycle,0.9705946331831475,1.0,False,2,120,262,6000,0.016666666666666666,0.043666666666666666,0.3816793893129771,9475;79884,79884;9475
random_control_1,BP,GO:0007051,spindle organization,0.5818029618000387,1.0,False,1,120,43,6000,0.008333333333333333,0.007166666666666667,1.1627906976744187,79884,79884
random_control_1,BP,GO:0007052,mitotic spindle organization,0.46627310055397503,1.0,False,1,120,31,6000,0.008333333333333333,0.005166666666666667,1.6129032258064515,79884,79884
random_control_1,BP,GO:0007059,chromosome segregation,0.8332046990012474,1.0,False,1,120,88,6000,0.008333333333333333,0.014666666666666666,0.5681818181818182,79884,79884
random_control_1,BP,GO:0007062,sister chromatid cohesion,1.0,1.0,False,0,120,14,6000,0.0,0.0023333333333333335,0.0,,
random_control_1,BP,GO:0007080,mitotic metaphase chromosome alignment,1.0,1.0,False,0,120,23,6000,0.0,0.003833333333333333,0.0,,
random_control_1,BP,GO:0007088,regulation of mitotic nuclear division,1.0,1.0,False,0,120,38,6000,0.0,0.006333333333333333,0.0,,
random_control_1,BP,GO:0007093,mitotic cell cycle checkpoint signaling,1.0,1.0,False,0,120,28,6000,0.0,0.004666666666666667,0.0,,
random_control_1,BP,GO:0007094,mitotic spindle assembly checkpoint signaling,1.0,1.0,False,0,120,10,6000,0.0,0.0016666666666666668,0.0,,
random_control_1,BP,GO:0007098,centrosome cycle,0.397152433406183,1.0,False,1,120,25,6000,0.008333333333333333,0.004166666666666667,2.0,9475,9475
random_control_1,BP,GO:0007127,meiosis I,1.0,1.0,False,0,120,39,6000,0.0,0.0065,0.0,,
random_control_1,BP,GO:0007129,homologous chromosome pairing at meiosis,1.0,1.0,False,0,120,17,6000,0.0,0.0028333333333333335,0.0,,
random_control_1,BP,GO:0007131,reciprocal meiotic recombination,1.0,1.0,False,0,120,21,6000,0.0,0.0035,0.0,,
random_control_1,BP,GO:0007140,male meiotic nuclear division,1.0,1.0,False,0,120,18,6000,0.0,0.003,0.0,,
random_control_1,BP,GO:0007154,cell communication,0.5528792567542744,1.0,False,29,120,1460,6000,0.24166666666666667,0.24333333333333335,0.9931506849315068,328;948;1232;1444;1965;2657;3484;4352;4790;5261;5328;5966;7057;8031;8383;9475;10768;11033;26032;26060;27347;51360;56924;57531;66004;79039;120586;389941;391107,10768;11033;120586;1232;1444;1965;26032;26060;2657;27347;328;3484;389941;391107;4352;4790;51360;5261;5328;56924;57531;5966;66004;7057;79039;8031;8383;9475;948
random_control_1,BP,GO:0007155,cell adhesion,0.23315383780843058,1.0,False,6,120,207,6000,0.05,0.0345,1.4492753623188406,948;1232;4756;7057;26032;147710,1232;147710;26032;4756;7057;948
random_control_1,BP,GO:0007156,homophilic cell-cell adhesion,0.5902272768216926,1.0,False,1,120,44,6000,0.008333333333333333,0.007333333333333333,1.1363636363636365,147710,147710
random_control_1,BP,GO:0007157,heterophilic cell-cell adhesion,0.2154596450610039,1.0,False,1,120,12,6000,0.008333333333333333,0.002,4.166666666666667,147710,147710
random_control_1,BP,GO:0007159,leukocyte cell-cell adhesion,1.0,1.0,False,0,120,19,6000,0.0,0.0031666666666666666,0.0,,
random_control_1,BP,GO:0007160,cell-matrix adhesion,1.0,1.0,False,0,120,32,6000,0.0,0.005333333333333333,0.0,,
random_control_1,BP,GO:0007162,negative regulation of cell adhesion,0.8226250443396159,1.0,False,1,120,85,6000,0.008333333333333333,0.014166666666666666,0.5882352941176471,7057,7057
random_control_1,BP,GO:0007163,establishment or maintenance of cell polarity,1.0,1.0,False,0,120,46,6000,0.0,0.007666666666666666,0.0,,
random_control_1,BP,GO:0007165,signal transduction,0.4730478737533095,1.0,False,28,120,1364,6000,0.23333333333333334,0.22733333333333333,1.0263929618768328,328;948;1232;1444;1965;2657;3484;4352;4790;5261;5328;5966;7057;8031;8383;9475;10768;11033;26032;26060;27347;51360;56924;57531;66004;79039;120586;391107,10768;11033;120586;1232;1444;1965;26032;26060;2657;27347;328;3484;391107;4352;4790;51360;5261;5328;56924;57531;5966;66004;7057;79039;8031;8383;9475;948
random_control_1,BP,GO:0007166,cell surface receptor signaling pathway,0.37015176056774773,1.0,False,12,120,530,6000,0.1,0.08833333333333333,1.1320754716981132,948;1232;1444;2657;3484;4352;4790;5328;11033;26032;26060;27347,11033;1232;1444;26032;26060;2657;27347;3484;4352;4790;5328;948
random_control_1,BP,GO:0007167,enzyme-linked receptor protein signaling pathway,0.5138431670371043,1.0,False,4,120,186,6000,0.03333333333333333,0.031,1.075268817204301,1444;2657;3484;26060,1444;26060;2657;3484
random_control_1,BP,GO:0007169,cell surface receptor protein tyrosine kinase signaling pathway,0.46922207655624115,1.0,False,3,120,127,6000,0.025,0.021166666666666667,1.1811023622047245,1444;3484;26060,1444;26060;3484
random_control_1,BP,GO:0007173,epidermal growth factor receptor signaling pathway,1.0,1.0,False,0,120,16,6000,0.0,0.0026666666666666666,0.0,,
random_control_1,BP,GO:0007178,cell surface receptor protein serine/threonine kinase signaling pathway,0.29402612883605717,1.0,False,2,120,54,6000,0.016666666666666666,0.009,1.8518518518518519,2657;26060,26060;2657
random_control_1,BP,GO:0007179,transforming growth factor beta receptor signaling pathway,0.397152433406183,1.0,False,1,120,25,6000,0.008333333333333333,0.004166666666666667,2.0,26060,26060
random_control_1,BP,GO:0007186,G protein-coupled receptor signaling pathway,0.6528300505378695,1.0,False,7,120,383,6000,0.058333333333333334,0.06383333333333334,0.9138381201044385,1232;4352;8383;10768;27347;120586;391107,10768;120586;1232;27347;391107;4352;8383
random_control_1,BP,GO:0007187,"G protein-coupled receptor signaling pathway, coupled to cyclic nucleotide second messenger",1.0,1.0,False,0,120,21,6000,0.0,0.0035,0.0,,
random_control_1,BP,GO:0007188,adenylate cyclase-modulating G protein-coupled receptor signaling pathway,0.5291552637264618,1.0,False,2,120,88,6000,0.016666666666666666,0.014666666666666666,1.1363636363636365,1232;8383,1232;8383
random_control_1,BP,GO:0007189,adenylate cyclase-activating G protein-coupled receptor signaling pathway,0.6981478522219615,1.0,False,1,120,59,6000,0.008333333333333333,0.009833333333333333,0.8474576271186441,8383,8383
random_control_1,BP,GO:0007193,adenylate cyclase-inhibiting G protein-coupled receptor signaling pathway,1.0,1.0,False,0,120,23,6000,0.0,0.003833333333333333,0.0,,
random_control_1,BP,GO:0007200,phospholipase C-activating G protein-coupled receptor signaling pathway,0.6373529851582895,1.0,False,1,120,50,6000,0.008333333333333333,0.008333333333333333,1.0,1232,1232
random_control_1,BP,GO:0007204,positive regulation of cytosolic calcium ion concentration,0.3603316142014514,1.0,False,2,120,63,6000,0.016666666666666666,0.0105,1.5873015873015872,948;1232,1232;948
random_control_1,BP,GO:0007215,glutamate receptor signaling pathway,1.0,1.0,False,0,120,14,6000,0.0,0.0023333333333333335,0.0,,
random_control_1,BP,GO:0007218,neuropeptide signaling pathway,1.0,1.0,False,0,120,28,6000,0.0,0.004666666666666667,0.0,,
random_control_1,BP,GO:0007219,Notch signaling pathway,0.23118189666298758,1.0,False,1,120,13,6000,0.008333333333333333,0.0021666666666666666,3.8461538461538463,26032,26032
random_control_1,BP,GO:0007224,smoothened signaling pathway,1.0,1.0,False,0,120,16,6000,0.0,0.0026666666666666666,0.0,,
random_control_1,BP,GO:0007229,integrin-mediated signaling pathway,1.0,1.0,False,0,120,26,6000,0.0,0.004333333333333333,0.0,,
random_control_1,BP,GO:0007249,canonical NF-kappaB signal transduction,0.05435616301807822,1.0,False,2,120,19,6000,0.016666666666666666,0.0031666666666666666,5.2631578947368425,4790;5966,4790;5966
random_control_1,BP,GO:0007254,JNK cascade,0.2910068882529308,1.0,False,1,120,17,6000,0.008333333333333333,0.0028333333333333335,2.941176470588235,4790,4790
random_control_1,BP,GO:0007259,cell surface receptor signaling pathway via JAK-STAT,1.0,1.0,False,0,120,29,6000,0.0,0.004833333333333334,0.0,,
random_control_1,BP,GO:0007264,small GTPase-mediated signal transduction,0.45839332420414536,1.0,False,2,120,77,6000,0.016666666666666666,0.012833333333333334,1.2987012987012987,9475;57531,57531;9475
random_control_1,BP,GO:0007265,Ras protein signal transduction,1.0,1.0,False,0,120,16,6000,0.0,0.0026666666666666666,0.0,,
random_control_1,BP,GO:0007266,Rho protein signal transduction,0.3052270409204303,1.0,False,1,120,18,6000,0.008333333333333333,0.003,2.7777777777777777,9475,9475
random_control_1,BP,GO:0007267,cell-cell signaling,0.9237635491015748,1.0,False,2,120,207,6000,0.016666666666666666,0.0345,0.4830917874396135,66004;389941,389941;66004
random_control_1,BP,GO:0007268,chemical synaptic transmission,1.0,1.0,False,0,120,91,6000,0.0,0.015166666666666667,0.0,,
random_control_1,BP,GO:0007269,neurotransmitter secretion,1.0,1.0,False,0,120,17,6000,0.0,0.0028333333333333335,0.0,,
random_control_1,BP,GO:0007272,ensheathment of neurons,1.0,1.0,False,0,120,30,6000,0.0,0.005,0.0,,
random_control_1,BP,GO:0007275,multicellular organism development,0.9052804956467525,1.0,False,13,120,871,6000,0.10833333333333334,0.14516666666666667,0.746268656716418,2301;2823;4548;4756;7057;8031;9475;11155;23787;51360;51752;389941;653269,11155;2301;23787;2823;389941;4548;4756;51360;51752;653269;7057;8031;9475
random_control_1,BP,GO:0007276,gamete generation,0.9036585493745021,1.0,False,2,120,193,6000,0.016666666666666666,0.03216666666666667,0.5181347150259067,25981;401115,25981;401115
random_control_1,BP,GO:0007281,germ cell development,0.8431582686902698,1.0,False,1,120,91,6000,0.008333333333333333,0.015166666666666667,0.5494505494505494,25981,25981
random_control_1,BP,GO:0007283,spermatogenesis,0.8328936264823743,1.0,False,2,120,159,6000,0.016666666666666666,0.0265,0.6289308176100629,25981;401115,25981;401115
random_control_1,BP,GO:0007286,spermatid development,0.7329454800132373,1.0,False,1,120,65,6000,0.008333333333333333,0.010833333333333334,0.7692307692307692,25981,25981
random_control_1,BP,GO:0007292,female gamete generation,1.0,1.0,False,0,120,28,6000,0.0,0.004666666666666667,0.0,,
random_control_1,BP,GO:0007338,single fertilization,1.0,1.0,False,0,120,29,6000,0.0,0.004833333333333334,0.0,,
random_control_1,BP,GO:0007339,binding of sperm to zona pellucida,1.0,1.0,False,0,120,11,6000,0.0,0.0018333333333333333,0.0,,
random_control_1,BP,GO:0007346,regulation of mitotic cell cycle,0.9153779684812191,1.0,False,1,120,121,6000,0.008333333333333333,0.020166666666666666,0.4132231404958678,26060,26060
random_control_1,BP,GO:0007368,determination of left/right symmetry,1.0,1.0,False,0,120,18,6000,0.0,0.003,0.0,,
random_control_1,BP,GO:0007369,gastrulation,1.0,1.0,False,0,120,24,6000,0.0,0.004,0.0,,
random_control_1,BP,GO:0007389,pattern specification process,1.0,1.0,False,0,120,74,6000,0.0,0.012333333333333333,0.0,,
random_control_1,BP,GO:0007399,nervous system development,0.9622262862510765,1.0,False,6,120,533,6000,0.05,0.08883333333333333,0.5628517823639775,2823;4548;4756;23787;389941;653269,23787;2823;389941;4548;4756;653269
random_control_1,BP,GO:0007405,neuroblast proliferation,1.0,1.0,False,0,120,10,6000,0.0,0.0016666666666666668,0.0,,
random_control_1,BP,GO:0007409,axonogenesis,0.5104745012519821,1.0,False,2,120,85,6000,0.016666666666666666,0.014166666666666666,1.1764705882352942,4756;653269,4756;653269
random_control_1,BP,GO:0007411,axon guidance,0.6518344615320735,1.0,False,1,120,52,6000,0.008333333333333333,0.008666666666666666,0.9615384615384616,4756,4756
random_control_1,BP,GO:0007416,synapse assembly,0.16145333431713965,1.0,False,2,120,36,6000,0.016666666666666666,0.006,2.7777777777777777,2823;389941,2823;389941
random_control_1,BP,GO:0007417,central nervous system development,1.0,1.0,False,0,120,224,6000,0.0,0.037333333333333336,0.0,,
random_control_1,BP,GO:0007420,brain development,1.0,1.0,False,0,120,153,6000,0.0,0.0255,0.0,,
random_control_1,BP,GO:0007422,peripheral nervous system development,1.0,1.0,False,0,120,15,6000,0.0,0.0025,0.0,,
random_control_1,BP,GO:0007423,sensory organ development,0.6796841799790007,1.0,False,2,120,116,6000,0.016666666666666666,0.019333333333333334,0.8620689655172413,2301;2823,2301;2823
random_control_1,BP,GO:0007492,endoderm development,1.0,1.0,False,0,120,16,6000,0.0,0.0026666666666666666,0.0,,
random_control_1,BP,GO:0007498,mesoderm development,1.0,1.0,False,0,120,14,6000,0.0,0.0023333333333333335,0.0,,
random_control_1,BP,GO:0007507,heart development,0.5878956505525196,1.0,False,2,120,98,6000,0.016666666666666666,0.01633333333333333,1.0204081632653061,9475;11155,11155;9475
random_control_1,BP,GO:0007517,muscle organ development,1.0,1.0,False,0,120,46,6000,0.0,0.007666666666666666,0.0,,
random_control_1,BP,GO:0007519,skeletal muscle tissue development,1.0,1.0,False,0,120,16,6000,0.0,0.0026666666666666666,0.0,,
random_control_1,BP,GO:0007548,sex differentiation,0.6065742923968529,1.0,False,1,120,46,6000,0.008333333333333333,0.007666666666666666,1.0869565217391304,8031,8031
random_control_1,BP,GO:0007565,female pregnancy,1.0,1.0,False,0,120,34,6000,0.0,0.005666666666666667,0.0,,
random_control_1,BP,GO:0007584,response to nutrient,1.0,1.0,False,0,120,46,6000,0.0,0.007666666666666666,0.0,,
random_control_1,BP,GO:0007586,digestion,0.48751910067913096,1.0,False,1,120,33,6000,0.008333333333333333,0.0055,1.5151515151515151,948,948
random_control_1,BP,GO:0007589,body fluid secretion,1.0,1.0,False,0,120,10,6000,0.0,0.0016666666666666668,0.0,,
random_control_1,BP,GO:0007596,blood coagulation,0.1901941296776577,1.0,False,2,120,40,6000,0.016666666666666666,0.006666666666666667,2.5,948;7057,7057;948
random_control_1,BP,GO:0007599,hemostasis,0.19748770406178495,1.0,False,2,120,41,6000,0.016666666666666666,0.006833333333333334,2.4390243902439024,948;7057,7057;948
random_control_1,BP,GO:0007600,sensory perception,0.7202018647979117,1.0,False,4,120,242,6000,0.03333333333333333,0.04033333333333333,0.8264462809917356,948;8383;120586;391107,120586;391107;8383;948
random_control_1,BP,GO:0007601,visual perception,1.0,1.0,False,0,120,31,6000,0.0,0.005166666666666667,0.0,,
random_control_1,BP,GO:0007602,phototransduction,1.0,1.0,False,0,120,11,6000,0.0,0.0018333333333333333,0.0,,
random_control_1,BP,GO:0007605,sensory perception of sound,1.0,1.0,False,0,120,35,6000,0.0,0.005833333333333334,0.0,,
random_control_1,BP,GO:0007606,sensory perception of chemical stimulus,0.3893321445229289,1.0,False,4,120,158,6000,0.03333333333333333,0.026333333333333334,1.2658227848101264,948;8383;120586;391107,120586;391107;8383;948
random_control_1,BP,GO:0007608,sensory perception of smell,0.48981699974367005,1.0,False,3,120,131,6000,0.025,0.021833333333333333,1.1450381679389314,8383;120586;391107,120586;391107;8383
random_control_1,BP,GO:0007610,behavior,0.8774154722221742,1.0,False,1,120,103,6000,0.008333333333333333,0.017166666666666667,0.4854368932038835,7057,7057
random_control_1,BP,GO:0007611,learning or memory,1.0,1.0,False,0,120,49,6000,0.0,0.008166666666666666,0.0,,
random_control_1,BP,GO:0007612,learning,1.0,1.0,False,0,120,23,6000,0.0,0.003833333333333333,0.0,,
random_control_1,BP,GO:0007613,memory,1.0,1.0,False,0,120,26,6000,0.0,0.004333333333333333,0.0,,
random_control_1,BP,GO:0007616,long-term memory,1.0,1.0,False,0,120,12,6000,0.0,0.002,0.0,,
random_control_1,BP,GO:0007623,circadian rhythm,1.0,1.0,False,0,120,37,6000,0.0,0.006166666666666667,0.0,,
random_control_1,BP,GO:0007626,locomotory behavior,1.0,1.0,False,0,120,27,6000,0.0,0.0045,0.0,,
random_control_1,BP,GO:0007631,feeding behavior,1.0,1.0,False,0,120,19,6000,0.0,0.0031666666666666666,0.0,,
random_control_1,BP,GO:0008015,blood circulation,0.40548337586898453,1.0,False,3,120,115,6000,0.025,0.019166666666666665,1.3043478260869568,3759;9475;51752,3759;51752;9475
random_control_1,BP,GO:0008016,regulation of heart contraction,0.7218126275544963,1.0,False,1,120,63,6000,0.008333333333333333,0.0105,0.7936507936507936,3759,3759
random_control_1,BP,GO:0008033,tRNA processing,0.48751910067913096,1.0,False,1,120,33,6000,0.008333333333333333,0.0055,1.5151515151515151,221078,221078
random_control_1,BP,GO:0008037,cell recognition,1.0,1.0,False,0,120,29,6000,0.0,0.004833333333333334,0.0,,
random_control_1,BP,GO:0008064,regulation of actin polymerization or depolymerization,1.0,1.0,False,0,120,35,6000,0.0,0.005833333333333334,0.0,,
random_control_1,BP,GO:0008088,axo-dendritic transport,1.0,1.0,False,0,120,26,6000,0.0,0.004333333333333333,0.0,,
random_control_1,BP,GO:0008089,anterograde axonal transport,1.0,1.0,False,0,120,14,6000,0.0,0.0023333333333333335,0.0,,
random_control_1,BP,GO:0008104,intracellular protein localization,0.18112847705322188,1.0,False,11,120,403,6000,0.09166666666666666,0.06716666666666667,1.3647642679900744,948;4253;6238;6748;8031;9475;11231;23787;26060;56889;389941,11231;23787;26060;389941;4253;56889;6238;6748;8031;9475;948
random_control_1,BP,GO:0008154,actin polymerization or depolymerization,1.0,1.0,False,0,120,14,6000,0.0,0.0023333333333333335,0.0,,
random_control_1,BP,GO:0008202,steroid metabolic process,0.6981478522219615,1.0,False,1,120,59,6000,0.008333333333333333,0.009833333333333333,0.8474576271186441,51360,51360
random_control_1,BP,GO:0008203,cholesterol metabolic process,0.3847989996645063,1.0,False,1,120,24,6000,0.008333333333333333,0.004,2.0833333333333335,51360,51360
random_control_1,BP,GO:0008210,estrogen metabolic process,1.0,1.0,False,0,120,10,6000,0.0,0.0016666666666666668,0.0,,
random_control_1,BP,GO:0008217,regulation of blood pressure,0.6222743971944265,1.0,False,1,120,48,6000,0.008333333333333333,0.008,1.0416666666666667,51752,51752
random_control_1,BP,GO:0008219,cell death,0.6549349064642402,1.0,False,3,120,167,6000,0.025,0.027833333333333335,0.8982035928143712,328;7073;56924,328;56924;7073
random_control_1,BP,GO:0008277,regulation of G protein-coupled receptor signaling pathway,0.5902272768216926,1.0,False,1,120,44,6000,0.008333333333333333,0.007333333333333333,1.1363636363636365,9475,9475
random_control_1,BP,GO:0008283,cell population proliferation,0.6796841799790007,1.0,False,2,120,116,6000,0.016666666666666666,0.019333333333333334,0.8620689655172413,84432;221477,221477;84432
random_control_1,BP,GO:0008284,positive regulation of cell population proliferation,0.7521885773892187,1.0,False,4,120,253,6000,0.03333333333333333,0.042166666666666665,0.7905138339920948,1232;2301;4352;7057,1232;2301;4352;7057
random_control_1,BP,GO:0008285,negative regulation of cell population proliferation,0.8528389606960782,1.0,False,2,120,167,6000,0.016666666666666666,0.027833333333333335,0.5988023952095808,7057;7073,7057;7073
random_control_1,BP,GO:0008286,insulin receptor signaling pathway,0.07640369414754856,1.0,False,2,120,23,6000,0.016666666666666666,0.003833333333333333,4.3478260869565215,3484;26060,26060;3484
random_control_1,BP,GO:0008306,associative learning,1.0,1.0,False,0,120,13,6000,0.0,0.0021666666666666666,0.0,,
random_control_1,BP,GO:0008333,endosome to lysosome transport,1.0,1.0,False,0,120,20,6000,0.0,0.0033333333333333335,0.0,,
random_control_1,BP,GO:0008334,histone mRNA metabolic process,1.0,1.0,False,0,120,13,6000,0.0,0.0021666666666666666,0.0,,
random_control_1,BP,GO:0008344,adult locomotory behavior,1.0,1.0,False,0,120,10,6000,0.0,0.0016666666666666668,0.0,,
random_control_1,BP,GO:0008360,regulation of cell shape,1.0,1.0,False,0,120,21,6000,0.0,0.0035,0.0,,
random_control_1,BP,GO:0008361,regulation of cell size,0.5463534636790258,1.0,False,1,120,39,6000,0.008333333333333333,0.0065,1.2820512820512822,27347,27347
random_control_1,BP,GO:0008366,axon ensheathment,1.0,1.0,False,0,120,30,6000,0.0,0.005,0.0,,
random_control_1,BP,GO:0008380,RNA splicing,1.0,1.0,False,0,120,85,6000,0.0,0.014166666666666666,0.0,,
random_control_1,BP,GO:0008406,gonad development,0.5178253555419259,1.0,False,1,120,36,6000,0.008333333333333333,0.006,1.3888888888888888,8031,8031
random_control_1,BP,GO:0008535,respiratory chain complex IV assembly,1.0,1.0,False,0,120,13,6000,0.0,0.0021666666666666666,0.0,,
random_control_1,BP,GO:0008543,fibroblast growth factor receptor signaling pathway,1.0,1.0,False,0,120,15,6000,0.0,0.0025,0.0,,
random_control_1,BP,GO:0008544,epidermis development,1.0,1.0,False,0,120,63,6000,0.0,0.0105,0.0,,
random_control_1,BP,GO:0008584,male gonad development,0.3847989996645063,1.0,False,1,120,24,6000,0.008333333333333333,0.004,2.0833333333333335,8031,8031
random_control_1,BP,GO:0008585,female gonad development,1.0,1.0,False,0,120,13,6000,0.0,0.0021666666666666666,0.0,,
random_control_1,BP,GO:0008589,regulation of smoothened signaling pathway,1.0,1.0,False,0,120,30,6000,0.0,0.005,0.0,,
random_control_1,BP,GO:0008593,regulation of Notch signaling pathway,1.0,1.0,False,0,120,26,6000,0.0,0.004333333333333333,0.0,,
random_control_1,BP,GO:0008610,lipid biosynthetic process,1.0,1.0,False,0,120,155,6000,0.0,0.025833333333333333,0.0,,
random_control_1,BP,GO:0008625,extrinsic apoptotic signaling pathway via death domain receptors,1.0,1.0,False,0,120,10,6000,0.0,0.0016666666666666668,0.0,,
random_control_1,BP,GO:0008630,intrinsic apoptotic signaling pathway in response to DNA damage,1.0,1.0,False,0,120,19,6000,0.0,0.0031666666666666666,0.0,,
random_control_1,BP,GO:0008637,apoptotic mitochondrial changes,1.0,1.0,False,0,120,13,6000,0.0,0.0021666666666666666,0.0,,
random_control_1,BP,GO:0008643,carbohydrate transport,0.3052270409204303,1.0,False,1,120,18,6000,0.008333333333333333,0.003,2.7777777777777777,56606,56606
random_control_1,BP,GO:0008645,hexose transmembrane transport,0.2154596450610039,1.0,False,1,120,12,6000,0.008333333333333333,0.002,4.166666666666667,56606,56606
random_control_1,BP,GO:0008652,amino acid biosynthetic process,0.27649816154596496,1.0,False,1,120,16,6000,0.008333333333333333,0.0026666666666666666,3.125,4548,4548
random_control_1,BP,GO:0008654,phospholipid biosynthetic process,1.0,1.0,False,0,120,60,6000,0.0,0.01,0.0,,
random_control_1,BP,GO:0009056,catabolic process,0.5455718288956899,1.0,False,12,120,600,6000,0.1,0.1,1.0,328;948;1965;5261;8031;8405;23324;51752;54439;57531;112937;205251,112937;1965;205251;23324;328;51752;5261;54439;57531;8031;8405;948
random_control_1,BP,GO:0009057,macromolecule catabolic process,0.6451988450645134,1.0,False,6,120,327,6000,0.05,0.0545,0.9174311926605505,328;5261;8405;23324;54439;57531,23324;328;5261;54439;57531;8405
random_control_1,BP,GO:0009058,biosynthetic process,0.6022766262406738,1.0,False,20,120,1033,6000,0.16666666666666666,0.17216666666666666,0.968054211035818,328;1965;2301;2683;4548;4790;5328;5430;6238;7057;10575;10623;29904;51360;56257;79039;79048;221078;353267;643136,10575;10623;1965;221078;2301;2683;29904;328;353267;4548;4790;51360;5328;5430;56257;6238;643136;7057;79039;79048
random_control_1,BP,GO:0009059,macromolecule biosynthetic process,0.16237228008635077,1.0,False,19,120,749,6000,0.15833333333333333,0.12483333333333334,1.268357810413885,328;1965;2301;2683;4790;5328;5430;6238;7057;10575;10623;29904;51360;56257;79039;79048;221078;353267;643136,10575;10623;1965;221078;2301;2683;29904;328;353267;4790;51360;5328;5430;56257;6238;643136;7057;79039;79048
random_control_1,BP,GO:0009060,aerobic respiration,1.0,1.0,False,0,120,51,6000,0.0,0.0085,0.0,,
random_control_1,BP,GO:0009062,fatty acid catabolic process,0.4327558689318889,1.0,False,1,120,28,6000,0.008333333333333333,0.004666666666666667,1.7857142857142856,205251,205251
random_control_1,BP,GO:0009063,amino acid catabolic process,1.0,1.0,False,0,120,44,6000,0.0,0.007333333333333333,0.0,,
random_control_1,BP,GO:0009072,aromatic amino acid metabolic process,1.0,1.0,False,0,120,11,6000,0.0,0.0018333333333333333,0.0,,
random_control_1,BP,GO:0009100,glycoprotein metabolic process,0.547353138137202,1.0,False,2,120,91,6000,0.016666666666666666,0.015166666666666667,1.0989010989010988,2683;23324,23324;2683
random_control_1,BP,GO:0009101,glycoprotein biosynthetic process,0.7732279211339425,1.0,False,1,120,73,6000,0.008333333333333333,0.012166666666666666,0.6849315068493151,2683,2683
random_control_1,BP,GO:0009112,nucleobase metabolic process,1.0,1.0,False,0,120,12,6000,0.0,0.002,0.0,,
random_control_1,BP,GO:0009116,nucleoside metabolic process,0.1994186086676354,1.0,False,1,120,11,6000,0.008333333333333333,0.0018333333333333333,4.545454545454546,10768,10768
random_control_1,BP,GO:0009117,nucleotide metabolic process,0.8893945437829911,1.0,False,1,120,108,6000,0.008333333333333333,0.018,0.46296296296296297,729020,729020
random_control_1,BP,GO:0009123,nucleoside monophosphate metabolic process,1.0,1.0,False,0,120,21,6000,0.0,0.0035,0.0,,
random_control_1,BP,GO:0009126,purine nucleoside monophosphate metabolic process,1.0,1.0,False,0,120,15,6000,0.0,0.0025,0.0,,
random_control_1,BP,GO:0009132,nucleoside diphosphate metabolic process,1.0,1.0,False,0,120,15,6000,0.0,0.0025,0.0,,
random_control_1,BP,GO:0009135,purine nucleoside diphosphate metabolic process,1.0,1.0,False,0,120,12,6000,0.0,0.002,0.0,,
random_control_1,BP,GO:0009141,nucleoside triphosphate metabolic process,1.0,1.0,False,0,120,48,6000,0.0,0.008,0.0,,
random_control_1,BP,GO:0009142,nucleoside triphosphate biosynthetic process,1.0,1.0,False,0,120,26,6000,0.0,0.004333333333333333,0.0,,
random_control_1,BP,GO:0009144,purine nucleoside triphosphate metabolic process,1.0,1.0,False,0,120,46,6000,0.0,0.007666666666666666,0.0,,
random_control_1,BP,GO:0009145,purine nucleoside triphosphate biosynthetic process,1.0,1.0,False,0,120,23,6000,0.0,0.003833333333333333,0.0,,
random_control_1,BP,GO:0009150,purine ribonucleotide metabolic process,1.0,1.0,False,0,120,70,6000,0.0,0.011666666666666667,0.0,,
random_control_1,BP,GO:0009152,purine ribonucleotide biosynthetic process,1.0,1.0,False,0,120,41,6000,0.0,0.006833333333333334,0.0,,
random_control_1,BP,GO:0009154,purine ribonucleotide catabolic process,1.0,1.0,False,0,120,14,6000,0.0,0.0023333333333333335,0.0,,
random_control_1,BP,GO:0009165,nucleotide biosynthetic process,1.0,1.0,False,0,120,55,6000,0.0,0.009166666666666667,0.0,,
random_control_1,BP,GO:0009166,nucleotide catabolic process,1.0,1.0,False,0,120,22,6000,0.0,0.0036666666666666666,0.0,,
random_control_1,BP,GO:0009167,purine ribonucleoside monophosphate metabolic process,1.0,1.0,False,0,120,14,6000,0.0,0.0023333333333333335,0.0,,
random_control_1,BP,GO:0009179,purine ribonucleoside diphosphate metabolic process,1.0,1.0,False,0,120,12,6000,0.0,0.002,0.0,,
random_control_1,BP,GO:0009185,ribonucleoside diphosphate metabolic process,1.0,1.0,False,0,120,15,6000,0.0,0.0025,0.0,,
random_control_1,BP,GO:0009187,cyclic nucleotide metabolic process,1.0,1.0,False,0,120,12,6000,0.0,0.002,0.0,,
random_control_1,BP,GO:0009201,ribonucleoside triphosphate biosynthetic process,1.0,1.0,False,0,120,26,6000,0.0,0.004333333333333333,0.0,,
random_control_1,BP,GO:0009205,purine ribonucleoside triphosphate metabolic process,1.0,1.0,False,0,120,44,6000,0.0,0.007333333333333333,0.0,,
random_control_1,BP,GO:0009206,purine ribonucleoside triphosphate biosynthetic process,1.0,1.0,False,0,120,23,6000,0.0,0.003833333333333333,0.0,,
random_control_1,BP,GO:0009218,pyrimidine ribonucleotide metabolic process,1.0,1.0,False,0,120,10,6000,0.0,0.0016666666666666668,0.0,,
random_control_1,BP,GO:0009225,nucleotide-sugar metabolic process,1.0,1.0,False,0,120,12,6000,0.0,0.002,0.0,,
random_control_1,BP,GO:0009226,nucleotide-sugar biosynthetic process,1.0,1.0,False,0,120,10,6000,0.0,0.0016666666666666668,0.0,,
random_control_1,BP,GO:0009247,glycolipid biosynthetic process,1.0,1.0,False,0,120,29,6000,0.0,0.004833333333333334,0.0,,
random_control_1,BP,GO:0009259,ribonucleotide metabolic process,1.0,1.0,False,0,120,78,6000,0.0,0.013,0.0,,
random_control_1,BP,GO:0009260,ribonucleotide biosynthetic process,1.0,1.0,False,0,120,45,6000,0.0,0.0075,0.0,,
random_control_1,BP,GO:0009261,ribonucleotide catabolic process,1.0,1.0,False,0,120,19,6000,0.0,0.0031666666666666666,0.0,,
random_control_1,BP,GO:0009266,response to temperature stimulus,0.14741111319620218,1.0,False,2,120,34,6000,0.016666666666666666,0.005666666666666667,2.941176470588235,1965;7057,1965;7057
random_control_1,BP,GO:0009267,cellular response to starvation,0.3675770648649201,1.0,False,2,120,64,6000,0.016666666666666666,0.010666666666666666,1.5625,1965;56924,1965;56924
random_control_1,BP,GO:0009268,response to pH,1.0,1.0,False,0,120,14,6000,0.0,0.0023333333333333335,0.0,,
random_control_1,BP,GO:0009299,mRNA transcription,0.022967208340582274,1.0,False,2,120,12,6000,0.016666666666666666,0.002,8.333333333333334,2301;5430,2301;5430
random_control_1,BP,GO:0009306,protein secretion,0.3593341011387844,1.0,False,1,120,22,6000,0.008333333333333333,0.0036666666666666666,2.272727272727273,4253,4253
random_control_1,BP,GO:0009308,amine metabolic process,1.0,1.0,False,0,120,13,6000,0.0,0.0021666666666666666,0.0,,
random_control_1,BP,GO:0009311,oligosaccharide metabolic process,0.06506145238298199,1.0,False,2,120,21,6000,0.016666666666666666,0.0035,4.761904761904762,2683;23324,23324;2683
random_control_1,BP,GO:0009312,oligosaccharide biosynthetic process,0.2154596450610039,1.0,False,1,120,12,6000,0.008333333333333333,0.002,4.166666666666667,2683,2683
random_control_1,BP,GO:0009314,response to radiation,0.8722712709474918,1.0,False,1,120,101,6000,0.008333333333333333,0.016833333333333332,0.4950495049504951,1965,1965
random_control_1,BP,GO:0009394,2'-deoxyribonucleotide metabolic process,1.0,1.0,False,0,120,11,6000,0.0,0.0018333333333333333,0.0,,
random_control_1,BP,GO:0009395,phospholipid catabolic process,1.0,1.0,False,0,120,21,6000,0.0,0.0035,0.0,,
random_control_1,BP,GO:0009408,response to heat,0.06506145238298199,1.0,False,2,120,21,6000,0.016666666666666666,0.0035,4.761904761904762,1965;7057,1965;7057
random_control_1,BP,GO:0009409,response to cold,1.0,1.0,False,0,120,11,6000,0.0,0.0018333333333333333,0.0,,
random_control_1,BP,GO:0009410,response to xenobiotic stimulus,0.8870954523667359,1.0,False,1,120,107,6000,0.008333333333333333,0.017833333333333333,0.4672897196261682,7057,7057
random_control_1,BP,GO:0009411,response to UV,0.5079261327301264,1.0,False,1,120,35,6000,0.008333333333333333,0.005833333333333334,1.4285714285714284,1965,1965
random_control_1,BP,GO:0009416,response to light stimulus,0.7867270707647809,1.0,False,1,120,76,6000,0.008333333333333333,0.012666666666666666,0.6578947368421053,1965,1965
random_control_1,BP,GO:0009451,RNA modification,0.10094469290395684,1.0,False,3,120,56,6000,0.025,0.009333333333333334,2.6785714285714284,56257;221078;353267,221078;353267;56257
random_control_1,BP,GO:0009566,fertilization,1.0,1.0,False,0,120,37,6000,0.0,0.006166666666666667,0.0,,
random_control_1,BP,GO:0009581,detection of external stimulus,1.0,1.0,False,0,120,29,6000,0.0,0.004833333333333334,0.0,,
random_control_1,BP,GO:0009582,detection of abiotic stimulus,1.0,1.0,False,0,120,29,6000,0.0,0.004833333333333334,0.0,,
random_control_1,BP,GO:0009583,detection of light stimulus,1.0,1.0,False,0,120,16,6000,0.0,0.0026666666666666666,0.0,,
random_control_1,BP,GO:0009593,detection of chemical stimulus,0.5999077350649085,1.0,False,3,120,154,6000,0.025,0.025666666666666667,0.974025974025974,8383;120586;391107,120586;391107;8383
random_control_1,BP,GO:0009605,response to external stimulus,0.6329980913311987,1.0,False,9,120,481,6000,0.075,0.08016666666666666,0.9355509355509356,948;1232;3759;4790;5328;5493;5966;7057;51752,1232;3759;4790;51752;5328;5493;5966;7057;948
random_control_1,BP,GO:0009607,response to biotic stimulus,0.9232964664042592,1.0,False,4,120,347,6000,0.03333333333333333,0.057833333333333334,0.5763688760806917,948;4790;5966;51752,4790;51752;5966;948
random_control_1,BP,GO:0009611,response to wounding,0.010462461022529923,1.0,False,6,120,93,6000,0.05,0.0155,3.2258064516129035,948;4548;5493;7057;118812;221477,118812;221477;4548;5493;7057;948
random_control_1,BP,GO:0009612,response to mechanical stimulus,0.019692128242265017,1.0,False,4,120,52,6000,0.03333333333333333,0.008666666666666666,3.8461538461538463,3759;4790;5493;7057,3759;4790;5493;7057
random_control_1,BP,GO:0009615,response to virus,0.8399076628600162,1.0,False,1,120,90,6000,0.008333333333333333,0.015,0.5555555555555556,4790,4790
random_control_1,BP,GO:0009617,response to bacterium,0.6668463692721658,1.0,False,3,120,170,6000,0.025,0.028333333333333332,0.8823529411764707,948;4790;51752,4790;51752;948
random_control_1,BP,GO:0009620,response to fungus,1.0,1.0,False,0,120,16,6000,0.0,0.0026666666666666666,0.0,,
random_control_1,BP,GO:0009628,response to abiotic stimulus,0.14843868045986688,1.0,False,8,120,260,6000,0.06666666666666667,0.043333333333333335,1.5384615384615383,1965;3759;4352;4790;5493;7057;27347;29904,1965;27347;29904;3759;4352;4790;5493;7057
random_control_1,BP,GO:0009636,response to toxic substance,0.7436363689416589,1.0,False,1,120,67,6000,0.008333333333333333,0.011166666666666667,0.7462686567164178,84560,84560
random_control_1,BP,GO:0009653,anatomical structure morphogenesis,0.4428578510204082,1.0,False,10,120,461,6000,0.08333333333333333,0.07683333333333334,1.0845986984815617,2301;2823;4352;4756;4790;7057;9475;9993;51752;653269,2301;2823;4352;4756;4790;51752;653269;7057;9475;9993
random_control_1,BP,GO:0009719,response to endogenous stimulus,0.02973432296816921,1.0,False,13,120,365,6000,0.10833333333333334,0.060833333333333336,1.7808219178082192,948;1444;2657;3484;4790;7057;8031;9475;10768;26060;27347;29904;79039,10768;1444;26060;2657;27347;29904;3484;4790;7057;79039;8031;9475;948
random_control_1,BP,GO:0009725,response to hormone,0.009837321078154002,1.0,False,11,120,246,6000,0.09166666666666666,0.041,2.235772357723577,1444;3484;4790;7057;8031;9475;10768;26060;27347;29904;79039,10768;1444;26060;27347;29904;3484;4790;7057;79039;8031;9475
random_control_1,BP,GO:0009743,response to carbohydrate,0.6298898327348624,1.0,False,1,120,49,6000,0.008333333333333333,0.008166666666666666,1.0204081632653061,7057,7057
random_control_1,BP,GO:0009746,response to hexose,0.5554857542944451,1.0,False,1,120,40,6000,0.008333333333333333,0.006666666666666667,1.25,7057,7057
random_control_1,BP,GO:0009749,response to glucose,0.5178253555419259,1.0,False,1,120,36,6000,0.008333333333333333,0.006,1.3888888888888888,7057,7057
random_control_1,BP,GO:0009755,hormone-mediated signaling pathway,0.06701596897600118,1.0,False,3,120,47,6000,0.025,0.007833333333333333,3.191489361702128,8031;26060;79039,26060;79039;8031
random_control_1,BP,GO:0009790,embryo development,0.9673496086595245,1.0,False,1,120,167,6000,0.008333333333333333,0.027833333333333335,0.2994011976047904,9475,9475
random_control_1,BP,GO:0009792,embryo development ending in birth or egg hatching,1.0,1.0,False,0,120,76,6000,0.0,0.012666666666666666,0.0,,
random_control_1,BP,GO:0009798,axis specification,1.0,1.0,False,0,120,21,6000,0.0,0.0035,0.0,,
random_control_1,BP,GO:0009799,specification of symmetry,1.0,1.0,False,0,120,19,6000,0.0,0.0031666666666666666,0.0,,
random_control_1,BP,GO:0009855,determination of bilateral symmetry,1.0,1.0,False,0,120,19,6000,0.0,0.0031666666666666666,0.0,,
random_control_1,BP,GO:0009880,embryonic pattern specification,1.0,1.0,False,0,120,16,6000,0.0,0.0026666666666666666,0.0,,
random_control_1,BP,GO:0009887,animal organ morphogenesis,0.6629089463681099,1.0,False,3,120,169,6000,0.025,0.028166666666666666,0.8875739644970415,2301;4790;9993,2301;4790;9993
random_control_1,BP,GO:0009888,tissue development,0.959708622811816,1.0,False,3,120,321,6000,0.025,0.0535,0.4672897196261683,2301;9475;9923,2301;9475;9923
random_control_1,BP,GO:0009889,regulation of biosynthetic process,0.38712154714166336,1.0,False,31,120,1462,6000,0.25833333333333336,0.24366666666666667,1.0601915184678523,328;948;1965;2301;4790;5328;5430;5966;7057;7073;8031;9475;9923;10575;10623;26060;27324;29904;51360;55170;55657;56257;56924;65243;79039;79048;80764;84838;91752;340602;401115,10575;10623;1965;2301;26060;27324;29904;328;340602;401115;4790;51360;5328;5430;55170;55657;56257;56924;5966;65243;7057;7073;79039;79048;8031;80764;84838;91752;9475;948;9923
random_control_1,BP,GO:0009890,negative regulation of biosynthetic process,0.7099479633476927,1.0,False,12,120,674,6000,0.1,0.11233333333333333,0.8902077151335313,328;948;1965;4790;5328;5966;7057;9475;55170;55657;79039;80764,1965;328;4790;5328;55170;55657;5966;7057;79039;80764;9475;948
random_control_1,BP,GO:0009891,positive regulation of biosynthetic process,0.3218010071419303,1.0,False,17,120,747,6000,0.14166666666666666,0.1245,1.1378848728246318,328;948;4790;5430;5966;7057;8031;9475;10575;10623;26060;27324;51360;56257;84838;91752;401115,10575;10623;26060;27324;328;401115;4790;51360;5430;56257;5966;7057;8031;84838;91752;9475;948
random_control_1,BP,GO:0009892,negative regulation of metabolic process,0.841282313554213,1.0,False,13,120,810,6000,0.10833333333333334,0.135,0.8024691358024691,328;948;1965;4790;5328;5966;7057;9475;55170;55657;79039;80764;401115,1965;328;401115;4790;5328;55170;55657;5966;7057;79039;80764;9475;948
random_control_1,BP,GO:0009893,positive regulation of metabolic process,0.5453311245533223,1.0,False,19,120,953,6000,0.15833333333333333,0.15883333333333333,0.9968520461699895,328;948;4790;5261;5430;5966;7057;8031;9475;10575;10623;26060;27324;51360;56257;84838;91752;205251;401115,10575;10623;205251;26060;27324;328;401115;4790;51360;5261;5430;56257;5966;7057;8031;84838;91752;9475;948
random_control_1,BP,GO:0009894,regulation of catabolic process,0.573237757769707,1.0,False,6,120,304,6000,0.05,0.050666666666666665,0.986842105263158,328;5261;9475;55170;205251;401115,205251;328;401115;5261;55170;9475
random_control_1,BP,GO:0009895,negative regulation of catabolic process,0.6559727682409745,1.0,False,2,120,111,6000,0.016666666666666666,0.0185,0.9009009009009009,55170;401115,401115;55170
random_control_1,BP,GO:0009896,positive regulation of catabolic process,0.6259883681478533,1.0,False,3,120,160,6000,0.025,0.02666666666666667,0.9375,5261;9475;205251,205251;5261;9475
random_control_1,BP,GO:0009913,epidermal cell differentiation,1.0,1.0,False,0,120,36,6000,0.0,0.006,0.0,,
random_control_1,BP,GO:0009914,hormone transport,1.0,1.0,False,0,120,19,6000,0.0,0.0031666666666666666,0.0,,
random_control_1,BP,GO:0009948,anterior/posterior axis specification,1.0,1.0,False,0,120,16,6000,0.0,0.0026666666666666666,0.0,,
random_control_1,BP,GO:0009952,anterior/posterior pattern specification,1.0,1.0,False,0,120,35,6000,0.0,0.005833333333333334,0.0,,
random_control_1,BP,GO:0009953,dorsal/ventral pattern formation,1.0,1.0,False,0,120,12,6000,0.0,0.002,0.0,,
random_control_1,BP,GO:0009966,regulation of signal transduction,0.6693793817223105,1.0,False,16,120,863,6000,0.13333333333333333,0.14383333333333334,0.9269988412514484,948;1444;2657;3484;4790;5328;5966;7057;7073;9475;23787;26060;27347;56924;66004;84125,1444;23787;26060;2657;27347;3484;4790;5328;56924;5966;66004;7057;7073;84125;9475;948
random_control_1,BP,GO:0009967,positive regulation of signal transduction,0.5590567911776607,1.0,False,9,120,453,6000,0.075,0.0755,0.9933774834437086,948;1444;4790;5328;5966;7057;7073;9475;27347,1444;27347;4790;5328;5966;7057;7073;9475;948
random_control_1,BP,GO:0009968,negative regulation of signal transduction,0.981382627459079,1.0,False,3,120,369,6000,0.025,0.0615,0.40650406504065045,3484;7057;26060,26060;3484;7057
random_control_1,BP,GO:0009988,cell-cell recognition,1.0,1.0,False,0,120,16,6000,0.0,0.0026666666666666666,0.0,,
random_control_1,BP,GO:0010001,glial cell differentiation,1.0,1.0,False,0,120,37,6000,0.0,0.006166666666666667,0.0,,
random_control_1,BP,GO:0010038,response to metal ion,0.0029427964958306622,1.0,False,7,120,96,6000,0.058333333333333334,0.016,3.6458333333333335,1965;3756;7057;10768;27347;29904;84560,10768;1965;27347;29904;3756;7057;84560
random_control_1,BP,GO:0010039,response to iron ion,1.0,1.0,False,0,120,13,6000,0.0,0.0021666666666666666,0.0,,
random_control_1,BP,GO:0010043,response to zinc ion,0.2910068882529308,1.0,False,1,120,17,6000,0.008333333333333333,0.0028333333333333335,2.941176470588235,84560,84560
random_control_1,BP,GO:0010212,response to ionizing radiation,1.0,1.0,False,0,120,28,6000,0.0,0.004666666666666667,0.0,,
random_control_1,BP,GO:0010232,vascular transport,0.3721945741838406,1.0,False,1,120,23,6000,0.008333333333333333,0.003833333333333333,2.1739130434782608,948,948
random_control_1,BP,GO:0010256,endomembrane system organization,0.7789906177705528,1.0,False,2,120,141,6000,0.016666666666666666,0.0235,0.7092198581560284,57531;65243,57531;65243
random_control_1,BP,GO:0010257,NADH dehydrogenase complex assembly,1.0,1.0,False,0,120,13,6000,0.0,0.0021666666666666666,0.0,,
random_control_1,BP,GO:0010324,membrane invagination,0.0308551485076948,1.0,False,2,120,14,6000,0.016666666666666666,0.0023333333333333335,7.142857142857142,948;7057,7057;948
random_control_1,BP,GO:0010389,regulation of G2/M transition of mitotic cell cycle,1.0,1.0,False,0,120,25,6000,0.0,0.004166666666666667,0.0,,
random_control_1,BP,GO:0010453,regulation of cell fate commitment,1.0,1.0,False,0,120,13,6000,0.0,0.0021666666666666666,0.0,,
random_control_1,BP,GO:0010467,gene expression,0.09578081233892742,1.0,False,18,120,651,6000,0.15,0.1085,1.3824884792626728,328;1965;2301;4790;5328;5430;6238;7057;10575;10623;29904;51360;56257;79039;79048;221078;353267;643136,10575;10623;1965;221078;2301;29904;328;353267;4790;51360;5328;5430;56257;6238;643136;7057;79039;79048
random_control_1,BP,GO:0010468,regulation of gene expression,0.2981957512749326,1.0,False,30,120,1358,6000,0.25,0.22633333333333333,1.1045655375552283,328;948;1965;2301;4790;5328;5430;5966;7057;7073;8031;9475;9923;10623;26060;27324;29904;51360;55170;55657;56257;56924;65243;79039;79048;80764;84838;91752;340602;401115,10623;1965;2301;26060;27324;29904;328;340602;401115;4790;51360;5328;5430;55170;55657;56257;56924;5966;65243;7057;7073;79039;79048;8031;80764;84838;91752;9475;948;9923
random_control_1,BP,GO:0010469,regulation of signaling receptor activity,0.24659164652108712,1.0,False,1,120,14,6000,0.008333333333333333,0.0023333333333333335,3.571428571428571,66004,66004
random_control_1,BP,GO:0010496,intercellular transport,1.0,1.0,False,0,120,12,6000,0.0,0.002,0.0,,
random_control_1,BP,GO:0010498,proteasomal protein catabolic process,0.9404316978762435,1.0,False,1,120,138,6000,0.008333333333333333,0.023,0.36231884057971014,8405,8405
random_control_1,BP,GO:0010506,regulation of autophagy,1.0,1.0,False,0,120,108,6000,0.0,0.018,0.0,,
random_control_1,BP,GO:0010507,negative regulation of autophagy,1.0,1.0,False,0,120,22,6000,0.0,0.0036666666666666666,0.0,,
random_control_1,BP,GO:0010508,positive regulation of autophagy,1.0,1.0,False,0,120,53,6000,0.0,0.008833333333333334,0.0,,
random_control_1,BP,GO:0010526,transposable element silencing,1.0,1.0,False,0,120,13,6000,0.0,0.0021666666666666666,0.0,,
random_control_1,BP,GO:0010543,regulation of platelet activation,1.0,1.0,False,0,120,10,6000,0.0,0.0016666666666666668,0.0,,
random_control_1,BP,GO:0010556,regulation of macromolecule biosynthetic process,0.2794588169943881,1.0,False,31,120,1394,6000,0.25833333333333336,0.23233333333333334,1.1119081779053086,328;948;1965;2301;4790;5328;5430;5966;7057;7073;8031;9475;9923;10575;10623;26060;27324;29904;51360;55170;55657;56257;56924;65243;79039;79048;80764;84838;91752;340602;401115,10575;10623;1965;2301;26060;27324;29904;328;340602;401115;4790;51360;5328;5430;55170;55657;56257;56924;5966;65243;7057;7073;79039;79048;8031;80764;84838;91752;9475;948;9923
random_control_1,BP,GO:0010557,positive regulation of macromolecule biosynthetic process,0.24936192710975696,1.0,False,17,120,710,6000,0.14166666666666666,0.11833333333333333,1.1971830985915493,328;948;4790;5430;5966;7057;8031;9475;10575;10623;26060;27324;51360;56257;84838;91752;401115,10575;10623;26060;27324;328;401115;4790;51360;5430;56257;5966;7057;8031;84838;91752;9475;948
random_control_1,BP,GO:0010558,negative regulation of macromolecule biosynthetic process,0.6541659611708663,1.0,False,12,120,647,6000,0.1,0.10783333333333334,0.9273570324574961,328;948;1965;4790;5328;5966;7057;9475;55170;55657;79039;80764,1965;328;4790;5328;55170;55657;5966;7057;79039;80764;9475;948
random_control_1,BP,GO:0010562,positive regulation of phosphorus metabolic process,1.0,1.0,False,0,120,21,6000,0.0,0.0035,0.0,,
random_control_1,BP,GO:0010564,regulation of cell cycle process,0.49665437091122194,1.0,False,4,120,182,6000,0.03333333333333333,0.030333333333333334,1.0989010989010988,9475;26060;55170;79884,26060;55170;79884;9475
random_control_1,BP,GO:0010565,regulation of ketone metabolic process,0.5732069281268636,1.0,False,1,120,42,6000,0.008333333333333333,0.007,1.1904761904761905,205251,205251
random_control_1,BP,GO:0010566,regulation of ketone biosynthetic process,1.0,1.0,False,0,120,11,6000,0.0,0.0018333333333333333,0.0,,
random_control_1,BP,GO:0010569,regulation of double-strand break repair via homologous recombination,1.0,1.0,False,0,120,24,6000,0.0,0.004,0.0,,
random_control_1,BP,GO:0010574,regulation of vascular endothelial growth factor production,1.0,1.0,False,0,120,12,6000,0.0,0.002,0.0,,
random_control_1,BP,GO:0010575,positive regulation of vascular endothelial growth factor production,1.0,1.0,False,0,120,12,6000,0.0,0.002,0.0,,
random_control_1,BP,GO:0010591,regulation of lamellipodium assembly,1.0,1.0,False,0,120,13,6000,0.0,0.0021666666666666666,0.0,,
random_control_1,BP,GO:0010594,regulation of endothelial cell migration,0.6065742923968529,1.0,False,1,120,46,6000,0.008333333333333333,0.007666666666666666,1.0869565217391304,7057,7057
random_control_1,BP,GO:0010595,positive regulation of endothelial cell migration,0.4441539425635324,1.0,False,1,120,29,6000,0.008333333333333333,0.004833333333333334,1.7241379310344827,7057,7057
random_control_1,BP,GO:0010596,negative regulation of endothelial cell migration,0.2910068882529308,1.0,False,1,120,17,6000,0.008333333333333333,0.0028333333333333335,2.941176470588235,7057,7057
random_control_1,BP,GO:0010604,positive regulation of macromolecule metabolic process,0.46504072689978243,1.0,False,18,120,864,6000,0.15,0.144,1.0416666666666667,328;948;4790;5261;5430;5966;7057;8031;9475;10575;10623;26060;27324;51360;56257;84838;91752;401115,10575;10623;26060;27324;328;401115;4790;51360;5261;5430;56257;5966;7057;8031;84838;91752;9475;948
random_control_1,BP,GO:0010605,negative regulation of macromolecule metabolic process,0.7584151199454608,1.0,False,13,120,754,6000,0.10833333333333334,0.12566666666666668,0.8620689655172413,328;948;1965;4790;5328;5966;7057;9475;55170;55657;79039;80764;401115,1965;328;401115;4790;5328;55170;55657;5966;7057;79039;80764;9475;948
random_control_1,BP,GO:0010608,post-transcriptional regulation of gene expression,0.02480689841505858,1.0,False,7,120,144,6000,0.058333333333333334,0.024,2.4305555555555554,328;1965;7057;9475;29904;79048;401115,1965;29904;328;401115;7057;79048;9475
random_control_1,BP,GO:0010611,regulation of cardiac muscle hypertrophy,0.3052270409204303,1.0,False,1,120,18,6000,0.008333333333333333,0.003,2.7777777777777777,9475,9475
random_control_1,BP,GO:0010613,positive regulation of cardiac muscle hypertrophy,0.18305237920257855,1.0,False,1,120,10,6000,0.008333333333333333,0.0016666666666666668,5.0,9475,9475
random_control_1,BP,GO:0010628,positive regulation of gene expression,0.23648673934294306,1.0,False,9,120,339,6000,0.075,0.0565,1.327433628318584,328;948;5430;7057;9475;10623;26060;91752;401115,10623;26060;328;401115;5430;7057;91752;9475;948
random_control_1,BP,GO:0010629,negative regulation of gene expression,0.42020414000096146,1.0,False,7,120,308,6000,0.058333333333333334,0.051333333333333335,1.1363636363636362,948;1965;4790;5328;5966;7057;9475,1965;4790;5328;5966;7057;9475;948
random_control_1,BP,GO:0010632,regulation of epithelial cell migration,1.0,1.0,False,0,120,20,6000,0.0,0.0033333333333333335,0.0,,
random_control_1,BP,GO:0010633,negative regulation of epithelial cell migration,1.0,1.0,False,0,120,10,6000,0.0,0.0016666666666666668,0.0,,
random_control_1,BP,GO:0010634,positive regulation of epithelial cell migration,1.0,1.0,False,0,120,10,6000,0.0,0.0016666666666666668,0.0,,
random_control_1,BP,GO:0010638,positive regulation of organelle organization,0.7063778157932283,1.0,False,2,120,122,6000,0.016666666666666666,0.02033333333333333,0.819672131147541,9475;10575,10575;9475
random_control_1,BP,GO:0010639,negative regulation of organelle organization,1.0,1.0,False,0,120,84,6000,0.0,0.014,0.0,,
random_control_1,BP,GO:0010644,cell communication by electrical coupling,1.0,1.0,False,0,120,10,6000,0.0,0.0016666666666666668,0.0,,
random_control_1,BP,GO:0010646,regulation of cell communication,0.7327884046137677,1.0,False,18,120,1004,6000,0.15,0.16733333333333333,0.896414342629482,948;1444;2657;3484;4790;5328;5966;7057;7073;9475;23787;26060;27347;30010;56924;66004;84125;389941,1444;23787;26060;2657;27347;30010;3484;389941;4790;5328;56924;5966;66004;7057;7073;84125;9475;948
random_control_1,BP,GO:0010647,positive regulation of cell communication,0.6977279217668897,1.0,False,9,120,508,6000,0.075,0.08466666666666667,0.8858267716535433,948;1444;4790;5328;5966;7057;7073;9475;27347,1444;27347;4790;5328;5966;7057;7073;9475;948
random_control_1,BP,GO:0010648,negative regulation of cell communication,0.9875099287128927,1.0,False,3,120,393,6000,0.025,0.0655,0.3816793893129771,3484;7057;26060,26060;3484;7057
random_control_1,BP,GO:0010660,regulation of muscle cell apoptotic process,1.0,1.0,False,0,120,16,6000,0.0,0.0026666666666666666,0.0,,
random_control_1,BP,GO:0010662,regulation of striated muscle cell apoptotic process,1.0,1.0,False,0,120,11,6000,0.0,0.0018333333333333333,0.0,,
random_control_1,BP,GO:0010665,regulation of cardiac muscle cell apoptotic process,1.0,1.0,False,0,120,10,6000,0.0,0.0016666666666666668,0.0,,
random_control_1,BP,GO:0010669,epithelial structure maintenance,1.0,1.0,False,0,120,13,6000,0.0,0.0021666666666666666,0.0,,
random_control_1,BP,GO:0010717,regulation of epithelial to mesenchymal transition,1.0,1.0,False,0,120,34,6000,0.0,0.005666666666666667,0.0,,
random_control_1,BP,GO:0010718,positive regulation of epithelial to mesenchymal transition,1.0,1.0,False,0,120,14,6000,0.0,0.0023333333333333335,0.0,,
random_control_1,BP,GO:0010719,negative regulation of epithelial to mesenchymal transition,1.0,1.0,False,0,120,16,6000,0.0,0.0026666666666666666,0.0,,
random_control_1,BP,GO:0010720,positive regulation of cell development,0.6887929150093662,1.0,False,2,120,118,6000,0.016666666666666666,0.019666666666666666,0.8474576271186441,4352;29904,29904;4352
random_control_1,BP,GO:0010721,negative regulation of cell development,1.0,1.0,False,0,120,63,6000,0.0,0.0105,0.0,,
random_control_1,BP,GO:0010743,regulation of macrophage derived foam cell differentiation,0.016072793960387157,1.0,False,2,120,10,6000,0.016666666666666666,0.0016666666666666668,10.0,948;4790,4790;948
random_control_1,BP,GO:0010758,regulation of macrophage chemotaxis,0.18305237920257855,1.0,False,1,120,10,6000,0.008333333333333333,0.0016666666666666668,5.0,7057,7057
random_control_1,BP,GO:0010762,regulation of fibroblast migration,0.019390084552009995,1.0,False,2,120,11,6000,0.016666666666666666,0.0018333333333333333,9.090909090909092,7057;26060,26060;7057
random_control_1,BP,GO:0010770,positive regulation of cell morphogenesis,0.026792625837197194,1.0,False,2,120,13,6000,0.016666666666666666,0.0021666666666666666,7.6923076923076925,4352;29904,29904;4352
random_control_1,BP,GO:0010803,regulation of tumor necrosis factor-mediated signaling pathway,1.0,1.0,False,0,120,24,6000,0.0,0.004,0.0,,
random_control_1,BP,GO:0010804,negative regulation of tumor necrosis factor-mediated signaling pathway,1.0,1.0,False,0,120,10,6000,0.0,0.0016666666666666668,0.0,,
random_control_1,BP,GO:0010810,regulation of cell-substrate adhesion,0.015039792406479463,1.0,False,4,120,48,6000,0.03333333333333333,0.008,4.166666666666667,948;5328;7057;9475,5328;7057;9475;948
random_control_1,BP,GO:0010811,positive regulation of cell-substrate adhesion,0.4441539425635324,1.0,False,1,120,29,6000,0.008333333333333333,0.004833333333333334,1.7241379310344827,948,948
random_control_1,BP,GO:0010812,negative regulation of cell-substrate adhesion,0.2616950548768287,1.0,False,1,120,15,6000,0.008333333333333333,0.0025,3.333333333333333,7057,7057
random_control_1,BP,GO:0010817,regulation of hormone levels,1.0,1.0,False,0,120,149,6000,0.0,0.024833333333333332,0.0,,
random_control_1,BP,GO:0010821,regulation of mitochondrion organization,0.48751910067913096,1.0,False,1,120,33,6000,0.008333333333333333,0.0055,1.5151515151515151,55170,55170
random_control_1,BP,GO:0010824,regulation of centrosome duplication,0.18305237920257855,1.0,False,1,120,10,6000,0.008333333333333333,0.0016666666666666668,5.0,9475,9475
random_control_1,BP,GO:0010827,regulation of D-glucose transmembrane transport,0.23118189666298758,1.0,False,1,120,13,6000,0.008333333333333333,0.0021666666666666666,3.8461538461538463,26060,26060
random_control_1,BP,GO:0010837,regulation of keratinocyte proliferation,1.0,1.0,False,0,120,12,6000,0.0,0.002,0.0,,
random_control_1,BP,GO:0010874,regulation of cholesterol efflux,0.2154596450610039,1.0,False,1,120,12,6000,0.008333333333333333,0.002,4.166666666666667,4790,4790
random_control_1,BP,GO:0010876,lipid localization,0.5989800517454676,1.0,False,2,120,100,6000,0.016666666666666666,0.016666666666666666,1.0,948;57655,57655;948
random_control_1,BP,GO:0010880,regulation of release of sequestered calcium ion into cytosol by sarcoplasmic reticulum,1.0,1.0,False,0,120,14,6000,0.0,0.0023333333333333335,0.0,,
random_control_1,BP,GO:0010882,regulation of cardiac muscle contraction by calcium ion signaling,1.0,1.0,False,0,120,14,6000,0.0,0.0023333333333333335,0.0,,
random_control_1,BP,GO:0010883,regulation of lipid storage,0.0308551485076948,1.0,False,2,120,14,6000,0.016666666666666666,0.0023333333333333335,7.142857142857142,948;4790,4790;948
random_control_1,BP,GO:0010893,positive regulation of steroid biosynthetic process,0.18305237920257855,1.0,False,1,120,10,6000,0.008333333333333333,0.0016666666666666668,5.0,51360,51360
random_control_1,BP,GO:0010894,negative regulation of steroid biosynthetic process,0.1994186086676354,1.0,False,1,120,11,6000,0.008333333333333333,0.0018333333333333333,4.545454545454546,4790,4790
random_control_1,BP,GO:0010906,regulation of glucose metabolic process,0.11360980724587899,1.0,False,2,120,29,6000,0.016666666666666666,0.004833333333333334,3.4482758620689653,5261;55657,5261;55657
random_control_1,BP,GO:0010907,positive regulation of glucose metabolic process,0.2616950548768287,1.0,False,1,120,15,6000,0.008333333333333333,0.0025,3.333333333333333,5261,5261
random_control_1,BP,GO:0010927,cellular component assembly involved in morphogenesis,1.0,1.0,False,0,120,34,6000,0.0,0.005666666666666667,0.0,,
random_control_1,BP,GO:0010948,negative regulation of cell cycle process,1.0,1.0,False,0,120,64,6000,0.0,0.010666666666666666,0.0,,
random_control_1,BP,GO:0010959,regulation of metal ion transport,0.2902371197019739,1.0,False,3,120,94,6000,0.025,0.015666666666666666,1.595744680851064,3759;10768;27347,10768;27347;3759
random_control_1,BP,GO:0010962,regulation of glucan biosynthetic process,1.0,1.0,False,0,120,11,6000,0.0,0.0018333333333333333,0.0,,
random_control_1,BP,GO:0010965,regulation of mitotic sister chromatid separation,1.0,1.0,False,0,120,18,6000,0.0,0.003,0.0,,
random_control_1,BP,GO:0010970,transport along microtubule,1.0,1.0,False,0,120,58,6000,0.0,0.009666666666666667,0.0,,
random_control_1,BP,GO:0010972,negative regulation of G2/M transition of mitotic cell cycle,1.0,1.0,False,0,120,18,6000,0.0,0.003,0.0,,
random_control_1,BP,GO:0010975,regulation of neuron projection development,0.7106439886027859,1.0,False,2,120,123,6000,0.016666666666666666,0.0205,0.8130081300813008,29904;91752,29904;91752
random_control_1,BP,GO:0010976,positive regulation of neuron projection development,0.21217351385351615,1.0,False,2,120,43,6000,0.016666666666666666,0.007166666666666667,2.3255813953488373,29904;91752,29904;91752
random_control_1,BP,GO:0010977,negative regulation of neuron projection development,1.0,1.0,False,0,120,35,6000,0.0,0.005833333333333334,0.0,,
random_control_1,BP,GO:0012501,programmed cell death,0.6468287956203818,1.0,False,3,120,165,6000,0.025,0.0275,0.9090909090909092,328;7073;56924,328;56924;7073
random_control_1,BP,GO:0014003,oligodendrocyte development,1.0,1.0,False,0,120,10,6000,0.0,0.0016666666666666668,0.0,,
random_control_1,BP,GO:0014013,regulation of gliogenesis,1.0,1.0,False,0,120,20,6000,0.0,0.0033333333333333335,0.0,,
random_control_1,BP,GO:0014015,positive regulation of gliogenesis,1.0,1.0,False,0,120,13,6000,0.0,0.0021666666666666666,0.0,,
random_control_1,BP,GO:0014032,neural crest cell development,1.0,1.0,False,0,120,15,6000,0.0,0.0025,0.0,,
random_control_1,BP,GO:0014033,neural crest cell differentiation,1.0,1.0,False,0,120,17,6000,0.0,0.0028333333333333335,0.0,,
random_control_1,BP,GO:0014074,response to purine-containing compound,0.5370351507111182,1.0,False,1,120,38,6000,0.008333333333333333,0.006333333333333333,1.3157894736842106,29904,29904
random_control_1,BP,GO:0014706,striated muscle tissue development,1.0,1.0,False,0,120,50,6000,0.0,0.008333333333333333,0.0,,
random_control_1,BP,GO:0014742,positive regulation of muscle hypertrophy,0.1994186086676354,1.0,False,1,120,11,6000,0.008333333333333333,0.0018333333333333333,4.545454545454546,9475,9475
random_control_1,BP,GO:0014743,regulation of muscle hypertrophy,0.3328242822494307,1.0,False,1,120,20,6000,0.008333333333333333,0.0033333333333333335,2.5,9475,9475
random_control_1,BP,GO:0014823,response to activity,1.0,1.0,False,0,120,26,6000,0.0,0.004333333333333333,0.0,,
random_control_1,BP,GO:0014850,response to muscle activity,1.0,1.0,False,0,120,11,6000,0.0,0.0018333333333333333,0.0,,
random_control_1,BP,GO:0014902,myotube differentiation,0.27649816154596496,1.0,False,1,120,16,6000,0.008333333333333333,0.0026666666666666666,3.125,3756,3756
random_control_1,BP,GO:0014910,regulation of smooth muscle cell migration,0.23118189666298758,1.0,False,1,120,13,6000,0.008333333333333333,0.0021666666666666666,3.8461538461538463,5328,5328
random_control_1,BP,GO:0015031,protein transport,0.0668858284320747,1.0,False,8,120,216,6000,0.06666666666666667,0.036,1.8518518518518519,948;4253;6238;6748;8031;11231;23787;26060,11231;23787;26060;4253;6238;6748;8031;948
random_control_1,BP,GO:0015698,inorganic anion transport,1.0,1.0,False,0,120,38,6000,0.0,0.006333333333333333,0.0,,
random_control_1,BP,GO:0015718,monocarboxylic acid transport,0.6446668745332489,1.0,False,1,120,51,6000,0.008333333333333333,0.0085,0.9803921568627451,948,948
random_control_1,BP,GO:0015721,bile acid and bile salt transport,1.0,1.0,False,0,120,11,6000,0.0,0.0018333333333333333,0.0,,
random_control_1,BP,GO:0015748,organophosphate ester transport,1.0,1.0,False,0,120,55,6000,0.0,0.009166666666666667,0.0,,
random_control_1,BP,GO:0015749,monosaccharide transmembrane transport,0.24659164652108712,1.0,False,1,120,14,6000,0.008333333333333333,0.0023333333333333335,3.571428571428571,56606,56606
random_control_1,BP,GO:0015800,acidic amino acid transport,1.0,1.0,False,0,120,10,6000,0.0,0.0016666666666666668,0.0,,
random_control_1,BP,GO:0015804,neutral amino acid transport,1.0,1.0,False,0,120,14,6000,0.0,0.0023333333333333335,0.0,,
random_control_1,BP,GO:0015807,L-amino acid transport,1.0,1.0,False,0,120,18,6000,0.0,0.003,0.0,,
random_control_1,BP,GO:0015833,peptide transport,0.3462124237427534,1.0,False,1,120,21,6000,0.008333333333333333,0.0035,2.380952380952381,6891,6891
random_control_1,BP,GO:0015849,organic acid transport,0.8431582686902698,1.0,False,1,120,91,6000,0.008333333333333333,0.015166666666666667,0.5494505494505494,948,948
random_control_1,BP,GO:0015850,organic hydroxy compound transport,0.24182623966434164,1.0,False,2,120,47,6000,0.016666666666666666,0.007833333333333333,2.127659574468085,948;57655,57655;948
random_control_1,BP,GO:0015865,purine nucleotide transport,1.0,1.0,False,0,120,17,6000,0.0,0.0028333333333333335,0.0,,
random_control_1,BP,GO:0015867,ATP transport,1.0,1.0,False,0,120,13,6000,0.0,0.0021666666666666666,0.0,,
random_control_1,BP,GO:0015868,purine ribonucleotide transport,1.0,1.0,False,0,120,17,6000,0.0,0.0028333333333333335,0.0,,
random_control_1,BP,GO:0015908,fatty acid transport,0.46627310055397503,1.0,False,1,120,31,6000,0.008333333333333333,0.005166666666666667,1.6129032258064515,948,948
random_control_1,BP,GO:0015909,long-chain fatty acid transport,0.3462124237427534,1.0,False,1,120,21,6000,0.008333333333333333,0.0035,2.380952380952381,948,948
random_control_1,BP,GO:0015914,phospholipid transport,1.0,1.0,False,0,120,29,6000,0.0,0.004833333333333334,0.0,,
random_control_1,BP,GO:0015918,sterol transport,0.05435616301807822,1.0,False,2,120,19,6000,0.016666666666666666,0.0031666666666666666,5.2631578947368425,948;57655,57655;948
random_control_1,BP,GO:0015931,nucleobase-containing compound transport,0.6855774707694965,1.0,False,1,120,57,6000,0.008333333333333333,0.0095,0.8771929824561404,643136,643136
random_control_1,BP,GO:0015980,energy derivation by oxidation of organic compounds,0.4033029634689686,1.0,False,2,120,69,6000,0.016666666666666666,0.0115,1.4492753623188406,5261;205251,205251;5261
random_control_1,BP,GO:0015986,proton motive force-driven ATP synthesis,1.0,1.0,False,0,120,21,6000,0.0,0.0035,0.0,,
random_control_1,BP,GO:0016032,viral process,1.0,1.0,False,0,120,51,6000,0.0,0.0085,0.0,,
random_control_1,BP,GO:0016042,lipid catabolic process,0.8463434113129077,1.0,False,1,120,92,6000,0.008333333333333333,0.015333333333333332,0.5434782608695652,205251,205251
random_control_1,BP,GO:0016043,cellular component organization,0.6666103444182723,1.0,False,29,120,1530,6000,0.24166666666666667,0.255,0.9477124183006536,328;948;1965;2823;3759;4146;4253;4548;4756;5493;7057;9475;11155;23787;25981;26060;27347;55170;56924;57531;65243;79884;80764;205251;221477;340602;389941;653269;114483833,11155;114483833;1965;205251;221477;23787;25981;26060;27347;2823;328;340602;3759;389941;4146;4253;4548;4756;5493;55170;56924;57531;65243;653269;7057;79884;80764;9475;948
random_control_1,BP,GO:0016049,cell growth,1.0,1.0,False,0,120,27,6000,0.0,0.0045,0.0,,
random_control_1,BP,GO:0016050,vesicle organization,0.8916472007324211,1.0,False,1,120,109,6000,0.008333333333333333,0.018166666666666668,0.4587155963302752,4253,4253
random_control_1,BP,GO:0016051,carbohydrate biosynthetic process,0.5079261327301264,1.0,False,1,120,35,6000,0.008333333333333333,0.005833333333333334,1.4285714285714284,2683,2683
random_control_1,BP,GO:0016052,carbohydrate catabolic process,0.011623660356766164,1.0,False,3,120,24,6000,0.025,0.004,6.25,5261;23324;112937,112937;23324;5261
random_control_1,BP,GO:0016055,Wnt signaling pathway,1.0,1.0,False,0,120,47,6000,0.0,0.007833333333333333,0.0,,
random_control_1,BP,GO:0016064,immunoglobulin mediated immune response,1.0,1.0,False,0,120,18,6000,0.0,0.003,0.0,,
random_control_1,BP,GO:0016070,RNA metabolic process,0.3275627379232269,1.0,False,10,120,419,6000,0.08333333333333333,0.06983333333333333,1.1933174224343674,328;2301;4790;5430;10623;54439;56257;79039;221078;353267,10623;221078;2301;328;353267;4790;5430;54439;56257;79039
random_control_1,BP,GO:0016071,mRNA metabolic process,0.5586597479282946,1.0,False,3,120,145,6000,0.025,0.024166666666666666,1.0344827586206897,2301;5430;353267,2301;353267;5430
random_control_1,BP,GO:0016072,rRNA metabolic process,0.41033742113857935,1.0,False,2,120,70,6000,0.016666666666666666,0.011666666666666667,1.4285714285714284,79039;221078,221078;79039
random_control_1,BP,GO:0016073,snRNA metabolic process,0.3462124237427534,1.0,False,1,120,21,6000,0.008333333333333333,0.0035,2.380952380952381,56257,56257
random_control_1,BP,GO:0016079,synaptic vesicle exocytosis,1.0,1.0,False,0,120,13,6000,0.0,0.0021666666666666666,0.0,,
random_control_1,BP,GO:0016101,diterpenoid metabolic process,1.0,1.0,False,0,120,25,6000,0.0,0.004166666666666667,0.0,,
random_control_1,BP,GO:0016125,sterol metabolic process,0.46627310055397503,1.0,False,1,120,31,6000,0.008333333333333333,0.005166666666666667,1.6129032258064515,51360,51360
random_control_1,BP,GO:0016126,sterol biosynthetic process,1.0,1.0,False,0,120,11,6000,0.0,0.0018333333333333333,0.0,,
random_control_1,BP,GO:0016180,snRNA processing,0.27649816154596496,1.0,False,1,120,16,6000,0.008333333333333333,0.0026666666666666666,3.125,56257,56257
random_control_1,BP,GO:0016192,vesicle-mediated transport,0.9900917377148518,1.0,False,2,120,322,6000,0.016666666666666666,0.05366666666666667,0.3105590062111801,948;4253,4253;948
random_control_1,BP,GO:0016197,endosomal transport,1.0,1.0,False,0,120,92,6000,0.0,0.015333333333333332,0.0,,
random_control_1,BP,GO:0016236,macroautophagy,0.7436363689416589,1.0,False,1,120,67,6000,0.008333333333333333,0.011166666666666667,0.7462686567164178,1965,1965
random_control_1,BP,GO:0016239,positive regulation of macroautophagy,1.0,1.0,False,0,120,28,6000,0.0,0.004666666666666667,0.0,,
random_control_1,BP,GO:0016241,regulation of macroautophagy,1.0,1.0,False,0,120,54,6000,0.0,0.009,0.0,,
random_control_1,BP,GO:0016310,phosphorylation,0.12185038281334978,1.0,False,4,120,95,6000,0.03333333333333333,0.015833333333333335,2.1052631578947367,5261;9475;27347;29904,27347;29904;5261;9475
random_control_1,BP,GO:0016311,dephosphorylation,1.0,1.0,False,0,120,31,6000,0.0,0.005166666666666667,0.0,,
random_control_1,BP,GO:0016331,morphogenesis of embryonic epithelium,1.0,1.0,False,0,120,17,6000,0.0,0.0028333333333333335,0.0,,
random_control_1,BP,GO:0016339,calcium-dependent cell-cell adhesion,1.0,1.0,False,0,120,10,6000,0.0,0.0016666666666666668,0.0,,
random_control_1,BP,GO:0016358,dendrite development,1.0,1.0,False,0,120,23,6000,0.0,0.003833333333333333,0.0,,
random_control_1,BP,GO:0016441,post-transcriptional gene silencing,1.0,1.0,False,0,120,15,6000,0.0,0.0025,0.0,,
random_control_1,BP,GO:0016444,somatic cell DNA recombination,1.0,1.0,False,0,120,10,6000,0.0,0.0016666666666666668,0.0,,
random_control_1,BP,GO:0016445,somatic diversification of immunoglobulins,1.0,1.0,False,0,120,10,6000,0.0,0.0016666666666666668,0.0,,
random_control_1,BP,GO:0016477,cell migration,0.6753078975141227,1.0,False,4,120,228,6000,0.03333333333333333,0.038,0.8771929824561404,1232;2823;4756;7057,1232;2823;4756;7057
random_control_1,BP,GO:0016482,cytosolic transport,1.0,1.0,False,0,120,47,6000,0.0,0.007833333333333333,0.0,,
random_control_1,BP,GO:0016485,protein processing,0.6065742923968529,1.0,False,1,120,46,6000,0.008333333333333333,0.007666666666666666,1.0869565217391304,5328,5328
random_control_1,BP,GO:0016525,negative regulation of angiogenesis,0.019523607102497773,1.0,False,3,120,29,6000,0.025,0.004833333333333334,5.172413793103448,948;7057;9475,7057;9475;948
random_control_1,BP,GO:0016567,protein ubiquitination,0.8431507927295173,1.0,False,2,120,163,6000,0.016666666666666666,0.027166666666666665,0.6134969325153374,8405;57531,57531;8405
random_control_1,BP,GO:0016579,protein deubiquitination,1.0,1.0,False,0,120,24,6000,0.0,0.004,0.0,,
random_control_1,BP,GO:0016925,protein sumoylation,1.0,1.0,False,0,120,16,6000,0.0,0.0026666666666666666,0.0,,
random_control_1,BP,GO:0017004,cytochrome complex assembly,1.0,1.0,False,0,120,19,6000,0.0,0.0031666666666666666,0.0,,
random_control_1,BP,GO:0017015,regulation of transforming growth factor beta receptor signaling pathway,0.5984832752739089,1.0,False,1,120,45,6000,0.008333333333333333,0.0075,1.1111111111111112,7057,7057
random_control_1,BP,GO:0017148,negative regulation of translation,0.5370351507111182,1.0,False,1,120,38,6000,0.008333333333333333,0.006333333333333333,1.3157894736842106,1965,1965
random_control_1,BP,GO:0017157,regulation of exocytosis,1.0,1.0,False,0,120,46,6000,0.0,0.007666666666666666,0.0,,
random_control_1,BP,GO:0018108,peptidyl-tyrosine phosphorylation,1.0,1.0,False,0,120,14,6000,0.0,0.0023333333333333335,0.0,,
random_control_1,BP,GO:0018205,peptidyl-lysine modification,1.0,1.0,False,0,120,28,6000,0.0,0.004666666666666667,0.0,,
random_control_1,BP,GO:0018958,phenol-containing compound metabolic process,1.0,1.0,False,0,120,15,6000,0.0,0.0025,0.0,,
random_control_1,BP,GO:0019058,viral life cycle,1.0,1.0,False,0,120,36,6000,0.0,0.006,0.0,,
random_control_1,BP,GO:0019080,viral gene expression,1.0,1.0,False,0,120,12,6000,0.0,0.002,0.0,,
random_control_1,BP,GO:0019216,regulation of lipid metabolic process,0.3673112586051334,1.0,False,3,120,108,6000,0.025,0.018,1.388888888888889,4790;51360;205251,205251;4790;51360
random_control_1,BP,GO:0019217,regulation of fatty acid metabolic process,0.4327558689318889,1.0,False,1,120,28,6000,0.008333333333333333,0.004666666666666667,1.7857142857142856,205251,205251
random_control_1,BP,GO:0019218,regulation of steroid metabolic process,0.1685640436608267,1.0,False,2,120,37,6000,0.016666666666666666,0.006166666666666667,2.7027027027027026,4790;51360,4790;51360
random_control_1,BP,GO:0019219,regulation of nucleobase-containing compound metabolic process,0.33128006878305805,1.0,False,24,120,1088,6000,0.2,0.18133333333333335,1.1029411764705883,328;948;2301;4790;5430;5966;7073;8031;9475;9923;10575;10623;10768;27324;51360;55170;55657;56257;56924;65243;79039;80764;84838;401115,10575;10623;10768;2301;27324;328;401115;4790;51360;5430;55170;55657;56257;56924;5966;65243;7073;79039;8031;80764;84838;9475;948;9923
random_control_1,BP,GO:0019221,cytokine-mediated signaling pathway,0.09940252986483615,1.0,False,5,120,123,6000,0.041666666666666664,0.0205,2.0325203252032518,1232;4352;4790;26060;27347,1232;26060;27347;4352;4790
random_control_1,BP,GO:0019222,regulation of metabolic process,0.49607648071840194,1.0,False,35,120,1726,6000,0.2916666666666667,0.2876666666666667,1.0139049826187718,328;948;1965;2301;4790;5261;5328;5430;5966;7057;7073;8031;8405;9475;9923;10575;10623;10768;26060;27324;29904;51360;55170;55657;56257;56924;65243;79039;79048;80764;84838;91752;205251;340602;401115,10575;10623;10768;1965;205251;2301;26060;27324;29904;328;340602;401115;4790;51360;5261;5328;5430;55170;55657;56257;56924;5966;65243;7057;7073;79039;79048;8031;80764;8405;84838;91752;9475;948;9923
random_control_1,BP,GO:0019229,regulation of vasoconstriction,1.0,1.0,False,0,120,20,6000,0.0,0.0033333333333333335,0.0,,
random_control_1,BP,GO:0019233,sensory perception of pain,1.0,1.0,False,0,120,14,6000,0.0,0.0023333333333333335,0.0,,
random_control_1,BP,GO:0019318,hexose metabolic process,0.18293925793062543,1.0,False,2,120,39,6000,0.016666666666666666,0.0065,2.5641025641025643,23324;112937,112937;23324
random_control_1,BP,GO:0019319,hexose biosynthetic process,1.0,1.0,False,0,120,12,6000,0.0,0.002,0.0,,
random_control_1,BP,GO:0019320,hexose catabolic process,0.1994186086676354,1.0,False,1,120,11,6000,0.008333333333333333,0.0018333333333333333,4.545454545454546,112937,112937
random_control_1,BP,GO:0019369,arachidonate metabolic process,1.0,1.0,False,0,120,20,6000,0.0,0.0033333333333333335,0.0,,
random_control_1,BP,GO:0019395,fatty acid oxidation,0.40925983223317164,1.0,False,1,120,26,6000,0.008333333333333333,0.004333333333333333,1.9230769230769231,205251,205251
random_control_1,BP,GO:0019433,triglyceride catabolic process,1.0,1.0,False,0,120,11,6000,0.0,0.0018333333333333333,0.0,,
random_control_1,BP,GO:0019538,protein metabolic process,0.5510659819372372,1.0,False,17,120,855,6000,0.14166666666666666,0.1425,0.9941520467836258,948;1965;2683;5261;5328;6238;7057;8405;9475;10575;23324;27347;29904;51360;51752;57531;79048,10575;1965;23324;2683;27347;29904;51360;51752;5261;5328;57531;6238;7057;79048;8405;9475;948
random_control_1,BP,GO:0019637,organophosphate metabolic process,0.9949390637440911,1.0,False,1,120,256,6000,0.008333333333333333,0.042666666666666665,0.1953125,729020,729020
random_control_1,BP,GO:0019646,aerobic electron transport chain,1.0,1.0,False,0,120,26,6000,0.0,0.004333333333333333,0.0,,
random_control_1,BP,GO:0019674,NAD+ metabolic process,1.0,1.0,False,0,120,14,6000,0.0,0.0023333333333333335,0.0,,
random_control_1,BP,GO:0019693,ribose phosphate metabolic process,1.0,1.0,False,0,120,82,6000,0.0,0.013666666666666667,0.0,,
random_control_1,BP,GO:0019722,calcium-mediated signaling,0.6724881482213413,1.0,False,1,120,55,6000,0.008333333333333333,0.009166666666666667,0.9090909090909091,1232,1232
random_control_1,BP,GO:0019724,B cell mediated immunity,1.0,1.0,False,0,120,18,6000,0.0,0.003,0.0,,
random_control_1,BP,GO:0019725,cellular homeostasis,0.31514258336746725,1.0,False,5,120,186,6000,0.041666666666666664,0.031,1.3440860215053763,3756;3759;8031;27347;84560,27347;3756;3759;8031;84560
random_control_1,BP,GO:0019730,antimicrobial humoral response,1.0,1.0,False,0,120,47,6000,0.0,0.007833333333333333,0.0,,
random_control_1,BP,GO:0019731,antibacterial humoral response,1.0,1.0,False,0,120,19,6000,0.0,0.0031666666666666666,0.0,,
random_control_1,BP,GO:0019748,secondary metabolic process,1.0,1.0,False,0,120,11,6000,0.0,0.0018333333333333333,0.0,,
random_control_1,BP,GO:0019751,polyol metabolic process,1.0,1.0,False,0,120,23,6000,0.0,0.003833333333333333,0.0,,
random_control_1,BP,GO:0019752,carboxylic acid metabolic process,0.6439822970657276,1.0,False,4,120,219,6000,0.03333333333333333,0.0365,0.9132420091324202,948;4548;10768;205251,10768;205251;4548;948
random_control_1,BP,GO:0019827,stem cell population maintenance,1.0,1.0,False,0,120,14,6000,0.0,0.0023333333333333335,0.0,,
random_control_1,BP,GO:0019882,antigen processing and presentation,0.14741111319620218,1.0,False,2,120,34,6000,0.016666666666666666,0.005666666666666667,2.941176470588235,6891;51752,51752;6891
random_control_1,BP,GO:0019883,antigen processing and presentation of endogenous antigen,0.022967208340582274,1.0,False,2,120,12,6000,0.016666666666666666,0.002,8.333333333333334,6891;51752,51752;6891
random_control_1,BP,GO:0019884,antigen processing and presentation of exogenous antigen,1.0,1.0,False,0,120,18,6000,0.0,0.003,0.0,,
random_control_1,BP,GO:0019886,antigen processing and presentation of exogenous peptide antigen via MHC class II,1.0,1.0,False,0,120,12,6000,0.0,0.002,0.0,,
random_control_1,BP,GO:0019915,lipid storage,0.2616950548768287,1.0,False,1,120,15,6000,0.008333333333333333,0.0025,3.333333333333333,948,948
random_control_1,BP,GO:0019941,modification-dependent protein catabolic process,0.8619837647692268,1.0,False,2,120,171,6000,0.016666666666666666,0.0285,0.5847953216374269,8405;57531,57531;8405
random_control_1,BP,GO:0019953,sexual reproduction,0.9616894583685036,1.0,False,2,120,247,6000,0.016666666666666666,0.041166666666666664,0.40485829959514175,25981;401115,25981;401115
random_control_1,BP,GO:0021510,spinal cord development,1.0,1.0,False,0,120,13,6000,0.0,0.0021666666666666666,0.0,,
random_control_1,BP,GO:0021537,telencephalon development,1.0,1.0,False,0,120,50,6000,0.0,0.008333333333333333,0.0,,
random_control_1,BP,GO:0021543,pallium development,1.0,1.0,False,0,120,36,6000,0.0,0.006,0.0,,
random_control_1,BP,GO:0021549,cerebellum development,1.0,1.0,False,0,120,14,6000,0.0,0.0023333333333333335,0.0,,
random_control_1,BP,GO:0021675,nerve development,1.0,1.0,False,0,120,18,6000,0.0,0.003,0.0,,
random_control_1,BP,GO:0021700,developmental maturation,0.3310724131514505,1.0,False,2,120,59,6000,0.016666666666666666,0.009833333333333333,1.6949152542372883,23787;51360,23787;51360
random_control_1,BP,GO:0021761,limbic system development,1.0,1.0,False,0,120,22,6000,0.0,0.0036666666666666666,0.0,,
random_control_1,BP,GO:0021766,hippocampus development,1.0,1.0,False,0,120,17,6000,0.0,0.0028333333333333335,0.0,,
random_control_1,BP,GO:0021782,glial cell development,1.0,1.0,False,0,120,24,6000,0.0,0.004,0.0,,
random_control_1,BP,GO:0021872,forebrain generation of neurons,1.0,1.0,False,0,120,13,6000,0.0,0.0021666666666666666,0.0,,
random_control_1,BP,GO:0021879,forebrain neuron differentiation,1.0,1.0,False,0,120,10,6000,0.0,0.0016666666666666668,0.0,,
random_control_1,BP,GO:0021885,forebrain cell migration,1.0,1.0,False,0,120,10,6000,0.0,0.0016666666666666668,0.0,,
random_control_1,BP,GO:0021915,neural tube development,1.0,1.0,False,0,120,16,6000,0.0,0.0026666666666666666,0.0,,
random_control_1,BP,GO:0021953,central nervous system neuron differentiation,1.0,1.0,False,0,120,36,6000,0.0,0.006,0.0,,
random_control_1,BP,GO:0021954,central nervous system neuron development,1.0,1.0,False,0,120,19,6000,0.0,0.0031666666666666666,0.0,,
random_control_1,BP,GO:0021987,cerebral cortex development,1.0,1.0,False,0,120,23,6000,0.0,0.003833333333333333,0.0,,
random_control_1,BP,GO:0022008,neurogenesis,0.7979581843799388,1.0,False,5,120,330,6000,0.041666666666666664,0.055,0.7575757575757576,2823;4548;4756;23787;653269,23787;2823;4548;4756;653269
random_control_1,BP,GO:0022029,telencephalon cell migration,1.0,1.0,False,0,120,10,6000,0.0,0.0016666666666666668,0.0,,
random_control_1,BP,GO:0022037,metencephalon development,1.0,1.0,False,0,120,15,6000,0.0,0.0025,0.0,,
random_control_1,BP,GO:0022402,cell cycle process,0.9535866462293394,1.0,False,2,120,236,6000,0.016666666666666666,0.03933333333333333,0.42372881355932207,9475;79884,79884;9475
random_control_1,BP,GO:0022407,regulation of cell-cell adhesion,1.0,1.0,False,0,120,163,6000,0.0,0.027166666666666665,0.0,,
random_control_1,BP,GO:0022408,negative regulation of cell-cell adhesion,1.0,1.0,False,0,120,60,6000,0.0,0.01,0.0,,
random_control_1,BP,GO:0022409,positive regulation of cell-cell adhesion,1.0,1.0,False,0,120,106,6000,0.0,0.017666666666666667,0.0,,
random_control_1,BP,GO:0022411,cellular component disassembly,1.0,1.0,False,0,120,90,6000,0.0,0.015,0.0,,
random_control_1,BP,GO:0022412,cellular process involved in reproduction in multicellular organism,0.8669130693071259,1.0,False,1,120,99,6000,0.008333333333333333,0.0165,0.505050505050505,25981,25981
random_control_1,BP,GO:0022414,reproductive process,0.9283537642947167,1.0,False,4,120,352,6000,0.03333333333333333,0.058666666666666666,0.5681818181818182,8031;25981;161142;401115,161142;25981;401115;8031
random_control_1,BP,GO:0022600,digestive system process,0.397152433406183,1.0,False,1,120,25,6000,0.008333333333333333,0.004166666666666667,2.0,948,948
random_control_1,BP,GO:0022603,regulation of anatomical structure morphogenesis,0.2397596146053598,1.0,False,6,120,209,6000,0.05,0.034833333333333334,1.4354066985645932,948;1232;4352;7057;9475;29904,1232;29904;4352;7057;9475;948
random_control_1,BP,GO:0022604,regulation of cell morphogenesis,0.28657673455832383,1.0,False,2,120,53,6000,0.016666666666666666,0.008833333333333334,1.8867924528301885,4352;29904,29904;4352
random_control_1,BP,GO:0022607,cellular component assembly,0.987253352330435,1.0,False,8,120,748,6000,0.06666666666666667,0.12466666666666666,0.5347593582887701,1965;2823;3759;4146;25981;79884;205251;389941,1965;205251;25981;2823;3759;389941;4146;79884
random_control_1,BP,GO:0022613,ribonucleoprotein complex biogenesis,0.731210685006952,1.0,False,2,120,128,6000,0.016666666666666666,0.021333333333333333,0.78125,79039;221078,221078;79039
random_control_1,BP,GO:0022617,extracellular matrix disassembly,1.0,1.0,False,0,120,11,6000,0.0,0.0018333333333333333,0.0,,
random_control_1,BP,GO:0022618,protein-RNA complex assembly,1.0,1.0,False,0,120,66,6000,0.0,0.011,0.0,,
random_control_1,BP,GO:0022898,regulation of transmembrane transporter activity,1.0,1.0,False,0,120,21,6000,0.0,0.0035,0.0,,
random_control_1,BP,GO:0022900,electron transport chain,1.0,1.0,False,0,120,29,6000,0.0,0.004833333333333334,0.0,,
random_control_1,BP,GO:0022904,respiratory electron transport chain,1.0,1.0,False,0,120,27,6000,0.0,0.0045,0.0,,
random_control_1,BP,GO:0023051,regulation of signaling,0.7295756174936027,1.0,False,18,120,1002,6000,0.15,0.167,0.8982035928143711,948;1444;2657;3484;4790;5328;5966;7057;7073;9475;23787;26060;27347;30010;56924;66004;84125;389941,1444;23787;26060;2657;27347;30010;3484;389941;4790;5328;56924;5966;66004;7057;7073;84125;9475;948
random_control_1,BP,GO:0023052,signaling,0.5341032864205708,1.0,False,29,120,1449,6000,0.24166666666666667,0.2415,1.0006901311249137,328;948;1232;1444;1965;2657;3484;4352;4790;5261;5328;5966;7057;8031;8383;9475;10768;11033;26032;26060;27347;51360;56924;57531;66004;79039;120586;389941;391107,10768;11033;120586;1232;1444;1965;26032;26060;2657;27347;328;3484;389941;391107;4352;4790;51360;5261;5328;56924;57531;5966;66004;7057;79039;8031;8383;9475;948
random_control_1,BP,GO:0023056,positive regulation of signaling,0.704472016355846,1.0,False,9,120,511,6000,0.075,0.08516666666666667,0.8806262230919765,948;1444;4790;5328;5966;7057;7073;9475;27347,1444;27347;4790;5328;5966;7057;7073;9475;948
random_control_1,BP,GO:0023057,negative regulation of signaling,0.987718093965972,1.0,False,3,120,394,6000,0.025,0.06566666666666666,0.3807106598984772,3484;7057;26060,26060;3484;7057
random_control_1,BP,GO:0023061,signal release,1.0,1.0,False,0,120,33,6000,0.0,0.0055,0.0,,
random_control_1,BP,GO:0030001,metal ion transport,0.5432727416348018,1.0,False,4,120,193,6000,0.03333333333333333,0.03216666666666667,1.0362694300518134,2823;3756;3759;27347,27347;2823;3756;3759
random_control_1,BP,GO:0030003,intracellular monoatomic cation homeostasis,0.16575872355404153,1.0,False,4,120,107,6000,0.03333333333333333,0.017833333333333333,1.8691588785046729,3756;3759;8031;84560,3756;3759;8031;84560
random_control_1,BP,GO:0030010,establishment of cell polarity,1.0,1.0,False,0,120,28,6000,0.0,0.004666666666666667,0.0,,
random_control_1,BP,GO:0030029,actin filament-based process,0.35269122803650094,1.0,False,4,120,150,6000,0.03333333333333333,0.025,1.3333333333333333,3759;9475;11155;653269,11155;3759;653269;9475
random_control_1,BP,GO:0030030,cell projection organization,0.7352639275613284,1.0,False,5,120,304,6000,0.041666666666666664,0.050666666666666665,0.8223684210526315,2823;4548;4756;25981;653269,25981;2823;4548;4756;653269
random_control_1,BP,GO:0030031,cell projection assembly,0.8960169131875548,1.0,False,1,120,111,6000,0.008333333333333333,0.0185,0.45045045045045046,25981,25981
random_control_1,BP,GO:0030036,actin cytoskeleton organization,0.46922207655624115,1.0,False,3,120,127,6000,0.025,0.021166666666666667,1.1811023622047245,9475;11155;653269,11155;653269;9475
random_control_1,BP,GO:0030048,actin filament-based movement,0.4327558689318889,1.0,False,1,120,28,6000,0.008333333333333333,0.004666666666666667,1.7857142857142856,3759,3759
random_control_1,BP,GO:0030071,regulation of mitotic metaphase/anaphase transition,1.0,1.0,False,0,120,30,6000,0.0,0.005,0.0,,
random_control_1,BP,GO:0030072,peptide hormone secretion,1.0,1.0,False,0,120,11,6000,0.0,0.0018333333333333333,0.0,,
random_control_1,BP,GO:0030097,hemopoiesis,0.5864369614617599,1.0,False,3,120,151,6000,0.025,0.025166666666666667,0.9933774834437087,4352;8031;147710,147710;4352;8031
random_control_1,BP,GO:0030098,lymphocyte differentiation,1.0,1.0,False,0,120,73,6000,0.0,0.012166666666666666,0.0,,
random_control_1,BP,GO:0030099,myeloid cell differentiation,0.1592763804812545,1.0,False,3,120,69,6000,0.025,0.0115,2.173913043478261,4352;8031;147710,147710;4352;8031
random_control_1,BP,GO:0030100,regulation of endocytosis,0.541341397774223,1.0,False,2,120,90,6000,0.016666666666666666,0.015,1.1111111111111112,26060;29904,26060;29904
random_control_1,BP,GO:0030101,natural killer cell activation,1.0,1.0,False,0,120,19,6000,0.0,0.0031666666666666666,0.0,,
random_control_1,BP,GO:0030111,regulation of Wnt signaling pathway,0.5104745012519821,1.0,False,2,120,85,6000,0.016666666666666666,0.014166666666666666,1.1764705882352942,3484;4790,3484;4790
random_control_1,BP,GO:0030148,sphingolipid biosynthetic process,1.0,1.0,False,0,120,31,6000,0.0,0.005166666666666667,0.0,,
random_control_1,BP,GO:0030150,protein import into mitochondrial matrix,1.0,1.0,False,0,120,10,6000,0.0,0.0016666666666666668,0.0,,
random_control_1,BP,GO:0030154,cell differentiation,0.6713766385037765,1.0,False,15,120,812,6000,0.125,0.13533333333333333,0.9236453201970444,2301;2823;3756;4352;4548;4756;6238;8031;9475;23787;25981;51752;147710;205251;653269,147710;205251;2301;23787;25981;2823;3756;4352;4548;4756;51752;6238;653269;8031;9475
random_control_1,BP,GO:0030155,regulation of cell adhesion,0.6820086053894288,1.0,False,4,120,230,6000,0.03333333333333333,0.03833333333333333,0.8695652173913044,948;5328;7057;9475,5328;7057;9475;948
random_control_1,BP,GO:0030162,regulation of proteolysis,0.04796942918717851,1.0,False,3,120,41,6000,0.025,0.006833333333333334,3.658536585365854,5328;7057;8405,5328;7057;8405
random_control_1,BP,GO:0030163,protein catabolic process,0.8635621506587545,1.0,False,3,120,239,6000,0.025,0.03983333333333333,0.6276150627615064,8405;23324;57531,23324;57531;8405
random_control_1,BP,GO:0030166,proteoglycan biosynthetic process,1.0,1.0,False,0,120,19,6000,0.0,0.0031666666666666666,0.0,,
random_control_1,BP,GO:0030168,platelet activation,1.0,1.0,False,0,120,24,6000,0.0,0.004,0.0,,
random_control_1,BP,GO:0030177,positive regulation of Wnt signaling pathway,0.5275270586497346,1.0,False,1,120,37,6000,0.008333333333333333,0.006166666666666667,1.3513513513513513,4790,4790
random_control_1,BP,GO:0030178,negative regulation of Wnt signaling pathway,0.5984832752739089,1.0,False,1,120,45,6000,0.008333333333333333,0.0075,1.1111111111111112,3484,3484
random_control_1,BP,GO:0030182,neuron differentiation,0.6308001821135061,1.0,False,5,120,269,6000,0.041666666666666664,0.044833333333333336,0.9293680297397768,2823;4548;4756;23787;653269,23787;2823;4548;4756;653269
random_control_1,BP,GO:0030183,B cell differentiation,1.0,1.0,False,0,120,34,6000,0.0,0.005666666666666667,0.0,,
random_control_1,BP,GO:0030193,regulation of blood coagulation,0.006937750132505773,1.0,False,3,120,20,6000,0.025,0.0033333333333333335,7.5,948;5328;7057,5328;7057;948
random_control_1,BP,GO:0030195,negative regulation of blood coagulation,0.23118189666298758,1.0,False,1,120,13,6000,0.008333333333333333,0.0021666666666666666,3.8461538461538463,5328,5328
random_control_1,BP,GO:0030198,extracellular matrix organization,0.6518344615320735,1.0,False,1,120,52,6000,0.008333333333333333,0.008666666666666666,0.9615384615384616,4146,4146
random_control_1,BP,GO:0030201,heparan sulfate proteoglycan metabolic process,1.0,1.0,False,0,120,12,6000,0.0,0.002,0.0,,
random_control_1,BP,GO:0030203,glycosaminoglycan metabolic process,1.0,1.0,False,0,120,18,6000,0.0,0.003,0.0,,
random_control_1,BP,GO:0030216,keratinocyte differentiation,1.0,1.0,False,0,120,23,6000,0.0,0.003833333333333333,0.0,,
random_control_1,BP,GO:0030217,T cell differentiation,1.0,1.0,False,0,120,47,6000,0.0,0.007833333333333333,0.0,,
random_control_1,BP,GO:0030218,erythrocyte differentiation,0.4327558689318889,1.0,False,1,120,28,6000,0.008333333333333333,0.004666666666666667,1.7857142857142856,8031,8031
random_control_1,BP,GO:0030239,myofibril assembly,1.0,1.0,False,0,120,12,6000,0.0,0.002,0.0,,
random_control_1,BP,GO:0030258,lipid modification,0.5984832752739089,1.0,False,1,120,45,6000,0.008333333333333333,0.0075,1.1111111111111112,205251,205251
random_control_1,BP,GO:0030261,chromosome condensation,1.0,1.0,False,0,120,12,6000,0.0,0.002,0.0,,
random_control_1,BP,GO:0030278,regulation of ossification,1.0,1.0,False,0,120,28,6000,0.0,0.004666666666666667,0.0,,
random_control_1,BP,GO:0030282,bone mineralization,0.18305237920257855,1.0,False,1,120,10,6000,0.008333333333333333,0.0016666666666666668,5.0,9923,9923
random_control_1,BP,GO:0030301,cholesterol transport,0.04435853423451011,1.0,False,2,120,17,6000,0.016666666666666666,0.0028333333333333335,5.88235294117647,948;57655,57655;948
random_control_1,BP,GO:0030307,positive regulation of cell growth,0.5554857542944451,1.0,False,1,120,40,6000,0.008333333333333333,0.006666666666666667,1.25,3484,3484
random_control_1,BP,GO:0030308,negative regulation of cell growth,1.0,1.0,False,0,120,45,6000,0.0,0.0075,0.0,,
random_control_1,BP,GO:0030317,flagellated sperm motility,0.3675770648649201,1.0,False,2,120,64,6000,0.016666666666666666,0.010666666666666666,1.5625,25981;161142,161142;25981
random_control_1,BP,GO:0030323,respiratory tube development,1.0,1.0,False,0,120,20,6000,0.0,0.0033333333333333335,0.0,,
random_control_1,BP,GO:0030324,lung development,1.0,1.0,False,0,120,20,6000,0.0,0.0033333333333333335,0.0,,
random_control_1,BP,GO:0030326,embryonic limb morphogenesis,1.0,1.0,False,0,120,16,6000,0.0,0.0026666666666666666,0.0,,
random_control_1,BP,GO:0030330,"DNA damage response, signal transduction by p53 class mediator",1.0,1.0,False,0,120,12,6000,0.0,0.002,0.0,,
random_control_1,BP,GO:0030334,regulation of cell migration,0.491541959521149,1.0,False,6,120,280,6000,0.05,0.04666666666666667,1.0714285714285714,5328;7057;9475;26060;27347;57531,26060;27347;5328;57531;7057;9475
random_control_1,BP,GO:0030335,positive regulation of cell migration,0.4121208212795821,1.0,False,4,120,163,6000,0.03333333333333333,0.027166666666666665,1.2269938650306749,5328;7057;9475;27347,27347;5328;7057;9475
random_control_1,BP,GO:0030336,negative regulation of cell migration,0.8613320427071497,1.0,False,1,120,97,6000,0.008333333333333333,0.016166666666666666,0.5154639175257733,7057,7057
random_control_1,BP,GO:0030488,tRNA methylation,0.23118189666298758,1.0,False,1,120,13,6000,0.008333333333333333,0.0021666666666666666,3.8461538461538463,221078,221078
random_control_1,BP,GO:0030490,maturation of SSU-rRNA,1.0,1.0,False,0,120,21,6000,0.0,0.0035,0.0,,
random_control_1,BP,GO:0030500,regulation of bone mineralization,1.0,1.0,False,0,120,21,6000,0.0,0.0035,0.0,,
random_control_1,BP,GO:0030501,positive regulation of bone mineralization,1.0,1.0,False,0,120,15,6000,0.0,0.0025,0.0,,
random_control_1,BP,GO:0030509,BMP signaling pathway,0.42112605589102525,1.0,False,1,120,27,6000,0.008333333333333333,0.0045,1.8518518518518519,2657,2657
random_control_1,BP,GO:0030510,regulation of BMP signaling pathway,1.0,1.0,False,0,120,28,6000,0.0,0.004666666666666667,0.0,,
random_control_1,BP,GO:0030511,positive regulation of transforming growth factor beta receptor signaling pathway,0.24659164652108712,1.0,False,1,120,14,6000,0.008333333333333333,0.0023333333333333335,3.571428571428571,7057,7057
random_control_1,BP,GO:0030512,negative regulation of transforming growth factor beta receptor signaling pathway,1.0,1.0,False,0,120,27,6000,0.0,0.0045,0.0,,
random_control_1,BP,GO:0030514,negative regulation of BMP signaling pathway,1.0,1.0,False,0,120,17,6000,0.0,0.0028333333333333335,0.0,,
random_control_1,BP,GO:0030516,regulation of axon extension,1.0,1.0,False,0,120,16,6000,0.0,0.0026666666666666666,0.0,,
random_control_1,BP,GO:0030518,nuclear receptor-mediated steroid hormone signaling pathway,0.10073801712896961,1.0,False,2,120,27,6000,0.016666666666666666,0.0045,3.7037037037037037,8031;79039,79039;8031
random_control_1,BP,GO:0030520,estrogen receptor signaling pathway,0.019390084552009995,1.0,False,2,120,11,6000,0.016666666666666666,0.0018333333333333333,9.090909090909092,8031;79039,79039;8031
random_control_1,BP,GO:0030522,intracellular receptor signaling pathway,0.3891190669621152,1.0,False,2,120,67,6000,0.016666666666666666,0.011166666666666667,1.4925373134328357,8031;79039,79039;8031
random_control_1,BP,GO:0030534,adult behavior,1.0,1.0,False,0,120,19,6000,0.0,0.0031666666666666666,0.0,,
random_control_1,BP,GO:0030574,collagen catabolic process,1.0,1.0,False,0,120,12,6000,0.0,0.002,0.0,,
random_control_1,BP,GO:0030593,neutrophil chemotaxis,1.0,1.0,False,0,120,15,6000,0.0,0.0025,0.0,,
random_control_1,BP,GO:0030595,leukocyte chemotaxis,1.0,1.0,False,0,120,49,6000,0.0,0.008166666666666666,0.0,,
random_control_1,BP,GO:0030705,cytoskeleton-dependent intracellular transport,1.0,1.0,False,0,120,71,6000,0.0,0.011833333333333333,0.0,,
random_control_1,BP,GO:0030811,regulation of nucleotide catabolic process,1.0,1.0,False,0,120,15,6000,0.0,0.0025,0.0,,
random_control_1,BP,GO:0030832,regulation of actin filament length,1.0,1.0,False,0,120,36,6000,0.0,0.006,0.0,,
random_control_1,BP,GO:0030833,regulation of actin filament polymerization,1.0,1.0,False,0,120,33,6000,0.0,0.0055,0.0,,
random_control_1,BP,GO:0030834,regulation of actin filament depolymerization,1.0,1.0,False,0,120,11,6000,0.0,0.0018333333333333333,0.0,,
random_control_1,BP,GO:0030837,negative regulation of actin filament polymerization,1.0,1.0,False,0,120,15,6000,0.0,0.0025,0.0,,
random_control_1,BP,GO:0030838,positive regulation of actin filament polymerization,1.0,1.0,False,0,120,11,6000,0.0,0.0018333333333333333,0.0,,
random_control_1,BP,GO:0030855,epithelial cell differentiation,1.0,1.0,False,0,120,116,6000,0.0,0.019333333333333334,0.0,,
random_control_1,BP,GO:0030856,regulation of epithelial cell differentiation,0.1901941296776577,1.0,False,2,120,40,6000,0.016666666666666666,0.006666666666666667,2.5,2301;9475,2301;9475
random_control_1,BP,GO:0030857,negative regulation of epithelial cell differentiation,0.1994186086676354,1.0,False,1,120,11,6000,0.008333333333333333,0.0018333333333333333,4.545454545454546,2301,2301
random_control_1,BP,GO:0030858,positive regulation of epithelial cell differentiation,1.0,1.0,False,0,120,16,6000,0.0,0.0026666666666666666,0.0,,
random_control_1,BP,GO:0030879,mammary gland development,0.3191643119150053,1.0,False,1,120,19,6000,0.008333333333333333,0.0031666666666666666,2.6315789473684212,4790,4790
random_control_1,BP,GO:0030888,regulation of B cell proliferation,1.0,1.0,False,0,120,18,6000,0.0,0.003,0.0,,
random_control_1,BP,GO:0030890,positive regulation of B cell proliferation,1.0,1.0,False,0,120,12,6000,0.0,0.002,0.0,,
random_control_1,BP,GO:0030900,forebrain development,1.0,1.0,False,0,120,70,6000,0.0,0.011666666666666667,0.0,,
random_control_1,BP,GO:0030901,midbrain development,1.0,1.0,False,0,120,18,6000,0.0,0.003,0.0,,
random_control_1,BP,GO:0030902,hindbrain development,1.0,1.0,False,0,120,23,6000,0.0,0.003833333333333333,0.0,,
random_control_1,BP,GO:0030968,endoplasmic reticulum unfolded protein response,0.05435616301807822,1.0,False,2,120,19,6000,0.016666666666666666,0.0031666666666666666,5.2631578947368425,1965;51360,1965;51360
random_control_1,BP,GO:0031016,pancreas development,1.0,1.0,False,0,120,12,6000,0.0,0.002,0.0,,
random_control_1,BP,GO:0031023,microtubule organizing center organization,0.4441539425635324,1.0,False,1,120,29,6000,0.008333333333333333,0.004833333333333334,1.7241379310344827,9475,9475
random_control_1,BP,GO:0031032,actomyosin structure organization,0.2910068882529308,1.0,False,1,120,17,6000,0.008333333333333333,0.0028333333333333335,2.941176470588235,9475,9475
random_control_1,BP,GO:0031047,regulatory ncRNA-mediated gene silencing,1.0,1.0,False,0,120,34,6000,0.0,0.005666666666666667,0.0,,
random_control_1,BP,GO:0031076,embryonic camera-type eye development,1.0,1.0,False,0,120,10,6000,0.0,0.0016666666666666668,0.0,,
random_control_1,BP,GO:0031099,regeneration,0.07640369414754856,1.0,False,2,120,23,6000,0.016666666666666666,0.003833333333333333,4.3478260869565215,3484;4548,3484;4548
random_control_1,BP,GO:0031109,microtubule polymerization or depolymerization,1.0,1.0,False,0,120,16,6000,0.0,0.0026666666666666666,0.0,,
random_control_1,BP,GO:0031110,regulation of microtubule polymerization or depolymerization,1.0,1.0,False,0,120,25,6000,0.0,0.004166666666666667,0.0,,
random_control_1,BP,GO:0031113,regulation of microtubule polymerization,1.0,1.0,False,0,120,16,6000,0.0,0.0026666666666666666,0.0,,
random_control_1,BP,GO:0031122,cytoplasmic microtubule organization,1.0,1.0,False,0,120,11,6000,0.0,0.0018333333333333333,0.0,,
random_control_1,BP,GO:0031123,RNA 3'-end processing,1.0,1.0,False,0,120,37,6000,0.0,0.006166666666666667,0.0,,
random_control_1,BP,GO:0031124,mRNA 3'-end processing,1.0,1.0,False,0,120,18,6000,0.0,0.003,0.0,,
random_control_1,BP,GO:0031146,SCF-dependent proteasomal ubiquitin-dependent protein catabolic process,1.0,1.0,False,0,120,14,6000,0.0,0.0023333333333333335,0.0,,
random_control_1,BP,GO:0031167,rRNA methylation,0.1994186086676354,1.0,False,1,120,11,6000,0.008333333333333333,0.0018333333333333333,4.545454545454546,221078,221078
random_control_1,BP,GO:0031175,neuron projection development,0.47042203868575655,1.0,False,4,120,176,6000,0.03333333333333333,0.029333333333333333,1.1363636363636365,2823;4548;4756;653269,2823;4548;4756;653269
random_control_1,BP,GO:0031214,biomineral tissue development,0.23118189666298758,1.0,False,1,120,13,6000,0.008333333333333333,0.0021666666666666666,3.8461538461538463,9923,9923
random_control_1,BP,GO:0031281,positive regulation of cyclase activity,1.0,1.0,False,0,120,10,6000,0.0,0.0016666666666666668,0.0,,
random_control_1,BP,GO:0031294,lymphocyte costimulation,1.0,1.0,False,0,120,13,6000,0.0,0.0021666666666666666,0.0,,
random_control_1,BP,GO:0031295,T cell costimulation,1.0,1.0,False,0,120,13,6000,0.0,0.0021666666666666666,0.0,,
random_control_1,BP,GO:0031297,replication fork processing,1.0,1.0,False,0,120,13,6000,0.0,0.0021666666666666666,0.0,,
random_control_1,BP,GO:0031333,negative regulation of protein-containing complex assembly,1.0,1.0,False,0,120,42,6000,0.0,0.007,0.0,,
random_control_1,BP,GO:0031334,positive regulation of protein-containing complex assembly,0.6065742923968529,1.0,False,1,120,46,6000,0.008333333333333333,0.007666666666666666,1.0869565217391304,948,948
random_control_1,BP,GO:0031341,regulation of cell killing,1.0,1.0,False,0,120,29,6000,0.0,0.004833333333333334,0.0,,
random_control_1,BP,GO:0031343,positive regulation of cell killing,1.0,1.0,False,0,120,18,6000,0.0,0.003,0.0,,
random_control_1,BP,GO:0031344,regulation of cell projection organization,0.7451541998239026,1.0,False,3,120,192,6000,0.025,0.032,0.78125,2823;29904;91752,2823;29904;91752
random_control_1,BP,GO:0031345,negative regulation of cell projection organization,1.0,1.0,False,0,120,47,6000,0.0,0.007833333333333333,0.0,,
random_control_1,BP,GO:0031346,positive regulation of cell projection organization,0.34531399775114563,1.0,False,3,120,104,6000,0.025,0.017333333333333333,1.4423076923076925,2823;29904;91752,2823;29904;91752
random_control_1,BP,GO:0031347,regulation of defense response,0.5828667972271605,1.0,False,5,120,255,6000,0.041666666666666664,0.0425,0.980392156862745,948;4790;10623;26060;51752,10623;26060;4790;51752;948
random_control_1,BP,GO:0031348,negative regulation of defense response,0.8034938931650345,1.0,False,1,120,80,6000,0.008333333333333333,0.013333333333333334,0.625,4790,4790
random_control_1,BP,GO:0031349,positive regulation of defense response,0.7823423909942014,1.0,False,2,120,142,6000,0.016666666666666666,0.023666666666666666,0.7042253521126761,948;10623,10623;948
random_control_1,BP,GO:0031396,regulation of protein ubiquitination,1.0,1.0,False,0,120,45,6000,0.0,0.0075,0.0,,
random_control_1,BP,GO:0031397,negative regulation of protein ubiquitination,1.0,1.0,False,0,120,21,6000,0.0,0.0035,0.0,,
random_control_1,BP,GO:0031398,positive regulation of protein ubiquitination,1.0,1.0,False,0,120,22,6000,0.0,0.0036666666666666666,0.0,,
random_control_1,BP,GO:0031399,regulation of protein modification process,1.0,1.0,False,0,120,177,6000,0.0,0.0295,0.0,,
random_control_1,BP,GO:0031400,negative regulation of protein modification process,1.0,1.0,False,0,120,57,6000,0.0,0.0095,0.0,,
random_control_1,BP,GO:0031401,positive regulation of protein modification process,1.0,1.0,False,0,120,96,6000,0.0,0.016,0.0,,
random_control_1,BP,GO:0031424,keratinization,1.0,1.0,False,0,120,13,6000,0.0,0.0021666666666666666,0.0,,
random_control_1,BP,GO:0031503,protein-containing complex localization,0.27649816154596496,1.0,False,1,120,16,6000,0.008333333333333333,0.0026666666666666666,3.125,389941,389941
random_control_1,BP,GO:0031507,heterochromatin formation,1.0,1.0,False,0,120,62,6000,0.0,0.010333333333333333,0.0,,
random_control_1,BP,GO:0031570,DNA integrity checkpoint signaling,1.0,1.0,False,0,120,24,6000,0.0,0.004,0.0,,
random_control_1,BP,GO:0031577,spindle checkpoint signaling,1.0,1.0,False,0,120,10,6000,0.0,0.0016666666666666668,0.0,,
random_control_1,BP,GO:0031589,cell-substrate adhesion,1.0,1.0,False,0,120,44,6000,0.0,0.007333333333333333,0.0,,
random_control_1,BP,GO:0031623,receptor internalization,0.2910068882529308,1.0,False,1,120,17,6000,0.008333333333333333,0.0028333333333333335,2.941176470588235,948,948
random_control_1,BP,GO:0031638,zymogen activation,0.18305237920257855,1.0,False,1,120,10,6000,0.008333333333333333,0.0016666666666666668,5.0,5328,5328
random_control_1,BP,GO:0031640,killing of cells of another organism,1.0,1.0,False,0,120,29,6000,0.0,0.004833333333333334,0.0,,
random_control_1,BP,GO:0031644,regulation of nervous system process,0.42112605589102525,1.0,False,1,120,27,6000,0.008333333333333333,0.0045,1.8518518518518519,9475,9475
random_control_1,BP,GO:0031647,regulation of protein stability,0.6559727682409745,1.0,False,2,120,111,6000,0.016666666666666666,0.0185,0.9009009009009009,1370;10575,10575;1370
random_control_1,BP,GO:0031648,protein destabilization,1.0,1.0,False,0,120,15,6000,0.0,0.0025,0.0,,
random_control_1,BP,GO:0031663,lipopolysaccharide-mediated signaling pathway,1.0,1.0,False,0,120,12,6000,0.0,0.002,0.0,,
random_control_1,BP,GO:0031667,response to nutrient levels,0.3664426642990365,1.0,False,4,120,153,6000,0.03333333333333333,0.0255,1.3071895424836601,1444;1965;27347;56924,1444;1965;27347;56924
random_control_1,BP,GO:0031669,cellular response to nutrient levels,0.5104745012519821,1.0,False,2,120,85,6000,0.016666666666666666,0.014166666666666666,1.1764705882352942,1965;56924,1965;56924
random_control_1,BP,GO:0031670,cellular response to nutrient,1.0,1.0,False,0,120,14,6000,0.0,0.0023333333333333335,0.0,,
random_control_1,BP,GO:0031960,response to corticosteroid,0.5818029618000387,1.0,False,1,120,43,6000,0.008333333333333333,0.007166666666666667,1.1627906976744187,27347,27347
random_control_1,BP,GO:0032006,regulation of TOR signaling,1.0,1.0,False,0,120,43,6000,0.0,0.007166666666666667,0.0,,
random_control_1,BP,GO:0032007,negative regulation of TOR signaling,1.0,1.0,False,0,120,23,6000,0.0,0.003833333333333333,0.0,,
random_control_1,BP,GO:0032008,positive regulation of TOR signaling,1.0,1.0,False,0,120,22,6000,0.0,0.0036666666666666666,0.0,,
random_control_1,BP,GO:0032024,positive regulation of insulin secretion,1.0,1.0,False,0,120,27,6000,0.0,0.0045,0.0,,
random_control_1,BP,GO:0032026,response to magnesium ion,0.18305237920257855,1.0,False,1,120,10,6000,0.008333333333333333,0.0016666666666666668,5.0,7057,7057
random_control_1,BP,GO:0032101,regulation of response to external stimulus,0.31223282096511223,1.0,False,8,120,321,6000,0.06666666666666667,0.0535,1.2461059190031152,948;4790;5328;7057;10623;26060;27347;51752,10623;26060;27347;4790;51752;5328;7057;948
random_control_1,BP,GO:0032102,negative regulation of response to external stimulus,0.3782689380557979,1.0,False,3,120,110,6000,0.025,0.018333333333333333,1.3636363636363638,4790;5328;7057,4790;5328;7057
random_control_1,BP,GO:0032103,positive regulation of response to external stimulus,0.26824983097216687,1.0,False,5,120,174,6000,0.041666666666666664,0.029,1.4367816091954022,948;5328;7057;10623;27347,10623;27347;5328;7057;948
random_control_1,BP,GO:0032147,activation of protein kinase activity,1.0,1.0,False,0,120,12,6000,0.0,0.002,0.0,,
random_control_1,BP,GO:0032200,telomere organization,0.5463534636790258,1.0,False,1,120,39,6000,0.008333333333333333,0.0065,1.2820512820512822,328,328
random_control_1,BP,GO:0032204,regulation of telomere maintenance,0.48751910067913096,1.0,False,1,120,33,6000,0.008333333333333333,0.0055,1.5151515151515151,10575,10575
random_control_1,BP,GO:0032205,negative regulation of telomere maintenance,1.0,1.0,False,0,120,12,6000,0.0,0.002,0.0,,
random_control_1,BP,GO:0032206,positive regulation of telomere maintenance,0.3721945741838406,1.0,False,1,120,23,6000,0.008333333333333333,0.003833333333333333,2.1739130434782608,10575,10575
random_control_1,BP,GO:0032210,regulation of telomere maintenance via telomerase,0.2154596450610039,1.0,False,1,120,12,6000,0.008333333333333333,0.002,4.166666666666667,10575,10575
random_control_1,BP,GO:0032231,regulation of actin filament bundle assembly,0.3721945741838406,1.0,False,1,120,23,6000,0.008333333333333333,0.003833333333333333,2.1739130434782608,9475,9475
random_control_1,BP,GO:0032233,positive regulation of actin filament bundle assembly,0.2616950548768287,1.0,False,1,120,15,6000,0.008333333333333333,0.0025,3.333333333333333,9475,9475
random_control_1,BP,GO:0032259,methylation,0.0072927316698035705,1.0,False,4,120,39,6000,0.03333333333333333,0.0065,5.128205128205129,4548;56257;221078;353267,221078;353267;4548;56257
random_control_1,BP,GO:0032271,regulation of protein polymerization,1.0,1.0,False,0,120,50,6000,0.0,0.008333333333333333,0.0,,
random_control_1,BP,GO:0032272,negative regulation of protein polymerization,1.0,1.0,False,0,120,19,6000,0.0,0.0031666666666666666,0.0,,
random_control_1,BP,GO:0032273,positive regulation of protein polymerization,1.0,1.0,False,0,120,20,6000,0.0,0.0033333333333333335,0.0,,
random_control_1,BP,GO:0032288,myelin assembly,1.0,1.0,False,0,120,10,6000,0.0,0.0016666666666666668,0.0,,
random_control_1,BP,GO:0032350,regulation of hormone metabolic process,1.0,1.0,False,0,120,17,6000,0.0,0.0028333333333333335,0.0,,
random_control_1,BP,GO:0032355,response to estradiol,1.0,1.0,False,0,120,27,6000,0.0,0.0045,0.0,,
random_control_1,BP,GO:0032365,intracellular lipid transport,0.23118189666298758,1.0,False,1,120,13,6000,0.008333333333333333,0.0021666666666666666,3.8461538461538463,57655,57655
random_control_1,BP,GO:0032368,regulation of lipid transport,0.13364383837618787,1.0,False,2,120,32,6000,0.016666666666666666,0.005333333333333333,3.125,4790;7057,4790;7057
random_control_1,BP,GO:0032369,negative regulation of lipid transport,0.1994186086676354,1.0,False,1,120,11,6000,0.008333333333333333,0.0018333333333333333,4.545454545454546,7057,7057
random_control_1,BP,GO:0032370,positive regulation of lipid transport,0.27649816154596496,1.0,False,1,120,16,6000,0.008333333333333333,0.0026666666666666666,3.125,4790,4790
random_control_1,BP,GO:0032371,regulation of sterol transport,0.2616950548768287,1.0,False,1,120,15,6000,0.008333333333333333,0.0025,3.333333333333333,4790,4790
random_control_1,BP,GO:0032374,regulation of cholesterol transport,0.2616950548768287,1.0,False,1,120,15,6000,0.008333333333333333,0.0025,3.333333333333333,4790,4790
random_control_1,BP,GO:0032386,regulation of intracellular transport,0.3891190669621152,1.0,False,2,120,67,6000,0.016666666666666666,0.011166666666666667,1.4925373134328357,948;10541,10541;948
random_control_1,BP,GO:0032387,negative regulation of intracellular transport,0.24659164652108712,1.0,False,1,120,14,6000,0.008333333333333333,0.0023333333333333335,3.571428571428571,948,948
random_control_1,BP,GO:0032388,positive regulation of intracellular transport,0.5370351507111182,1.0,False,1,120,38,6000,0.008333333333333333,0.006333333333333333,1.3157894736842106,10541,10541
random_control_1,BP,GO:0032418,lysosome localization,1.0,1.0,False,0,120,16,6000,0.0,0.0026666666666666666,0.0,,
random_control_1,BP,GO:0032434,regulation of proteasomal ubiquitin-dependent protein catabolic process,1.0,1.0,False,0,120,33,6000,0.0,0.0055,0.0,,
random_control_1,BP,GO:0032436,positive regulation of proteasomal ubiquitin-dependent protein catabolic process,1.0,1.0,False,0,120,23,6000,0.0,0.003833333333333333,0.0,,
random_control_1,BP,GO:0032438,melanosome organization,1.0,1.0,False,0,120,11,6000,0.0,0.0018333333333333333,0.0,,
random_control_1,BP,GO:0032446,protein modification by small protein conjugation,0.880702054781175,1.0,False,2,120,180,6000,0.016666666666666666,0.03,0.5555555555555556,8405;57531,57531;8405
random_control_1,BP,GO:0032456,endocytic recycling,1.0,1.0,False,0,120,30,6000,0.0,0.005,0.0,,
random_control_1,BP,GO:0032465,regulation of cytokinesis,0.4327558689318889,1.0,False,1,120,28,6000,0.008333333333333333,0.004666666666666667,1.7857142857142856,79884,79884
random_control_1,BP,GO:0032467,positive regulation of cytokinesis,1.0,1.0,False,0,120,13,6000,0.0,0.0021666666666666666,0.0,,
random_control_1,BP,GO:0032479,regulation of type I interferon production,0.22696334492420184,1.0,False,2,120,45,6000,0.016666666666666666,0.0075,2.2222222222222223,5966;10623,10623;5966
random_control_1,BP,GO:0032480,negative regulation of type I interferon production,0.24659164652108712,1.0,False,1,120,14,6000,0.008333333333333333,0.0023333333333333335,3.571428571428571,5966,5966
random_control_1,BP,GO:0032481,positive regulation of type I interferon production,0.40925983223317164,1.0,False,1,120,26,6000,0.008333333333333333,0.004333333333333333,1.9230769230769231,10623,10623
random_control_1,BP,GO:0032496,response to lipopolysaccharide,0.8262235218847124,1.0,False,1,120,86,6000,0.008333333333333333,0.014333333333333333,0.5813953488372093,4790,4790
random_control_1,BP,GO:0032501,multicellular organismal process,0.9145801128420946,1.0,False,25,120,1546,6000,0.20833333333333334,0.25766666666666665,0.8085381630012938,948;2301;2823;3759;4352;4548;4756;4790;6238;7057;8031;8383;9475;9923;9993;11155;23787;27347;51360;51752;120586;389941;391107;653269;100132386,100132386;11155;120586;2301;23787;27347;2823;3759;389941;391107;4352;4548;4756;4790;51360;51752;6238;653269;7057;8031;8383;9475;948;9923;9993
random_control_1,BP,GO:0032502,developmental process,0.7047510502244341,1.0,False,25,120,1350,6000,0.20833333333333334,0.225,0.9259259259259259,1444;2301;2823;3484;3756;4352;4548;4756;4790;6238;7057;8031;9475;9923;9993;11155;23787;25981;51360;51752;147710;205251;389941;401115;653269,11155;1444;147710;205251;2301;23787;25981;2823;3484;3756;389941;401115;4352;4548;4756;4790;51360;51752;6238;653269;7057;8031;9475;9923;9993
random_control_1,BP,GO:0032506,cytokinetic process,1.0,1.0,False,0,120,12,6000,0.0,0.002,0.0,,
random_control_1,BP,GO:0032507,maintenance of protein location in cell,1.0,1.0,False,0,120,11,6000,0.0,0.0018333333333333333,0.0,,
random_control_1,BP,GO:0032509,endosome transport via multivesicular body sorting pathway,1.0,1.0,False,0,120,13,6000,0.0,0.0021666666666666666,0.0,,
random_control_1,BP,GO:0032511,late endosome to vacuole transport via multivesicular body sorting pathway,1.0,1.0,False,0,120,11,6000,0.0,0.0018333333333333333,0.0,,
random_control_1,BP,GO:0032526,response to retinoic acid,1.0,1.0,False,0,120,26,6000,0.0,0.004333333333333333,0.0,,
random_control_1,BP,GO:0032535,regulation of cellular component size,0.8189526850091731,1.0,False,1,120,84,6000,0.008333333333333333,0.014,0.5952380952380952,27347,27347
random_control_1,BP,GO:0032543,mitochondrial translation,1.0,1.0,False,0,120,34,6000,0.0,0.005666666666666667,0.0,,
random_control_1,BP,GO:0032642,regulation of chemokine production,1.0,1.0,False,0,120,28,6000,0.0,0.004666666666666667,0.0,,
random_control_1,BP,GO:0032647,regulation of interferon-alpha production,1.0,1.0,False,0,120,14,6000,0.0,0.0023333333333333335,0.0,,
random_control_1,BP,GO:0032648,regulation of interferon-beta production,0.06506145238298199,1.0,False,2,120,21,6000,0.016666666666666666,0.0035,4.761904761904762,5966;10623,10623;5966
random_control_1,BP,GO:0032649,regulation of type II interferon production,1.0,1.0,False,0,120,34,6000,0.0,0.005666666666666667,0.0,,
random_control_1,BP,GO:0032651,regulation of interleukin-1 beta production,0.46627310055397503,1.0,False,1,120,31,6000,0.008333333333333333,0.005166666666666667,1.6129032258064515,948,948
random_control_1,BP,GO:0032652,regulation of interleukin-1 production,0.5463534636790258,1.0,False,1,120,39,6000,0.008333333333333333,0.0065,1.2820512820512822,948,948
random_control_1,BP,GO:0032653,regulation of interleukin-10 production,0.3721945741838406,1.0,False,1,120,23,6000,0.008333333333333333,0.003833333333333333,2.1739130434782608,7057,7057
random_control_1,BP,GO:0032655,regulation of interleukin-12 production,0.3191643119150053,1.0,False,1,120,19,6000,0.008333333333333333,0.0031666666666666666,2.6315789473684212,7057,7057
random_control_1,BP,GO:0032656,regulation of interleukin-13 production,1.0,1.0,False,0,120,11,6000,0.0,0.0018333333333333333,0.0,,
random_control_1,BP,GO:0032660,regulation of interleukin-17 production,1.0,1.0,False,0,120,13,6000,0.0,0.0021666666666666666,0.0,,
random_control_1,BP,GO:0032663,regulation of interleukin-2 production,1.0,1.0,False,0,120,21,6000,0.0,0.0035,0.0,,
random_control_1,BP,GO:0032673,regulation of interleukin-4 production,1.0,1.0,False,0,120,10,6000,0.0,0.0016666666666666668,0.0,,
random_control_1,BP,GO:0032675,regulation of interleukin-6 production,1.0,1.0,False,0,120,51,6000,0.0,0.0085,0.0,,
random_control_1,BP,GO:0032677,regulation of interleukin-8 production,1.0,1.0,False,0,120,25,6000,0.0,0.004166666666666667,0.0,,
random_control_1,BP,GO:0032680,regulation of tumor necrosis factor production,0.6518344615320735,1.0,False,1,120,52,6000,0.008333333333333333,0.008666666666666666,0.9615384615384616,7057,7057
random_control_1,BP,GO:0032689,negative regulation of type II interferon production,1.0,1.0,False,0,120,11,6000,0.0,0.0018333333333333333,0.0,,
random_control_1,BP,GO:0032692,negative regulation of interleukin-1 production,1.0,1.0,False,0,120,10,6000,0.0,0.0016666666666666668,0.0,,
random_control_1,BP,GO:0032715,negative regulation of interleukin-6 production,1.0,1.0,False,0,120,17,6000,0.0,0.0028333333333333335,0.0,,
random_control_1,BP,GO:0032720,negative regulation of tumor necrosis factor production,0.3328242822494307,1.0,False,1,120,20,6000,0.008333333333333333,0.0033333333333333335,2.5,7057,7057
random_control_1,BP,GO:0032722,positive regulation of chemokine production,1.0,1.0,False,0,120,20,6000,0.0,0.0033333333333333335,0.0,,
random_control_1,BP,GO:0032727,positive regulation of interferon-alpha production,1.0,1.0,False,0,120,12,6000,0.0,0.002,0.0,,
random_control_1,BP,GO:0032728,positive regulation of interferon-beta production,0.24659164652108712,1.0,False,1,120,14,6000,0.008333333333333333,0.0023333333333333335,3.571428571428571,10623,10623
random_control_1,BP,GO:0032729,positive regulation of type II interferon production,1.0,1.0,False,0,120,20,6000,0.0,0.0033333333333333335,0.0,,
random_control_1,BP,GO:0032731,positive regulation of interleukin-1 beta production,0.3721945741838406,1.0,False,1,120,23,6000,0.008333333333333333,0.003833333333333333,2.1739130434782608,948,948
random_control_1,BP,GO:0032732,positive regulation of interleukin-1 production,0.42112605589102525,1.0,False,1,120,27,6000,0.008333333333333333,0.0045,1.8518518518518519,948,948
random_control_1,BP,GO:0032733,positive regulation of interleukin-10 production,1.0,1.0,False,0,120,19,6000,0.0,0.0031666666666666666,0.0,,
random_control_1,BP,GO:0032735,positive regulation of interleukin-12 production,1.0,1.0,False,0,120,13,6000,0.0,0.0021666666666666666,0.0,,
random_control_1,BP,GO:0032743,positive regulation of interleukin-2 production,1.0,1.0,False,0,120,14,6000,0.0,0.0023333333333333335,0.0,,
random_control_1,BP,GO:0032755,positive regulation of interleukin-6 production,1.0,1.0,False,0,120,29,6000,0.0,0.004833333333333334,0.0,,
random_control_1,BP,GO:0032757,positive regulation of interleukin-8 production,1.0,1.0,False,0,120,18,6000,0.0,0.003,0.0,,
random_control_1,BP,GO:0032760,positive regulation of tumor necrosis factor production,0.48751910067913096,1.0,False,1,120,33,6000,0.008333333333333333,0.0055,1.5151515151515151,7057,7057
random_control_1,BP,GO:0032774,RNA biosynthetic process,0.30663799344084586,1.0,False,9,120,365,6000,0.075,0.060833333333333336,1.232876712328767,328;2301;4790;5430;10623;56257;79039;221078;353267,10623;221078;2301;328;353267;4790;5430;56257;79039
random_control_1,BP,GO:0032784,regulation of DNA-templated transcription elongation,1.0,1.0,False,0,120,22,6000,0.0,0.0036666666666666666,0.0,,
random_control_1,BP,GO:0032786,"positive regulation of DNA-templated transcription, elongation",1.0,1.0,False,0,120,14,6000,0.0,0.0023333333333333335,0.0,,
random_control_1,BP,GO:0032787,monocarboxylic acid metabolic process,0.7505358201435943,1.0,False,2,120,133,6000,0.016666666666666666,0.022166666666666668,0.7518796992481203,948;205251,205251;948
random_control_1,BP,GO:0032790,ribosome disassembly,1.0,1.0,False,0,120,12,6000,0.0,0.002,0.0,,
random_control_1,BP,GO:0032814,regulation of natural killer cell activation,1.0,1.0,False,0,120,12,6000,0.0,0.002,0.0,,
random_control_1,BP,GO:0032835,glomerulus development,1.0,1.0,False,0,120,14,6000,0.0,0.0023333333333333335,0.0,,
random_control_1,BP,GO:0032868,response to insulin,0.11352521407325496,1.0,False,3,120,59,6000,0.025,0.009833333333333333,2.5423728813559325,3484;26060;29904,26060;29904;3484
random_control_1,BP,GO:0032869,cellular response to insulin stimulus,0.06363182894510311,1.0,False,3,120,46,6000,0.025,0.007666666666666666,3.2608695652173916,3484;26060;29904,26060;29904;3484
random_control_1,BP,GO:0032870,cellular response to hormone stimulus,0.024198217918996883,1.0,False,8,120,176,6000,0.06666666666666667,0.029333333333333333,2.272727272727273,1444;3484;4790;8031;10768;26060;29904;79039,10768;1444;26060;29904;3484;4790;79039;8031
random_control_1,BP,GO:0032872,regulation of stress-activated MAPK cascade,1.0,1.0,False,0,120,11,6000,0.0,0.0018333333333333333,0.0,,
random_control_1,BP,GO:0032878,regulation of establishment or maintenance of cell polarity,0.18305237920257855,1.0,False,1,120,10,6000,0.008333333333333333,0.0016666666666666668,5.0,9475,9475
random_control_1,BP,GO:0032879,regulation of localization,0.33055842193394147,1.0,False,12,120,514,6000,0.1,0.08566666666666667,1.1673151750972763,948;3759;4790;7057;9475;10541;10575;10768;26060;27347;29904;56257,10541;10575;10768;26060;27347;29904;3759;4790;56257;7057;9475;948
random_control_1,BP,GO:0032880,regulation of protein localization,0.24977521778663747,1.0,False,6,120,212,6000,0.05,0.035333333333333335,1.4150943396226416,948;9475;10541;10575;26060;56257,10541;10575;26060;56257;9475;948
random_control_1,BP,GO:0032881,regulation of polysaccharide metabolic process,0.03514392954070408,1.0,False,2,120,15,6000,0.016666666666666666,0.0025,6.666666666666666,4790;5261,4790;5261
random_control_1,BP,GO:0032885,regulation of polysaccharide biosynthetic process,0.23118189666298758,1.0,False,1,120,13,6000,0.008333333333333333,0.0021666666666666666,3.8461538461538463,4790,4790
random_control_1,BP,GO:0032886,regulation of microtubule-based process,0.4033029634689686,1.0,False,2,120,69,6000,0.016666666666666666,0.0115,1.4492753623188406,9475;79884,79884;9475
random_control_1,BP,GO:0032890,regulation of organic acid transport,0.2154596450610039,1.0,False,1,120,12,6000,0.008333333333333333,0.002,4.166666666666667,7057,7057
random_control_1,BP,GO:0032922,circadian regulation of gene expression,1.0,1.0,False,0,120,19,6000,0.0,0.0031666666666666666,0.0,,
random_control_1,BP,GO:0032924,activin receptor signaling pathway,1.0,1.0,False,0,120,10,6000,0.0,0.0016666666666666668,0.0,,
random_control_1,BP,GO:0032940,secretion by cell,0.8365902599146186,1.0,False,1,120,89,6000,0.008333333333333333,0.014833333333333334,0.5617977528089887,4253,4253
random_control_1,BP,GO:0032943,mononuclear cell proliferation,1.0,1.0,False,0,120,13,6000,0.0,0.0021666666666666666,0.0,,
random_control_1,BP,GO:0032944,regulation of mononuclear cell proliferation,0.7637611920712777,1.0,False,1,120,71,6000,0.008333333333333333,0.011833333333333333,0.7042253521126761,4352,4352
random_control_1,BP,GO:0032945,negative regulation of mononuclear cell proliferation,1.0,1.0,False,0,120,20,6000,0.0,0.0033333333333333335,0.0,,
random_control_1,BP,GO:0032946,positive regulation of mononuclear cell proliferation,0.6065742923968529,1.0,False,1,120,46,6000,0.008333333333333333,0.007666666666666666,1.0869565217391304,4352,4352
random_control_1,BP,GO:0032956,regulation of actin cytoskeleton organization,0.8189526850091731,1.0,False,1,120,84,6000,0.008333333333333333,0.014,0.5952380952380952,9475,9475
random_control_1,BP,GO:0032963,collagen metabolic process,1.0,1.0,False,0,120,17,6000,0.0,0.0028333333333333335,0.0,,
random_control_1,BP,GO:0032968,positive regulation of transcription elongation by RNA polymerase II,1.0,1.0,False,0,120,13,6000,0.0,0.0021666666666666666,0.0,,
random_control_1,BP,GO:0032970,regulation of actin filament-based process,0.582269970976724,1.0,False,2,120,97,6000,0.016666666666666666,0.016166666666666666,1.0309278350515465,3759;9475,3759;9475
random_control_1,BP,GO:0032981,mitochondrial respiratory chain complex I assembly,1.0,1.0,False,0,120,13,6000,0.0,0.0021666666666666666,0.0,,
random_control_1,BP,GO:0032984,protein-containing complex disassembly,1.0,1.0,False,0,120,43,6000,0.0,0.007166666666666667,0.0,,
random_control_1,BP,GO:0032989,cellular anatomical entity morphogenesis,1.0,1.0,False,0,120,34,6000,0.0,0.005666666666666667,0.0,,
random_control_1,BP,GO:0033013,tetrapyrrole metabolic process,0.2910068882529308,1.0,False,1,120,17,6000,0.008333333333333333,0.0028333333333333335,2.941176470588235,4548,4548
random_control_1,BP,GO:0033036,macromolecule localization,0.17125782637306572,1.0,False,14,120,530,6000,0.11666666666666667,0.08833333333333333,1.320754716981132,948;4253;6238;6748;8031;9475;10575;11231;23787;26060;56889;57655;389941;643136,10575;11231;23787;26060;389941;4253;56889;57655;6238;643136;6748;8031;9475;948
random_control_1,BP,GO:0033043,regulation of organelle organization,0.878222287507779,1.0,False,4,120,312,6000,0.03333333333333333,0.052,0.6410256410256411,9475;10575;55170;79884,10575;55170;79884;9475
random_control_1,BP,GO:0033044,regulation of chromosome organization,0.7488215426694528,1.0,False,1,120,68,6000,0.008333333333333333,0.011333333333333334,0.7352941176470588,10575,10575
random_control_1,BP,GO:0033045,regulation of sister chromatid segregation,1.0,1.0,False,0,120,32,6000,0.0,0.005333333333333333,0.0,,
random_control_1,BP,GO:0033046,negative regulation of sister chromatid segregation,1.0,1.0,False,0,120,10,6000,0.0,0.0016666666666666668,0.0,,
random_control_1,BP,GO:0033047,regulation of mitotic sister chromatid segregation,1.0,1.0,False,0,120,17,6000,0.0,0.0028333333333333335,0.0,,
random_control_1,BP,GO:0033048,negative regulation of mitotic sister chromatid segregation,1.0,1.0,False,0,120,10,6000,0.0,0.0016666666666666668,0.0,,
random_control_1,BP,GO:0033059,cellular pigmentation,1.0,1.0,False,0,120,16,6000,0.0,0.0026666666666666666,0.0,,
random_control_1,BP,GO:0033077,T cell differentiation in thymus,1.0,1.0,False,0,120,11,6000,0.0,0.0018333333333333333,0.0,,
random_control_1,BP,GO:0033108,mitochondrial respiratory chain complex assembly,0.48751910067913096,1.0,False,1,120,33,6000,0.008333333333333333,0.0055,1.5151515151515151,205251,205251
random_control_1,BP,GO:0033121,regulation of purine nucleotide catabolic process,1.0,1.0,False,0,120,15,6000,0.0,0.0025,0.0,,
random_control_1,BP,GO:0033135,regulation of peptidyl-serine phosphorylation,1.0,1.0,False,0,120,12,6000,0.0,0.002,0.0,,
random_control_1,BP,GO:0033143,regulation of intracellular steroid hormone receptor signaling pathway,1.0,1.0,False,0,120,21,6000,0.0,0.0035,0.0,,
random_control_1,BP,GO:0033144,negative regulation of intracellular steroid hormone receptor signaling pathway,1.0,1.0,False,0,120,11,6000,0.0,0.0018333333333333333,0.0,,
random_control_1,BP,GO:0033157,regulation of intracellular protein transport,0.12019743948550393,1.0,False,2,120,30,6000,0.016666666666666666,0.005,3.333333333333333,948;10541,10541;948
random_control_1,BP,GO:0033209,tumor necrosis factor-mediated signaling pathway,0.23118189666298758,1.0,False,1,120,13,6000,0.008333333333333333,0.0021666666666666666,3.8461538461538463,4790,4790
random_control_1,BP,GO:0033273,response to vitamin,1.0,1.0,False,0,120,22,6000,0.0,0.0036666666666666666,0.0,,
random_control_1,BP,GO:0033280,response to vitamin D,1.0,1.0,False,0,120,10,6000,0.0,0.0016666666666666668,0.0,,
random_control_1,BP,GO:0033363,secretory granule organization,1.0,1.0,False,0,120,23,6000,0.0,0.003833333333333333,0.0,,
random_control_1,BP,GO:0033365,protein localization to organelle,0.4660024562693591,1.0,False,4,120,175,6000,0.03333333333333333,0.029166666666666667,1.1428571428571428,8031;23787;26060;389941,23787;26060;389941;8031
random_control_1,BP,GO:0033500,carbohydrate homeostasis,1.0,1.0,False,0,120,53,6000,0.0,0.008833333333333334,0.0,,
random_control_1,BP,GO:0033554,cellular response to stress,0.1951793859473662,1.0,False,12,120,454,6000,0.1,0.07566666666666666,1.3215859030837007,328;948;1965;4352;4548;7057;9923;27347;29904;51360;55170;56924,1965;27347;29904;328;4352;4548;51360;55170;56924;7057;948;9923
random_control_1,BP,GO:0033555,multicellular organismal response to stress,0.24659164652108712,1.0,False,1,120,14,6000,0.008333333333333333,0.0023333333333333335,3.571428571428571,7057,7057
random_control_1,BP,GO:0033559,unsaturated fatty acid metabolic process,1.0,1.0,False,0,120,34,6000,0.0,0.005666666666666667,0.0,,
random_control_1,BP,GO:0033574,response to testosterone,0.026792625837197194,1.0,False,2,120,13,6000,0.016666666666666666,0.0021666666666666666,7.6923076923076925,7057;8031,7057;8031
random_control_1,BP,GO:0033617,mitochondrial respiratory chain complex IV assembly,1.0,1.0,False,0,120,11,6000,0.0,0.0018333333333333333,0.0,,
random_control_1,BP,GO:0033627,cell adhesion mediated by integrin,1.0,1.0,False,0,120,13,6000,0.0,0.0021666666666666666,0.0,,
random_control_1,BP,GO:0033628,regulation of cell adhesion mediated by integrin,0.18305237920257855,1.0,False,1,120,10,6000,0.008333333333333333,0.0016666666666666668,5.0,5328,5328
random_control_1,BP,GO:0033673,negative regulation of kinase activity,1.0,1.0,False,0,120,22,6000,0.0,0.0036666666666666666,0.0,,
random_control_1,BP,GO:0033674,positive regulation of kinase activity,1.0,1.0,False,0,120,35,6000,0.0,0.005833333333333334,0.0,,
random_control_1,BP,GO:0033762,response to glucagon,1.0,1.0,False,0,120,15,6000,0.0,0.0025,0.0,,
random_control_1,BP,GO:0033993,response to lipid,0.3839314543616085,1.0,False,6,120,250,6000,0.05,0.041666666666666664,1.2000000000000002,948;4790;7057;8031;27347;79039,27347;4790;7057;79039;8031;948
random_control_1,BP,GO:0034067,protein localization to Golgi apparatus,1.0,1.0,False,0,120,11,6000,0.0,0.0018333333333333333,0.0,,
random_control_1,BP,GO:0034097,response to cytokine,0.11997700515601092,1.0,False,7,120,207,6000,0.058333333333333334,0.0345,1.6908212560386473,1232;4352;4790;5966;7057;26060;27347,1232;26060;27347;4352;4790;5966;7057
random_control_1,BP,GO:0034101,erythrocyte homeostasis,0.4441539425635324,1.0,False,1,120,29,6000,0.008333333333333333,0.004833333333333334,1.7241379310344827,8031,8031
random_control_1,BP,GO:0034103,regulation of tissue remodeling,0.23118189666298758,1.0,False,1,120,13,6000,0.008333333333333333,0.0021666666666666666,3.8461538461538463,9475,9475
random_control_1,BP,GO:0034109,homotypic cell-cell adhesion,1.0,1.0,False,0,120,13,6000,0.0,0.0021666666666666666,0.0,,
random_control_1,BP,GO:0034110,regulation of homotypic cell-cell adhesion,1.0,1.0,False,0,120,10,6000,0.0,0.0016666666666666668,0.0,,
random_control_1,BP,GO:0034113,heterotypic cell-cell adhesion,1.0,1.0,False,0,120,12,6000,0.0,0.002,0.0,,
random_control_1,BP,GO:0034142,toll-like receptor 4 signaling pathway,1.0,1.0,False,0,120,11,6000,0.0,0.0018333333333333333,0.0,,
random_control_1,BP,GO:0034143,regulation of toll-like receptor 4 signaling pathway,0.016072793960387157,1.0,False,2,120,10,6000,0.016666666666666666,0.0016666666666666668,10.0,948;26060,26060;948
random_control_1,BP,GO:0034198,cellular response to amino acid starvation,0.3191643119150053,1.0,False,1,120,19,6000,0.008333333333333333,0.0031666666666666666,2.6315789473684212,1965,1965
random_control_1,BP,GO:0034204,lipid translocation,1.0,1.0,False,0,120,19,6000,0.0,0.0031666666666666666,0.0,,
random_control_1,BP,GO:0034219,carbohydrate transmembrane transport,0.2910068882529308,1.0,False,1,120,17,6000,0.008333333333333333,0.0028333333333333335,2.941176470588235,56606,56606
random_control_1,BP,GO:0034220,monoatomic ion transmembrane transport,0.39117396369542334,1.0,False,6,120,252,6000,0.05,0.042,1.1904761904761905,2823;3756;3759;27347;56606;221301,221301;27347;2823;3756;3759;56606
random_control_1,BP,GO:0034242,negative regulation of syncytium formation by plasma membrane fusion,1.0,1.0,False,0,120,16,6000,0.0,0.0026666666666666666,0.0,,
random_control_1,BP,GO:0034243,regulation of transcription elongation by RNA polymerase II,1.0,1.0,False,0,120,20,6000,0.0,0.0033333333333333335,0.0,,
random_control_1,BP,GO:0034284,response to monosaccharide,0.5732069281268636,1.0,False,1,120,42,6000,0.008333333333333333,0.007,1.1904761904761905,7057,7057
random_control_1,BP,GO:0034308,primary alcohol metabolic process,1.0,1.0,False,0,120,23,6000,0.0,0.003833333333333333,0.0,,
random_control_1,BP,GO:0034311,diol metabolic process,1.0,1.0,False,0,120,10,6000,0.0,0.0016666666666666668,0.0,,
random_control_1,BP,GO:0034315,regulation of Arp2/3 complex-mediated actin nucleation,1.0,1.0,False,0,120,12,6000,0.0,0.002,0.0,,
random_control_1,BP,GO:0034329,cell junction assembly,0.43119565342273936,1.0,False,2,120,73,6000,0.016666666666666666,0.012166666666666666,1.3698630136986303,2823;389941,2823;389941
random_control_1,BP,GO:0034330,cell junction organization,0.32066318896944923,1.0,False,4,120,143,6000,0.03333333333333333,0.023833333333333335,1.3986013986013985,2823;26060;389941;653269,26060;2823;389941;653269
random_control_1,BP,GO:0034331,cell junction maintenance,0.04435853423451011,1.0,False,2,120,17,6000,0.016666666666666666,0.0028333333333333335,5.88235294117647,26060;389941,26060;389941
random_control_1,BP,GO:0034332,adherens junction organization,1.0,1.0,False,0,120,15,6000,0.0,0.0025,0.0,,
random_control_1,BP,GO:0034340,response to type I interferon,1.0,1.0,False,0,120,26,6000,0.0,0.004333333333333333,0.0,,
random_control_1,BP,GO:0034341,response to type II interferon,1.0,1.0,False,0,120,28,6000,0.0,0.004666666666666667,0.0,,
random_control_1,BP,GO:0034381,plasma lipoprotein particle clearance,0.18305237920257855,1.0,False,1,120,10,6000,0.008333333333333333,0.0016666666666666668,5.0,948,948
random_control_1,BP,GO:0034389,lipid droplet organization,1.0,1.0,False,0,120,10,6000,0.0,0.0016666666666666668,0.0,,
random_control_1,BP,GO:0034405,response to fluid shear stress,1.0,1.0,False,0,120,17,6000,0.0,0.0028333333333333335,0.0,,
random_control_1,BP,GO:0034440,lipid oxidation,0.4327558689318889,1.0,False,1,120,28,6000,0.008333333333333333,0.004666666666666667,1.7857142857142856,205251,205251
random_control_1,BP,GO:0034446,substrate adhesion-dependent cell spreading,1.0,1.0,False,0,120,13,6000,0.0,0.0021666666666666666,0.0,,
random_control_1,BP,GO:0034472,snRNA 3'-end processing,1.0,1.0,False,0,120,12,6000,0.0,0.002,0.0,,
random_control_1,BP,GO:0034502,protein localization to chromosome,1.0,1.0,False,0,120,25,6000,0.0,0.004166666666666667,0.0,,
random_control_1,BP,GO:0034504,protein localization to nucleus,0.5370351507111182,1.0,False,1,120,38,6000,0.008333333333333333,0.006333333333333333,1.3157894736842106,26060,26060
random_control_1,BP,GO:0034599,cellular response to oxidative stress,0.33842504355868663,1.0,False,2,120,60,6000,0.016666666666666666,0.01,1.6666666666666665,948;1965,1965;948
random_control_1,BP,GO:0034605,cellular response to heat,0.0308551485076948,1.0,False,2,120,14,6000,0.016666666666666666,0.0023333333333333335,7.142857142857142,1965;7057,1965;7057
random_control_1,BP,GO:0034612,response to tumor necrosis factor,0.15440060373021774,1.0,False,2,120,35,6000,0.016666666666666666,0.005833333333333334,2.8571428571428568,4790;7057,4790;7057
random_control_1,BP,GO:0034614,cellular response to reactive oxygen species,1.0,1.0,False,0,120,34,6000,0.0,0.005666666666666667,0.0,,
random_control_1,BP,GO:0034616,response to laminar fluid shear stress,1.0,1.0,False,0,120,11,6000,0.0,0.0018333333333333333,0.0,,
random_control_1,BP,GO:0034620,cellular response to unfolded protein,0.0706571984261017,1.0,False,2,120,22,6000,0.016666666666666666,0.0036666666666666666,4.545454545454546,1965;51360,1965;51360
random_control_1,BP,GO:0034644,cellular response to UV,0.3191643119150053,1.0,False,1,120,19,6000,0.008333333333333333,0.0031666666666666666,2.6315789473684212,1965,1965
random_control_1,BP,GO:0034654,nucleobase-containing compound biosynthetic process,0.5861626277010298,1.0,False,9,120,463,6000,0.075,0.07716666666666666,0.9719222462203024,328;2301;4790;5430;10623;56257;79039;221078;353267,10623;221078;2301;328;353267;4790;5430;56257;79039
random_control_1,BP,GO:0034655,nucleobase-containing compound catabolic process,0.6151889642031494,1.0,False,2,120,103,6000,0.016666666666666666,0.017166666666666667,0.970873786407767,328;54439,328;54439
random_control_1,BP,GO:0034694,response to prostaglandin,1.0,1.0,False,0,120,12,6000,0.0,0.002,0.0,,
random_control_1,BP,GO:0034728,nucleosome organization,1.0,1.0,False,0,120,37,6000,0.0,0.006166666666666667,0.0,,
random_control_1,BP,GO:0034762,regulation of transmembrane transport,0.15428293192089904,1.0,False,4,120,104,6000,0.03333333333333333,0.017333333333333333,1.9230769230769231,3759;7057;26060;27347,26060;27347;3759;7057
random_control_1,BP,GO:0034763,negative regulation of transmembrane transport,0.07640369414754856,1.0,False,2,120,23,6000,0.016666666666666666,0.003833333333333333,4.3478260869565215,7057;27347,27347;7057
random_control_1,BP,GO:0034764,positive regulation of transmembrane transport,0.06701596897600118,1.0,False,3,120,47,6000,0.025,0.007833333333333333,3.191489361702128,3759;26060;27347,26060;27347;3759
random_control_1,BP,GO:0034765,regulation of monoatomic ion transmembrane transport,0.4650767308164933,1.0,False,2,120,78,6000,0.016666666666666666,0.013,1.2820512820512822,3759;27347,27347;3759
random_control_1,BP,GO:0034766,negative regulation of monoatomic ion transmembrane transport,0.3191643119150053,1.0,False,1,120,19,6000,0.008333333333333333,0.0031666666666666666,2.6315789473684212,27347,27347
random_control_1,BP,GO:0034767,positive regulation of monoatomic ion transmembrane transport,0.14741111319620218,1.0,False,2,120,34,6000,0.016666666666666666,0.005666666666666667,2.941176470588235,3759;27347,27347;3759
random_control_1,BP,GO:0034976,response to endoplasmic reticulum stress,0.16413140270222054,1.0,False,3,120,70,6000,0.025,0.011666666666666667,2.142857142857143,1965;7057;51360,1965;51360;7057
random_control_1,BP,GO:0035020,regulation of Rac protein signal transduction,1.0,1.0,False,0,120,20,6000,0.0,0.0033333333333333335,0.0,,
random_control_1,BP,GO:0035022,positive regulation of Rac protein signal transduction,1.0,1.0,False,0,120,12,6000,0.0,0.002,0.0,,
random_control_1,BP,GO:0035023,regulation of Rho protein signal transduction,1.0,1.0,False,0,120,25,6000,0.0,0.004166666666666667,0.0,,
random_control_1,BP,GO:0035036,sperm-egg recognition,1.0,1.0,False,0,120,12,6000,0.0,0.002,0.0,,
random_control_1,BP,GO:0035050,embryonic heart tube development,1.0,1.0,False,0,120,13,6000,0.0,0.0021666666666666666,0.0,,
random_control_1,BP,GO:0035051,cardiocyte differentiation,1.0,1.0,False,0,120,20,6000,0.0,0.0033333333333333335,0.0,,
random_control_1,BP,GO:0035082,axoneme assembly,0.4327558689318889,1.0,False,1,120,28,6000,0.008333333333333333,0.004666666666666667,1.7857142857142856,25981,25981
random_control_1,BP,GO:0035094,response to nicotine,0.24659164652108712,1.0,False,1,120,14,6000,0.008333333333333333,0.0023333333333333335,3.571428571428571,4790,4790
random_control_1,BP,GO:0035107,appendage morphogenesis,1.0,1.0,False,0,120,19,6000,0.0,0.0031666666666666666,0.0,,
random_control_1,BP,GO:0035108,limb morphogenesis,1.0,1.0,False,0,120,19,6000,0.0,0.0031666666666666666,0.0,,
random_control_1,BP,GO:0035113,embryonic appendage morphogenesis,1.0,1.0,False,0,120,16,6000,0.0,0.0026666666666666666,0.0,,
random_control_1,BP,GO:0035148,tube formation,1.0,1.0,False,0,120,17,6000,0.0,0.0028333333333333335,0.0,,
random_control_1,BP,GO:0035150,regulation of tube size,0.5818029618000387,1.0,False,1,120,43,6000,0.008333333333333333,0.007166666666666667,1.1627906976744187,9475,9475
random_control_1,BP,GO:0035194,regulatory ncRNA-mediated post-transcriptional gene silencing,1.0,1.0,False,0,120,10,6000,0.0,0.0016666666666666668,0.0,,
random_control_1,BP,GO:0035196,miRNA processing,1.0,1.0,False,0,120,13,6000,0.0,0.0021666666666666666,0.0,,
random_control_1,BP,GO:0035239,tube morphogenesis,0.675049770763315,1.0,False,2,120,115,6000,0.016666666666666666,0.019166666666666665,0.8695652173913044,7057;51752,51752;7057
random_control_1,BP,GO:0035249,"synaptic transmission, glutamatergic",1.0,1.0,False,0,120,10,6000,0.0,0.0016666666666666668,0.0,,
random_control_1,BP,GO:0035265,organ growth,1.0,1.0,False,0,120,11,6000,0.0,0.0018333333333333333,0.0,,
random_control_1,BP,GO:0035270,endocrine system development,1.0,1.0,False,0,120,19,6000,0.0,0.0031666666666666666,0.0,,
random_control_1,BP,GO:0035282,segmentation,1.0,1.0,False,0,120,15,6000,0.0,0.0025,0.0,,
random_control_1,BP,GO:0035295,tube development,0.8302373831347611,1.0,False,2,120,158,6000,0.016666666666666666,0.026333333333333334,0.6329113924050632,7057;51752,51752;7057
random_control_1,BP,GO:0035296,regulation of tube diameter,0.5818029618000387,1.0,False,1,120,43,6000,0.008333333333333333,0.007166666666666667,1.1627906976744187,9475,9475
random_control_1,BP,GO:0035330,regulation of hippo signaling,0.1994186086676354,1.0,False,1,120,11,6000,0.008333333333333333,0.0018333333333333333,4.545454545454546,7073,7073
random_control_1,BP,GO:0035337,fatty-acyl-CoA metabolic process,1.0,1.0,False,0,120,12,6000,0.0,0.002,0.0,,
random_control_1,BP,GO:0035418,protein localization to synapse,0.2616950548768287,1.0,False,1,120,15,6000,0.008333333333333333,0.0025,3.333333333333333,389941,389941
random_control_1,BP,GO:0035456,response to interferon-beta,1.0,1.0,False,0,120,11,6000,0.0,0.0018333333333333333,0.0,,
random_control_1,BP,GO:0035458,cellular response to interferon-beta,1.0,1.0,False,0,120,10,6000,0.0,0.0016666666666666668,0.0,,
random_control_1,BP,GO:0035459,vesicle cargo loading,0.23118189666298758,1.0,False,1,120,13,6000,0.008333333333333333,0.0021666666666666666,3.8461538461538463,4253,4253
random_control_1,BP,GO:0035556,intracellular signal transduction,0.20776222821654539,1.0,False,13,120,505,6000,0.10833333333333334,0.08416666666666667,1.2871287128712872,948;1232;1965;4790;5966;7057;8031;9475;27347;51360;56924;57531;79039,1232;1965;27347;4790;51360;56924;57531;5966;7057;79039;8031;9475;948
random_control_1,BP,GO:0035567,non-canonical Wnt signaling pathway,1.0,1.0,False,0,120,16,6000,0.0,0.0026666666666666666,0.0,,
random_control_1,BP,GO:0035592,establishment of protein localization to extracellular region,0.3847989996645063,1.0,False,1,120,24,6000,0.008333333333333333,0.004,2.0833333333333335,4253,4253
random_control_1,BP,GO:0035633,maintenance of blood-brain barrier,1.0,1.0,False,0,120,13,6000,0.0,0.0021666666666666666,0.0,,
random_control_1,BP,GO:0035710,"CD4-positive, alpha-beta T cell activation",1.0,1.0,False,0,120,24,6000,0.0,0.004,0.0,,
random_control_1,BP,GO:0035725,sodium ion transmembrane transport,0.6298898327348624,1.0,False,1,120,49,6000,0.008333333333333333,0.008166666666666666,1.0204081632653061,27347,27347
random_control_1,BP,GO:0035774,positive regulation of insulin secretion involved in cellular response to glucose stimulus,1.0,1.0,False,0,120,11,6000,0.0,0.0018333333333333333,0.0,,
random_control_1,BP,GO:0035821,modulation of process of another organism,0.49782540333012903,1.0,False,1,120,34,6000,0.008333333333333333,0.005666666666666667,1.4705882352941175,9475,9475
random_control_1,BP,GO:0035825,homologous recombination,1.0,1.0,False,0,120,24,6000,0.0,0.004,0.0,,
random_control_1,BP,GO:0035904,aorta development,1.0,1.0,False,0,120,10,6000,0.0,0.0016666666666666668,0.0,,
random_control_1,BP,GO:0035924,cellular response to vascular endothelial growth factor stimulus,1.0,1.0,False,0,120,17,6000,0.0,0.0028333333333333335,0.0,,
random_control_1,BP,GO:0035966,response to topologically incorrect protein,0.13364383837618787,1.0,False,2,120,32,6000,0.016666666666666666,0.005333333333333333,3.125,1965;51360,1965;51360
random_control_1,BP,GO:0035967,cellular response to topologically incorrect protein,0.08229278812852872,1.0,False,2,120,24,6000,0.016666666666666666,0.004,4.166666666666667,1965;51360,1965;51360
random_control_1,BP,GO:0035987,endodermal cell differentiation,1.0,1.0,False,0,120,13,6000,0.0,0.0021666666666666666,0.0,,
random_control_1,BP,GO:0036211,protein modification process,0.7723192871840401,1.0,False,6,120,376,6000,0.05,0.06266666666666666,0.797872340425532,5261;8405;9475;27347;29904;57531,27347;29904;5261;57531;8405;9475
random_control_1,BP,GO:0036257,multivesicular body organization,1.0,1.0,False,0,120,11,6000,0.0,0.0018333333333333333,0.0,,
random_control_1,BP,GO:0036258,multivesicular body assembly,1.0,1.0,False,0,120,11,6000,0.0,0.0018333333333333333,0.0,,
random_control_1,BP,GO:0036293,response to decreased oxygen levels,0.17895495194661767,1.0,False,3,120,73,6000,0.025,0.012166666666666666,2.0547945205479454,4352;7057;29904,29904;4352;7057
random_control_1,BP,GO:0036294,cellular response to decreased oxygen levels,0.1685640436608267,1.0,False,2,120,37,6000,0.016666666666666666,0.006166666666666667,2.7027027027027026,4352;29904,29904;4352
random_control_1,BP,GO:0036297,interstrand cross-link repair,1.0,1.0,False,0,120,11,6000,0.0,0.0018333333333333333,0.0,,
random_control_1,BP,GO:0036336,dendritic cell migration,1.0,1.0,False,0,120,11,6000,0.0,0.0018333333333333333,0.0,,
random_control_1,BP,GO:0036465,synaptic vesicle recycling,1.0,1.0,False,0,120,18,6000,0.0,0.003,0.0,,
random_control_1,BP,GO:0036503,ERAD pathway,1.0,1.0,False,0,120,24,6000,0.0,0.004,0.0,,
random_control_1,BP,GO:0038093,Fc receptor signaling pathway,1.0,1.0,False,0,120,16,6000,0.0,0.0026666666666666666,0.0,,
random_control_1,BP,GO:0038094,Fc-gamma receptor signaling pathway,1.0,1.0,False,0,120,11,6000,0.0,0.0018333333333333333,0.0,,
random_control_1,BP,GO:0038127,ERBB signaling pathway,1.0,1.0,False,0,120,21,6000,0.0,0.0035,0.0,,
random_control_1,BP,GO:0038128,ERBB2 signaling pathway,1.0,1.0,False,0,120,10,6000,0.0,0.0016666666666666668,0.0,,
random_control_1,BP,GO:0039531,regulation of cytoplasmic pattern recognition receptor signaling pathway,0.5984832752739089,1.0,False,1,120,45,6000,0.008333333333333333,0.0075,1.1111111111111112,948,948
random_control_1,BP,GO:0039532,negative regulation of cytoplasmic pattern recognition receptor signaling pathway,1.0,1.0,False,0,120,18,6000,0.0,0.003,0.0,,
random_control_1,BP,GO:0040001,establishment of mitotic spindle localization,1.0,1.0,False,0,120,11,6000,0.0,0.0018333333333333333,0.0,,
random_control_1,BP,GO:0040007,growth,0.7160748336917495,1.0,False,1,120,62,6000,0.008333333333333333,0.010333333333333333,0.8064516129032258,3484,3484
random_control_1,BP,GO:0040008,regulation of growth,0.7467679301746184,1.0,False,2,120,132,6000,0.016666666666666666,0.022,0.7575757575757576,948;3484,3484;948
random_control_1,BP,GO:0040011,locomotion,0.6887929150093662,1.0,False,2,120,118,6000,0.016666666666666666,0.019666666666666666,0.8474576271186441,1232;5328,1232;5328
random_control_1,BP,GO:0040012,regulation of locomotion,0.5600352406791953,1.0,False,6,120,300,6000,0.05,0.05,1.0,5328;7057;9475;26060;27347;57531,26060;27347;5328;57531;7057;9475
random_control_1,BP,GO:0040013,negative regulation of locomotion,0.8774154722221742,1.0,False,1,120,103,6000,0.008333333333333333,0.017166666666666667,0.4854368932038835,7057,7057
random_control_1,BP,GO:0040017,positive regulation of locomotion,0.452670439385613,1.0,False,4,120,172,6000,0.03333333333333333,0.028666666666666667,1.1627906976744187,5328;7057;9475;27347,27347;5328;7057;9475
random_control_1,BP,GO:0040019,positive regulation of embryonic development,1.0,1.0,False,0,120,10,6000,0.0,0.0016666666666666668,0.0,,
random_control_1,BP,GO:0040029,epigenetic regulation of gene expression,0.6098416733688516,1.0,False,2,120,102,6000,0.016666666666666666,0.017,0.9803921568627451,328;340602,328;340602
random_control_1,BP,GO:0042044,fluid transport,0.2154596450610039,1.0,False,1,120,12,6000,0.008333333333333333,0.002,4.166666666666667,10768,10768
random_control_1,BP,GO:0042058,regulation of epidermal growth factor receptor signaling pathway,0.397152433406183,1.0,False,1,120,25,6000,0.008333333333333333,0.004166666666666667,2.0,5328,5328
random_control_1,BP,GO:0042059,negative regulation of epidermal growth factor receptor signaling pathway,1.0,1.0,False,0,120,14,6000,0.0,0.0023333333333333335,0.0,,
random_control_1,BP,GO:0042060,wound healing,0.04866554656880931,1.0,False,4,120,69,6000,0.03333333333333333,0.0115,2.898550724637681,948;5493;7057;221477,221477;5493;7057;948
random_control_1,BP,GO:0042063,gliogenesis,1.0,1.0,False,0,120,49,6000,0.0,0.008166666666666666,0.0,,
random_control_1,BP,GO:0042073,intraciliary transport,1.0,1.0,False,0,120,16,6000,0.0,0.0026666666666666666,0.0,,
random_control_1,BP,GO:0042093,T-helper cell differentiation,1.0,1.0,False,0,120,18,6000,0.0,0.003,0.0,,
random_control_1,BP,GO:0042102,positive regulation of T cell proliferation,1.0,1.0,False,0,120,34,6000,0.0,0.005666666666666667,0.0,,
random_control_1,BP,GO:0042110,T cell activation,1.0,1.0,False,0,120,85,6000,0.0,0.014166666666666666,0.0,,
random_control_1,BP,GO:0042113,B cell activation,1.0,1.0,False,0,120,55,6000,0.0,0.009166666666666667,0.0,,
random_control_1,BP,GO:0042116,macrophage activation,0.27649816154596496,1.0,False,1,120,16,6000,0.008333333333333333,0.0026666666666666666,3.125,27347,27347
random_control_1,BP,GO:0042127,regulation of cell population proliferation,0.8625399587162513,1.0,False,6,120,425,6000,0.05,0.07083333333333333,0.7058823529411765,1232;2301;3756;4352;7057;7073,1232;2301;3756;4352;7057;7073
random_control_1,BP,GO:0042129,regulation of T cell proliferation,1.0,1.0,False,0,120,55,6000,0.0,0.009166666666666667,0.0,,
random_control_1,BP,GO:0042130,negative regulation of T cell proliferation,1.0,1.0,False,0,120,19,6000,0.0,0.0031666666666666666,0.0,,
random_control_1,BP,GO:0042147,"retrograde transport, endosome to Golgi",1.0,1.0,False,0,120,36,6000,0.0,0.006,0.0,,
random_control_1,BP,GO:0042149,cellular response to glucose starvation,1.0,1.0,False,0,120,16,6000,0.0,0.0026666666666666666,0.0,,
random_control_1,BP,GO:0042157,lipoprotein metabolic process,1.0,1.0,False,0,120,12,6000,0.0,0.002,0.0,,
random_control_1,BP,GO:0042168,heme metabolic process,1.0,1.0,False,0,120,12,6000,0.0,0.002,0.0,,
random_control_1,BP,GO:0042176,regulation of protein catabolic process,0.8938543533231712,1.0,False,1,120,110,6000,0.008333333333333333,0.018333333333333333,0.45454545454545453,55170,55170
random_control_1,BP,GO:0042177,negative regulation of protein catabolic process,0.5370351507111182,1.0,False,1,120,38,6000,0.008333333333333333,0.006333333333333333,1.3157894736842106,55170,55170
random_control_1,BP,GO:0042180,ketone metabolic process,1.0,1.0,False,0,120,18,6000,0.0,0.003,0.0,,
random_control_1,BP,GO:0042219,modified amino acid catabolic process,1.0,1.0,False,0,120,10,6000,0.0,0.0016666666666666668,0.0,,
random_control_1,BP,GO:0042221,response to chemical,0.19688906109574003,1.0,False,24,120,1004,6000,0.2,0.16733333333333333,1.1952191235059761,948;1232;1444;1965;3484;3756;4352;4548;4790;5328;5966;7057;8031;8383;9475;10768;26060;27347;29904;66004;79039;84560;120586;391107,10768;120586;1232;1444;1965;26060;27347;29904;3484;3756;391107;4352;4548;4790;5328;5966;66004;7057;79039;8031;8383;84560;9475;948
random_control_1,BP,GO:0042246,tissue regeneration,0.2154596450610039,1.0,False,1,120,12,6000,0.008333333333333333,0.002,4.166666666666667,3484,3484
random_control_1,BP,GO:0042254,ribosome biogenesis,0.4977577517372188,1.0,False,2,120,83,6000,0.016666666666666666,0.013833333333333333,1.2048192771084338,79039;221078,221078;79039
random_control_1,BP,GO:0042255,ribosome assembly,1.0,1.0,False,0,120,25,6000,0.0,0.004166666666666667,0.0,,
random_control_1,BP,GO:0042267,natural killer cell mediated cytotoxicity,1.0,1.0,False,0,120,11,6000,0.0,0.0018333333333333333,0.0,,
random_control_1,BP,GO:0042269,regulation of natural killer cell mediated cytotoxicity,1.0,1.0,False,0,120,12,6000,0.0,0.002,0.0,,
random_control_1,BP,GO:0042273,ribosomal large subunit biogenesis,0.397152433406183,1.0,False,1,120,25,6000,0.008333333333333333,0.004166666666666667,2.0,79039,79039
random_control_1,BP,GO:0042274,ribosomal small subunit biogenesis,1.0,1.0,False,0,120,34,6000,0.0,0.005666666666666667,0.0,,
random_control_1,BP,GO:0042303,molting cycle,0.2154596450610039,1.0,False,1,120,12,6000,0.008333333333333333,0.002,4.166666666666667,100132386,100132386
random_control_1,BP,GO:0042304,regulation of fatty acid biosynthetic process,1.0,1.0,False,0,120,16,6000,0.0,0.0026666666666666666,0.0,,
random_control_1,BP,GO:0042306,regulation of protein import into nucleus,0.24659164652108712,1.0,False,1,120,14,6000,0.008333333333333333,0.0023333333333333335,3.571428571428571,948,948
random_control_1,BP,GO:0042311,vasodilation,1.0,1.0,False,0,120,16,6000,0.0,0.0026666666666666666,0.0,,
random_control_1,BP,GO:0042325,regulation of phosphorylation,0.9136150094912445,1.0,False,1,120,120,6000,0.008333333333333333,0.02,0.41666666666666663,7057,7057
random_control_1,BP,GO:0042326,negative regulation of phosphorylation,1.0,1.0,False,0,120,33,6000,0.0,0.0055,0.0,,
random_control_1,BP,GO:0042327,positive regulation of phosphorylation,0.7539026982459304,1.0,False,1,120,69,6000,0.008333333333333333,0.0115,0.7246376811594203,7057,7057
random_control_1,BP,GO:0042330,taxis,0.6703616595477611,1.0,False,2,120,114,6000,0.016666666666666666,0.019,0.8771929824561404,1232;5328,1232;5328
random_control_1,BP,GO:0042391,regulation of membrane potential,0.40548337586898453,1.0,False,3,120,115,6000,0.025,0.019166666666666665,1.3043478260869568,948;3756;3759,3756;3759;948
random_control_1,BP,GO:0042398,modified amino acid biosynthetic process,1.0,1.0,False,0,120,13,6000,0.0,0.0021666666666666666,0.0,,
random_control_1,BP,GO:0042440,pigment metabolic process,1.0,1.0,False,0,120,17,6000,0.0,0.0028333333333333335,0.0,,
random_control_1,BP,GO:0042445,hormone metabolic process,1.0,1.0,False,0,120,54,6000,0.0,0.009,0.0,,
random_control_1,BP,GO:0042471,ear morphogenesis,1.0,1.0,False,0,120,21,6000,0.0,0.0035,0.0,,
random_control_1,BP,GO:0042472,inner ear morphogenesis,1.0,1.0,False,0,120,16,6000,0.0,0.0026666666666666666,0.0,,
random_control_1,BP,GO:0042475,odontogenesis of dentin-containing tooth,1.0,1.0,False,0,120,11,6000,0.0,0.0018333333333333333,0.0,,
random_control_1,BP,GO:0042476,odontogenesis,1.0,1.0,False,0,120,20,6000,0.0,0.0033333333333333335,0.0,,
random_control_1,BP,GO:0042490,mechanoreceptor differentiation,1.0,1.0,False,0,120,11,6000,0.0,0.0018333333333333333,0.0,,
random_control_1,BP,GO:0042509,regulation of tyrosine phosphorylation of STAT protein,1.0,1.0,False,0,120,11,6000,0.0,0.0018333333333333333,0.0,,
random_control_1,BP,GO:0042531,positive regulation of tyrosine phosphorylation of STAT protein,1.0,1.0,False,0,120,10,6000,0.0,0.0016666666666666668,0.0,,
random_control_1,BP,GO:0042542,response to hydrogen peroxide,1.0,1.0,False,0,120,25,6000,0.0,0.004166666666666667,0.0,,
random_control_1,BP,GO:0042552,myelination,1.0,1.0,False,0,120,28,6000,0.0,0.004666666666666667,0.0,,
random_control_1,BP,GO:0042558,pteridine-containing compound metabolic process,0.24659164652108712,1.0,False,1,120,14,6000,0.008333333333333333,0.0023333333333333335,3.571428571428571,4548,4548
random_control_1,BP,GO:0042572,retinol metabolic process,1.0,1.0,False,0,120,14,6000,0.0,0.0023333333333333335,0.0,,
random_control_1,BP,GO:0042573,retinoic acid metabolic process,1.0,1.0,False,0,120,10,6000,0.0,0.0016666666666666668,0.0,,
random_control_1,BP,GO:0042592,homeostatic process,0.33491890778436423,1.0,False,9,120,375,6000,0.075,0.0625,1.2,948;3756;3759;4352;4756;8031;27347;84560;205251,205251;27347;3756;3759;4352;4756;8031;84560;948
random_control_1,BP,GO:0042593,glucose homeostasis,1.0,1.0,False,0,120,50,6000,0.0,0.008333333333333333,0.0,,
random_control_1,BP,GO:0042594,response to starvation,0.4650767308164933,1.0,False,2,120,78,6000,0.016666666666666666,0.013,1.2820512820512822,1965;56924,1965;56924
random_control_1,BP,GO:0042632,cholesterol homeostasis,1.0,1.0,False,0,120,29,6000,0.0,0.004833333333333334,0.0,,
random_control_1,BP,GO:0042633,hair cycle,0.2154596450610039,1.0,False,1,120,12,6000,0.008333333333333333,0.002,4.166666666666667,100132386,100132386
random_control_1,BP,GO:0042692,muscle cell differentiation,0.3236979318267654,1.0,False,2,120,58,6000,0.016666666666666666,0.009666666666666667,1.7241379310344827,3756;205251,205251;3756
random_control_1,BP,GO:0042742,defense response to bacterium,0.8365902599146186,1.0,False,1,120,89,6000,0.008333333333333333,0.014833333333333334,0.5617977528089887,4790,4790
random_control_1,BP,GO:0042743,hydrogen peroxide metabolic process,1.0,1.0,False,0,120,12,6000,0.0,0.002,0.0,,
random_control_1,BP,GO:0042752,regulation of circadian rhythm,0.397152433406183,1.0,False,1,120,25,6000,0.008333333333333333,0.004166666666666667,2.0,9475,9475
random_control_1,BP,GO:0042770,signal transduction in response to DNA damage,1.0,1.0,False,0,120,38,6000,0.0,0.006333333333333333,0.0,,
random_control_1,BP,GO:0042773,ATP synthesis coupled electron transport,1.0,1.0,False,0,120,26,6000,0.0,0.004333333333333333,0.0,,
random_control_1,BP,GO:0042775,mitochondrial ATP synthesis coupled electron transport,1.0,1.0,False,0,120,26,6000,0.0,0.004333333333333333,0.0,,
random_control_1,BP,GO:0042776,proton motive force-driven mitochondrial ATP synthesis,1.0,1.0,False,0,120,19,6000,0.0,0.0031666666666666666,0.0,,
random_control_1,BP,GO:0042789,mRNA transcription by RNA polymerase II,0.019390084552009995,1.0,False,2,120,11,6000,0.016666666666666666,0.0018333333333333333,9.090909090909092,2301;5430,2301;5430
random_control_1,BP,GO:0042981,regulation of apoptotic process,0.199981604952421,1.0,False,10,120,368,6000,0.08333333333333333,0.06133333333333333,1.358695652173913,328;1965;2301;4790;7057;10541;10768;23787;27324;29904,10541;10768;1965;2301;23787;27324;29904;328;4790;7057
random_control_1,BP,GO:0043001,Golgi to plasma membrane protein transport,1.0,1.0,False,0,120,12,6000,0.0,0.002,0.0,,
random_control_1,BP,GO:0043009,chordate embryonic development,1.0,1.0,False,0,120,72,6000,0.0,0.012,0.0,,
random_control_1,BP,GO:0043010,camera-type eye development,0.3603316142014514,1.0,False,2,120,63,6000,0.016666666666666666,0.0105,1.5873015873015872,2301;2823,2301;2823
random_control_1,BP,GO:0043029,T cell homeostasis,1.0,1.0,False,0,120,10,6000,0.0,0.0016666666666666668,0.0,,
random_control_1,BP,GO:0043030,regulation of macrophage activation,0.397152433406183,1.0,False,1,120,25,6000,0.008333333333333333,0.004166666666666667,2.0,7057,7057
random_control_1,BP,GO:0043032,positive regulation of macrophage activation,0.2154596450610039,1.0,False,1,120,12,6000,0.008333333333333333,0.002,4.166666666666667,7057,7057
random_control_1,BP,GO:0043038,amino acid activation,1.0,1.0,False,0,120,12,6000,0.0,0.002,0.0,,
random_control_1,BP,GO:0043039,tRNA aminoacylation,1.0,1.0,False,0,120,12,6000,0.0,0.002,0.0,,
random_control_1,BP,GO:0043062,extracellular structure organization,0.6588586485892609,1.0,False,1,120,53,6000,0.008333333333333333,0.008833333333333334,0.9433962264150942,4146,4146
random_control_1,BP,GO:0043065,positive regulation of apoptotic process,0.2709711631855214,1.0,False,4,120,132,6000,0.03333333333333333,0.022,1.5151515151515151,1965;7057;10768;23787,10768;1965;23787;7057
random_control_1,BP,GO:0043066,negative regulation of apoptotic process,0.2464228771249917,1.0,False,6,120,211,6000,0.05,0.035166666666666666,1.4218009478672986,2301;4790;7057;10541;27324;29904,10541;2301;27324;29904;4790;7057
random_control_1,BP,GO:0043067,regulation of programmed cell death,0.2375641924934189,1.0,False,10,120,384,6000,0.08333333333333333,0.064,1.3020833333333333,328;1965;2301;4790;7057;10541;10768;23787;27324;29904,10541;10768;1965;2301;23787;27324;29904;328;4790;7057
random_control_1,BP,GO:0043068,positive regulation of programmed cell death,0.2979368142187478,1.0,False,4,120,138,6000,0.03333333333333333,0.023,1.4492753623188406,1965;7057;10768;23787,10768;1965;23787;7057
random_control_1,BP,GO:0043069,negative regulation of programmed cell death,0.28050599634277473,1.0,False,6,120,221,6000,0.05,0.036833333333333336,1.3574660633484164,2301;4790;7057;10541;27324;29904,10541;2301;27324;29904;4790;7057
random_control_1,BP,GO:0043085,positive regulation of catalytic activity,1.0,1.0,False,0,120,82,6000,0.0,0.013666666666666667,0.0,,
random_control_1,BP,GO:0043086,negative regulation of catalytic activity,1.0,1.0,False,0,120,45,6000,0.0,0.0075,0.0,,
random_control_1,BP,GO:0043087,regulation of GTPase activity,0.5463534636790258,1.0,False,1,120,39,6000,0.008333333333333333,0.0065,1.2820512820512822,11033,11033
random_control_1,BP,GO:0043112,receptor metabolic process,1.0,1.0,False,0,120,12,6000,0.0,0.002,0.0,,
random_control_1,BP,GO:0043113,receptor clustering,1.0,1.0,False,0,120,11,6000,0.0,0.0018333333333333333,0.0,,
random_control_1,BP,GO:0043114,regulation of vascular permeability,1.0,1.0,False,0,120,19,6000,0.0,0.0031666666666666666,0.0,,
random_control_1,BP,GO:0043122,regulation of canonical NF-kappaB signal transduction,0.5167544530064083,1.0,False,2,120,86,6000,0.016666666666666666,0.014333333333333333,1.1627906976744187,948;5966,5966;948
random_control_1,BP,GO:0043123,positive regulation of canonical NF-kappaB signal transduction,0.33842504355868663,1.0,False,2,120,60,6000,0.016666666666666666,0.01,1.6666666666666665,948;5966,5966;948
random_control_1,BP,GO:0043124,negative regulation of canonical NF-kappaB signal transduction,1.0,1.0,False,0,120,27,6000,0.0,0.0045,0.0,,
random_control_1,BP,GO:0043161,proteasome-mediated ubiquitin-dependent protein catabolic process,0.8981357738459848,1.0,False,1,120,112,6000,0.008333333333333333,0.018666666666666668,0.4464285714285714,8405,8405
random_control_1,BP,GO:0043162,ubiquitin-dependent protein catabolic process via the multivesicular body sorting pathway,1.0,1.0,False,0,120,13,6000,0.0,0.0021666666666666666,0.0,,
random_control_1,BP,GO:0043170,macromolecule metabolic process,0.45452201693263367,1.0,False,29,120,1403,6000,0.24166666666666667,0.23383333333333334,1.0334996436208126,328;948;1965;2301;2683;4790;5261;5328;5430;6238;7057;8405;9475;10575;10623;23324;27347;29904;51360;51752;54439;55170;56257;57531;79039;79048;221078;353267;643136,10575;10623;1965;221078;2301;23324;2683;27347;29904;328;353267;4790;51360;51752;5261;5328;5430;54439;55170;56257;57531;6238;643136;7057;79039;79048;8405;9475;948
random_control_1,BP,GO:0043200,response to amino acid,0.49782540333012903,1.0,False,1,120,34,6000,0.008333333333333333,0.005666666666666667,1.4705882352941175,1965,1965
random_control_1,BP,GO:0043207,response to external biotic stimulus,0.908639313307822,1.0,False,4,120,334,6000,0.03333333333333333,0.05566666666666667,0.5988023952095808,948;4790;5966;51752,4790;51752;5966;948
random_control_1,BP,GO:0043242,negative regulation of protein-containing complex disassembly,1.0,1.0,False,0,120,16,6000,0.0,0.0026666666666666666,0.0,,
random_control_1,BP,GO:0043244,regulation of protein-containing complex disassembly,1.0,1.0,False,0,120,25,6000,0.0,0.004166666666666667,0.0,,
random_control_1,BP,GO:0043254,regulation of protein-containing complex assembly,0.884748977528497,1.0,False,1,120,106,6000,0.008333333333333333,0.017666666666666667,0.4716981132075471,948,948
random_control_1,BP,GO:0043255,regulation of carbohydrate biosynthetic process,0.11360980724587899,1.0,False,2,120,29,6000,0.016666666666666666,0.004833333333333334,3.4482758620689653,4790;55657,4790;55657
random_control_1,BP,GO:0043266,regulation of potassium ion transport,0.08229278812852872,1.0,False,2,120,24,6000,0.016666666666666666,0.004,4.166666666666667,3759;27347,27347;3759
random_control_1,BP,GO:0043268,positive regulation of potassium ion transport,0.03514392954070408,1.0,False,2,120,15,6000,0.016666666666666666,0.0025,6.666666666666666,3759;27347,27347;3759
random_control_1,BP,GO:0043269,regulation of monoatomic ion transport,0.34531399775114563,1.0,False,3,120,104,6000,0.025,0.017333333333333333,1.4423076923076925,3759;10768;27347,10768;27347;3759
random_control_1,BP,GO:0043270,positive regulation of monoatomic ion transport,0.08134812961294698,1.0,False,3,120,51,6000,0.025,0.0085,2.941176470588235,3759;10768;27347,10768;27347;3759
random_control_1,BP,GO:0043271,negative regulation of monoatomic ion transport,0.3593341011387844,1.0,False,1,120,22,6000,0.008333333333333333,0.0036666666666666666,2.272727272727273,27347,27347
random_control_1,BP,GO:0043279,response to alkaloid,1.0,1.0,False,0,120,13,6000,0.0,0.0021666666666666666,0.0,,
random_control_1,BP,GO:0043297,apical junction assembly,1.0,1.0,False,0,120,10,6000,0.0,0.0016666666666666668,0.0,,
random_control_1,BP,GO:0043300,regulation of leukocyte degranulation,1.0,1.0,False,0,120,10,6000,0.0,0.0016666666666666668,0.0,,
random_control_1,BP,GO:0043330,response to exogenous dsRNA,1.0,1.0,False,0,120,12,6000,0.0,0.002,0.0,,
random_control_1,BP,GO:0043331,response to dsRNA,1.0,1.0,False,0,120,14,6000,0.0,0.0023333333333333335,0.0,,
random_control_1,BP,GO:0043367,"CD4-positive, alpha-beta T cell differentiation",1.0,1.0,False,0,120,20,6000,0.0,0.0033333333333333335,0.0,,
random_control_1,BP,GO:0043368,positive T cell selection,1.0,1.0,False,0,120,13,6000,0.0,0.0021666666666666666,0.0,,
random_control_1,BP,GO:0043370,"regulation of CD4-positive, alpha-beta T cell differentiation",1.0,1.0,False,0,120,17,6000,0.0,0.0028333333333333335,0.0,,
random_control_1,BP,GO:0043372,"positive regulation of CD4-positive, alpha-beta T cell differentiation",1.0,1.0,False,0,120,12,6000,0.0,0.002,0.0,,
random_control_1,BP,GO:0043393,regulation of protein binding,1.0,1.0,False,0,120,11,6000,0.0,0.0018333333333333333,0.0,,
random_control_1,BP,GO:0043401,steroid hormone receptor signaling pathway,0.10073801712896961,1.0,False,2,120,27,6000,0.016666666666666666,0.0045,3.7037037037037037,8031;79039,79039;8031
random_control_1,BP,GO:0043405,regulation of MAP kinase activity,1.0,1.0,False,0,120,21,6000,0.0,0.0035,0.0,,
random_control_1,BP,GO:0043408,regulation of MAPK cascade,0.3072351059163119,1.0,False,5,120,184,6000,0.041666666666666664,0.030666666666666665,1.358695652173913,948;7057;9475;27347;56924,27347;56924;7057;9475;948
random_control_1,BP,GO:0043409,negative regulation of MAPK cascade,1.0,1.0,False,0,120,42,6000,0.0,0.007,0.0,,
random_control_1,BP,GO:0043410,positive regulation of MAPK cascade,0.2576601868467711,1.0,False,4,120,129,6000,0.03333333333333333,0.0215,1.550387596899225,948;7057;9475;27347,27347;7057;9475;948
random_control_1,BP,GO:0043412,macromolecule modification,0.5200296199196478,1.0,False,9,120,439,6000,0.075,0.07316666666666667,1.0250569476082003,5261;8405;9475;27347;29904;56257;57531;221078;353267,221078;27347;29904;353267;5261;56257;57531;8405;9475
random_control_1,BP,GO:0043414,macromolecule methylation,0.034504183752545436,1.0,False,3,120,36,6000,0.025,0.006,4.166666666666667,56257;221078;353267,221078;353267;56257
random_control_1,BP,GO:0043434,response to peptide hormone,0.010359860215317084,1.0,False,7,120,121,6000,0.058333333333333334,0.020166666666666666,2.8925619834710745,1444;3484;4790;9475;10768;26060;29904,10768;1444;26060;29904;3484;4790;9475
random_control_1,BP,GO:0043436,oxoacid metabolic process,0.6546359352824471,1.0,False,4,120,222,6000,0.03333333333333333,0.037,0.9009009009009009,948;4548;10768;205251,10768;205251;4548;948
random_control_1,BP,GO:0043457,regulation of cellular respiration,1.0,1.0,False,0,120,14,6000,0.0,0.0023333333333333335,0.0,,
random_control_1,BP,GO:0043467,regulation of generation of precursor metabolites and energy,0.5554857542944451,1.0,False,1,120,40,6000,0.008333333333333333,0.006666666666666667,1.25,5261,5261
random_control_1,BP,GO:0043470,regulation of carbohydrate catabolic process,0.3052270409204303,1.0,False,1,120,18,6000,0.008333333333333333,0.003,2.7777777777777777,5261,5261
random_control_1,BP,GO:0043473,pigmentation,1.0,1.0,False,0,120,22,6000,0.0,0.0036666666666666666,0.0,,
random_control_1,BP,GO:0043484,regulation of RNA splicing,0.23438750474143355,1.0,False,2,120,46,6000,0.016666666666666666,0.007666666666666666,2.1739130434782608,5430;7073,5430;7073
random_control_1,BP,GO:0043487,regulation of RNA stability,0.1222280019883349,1.0,False,3,120,61,6000,0.025,0.010166666666666666,2.4590163934426235,328;9475;401115,328;401115;9475
random_control_1,BP,GO:0043488,regulation of mRNA stability,0.09688403566971993,1.0,False,3,120,55,6000,0.025,0.009166666666666667,2.7272727272727275,328;9475;401115,328;401115;9475
random_control_1,BP,GO:0043489,RNA stabilization,0.4770030767532584,1.0,False,1,120,32,6000,0.008333333333333333,0.005333333333333333,1.5625,401115,401115
random_control_1,BP,GO:0043502,regulation of muscle adaptation,0.42112605589102525,1.0,False,1,120,27,6000,0.008333333333333333,0.0045,1.8518518518518519,9475,9475
random_control_1,BP,GO:0043516,"regulation of DNA damage response, signal transduction by p53 class mediator",1.0,1.0,False,0,120,15,6000,0.0,0.0025,0.0,,
random_control_1,BP,GO:0043523,regulation of neuron apoptotic process,0.6657422810374347,1.0,False,1,120,54,6000,0.008333333333333333,0.009,0.9259259259259259,27324,27324
random_control_1,BP,GO:0043524,negative regulation of neuron apoptotic process,0.46627310055397503,1.0,False,1,120,31,6000,0.008333333333333333,0.005166666666666667,1.6129032258064515,27324,27324
random_control_1,BP,GO:0043525,positive regulation of neuron apoptotic process,1.0,1.0,False,0,120,16,6000,0.0,0.0026666666666666666,0.0,,
random_control_1,BP,GO:0043534,blood vessel endothelial cell migration,1.0,1.0,False,0,120,13,6000,0.0,0.0021666666666666666,0.0,,
random_control_1,BP,GO:0043535,regulation of blood vessel endothelial cell migration,0.40925983223317164,1.0,False,1,120,26,6000,0.008333333333333333,0.004333333333333333,1.9230769230769231,7057,7057
random_control_1,BP,GO:0043536,positive regulation of blood vessel endothelial cell migration,0.2910068882529308,1.0,False,1,120,17,6000,0.008333333333333333,0.0028333333333333335,2.941176470588235,7057,7057
random_control_1,BP,GO:0043537,negative regulation of blood vessel endothelial cell migration,0.1994186086676354,1.0,False,1,120,11,6000,0.008333333333333333,0.0018333333333333333,4.545454545454546,7057,7057
random_control_1,BP,GO:0043542,endothelial cell migration,1.0,1.0,False,0,120,27,6000,0.0,0.0045,0.0,,
random_control_1,BP,GO:0043543,protein acylation,1.0,1.0,False,0,120,11,6000,0.0,0.0018333333333333333,0.0,,
random_control_1,BP,GO:0043547,positive regulation of GTPase activity,1.0,1.0,False,0,120,25,6000,0.0,0.004166666666666667,0.0,,
random_control_1,BP,GO:0043549,regulation of kinase activity,1.0,1.0,False,0,120,73,6000,0.0,0.012166666666666666,0.0,,
random_control_1,BP,GO:0043583,ear development,1.0,1.0,False,0,120,38,6000,0.0,0.006333333333333333,0.0,,
random_control_1,BP,GO:0043588,skin development,1.0,1.0,False,0,120,47,6000,0.0,0.007833333333333333,0.0,,
random_control_1,BP,GO:0043627,response to estrogen,0.24659164652108712,1.0,False,1,120,14,6000,0.008333333333333333,0.0023333333333333335,3.571428571428571,8031,8031
random_control_1,BP,GO:0043632,modification-dependent macromolecule catabolic process,0.868500918055152,1.0,False,2,120,174,6000,0.016666666666666666,0.029,0.5747126436781609,8405;57531,57531;8405
random_control_1,BP,GO:0043648,dicarboxylic acid metabolic process,1.0,1.0,False,0,120,36,6000,0.0,0.006,0.0,,
random_control_1,BP,GO:0043649,dicarboxylic acid catabolic process,1.0,1.0,False,0,120,10,6000,0.0,0.0016666666666666668,0.0,,
random_control_1,BP,GO:0043687,post-translational protein modification,0.9345424152353884,1.0,False,2,120,216,6000,0.016666666666666666,0.036,0.46296296296296297,8405;57531,57531;8405
random_control_1,BP,GO:0043921,host-mediated perturbation of viral transcription,1.0,1.0,False,0,120,10,6000,0.0,0.0016666666666666668,0.0,,
random_control_1,BP,GO:0043933,protein-containing complex organization,0.9737765992710815,1.0,False,4,120,422,6000,0.03333333333333333,0.07033333333333333,0.47393364928909953,3759;4146;25981;205251,205251;25981;3759;4146
random_control_1,BP,GO:0043954,cellular component maintenance,0.05962487556091966,1.0,False,2,120,20,6000,0.016666666666666666,0.0033333333333333335,5.0,26060;389941,26060;389941
random_control_1,BP,GO:0044042,glucan metabolic process,0.23118189666298758,1.0,False,1,120,13,6000,0.008333333333333333,0.0021666666666666666,3.8461538461538463,5261,5261
random_control_1,BP,GO:0044057,regulation of system process,0.5999077350649085,1.0,False,3,120,154,6000,0.025,0.025666666666666667,0.974025974025974,3759;9475;27347,27347;3759;9475
random_control_1,BP,GO:0044058,regulation of digestive system process,0.18305237920257855,1.0,False,1,120,10,6000,0.008333333333333333,0.0016666666666666668,5.0,27347,27347
random_control_1,BP,GO:0044085,cellular component biogenesis,0.9702827107566434,1.0,False,10,120,807,6000,0.08333333333333333,0.1345,0.6195786864931846,1965;2823;3759;4146;25981;79039;79884;205251;221078;389941,1965;205251;221078;25981;2823;3759;389941;4146;79039;79884
random_control_1,BP,GO:0044087,regulation of cellular component biogenesis,0.600357980420525,1.0,False,5,120,260,6000,0.041666666666666664,0.043333333333333335,0.9615384615384615,948;2823;7057;9475;29904,2823;29904;7057;9475;948
random_control_1,BP,GO:0044088,regulation of vacuole organization,1.0,1.0,False,0,120,20,6000,0.0,0.0033333333333333335,0.0,,
random_control_1,BP,GO:0044089,positive regulation of cellular component biogenesis,0.21022921874518485,1.0,False,4,120,118,6000,0.03333333333333333,0.019666666666666666,1.6949152542372883,948;2823;9475;29904,2823;29904;9475;948
random_control_1,BP,GO:0044090,positive regulation of vacuole organization,1.0,1.0,False,0,120,10,6000,0.0,0.0016666666666666668,0.0,,
random_control_1,BP,GO:0044091,membrane biogenesis,1.0,1.0,False,0,120,14,6000,0.0,0.0023333333333333335,0.0,,
random_control_1,BP,GO:0044092,negative regulation of molecular function,1.0,1.0,False,0,120,66,6000,0.0,0.011,0.0,,
random_control_1,BP,GO:0044093,positive regulation of molecular function,1.0,1.0,False,0,120,104,6000,0.0,0.017333333333333333,0.0,,
random_control_1,BP,GO:0044238,primary metabolic process,0.7585093182921989,1.0,False,33,120,1801,6000,0.275,0.3001666666666667,0.9161576901721266,328;948;1965;2301;2683;4548;4790;5261;5328;5430;6238;7057;8405;9475;10575;10623;10768;23324;27347;29904;51360;51752;54439;55170;56257;57531;79039;79048;112937;205251;221078;353267;729020,10575;10623;10768;112937;1965;205251;221078;2301;23324;2683;27347;29904;328;353267;4548;4790;51360;51752;5261;5328;5430;54439;55170;56257;57531;6238;7057;729020;79039;79048;8405;9475;948
random_control_1,BP,GO:0044272,sulfur compound biosynthetic process,0.3847989996645063,1.0,False,1,120,24,6000,0.008333333333333333,0.004,2.0833333333333335,4548,4548
random_control_1,BP,GO:0044281,small molecule metabolic process,0.40729524249334914,1.0,False,9,120,400,6000,0.075,0.06666666666666667,1.125,948;4548;10768;23324;51360;56606;112937;205251;729020,10768;112937;205251;23324;4548;51360;56606;729020;948
random_control_1,BP,GO:0044282,small molecule catabolic process,0.6559727682409745,1.0,False,2,120,111,6000,0.016666666666666666,0.0185,0.9009009009009009,112937;205251,112937;205251
random_control_1,BP,GO:0044283,small molecule biosynthetic process,0.9136150094912445,1.0,False,1,120,120,6000,0.008333333333333333,0.02,0.41666666666666663,4548,4548
random_control_1,BP,GO:0044344,cellular response to fibroblast growth factor stimulus,1.0,1.0,False,0,120,24,6000,0.0,0.004,0.0,,
random_control_1,BP,GO:0044380,protein localization to cytoskeleton,1.0,1.0,False,0,120,14,6000,0.0,0.0023333333333333335,0.0,,
random_control_1,BP,GO:0044403,biological process involved in symbiotic interaction,1.0,1.0,False,0,120,32,6000,0.0,0.005333333333333333,0.0,,
random_control_1,BP,GO:0044409,symbiont entry into host,1.0,1.0,False,0,120,23,6000,0.0,0.003833333333333333,0.0,,
random_control_1,BP,GO:0044419,biological process involved in interspecies interaction between organisms,0.8841995977884745,1.0,False,5,120,379,6000,0.041666666666666664,0.06316666666666666,0.6596306068601583,948;4790;5966;9475;51752,4790;51752;5966;9475;948
random_control_1,BP,GO:0044458,motile cilium assembly,0.24659164652108712,1.0,False,1,120,14,6000,0.008333333333333333,0.0023333333333333335,3.571428571428571,25981,25981
random_control_1,BP,GO:0044703,multi-organism reproductive process,1.0,1.0,False,0,120,37,6000,0.0,0.006166666666666667,0.0,,
random_control_1,BP,GO:0044706,multi-multicellular organism process,1.0,1.0,False,0,120,37,6000,0.0,0.006166666666666667,0.0,,
random_control_1,BP,GO:0044743,protein transmembrane import into intracellular organelle,1.0,1.0,False,0,120,12,6000,0.0,0.002,0.0,,
random_control_1,BP,GO:0044770,cell cycle phase transition,1.0,1.0,False,0,120,42,6000,0.0,0.007,0.0,,
random_control_1,BP,GO:0044772,mitotic cell cycle phase transition,1.0,1.0,False,0,120,40,6000,0.0,0.006666666666666667,0.0,,
random_control_1,BP,GO:0044773,mitotic DNA damage checkpoint signaling,1.0,1.0,False,0,120,11,6000,0.0,0.0018333333333333333,0.0,,
random_control_1,BP,GO:0044774,mitotic DNA integrity checkpoint signaling,1.0,1.0,False,0,120,12,6000,0.0,0.002,0.0,,
random_control_1,BP,GO:0044782,cilium organization,0.884748977528497,1.0,False,1,120,106,6000,0.008333333333333333,0.017666666666666667,0.4716981132075471,25981,25981
random_control_1,BP,GO:0044788,host-mediated perturbation of viral process,0.3847989996645063,1.0,False,1,120,24,6000,0.008333333333333333,0.004,2.0833333333333335,9475,9475
random_control_1,BP,GO:0044794,host-mediated activation of viral process,1.0,1.0,False,0,120,12,6000,0.0,0.002,0.0,,
random_control_1,BP,GO:0044818,mitotic G2/M transition checkpoint,1.0,1.0,False,0,120,13,6000,0.0,0.0021666666666666666,0.0,,
random_control_1,BP,GO:0044839,cell cycle G2/M phase transition,1.0,1.0,False,0,120,16,6000,0.0,0.0026666666666666666,0.0,,
random_control_1,BP,GO:0044843,cell cycle G1/S phase transition,1.0,1.0,False,0,120,22,6000,0.0,0.0036666666666666666,0.0,,
random_control_1,BP,GO:0045005,DNA-templated DNA replication maintenance of fidelity,1.0,1.0,False,0,120,17,6000,0.0,0.0028333333333333335,0.0,,
random_control_1,BP,GO:0045017,glycerolipid biosynthetic process,1.0,1.0,False,0,120,54,6000,0.0,0.009,0.0,,
random_control_1,BP,GO:0045022,early endosome to late endosome transport,1.0,1.0,False,0,120,13,6000,0.0,0.0021666666666666666,0.0,,
random_control_1,BP,GO:0045047,protein targeting to ER,0.019390084552009995,1.0,False,2,120,11,6000,0.016666666666666666,0.0018333333333333333,9.090909090909092,6748;11231,11231;6748
random_control_1,BP,GO:0045055,regulated exocytosis,1.0,1.0,False,0,120,32,6000,0.0,0.005333333333333333,0.0,,
random_control_1,BP,GO:0045058,T cell selection,1.0,1.0,False,0,120,19,6000,0.0,0.0031666666666666666,0.0,,
random_control_1,BP,GO:0045069,regulation of viral genome replication,1.0,1.0,False,0,120,19,6000,0.0,0.0031666666666666666,0.0,,
random_control_1,BP,GO:0045071,negative regulation of viral genome replication,1.0,1.0,False,0,120,14,6000,0.0,0.0023333333333333335,0.0,,
random_control_1,BP,GO:0045087,innate immune response,0.8787431720667782,1.0,False,2,120,179,6000,0.016666666666666666,0.029833333333333333,0.5586592178770949,4790;5966,4790;5966
random_control_1,BP,GO:0045088,regulation of innate immune response,0.2979368142187478,1.0,False,4,120,138,6000,0.03333333333333333,0.023,1.4492753623188406,948;10623;26060;51752,10623;26060;51752;948
random_control_1,BP,GO:0045089,positive regulation of innate immune response,0.5708519935823158,1.0,False,2,120,95,6000,0.016666666666666666,0.015833333333333335,1.0526315789473684,948;10623,10623;948
random_control_1,BP,GO:0045103,intermediate filament-based process,0.42112605589102525,1.0,False,1,120,27,6000,0.008333333333333333,0.0045,1.8518518518518519,5493,5493
random_control_1,BP,GO:0045104,intermediate filament cytoskeleton organization,0.42112605589102525,1.0,False,1,120,27,6000,0.008333333333333333,0.0045,1.8518518518518519,5493,5493
random_control_1,BP,GO:0045109,intermediate filament organization,1.0,1.0,False,0,120,22,6000,0.0,0.0036666666666666666,0.0,,
random_control_1,BP,GO:0045123,cellular extravasation,1.0,1.0,False,0,120,14,6000,0.0,0.0023333333333333335,0.0,,
random_control_1,BP,GO:0045132,meiotic chromosome segregation,1.0,1.0,False,0,120,21,6000,0.0,0.0035,0.0,,
random_control_1,BP,GO:0045137,development of primary sexual characteristics,0.5178253555419259,1.0,False,1,120,36,6000,0.008333333333333333,0.006,1.3888888888888888,8031,8031
random_control_1,BP,GO:0045143,homologous chromosome segregation,1.0,1.0,False,0,120,19,6000,0.0,0.0031666666666666666,0.0,,
random_control_1,BP,GO:0045165,cell fate commitment,1.0,1.0,False,0,120,60,6000,0.0,0.01,0.0,,
random_control_1,BP,GO:0045184,establishment of protein localization,0.15298769224919598,1.0,False,8,120,262,6000,0.06666666666666667,0.043666666666666666,1.5267175572519085,948;4253;6238;6748;8031;11231;23787;26060,11231;23787;26060;4253;6238;6748;8031;948
random_control_1,BP,GO:0045185,maintenance of protein location,1.0,1.0,False,0,120,12,6000,0.0,0.002,0.0,,
random_control_1,BP,GO:0045216,cell-cell junction organization,1.0,1.0,False,0,120,36,6000,0.0,0.006,0.0,,
random_control_1,BP,GO:0045229,external encapsulating structure organization,0.6518344615320735,1.0,False,1,120,52,6000,0.008333333333333333,0.008666666666666666,0.9615384615384616,4146,4146
random_control_1,BP,GO:0045321,leukocyte activation,0.957233168228936,1.0,False,1,120,154,6000,0.008333333333333333,0.025666666666666667,0.3246753246753247,27347,27347
random_control_1,BP,GO:0045324,late endosome to vacuole transport,1.0,1.0,False,0,120,13,6000,0.0,0.0021666666666666666,0.0,,
random_control_1,BP,GO:0045332,phospholipid translocation,1.0,1.0,False,0,120,14,6000,0.0,0.0023333333333333335,0.0,,
random_control_1,BP,GO:0045333,cellular respiration,0.6790989845902964,1.0,False,1,120,56,6000,0.008333333333333333,0.009333333333333334,0.8928571428571428,205251,205251
random_control_1,BP,GO:0045428,regulation of nitric oxide biosynthetic process,0.026792625837197194,1.0,False,2,120,13,6000,0.016666666666666666,0.0021666666666666666,7.6923076923076925,948;9475,9475;948
random_control_1,BP,GO:0045444,fat cell differentiation,0.46627310055397503,1.0,False,1,120,31,6000,0.008333333333333333,0.005166666666666667,1.6129032258064515,51752,51752
random_control_1,BP,GO:0045446,endothelial cell differentiation,1.0,1.0,False,0,120,14,6000,0.0,0.0023333333333333335,0.0,,
random_control_1,BP,GO:0045454,cell redox homeostasis,1.0,1.0,False,0,120,11,6000,0.0,0.0018333333333333333,0.0,,
random_control_1,BP,GO:0045471,response to ethanol,1.0,1.0,False,0,120,43,6000,0.0,0.007166666666666667,0.0,,
random_control_1,BP,GO:0045494,photoreceptor cell maintenance,1.0,1.0,False,0,120,14,6000,0.0,0.0023333333333333335,0.0,,
random_control_1,BP,GO:0045540,regulation of cholesterol biosynthetic process,0.2154596450610039,1.0,False,1,120,12,6000,0.008333333333333333,0.002,4.166666666666667,51360,51360
random_control_1,BP,GO:0045580,regulation of T cell differentiation,1.0,1.0,False,0,120,60,6000,0.0,0.01,0.0,,
random_control_1,BP,GO:0045581,negative regulation of T cell differentiation,1.0,1.0,False,0,120,16,6000,0.0,0.0026666666666666666,0.0,,
random_control_1,BP,GO:0045582,positive regulation of T cell differentiation,1.0,1.0,False,0,120,39,6000,0.0,0.0065,0.0,,
random_control_1,BP,GO:0045589,regulation of regulatory T cell differentiation,1.0,1.0,False,0,120,12,6000,0.0,0.002,0.0,,
random_control_1,BP,GO:0045595,regulation of cell differentiation,0.5960677343450824,1.0,False,8,120,415,6000,0.06666666666666667,0.06916666666666667,0.963855421686747,948;2301;4352;4790;9475;10541;29904;55170,10541;2301;29904;4352;4790;55170;9475;948
random_control_1,BP,GO:0045596,negative regulation of cell differentiation,0.880702054781175,1.0,False,2,120,180,6000,0.016666666666666666,0.03,0.5555555555555556,2301;10541,10541;2301
random_control_1,BP,GO:0045597,positive regulation of cell differentiation,0.6820086053894288,1.0,False,4,120,230,6000,0.03333333333333333,0.03833333333333333,0.8695652173913044,948;4352;4790;29904,29904;4352;4790;948
random_control_1,BP,GO:0045598,regulation of fat cell differentiation,1.0,1.0,False,0,120,36,6000,0.0,0.006,0.0,,
random_control_1,BP,GO:0045599,negative regulation of fat cell differentiation,1.0,1.0,False,0,120,15,6000,0.0,0.0025,0.0,,
random_control_1,BP,GO:0045600,positive regulation of fat cell differentiation,1.0,1.0,False,0,120,20,6000,0.0,0.0033333333333333335,0.0,,
random_control_1,BP,GO:0045601,regulation of endothelial cell differentiation,0.2154596450610039,1.0,False,1,120,12,6000,0.008333333333333333,0.002,4.166666666666667,9475,9475
random_control_1,BP,GO:0045604,regulation of epidermal cell differentiation,0.23118189666298758,1.0,False,1,120,13,6000,0.008333333333333333,0.0021666666666666666,3.8461538461538463,9475,9475
random_control_1,BP,GO:0045616,regulation of keratinocyte differentiation,0.2154596450610039,1.0,False,1,120,12,6000,0.008333333333333333,0.002,4.166666666666667,9475,9475
random_control_1,BP,GO:0045619,regulation of lymphocyte differentiation,1.0,1.0,False,0,120,66,6000,0.0,0.011,0.0,,
random_control_1,BP,GO:0045620,negative regulation of lymphocyte differentiation,1.0,1.0,False,0,120,18,6000,0.0,0.003,0.0,,
random_control_1,BP,GO:0045621,positive regulation of lymphocyte differentiation,1.0,1.0,False,0,120,41,6000,0.0,0.006833333333333334,0.0,,
random_control_1,BP,GO:0045622,regulation of T-helper cell differentiation,1.0,1.0,False,0,120,13,6000,0.0,0.0021666666666666666,0.0,,
random_control_1,BP,GO:0045637,regulation of myeloid cell differentiation,0.28657673455832383,1.0,False,2,120,53,6000,0.016666666666666666,0.008833333333333334,1.8867924528301885,4352;55170,4352;55170
random_control_1,BP,GO:0045638,negative regulation of myeloid cell differentiation,1.0,1.0,False,0,120,25,6000,0.0,0.004166666666666667,0.0,,
random_control_1,BP,GO:0045639,positive regulation of myeloid cell differentiation,0.397152433406183,1.0,False,1,120,25,6000,0.008333333333333333,0.004166666666666667,2.0,4352,4352
random_control_1,BP,GO:0045646,regulation of erythrocyte differentiation,1.0,1.0,False,0,120,15,6000,0.0,0.0025,0.0,,
random_control_1,BP,GO:0045648,positive regulation of erythrocyte differentiation,1.0,1.0,False,0,120,11,6000,0.0,0.0018333333333333333,0.0,,
random_control_1,BP,GO:0045661,regulation of myoblast differentiation,1.0,1.0,False,0,120,25,6000,0.0,0.004166666666666667,0.0,,
random_control_1,BP,GO:0045662,negative regulation of myoblast differentiation,1.0,1.0,False,0,120,10,6000,0.0,0.0016666666666666668,0.0,,
random_control_1,BP,GO:0045663,positive regulation of myoblast differentiation,1.0,1.0,False,0,120,15,6000,0.0,0.0025,0.0,,
random_control_1,BP,GO:0045664,regulation of neuron differentiation,1.0,1.0,False,0,120,35,6000,0.0,0.005833333333333334,0.0,,
random_control_1,BP,GO:0045665,negative regulation of neuron differentiation,1.0,1.0,False,0,120,14,6000,0.0,0.0023333333333333335,0.0,,
random_control_1,BP,GO:0045666,positive regulation of neuron differentiation,1.0,1.0,False,0,120,17,6000,0.0,0.0028333333333333335,0.0,,
random_control_1,BP,GO:0045667,regulation of osteoblast differentiation,1.0,1.0,False,0,120,37,6000,0.0,0.006166666666666667,0.0,,
random_control_1,BP,GO:0045668,negative regulation of osteoblast differentiation,1.0,1.0,False,0,120,13,6000,0.0,0.0021666666666666666,0.0,,
random_control_1,BP,GO:0045669,positive regulation of osteoblast differentiation,1.0,1.0,False,0,120,18,6000,0.0,0.003,0.0,,
random_control_1,BP,GO:0045670,regulation of osteoclast differentiation,1.0,1.0,False,0,120,14,6000,0.0,0.0023333333333333335,0.0,,
random_control_1,BP,GO:0045682,regulation of epidermis development,0.2616950548768287,1.0,False,1,120,15,6000,0.008333333333333333,0.0025,3.333333333333333,9475,9475
random_control_1,BP,GO:0045685,regulation of glial cell differentiation,1.0,1.0,False,0,120,17,6000,0.0,0.0028333333333333335,0.0,,
random_control_1,BP,GO:0045727,positive regulation of translation,0.5463534636790258,1.0,False,1,120,39,6000,0.008333333333333333,0.0065,1.2820512820512822,7057,7057
random_control_1,BP,GO:0045730,respiratory burst,1.0,1.0,False,0,120,10,6000,0.0,0.0016666666666666668,0.0,,
random_control_1,BP,GO:0045732,positive regulation of protein catabolic process,1.0,1.0,False,0,120,62,6000,0.0,0.010333333333333333,0.0,,
random_control_1,BP,GO:0045738,negative regulation of DNA repair,1.0,1.0,False,0,120,10,6000,0.0,0.0016666666666666668,0.0,,
random_control_1,BP,GO:0045739,positive regulation of DNA repair,1.0,1.0,False,0,120,37,6000,0.0,0.006166666666666667,0.0,,
random_control_1,BP,GO:0045740,positive regulation of DNA replication,1.0,1.0,False,0,120,10,6000,0.0,0.0016666666666666668,0.0,,
random_control_1,BP,GO:0045742,positive regulation of epidermal growth factor receptor signaling pathway,0.1994186086676354,1.0,False,1,120,11,6000,0.008333333333333333,0.0018333333333333333,4.545454545454546,5328,5328
random_control_1,BP,GO:0045744,negative regulation of G protein-coupled receptor signaling pathway,1.0,1.0,False,0,120,19,6000,0.0,0.0031666666666666666,0.0,,
random_control_1,BP,GO:0045745,positive regulation of G protein-coupled receptor signaling pathway,1.0,1.0,False,0,120,12,6000,0.0,0.002,0.0,,
random_control_1,BP,GO:0045747,positive regulation of Notch signaling pathway,1.0,1.0,False,0,120,15,6000,0.0,0.0025,0.0,,
random_control_1,BP,GO:0045761,regulation of adenylate cyclase activity,1.0,1.0,False,0,120,12,6000,0.0,0.002,0.0,,
random_control_1,BP,GO:0045765,regulation of angiogenesis,0.09894499900938886,1.0,False,4,120,88,6000,0.03333333333333333,0.014666666666666666,2.272727272727273,948;1232;7057;9475,1232;7057;9475;948
random_control_1,BP,GO:0045766,positive regulation of angiogenesis,0.279119937593171,1.0,False,2,120,52,6000,0.016666666666666666,0.008666666666666666,1.9230769230769231,1232;7057,1232;7057
random_control_1,BP,GO:0045773,positive regulation of axon extension,1.0,1.0,False,0,120,10,6000,0.0,0.0016666666666666668,0.0,,
random_control_1,BP,GO:0045776,negative regulation of blood pressure,1.0,1.0,False,0,120,10,6000,0.0,0.0016666666666666668,0.0,,
random_control_1,BP,GO:0045778,positive regulation of ossification,1.0,1.0,False,0,120,18,6000,0.0,0.003,0.0,,
random_control_1,BP,GO:0045785,positive regulation of cell adhesion,0.9428457643484306,1.0,False,1,120,140,6000,0.008333333333333333,0.023333333333333334,0.3571428571428571,948,948
random_control_1,BP,GO:0045786,negative regulation of cell cycle,1.0,1.0,False,0,120,87,6000,0.0,0.0145,0.0,,
random_control_1,BP,GO:0045787,positive regulation of cell cycle,0.2148408617893925,1.0,False,3,120,80,6000,0.025,0.013333333333333334,1.875,9475;55170;221477,221477;55170;9475
random_control_1,BP,GO:0045806,negative regulation of endocytosis,0.3328242822494307,1.0,False,1,120,20,6000,0.008333333333333333,0.0033333333333333335,2.5,26060,26060
random_control_1,BP,GO:0045807,positive regulation of endocytosis,0.19748770406178495,1.0,False,2,120,41,6000,0.016666666666666666,0.006833333333333334,2.4390243902439024,26060;29904,26060;29904
random_control_1,BP,GO:0045814,"negative regulation of gene expression, epigenetic",1.0,1.0,False,0,120,71,6000,0.0,0.011833333333333333,0.0,,
random_control_1,BP,GO:0045815,transcription initiation-coupled chromatin remodeling,0.3328242822494307,1.0,False,1,120,20,6000,0.008333333333333333,0.0033333333333333335,2.5,328,328
random_control_1,BP,GO:0045823,positive regulation of heart contraction,1.0,1.0,False,0,120,13,6000,0.0,0.0021666666666666666,0.0,,
random_control_1,BP,GO:0045824,negative regulation of innate immune response,1.0,1.0,False,0,120,30,6000,0.0,0.005,0.0,,
random_control_1,BP,GO:0045833,negative regulation of lipid metabolic process,0.49782540333012903,1.0,False,1,120,34,6000,0.008333333333333333,0.005666666666666667,1.4705882352941175,4790,4790
random_control_1,BP,GO:0045834,positive regulation of lipid metabolic process,0.19748770406178495,1.0,False,2,120,41,6000,0.016666666666666666,0.006833333333333334,2.4390243902439024,51360;205251,205251;51360
random_control_1,BP,GO:0045839,negative regulation of mitotic nuclear division,1.0,1.0,False,0,120,10,6000,0.0,0.0016666666666666668,0.0,,
random_control_1,BP,GO:0045840,positive regulation of mitotic nuclear division,1.0,1.0,False,0,120,12,6000,0.0,0.002,0.0,,
random_control_1,BP,GO:0045841,negative regulation of mitotic metaphase/anaphase transition,1.0,1.0,False,0,120,10,6000,0.0,0.0016666666666666668,0.0,,
random_control_1,BP,GO:0045859,regulation of protein kinase activity,1.0,1.0,False,0,120,69,6000,0.0,0.0115,0.0,,
random_control_1,BP,GO:0045860,positive regulation of protein kinase activity,1.0,1.0,False,0,120,33,6000,0.0,0.0055,0.0,,
random_control_1,BP,GO:0045861,negative regulation of proteolysis,0.03964845483978493,1.0,False,2,120,16,6000,0.016666666666666666,0.0026666666666666666,6.25,5328;7057,5328;7057
random_control_1,BP,GO:0045862,positive regulation of proteolysis,1.0,1.0,False,0,120,20,6000,0.0,0.0033333333333333335,0.0,,
random_control_1,BP,GO:0045879,negative regulation of smoothened signaling pathway,1.0,1.0,False,0,120,12,6000,0.0,0.002,0.0,,
random_control_1,BP,GO:0045880,positive regulation of smoothened signaling pathway,1.0,1.0,False,0,120,15,6000,0.0,0.0025,0.0,,
random_control_1,BP,GO:0045892,negative regulation of DNA-templated transcription,0.7291313762324163,1.0,False,7,120,413,6000,0.058333333333333334,0.06883333333333333,0.8474576271186441,328;948;4790;55170;55657;79039;80764,328;4790;55170;55657;79039;80764;948
random_control_1,BP,GO:0045893,positive regulation of DNA-templated transcription,0.692452723478607,1.0,False,8,120,452,6000,0.06666666666666667,0.07533333333333334,0.8849557522123893,328;4790;5966;8031;27324;51360;56257;84838,27324;328;4790;51360;56257;5966;8031;84838
random_control_1,BP,GO:0045907,positive regulation of vasoconstriction,1.0,1.0,False,0,120,10,6000,0.0,0.0016666666666666668,0.0,,
random_control_1,BP,GO:0045910,negative regulation of DNA recombination,1.0,1.0,False,0,120,15,6000,0.0,0.0025,0.0,,
random_control_1,BP,GO:0045911,positive regulation of DNA recombination,1.0,1.0,False,0,120,21,6000,0.0,0.0035,0.0,,
random_control_1,BP,GO:0045912,negative regulation of carbohydrate metabolic process,1.0,1.0,False,0,120,12,6000,0.0,0.002,0.0,,
random_control_1,BP,GO:0045913,positive regulation of carbohydrate metabolic process,0.0706571984261017,1.0,False,2,120,22,6000,0.016666666666666666,0.0036666666666666666,4.545454545454546,4790;5261,4790;5261
random_control_1,BP,GO:0045921,positive regulation of exocytosis,1.0,1.0,False,0,120,22,6000,0.0,0.0036666666666666666,0.0,,
random_control_1,BP,GO:0045922,negative regulation of fatty acid metabolic process,1.0,1.0,False,0,120,14,6000,0.0,0.0023333333333333335,0.0,,
random_control_1,BP,GO:0045923,positive regulation of fatty acid metabolic process,0.1994186086676354,1.0,False,1,120,11,6000,0.008333333333333333,0.0018333333333333333,4.545454545454546,205251,205251
random_control_1,BP,GO:0045926,negative regulation of growth,1.0,1.0,False,0,120,54,6000,0.0,0.009,0.0,,
random_control_1,BP,GO:0045927,positive regulation of growth,0.3163037585550991,1.0,False,2,120,57,6000,0.016666666666666666,0.0095,1.7543859649122808,948;3484,3484;948
random_control_1,BP,GO:0045930,negative regulation of mitotic cell cycle,1.0,1.0,False,0,120,42,6000,0.0,0.007,0.0,,
random_control_1,BP,GO:0045931,positive regulation of mitotic cell cycle,1.0,1.0,False,0,120,29,6000,0.0,0.004833333333333334,0.0,,
random_control_1,BP,GO:0045933,positive regulation of muscle contraction,1.0,1.0,False,0,120,16,6000,0.0,0.0026666666666666666,0.0,,
random_control_1,BP,GO:0045934,negative regulation of nucleobase-containing compound metabolic process,0.7713403919175428,1.0,False,8,120,488,6000,0.06666666666666667,0.08133333333333333,0.819672131147541,328;948;4790;55170;55657;79039;80764;401115,328;401115;4790;55170;55657;79039;80764;948
random_control_1,BP,GO:0045936,negative regulation of phosphate metabolic process,1.0,1.0,False,0,120,33,6000,0.0,0.0055,0.0,,
random_control_1,BP,GO:0045937,positive regulation of phosphate metabolic process,0.7539026982459304,1.0,False,1,120,69,6000,0.008333333333333333,0.0115,0.7246376811594203,7057,7057
random_control_1,BP,GO:0045939,negative regulation of steroid metabolic process,0.2154596450610039,1.0,False,1,120,12,6000,0.008333333333333333,0.002,4.166666666666667,4790,4790
random_control_1,BP,GO:0045940,positive regulation of steroid metabolic process,0.1994186086676354,1.0,False,1,120,11,6000,0.008333333333333333,0.0018333333333333333,4.545454545454546,51360,51360
random_control_1,BP,GO:0045944,positive regulation of transcription by RNA polymerase II,0.6022333391434314,1.0,False,6,120,313,6000,0.05,0.05216666666666667,0.9584664536741214,328;4790;5966;27324;51360;56257,27324;328;4790;51360;56257;5966
random_control_1,BP,GO:0045981,positive regulation of nucleotide metabolic process,1.0,1.0,False,0,120,15,6000,0.0,0.0025,0.0,,
random_control_1,BP,GO:0045995,regulation of embryonic development,1.0,1.0,False,0,120,29,6000,0.0,0.004833333333333334,0.0,,
random_control_1,BP,GO:0046006,regulation of activated T cell proliferation,1.0,1.0,False,0,120,15,6000,0.0,0.0025,0.0,,
random_control_1,BP,GO:0046031,ADP metabolic process,1.0,1.0,False,0,120,10,6000,0.0,0.0016666666666666668,0.0,,
random_control_1,BP,GO:0046034,ATP metabolic process,1.0,1.0,False,0,120,40,6000,0.0,0.006666666666666667,0.0,,
random_control_1,BP,GO:0046148,pigment biosynthetic process,1.0,1.0,False,0,120,10,6000,0.0,0.0016666666666666668,0.0,,
random_control_1,BP,GO:0046165,alcohol biosynthetic process,1.0,1.0,False,0,120,25,6000,0.0,0.004166666666666667,0.0,,
random_control_1,BP,GO:0046173,polyol biosynthetic process,1.0,1.0,False,0,120,13,6000,0.0,0.0021666666666666666,0.0,,
random_control_1,BP,GO:0046209,nitric oxide metabolic process,1.0,1.0,False,0,120,11,6000,0.0,0.0018333333333333333,0.0,,
random_control_1,BP,GO:0046328,regulation of JNK cascade,1.0,1.0,False,0,120,38,6000,0.0,0.006333333333333333,0.0,,
random_control_1,BP,GO:0046330,positive regulation of JNK cascade,1.0,1.0,False,0,120,27,6000,0.0,0.0045,0.0,,
random_control_1,BP,GO:0046364,monosaccharide biosynthetic process,1.0,1.0,False,0,120,13,6000,0.0,0.0021666666666666666,0.0,,
random_control_1,BP,GO:0046365,monosaccharide catabolic process,0.2154596450610039,1.0,False,1,120,12,6000,0.008333333333333333,0.002,4.166666666666667,112937,112937
random_control_1,BP,GO:0046390,ribose phosphate biosynthetic process,1.0,1.0,False,0,120,48,6000,0.0,0.008,0.0,,
random_control_1,BP,GO:0046394,carboxylic acid biosynthetic process,0.7867270707647809,1.0,False,1,120,76,6000,0.008333333333333333,0.012666666666666666,0.6578947368421053,4548,4548
random_control_1,BP,GO:0046395,carboxylic acid catabolic process,0.8074771250603379,1.0,False,1,120,81,6000,0.008333333333333333,0.0135,0.6172839506172839,205251,205251
random_control_1,BP,GO:0046425,regulation of receptor signaling pathway via JAK-STAT,0.3593341011387844,1.0,False,1,120,22,6000,0.008333333333333333,0.0036666666666666666,2.272727272727273,1444,1444
random_control_1,BP,GO:0046427,positive regulation of receptor signaling pathway via JAK-STAT,0.23118189666298758,1.0,False,1,120,13,6000,0.008333333333333333,0.0021666666666666666,3.8461538461538463,1444,1444
random_control_1,BP,GO:0046434,organophosphate catabolic process,1.0,1.0,False,0,120,47,6000,0.0,0.007833333333333333,0.0,,
random_control_1,BP,GO:0046456,icosanoid biosynthetic process,1.0,1.0,False,0,120,20,6000,0.0,0.0033333333333333335,0.0,,
random_control_1,BP,GO:0046461,neutral lipid catabolic process,1.0,1.0,False,0,120,18,6000,0.0,0.003,0.0,,
random_control_1,BP,GO:0046464,acylglycerol catabolic process,1.0,1.0,False,0,120,18,6000,0.0,0.003,0.0,,
random_control_1,BP,GO:0046470,phosphatidylcholine metabolic process,1.0,1.0,False,0,120,22,6000,0.0,0.0036666666666666666,0.0,,
random_control_1,BP,GO:0046474,glycerophospholipid biosynthetic process,1.0,1.0,False,0,120,49,6000,0.0,0.008166666666666666,0.0,,
random_control_1,BP,GO:0046475,glycerophospholipid catabolic process,1.0,1.0,False,0,120,15,6000,0.0,0.0025,0.0,,
random_control_1,BP,GO:0046486,glycerolipid metabolic process,1.0,1.0,False,0,120,98,6000,0.0,0.01633333333333333,0.0,,
random_control_1,BP,GO:0046488,phosphatidylinositol metabolic process,1.0,1.0,False,0,120,21,6000,0.0,0.0035,0.0,,
random_control_1,BP,GO:0046496,nicotinamide nucleotide metabolic process,0.46627310055397503,1.0,False,1,120,31,6000,0.008333333333333333,0.005166666666666667,1.6129032258064515,729020,729020
random_control_1,BP,GO:0046503,glycerolipid catabolic process,1.0,1.0,False,0,120,27,6000,0.0,0.0045,0.0,,
random_control_1,BP,GO:0046513,ceramide biosynthetic process,1.0,1.0,False,0,120,15,6000,0.0,0.0025,0.0,,
random_control_1,BP,GO:0046530,photoreceptor cell differentiation,1.0,1.0,False,0,120,14,6000,0.0,0.0023333333333333335,0.0,,
random_control_1,BP,GO:0046545,development of primary female sexual characteristics,1.0,1.0,False,0,120,13,6000,0.0,0.0021666666666666666,0.0,,
random_control_1,BP,GO:0046546,development of primary male sexual characteristics,0.3847989996645063,1.0,False,1,120,24,6000,0.008333333333333333,0.004,2.0833333333333335,8031,8031
random_control_1,BP,GO:0046578,regulation of Ras protein signal transduction,1.0,1.0,False,0,120,14,6000,0.0,0.0023333333333333335,0.0,,
random_control_1,BP,GO:0046605,regulation of centrosome cycle,0.2154596450610039,1.0,False,1,120,12,6000,0.008333333333333333,0.002,4.166666666666667,9475,9475
random_control_1,BP,GO:0046620,regulation of organ growth,1.0,1.0,False,0,120,19,6000,0.0,0.0031666666666666666,0.0,,
random_control_1,BP,GO:0046626,regulation of insulin receptor signaling pathway,1.0,1.0,False,0,120,18,6000,0.0,0.003,0.0,,
random_control_1,BP,GO:0046627,negative regulation of insulin receptor signaling pathway,1.0,1.0,False,0,120,11,6000,0.0,0.0018333333333333333,0.0,,
random_control_1,BP,GO:0046631,alpha-beta T cell activation,1.0,1.0,False,0,120,32,6000,0.0,0.005333333333333333,0.0,,
random_control_1,BP,GO:0046632,alpha-beta T cell differentiation,1.0,1.0,False,0,120,22,6000,0.0,0.0036666666666666666,0.0,,
random_control_1,BP,GO:0046634,regulation of alpha-beta T cell activation,1.0,1.0,False,0,120,27,6000,0.0,0.0045,0.0,,
random_control_1,BP,GO:0046635,positive regulation of alpha-beta T cell activation,1.0,1.0,False,0,120,17,6000,0.0,0.0028333333333333335,0.0,,
random_control_1,BP,GO:0046636,negative regulation of alpha-beta T cell activation,1.0,1.0,False,0,120,12,6000,0.0,0.002,0.0,,
random_control_1,BP,GO:0046637,regulation of alpha-beta T cell differentiation,1.0,1.0,False,0,120,21,6000,0.0,0.0035,0.0,,
random_control_1,BP,GO:0046638,positive regulation of alpha-beta T cell differentiation,1.0,1.0,False,0,120,15,6000,0.0,0.0025,0.0,,
random_control_1,BP,GO:0046649,lymphocyte activation,1.0,1.0,False,0,120,130,6000,0.0,0.021666666666666667,0.0,,
random_control_1,BP,GO:0046651,lymphocyte proliferation,1.0,1.0,False,0,120,13,6000,0.0,0.0021666666666666666,0.0,,
random_control_1,BP,GO:0046660,female sex differentiation,1.0,1.0,False,0,120,17,6000,0.0,0.0028333333333333335,0.0,,
random_control_1,BP,GO:0046661,male sex differentiation,0.40925983223317164,1.0,False,1,120,26,6000,0.008333333333333333,0.004333333333333333,1.9230769230769231,8031,8031
random_control_1,BP,GO:0046676,negative regulation of insulin secretion,1.0,1.0,False,0,120,10,6000,0.0,0.0016666666666666668,0.0,,
random_control_1,BP,GO:0046683,response to organophosphorus,0.5178253555419259,1.0,False,1,120,36,6000,0.008333333333333333,0.006,1.3888888888888888,29904,29904
random_control_1,BP,GO:0046686,response to cadmium ion,0.2154596450610039,1.0,False,1,120,12,6000,0.008333333333333333,0.002,4.166666666666667,84560,84560
random_control_1,BP,GO:0046718,symbiont entry into host cell,1.0,1.0,False,0,120,23,6000,0.0,0.003833333333333333,0.0,,
random_control_1,BP,GO:0046777,protein autophosphorylation,0.08831658986426864,1.0,False,2,120,25,6000,0.016666666666666666,0.004166666666666667,4.0,27347;29904,27347;29904
random_control_1,BP,GO:0046785,microtubule polymerization,1.0,1.0,False,0,120,12,6000,0.0,0.002,0.0,,
random_control_1,BP,GO:0046822,regulation of nucleocytoplasmic transport,0.10712110378771475,1.0,False,2,120,28,6000,0.016666666666666666,0.004666666666666667,3.571428571428571,948;10541,10541;948
random_control_1,BP,GO:0046824,positive regulation of nucleocytoplasmic transport,0.24659164652108712,1.0,False,1,120,14,6000,0.008333333333333333,0.0023333333333333335,3.571428571428571,10541,10541
random_control_1,BP,GO:0046825,regulation of protein export from nucleus,0.18305237920257855,1.0,False,1,120,10,6000,0.008333333333333333,0.0016666666666666668,5.0,10541,10541
random_control_1,BP,GO:0046839,phospholipid dephosphorylation,1.0,1.0,False,0,120,10,6000,0.0,0.0016666666666666668,0.0,,
random_control_1,BP,GO:0046854,phosphatidylinositol phosphate biosynthetic process,1.0,1.0,False,0,120,11,6000,0.0,0.0018333333333333333,0.0,,
random_control_1,BP,GO:0046879,hormone secretion,1.0,1.0,False,0,120,14,6000,0.0,0.0023333333333333335,0.0,,
random_control_1,BP,GO:0046883,regulation of hormone secretion,1.0,1.0,False,0,120,72,6000,0.0,0.012,0.0,,
random_control_1,BP,GO:0046887,positive regulation of hormone secretion,1.0,1.0,False,0,120,41,6000,0.0,0.006833333333333334,0.0,,
random_control_1,BP,GO:0046888,negative regulation of hormone secretion,1.0,1.0,False,0,120,17,6000,0.0,0.0028333333333333335,0.0,,
random_control_1,BP,GO:0046889,positive regulation of lipid biosynthetic process,0.49782540333012903,1.0,False,1,120,34,6000,0.008333333333333333,0.005666666666666667,1.4705882352941175,51360,51360
random_control_1,BP,GO:0046890,regulation of lipid biosynthetic process,0.3962297291794695,1.0,False,2,120,68,6000,0.016666666666666666,0.011333333333333334,1.4705882352941175,4790;51360,4790;51360
random_control_1,BP,GO:0046902,regulation of mitochondrial membrane permeability,1.0,1.0,False,0,120,19,6000,0.0,0.0031666666666666666,0.0,,
random_control_1,BP,GO:0046903,secretion,0.8981357738459848,1.0,False,1,120,112,6000,0.008333333333333333,0.018666666666666668,0.4464285714285714,4253,4253
random_control_1,BP,GO:0046907,intracellular transport,0.30105257220698384,1.0,False,9,120,363,6000,0.075,0.0605,1.2396694214876034,4253;6748;6891;8031;11231;23787;26060;57655;643136,11231;23787;26060;4253;57655;643136;6748;6891;8031
random_control_1,BP,GO:0046928,regulation of neurotransmitter secretion,1.0,1.0,False,0,120,23,6000,0.0,0.003833333333333333,0.0,,
random_control_1,BP,GO:0046942,carboxylic acid transport,0.8431582686902698,1.0,False,1,120,91,6000,0.008333333333333333,0.015166666666666667,0.5494505494505494,948,948
random_control_1,BP,GO:0047496,vesicle transport along microtubule,1.0,1.0,False,0,120,16,6000,0.0,0.0026666666666666666,0.0,,
random_control_1,BP,GO:0048002,antigen processing and presentation of peptide antigen,0.08831658986426864,1.0,False,2,120,25,6000,0.016666666666666666,0.004166666666666667,4.0,6891;51752,51752;6891
random_control_1,BP,GO:0048013,ephrin receptor signaling pathway,1.0,1.0,False,0,120,19,6000,0.0,0.0031666666666666666,0.0,,
random_control_1,BP,GO:0048024,"regulation of mRNA splicing, via spliceosome",0.3847989996645063,1.0,False,1,120,24,6000,0.008333333333333333,0.004,2.0833333333333335,7073,7073
random_control_1,BP,GO:0048048,embryonic eye morphogenesis,1.0,1.0,False,0,120,10,6000,0.0,0.0016666666666666668,0.0,,
random_control_1,BP,GO:0048066,developmental pigmentation,1.0,1.0,False,0,120,10,6000,0.0,0.0016666666666666668,0.0,,
random_control_1,BP,GO:0048145,regulation of fibroblast proliferation,1.0,1.0,False,0,120,17,6000,0.0,0.0028333333333333335,0.0,,
random_control_1,BP,GO:0048146,positive regulation of fibroblast proliferation,1.0,1.0,False,0,120,14,6000,0.0,0.0023333333333333335,0.0,,
random_control_1,BP,GO:0048167,regulation of synaptic plasticity,1.0,1.0,False,0,120,51,6000,0.0,0.0085,0.0,,
random_control_1,BP,GO:0048168,regulation of neuronal synaptic plasticity,1.0,1.0,False,0,120,17,6000,0.0,0.0028333333333333335,0.0,,
random_control_1,BP,GO:0048193,Golgi vesicle transport,0.8613320427071497,1.0,False,1,120,97,6000,0.008333333333333333,0.016166666666666666,0.5154639175257733,4253,4253
random_control_1,BP,GO:0048208,COPII vesicle coat assembly,1.0,1.0,False,0,120,10,6000,0.0,0.0016666666666666668,0.0,,
random_control_1,BP,GO:0048232,male gamete generation,0.8456251689715891,1.0,False,2,120,164,6000,0.016666666666666666,0.027333333333333334,0.6097560975609756,25981;401115,25981;401115
random_control_1,BP,GO:0048240,sperm capacitation,1.0,1.0,False,0,120,11,6000,0.0,0.0018333333333333333,0.0,,
random_control_1,BP,GO:0048247,lymphocyte chemotaxis,1.0,1.0,False,0,120,11,6000,0.0,0.0018333333333333333,0.0,,
random_control_1,BP,GO:0048255,mRNA stabilization,0.397152433406183,1.0,False,1,120,25,6000,0.008333333333333333,0.004166666666666667,2.0,401115,401115
random_control_1,BP,GO:0048259,regulation of receptor-mediated endocytosis,1.0,1.0,False,0,120,41,6000,0.0,0.006833333333333334,0.0,,
random_control_1,BP,GO:0048260,positive regulation of receptor-mediated endocytosis,1.0,1.0,False,0,120,15,6000,0.0,0.0025,0.0,,
random_control_1,BP,GO:0048261,negative regulation of receptor-mediated endocytosis,1.0,1.0,False,0,120,10,6000,0.0,0.0016666666666666668,0.0,,
random_control_1,BP,GO:0048284,organelle fusion,1.0,1.0,False,0,120,36,6000,0.0,0.006,0.0,,
random_control_1,BP,GO:0048285,organelle fission,0.8722712709474918,1.0,False,1,120,101,6000,0.008333333333333333,0.016833333333333332,0.4950495049504951,79884,79884
random_control_1,BP,GO:0048468,cell development,0.7111226855388422,1.0,False,9,120,514,6000,0.075,0.08566666666666667,0.8754863813229572,2823;4352;4548;4756;8031;23787;25981;147710;653269,147710;23787;25981;2823;4352;4548;4756;653269;8031
random_control_1,BP,GO:0048469,cell maturation,0.4770030767532584,1.0,False,1,120,32,6000,0.008333333333333333,0.005333333333333333,1.5625,23787,23787
random_control_1,BP,GO:0048477,oogenesis,1.0,1.0,False,0,120,16,6000,0.0,0.0026666666666666666,0.0,,
random_control_1,BP,GO:0048483,autonomic nervous system development,1.0,1.0,False,0,120,10,6000,0.0,0.0016666666666666668,0.0,,
random_control_1,BP,GO:0048488,synaptic vesicle endocytosis,1.0,1.0,False,0,120,15,6000,0.0,0.0025,0.0,,
random_control_1,BP,GO:0048489,synaptic vesicle transport,1.0,1.0,False,0,120,15,6000,0.0,0.0025,0.0,,
random_control_1,BP,GO:0048511,rhythmic process,1.0,1.0,False,0,120,42,6000,0.0,0.007,0.0,,
random_control_1,BP,GO:0048513,animal organ development,0.7459992303614633,1.0,False,10,120,585,6000,0.08333333333333333,0.0975,0.8547008547008547,1444;2301;2823;4790;8031;9475;9923;9993;11155;51360,11155;1444;2301;2823;4790;51360;8031;9475;9923;9993
random_control_1,BP,GO:0048514,blood vessel morphogenesis,0.4650767308164933,1.0,False,2,120,78,6000,0.016666666666666666,0.013,1.2820512820512822,7057;51752,51752;7057
random_control_1,BP,GO:0048515,spermatid differentiation,0.738345065927039,1.0,False,1,120,66,6000,0.008333333333333333,0.011,0.7575757575757576,25981,25981
random_control_1,BP,GO:0048518,positive regulation of biological process,0.3730598531446688,1.0,False,36,120,1699,6000,0.3,0.2831666666666667,1.0594467333725721,328;948;1232;1444;1965;2301;2823;3484;3759;4352;4790;5261;5328;5430;5966;7057;7073;8031;9475;10541;10575;10623;10768;23787;26060;27324;27347;29904;51360;55170;56257;84838;91752;205251;221477;401115,10541;10575;10623;10768;1232;1444;1965;205251;221477;2301;23787;26060;27324;27347;2823;29904;328;3484;3759;401115;4352;4790;51360;5261;5328;5430;55170;56257;5966;7057;7073;8031;84838;91752;9475;948
random_control_1,BP,GO:0048519,negative regulation of biological process,0.976648220617234,1.0,False,21,120,1476,6000,0.175,0.246,0.7113821138211381,328;948;1965;2301;3484;4790;5328;5966;7057;7073;9475;10541;26060;27324;27347;29904;55170;55657;79039;80764;401115,10541;1965;2301;26060;27324;27347;29904;328;3484;401115;4790;5328;55170;55657;5966;7057;7073;79039;80764;9475;948
random_control_1,BP,GO:0048522,positive regulation of cellular process,0.2292758173151281,1.0,False,36,120,1599,6000,0.3,0.2665,1.125703564727955,328;948;1232;1444;1965;2301;2823;3484;3759;4352;4790;5261;5328;5430;5966;7057;7073;8031;9475;10541;10575;10623;10768;23787;26060;27324;27347;29904;51360;55170;56257;84838;91752;205251;221477;401115,10541;10575;10623;10768;1232;1444;1965;205251;221477;2301;23787;26060;27324;27347;2823;29904;328;3484;3759;401115;4352;4790;51360;5261;5328;5430;55170;56257;5966;7057;7073;8031;84838;91752;9475;948
random_control_1,BP,GO:0048523,negative regulation of cellular process,0.9515015501189242,1.0,False,21,120,1397,6000,0.175,0.23283333333333334,0.7516105941302791,328;948;1965;2301;3484;4790;5328;5966;7057;7073;9475;10541;26060;27324;27347;29904;55170;55657;79039;80764;401115,10541;1965;2301;26060;27324;27347;29904;328;3484;401115;4790;5328;55170;55657;5966;7057;7073;79039;80764;9475;948
random_control_1,BP,GO:0048524,positive regulation of viral process,1.0,1.0,False,0,120,12,6000,0.0,0.002,0.0,,
random_control_1,BP,GO:0048525,negative regulation of viral process,1.0,1.0,False,0,120,17,6000,0.0,0.0028333333333333335,0.0,,
random_control_1,BP,GO:0048534,hematopoietic or lymphoid organ development,1.0,1.0,False,0,120,13,6000,0.0,0.0021666666666666666,0.0,,
random_control_1,BP,GO:0048545,response to steroid hormone,0.08110840670372023,1.0,False,4,120,82,6000,0.03333333333333333,0.013666666666666667,2.4390243902439024,7057;8031;27347;79039,27347;7057;79039;8031
random_control_1,BP,GO:0048546,digestive tract morphogenesis,1.0,1.0,False,0,120,11,6000,0.0,0.0018333333333333333,0.0,,
random_control_1,BP,GO:0048562,embryonic organ morphogenesis,1.0,1.0,False,0,120,53,6000,0.0,0.008833333333333334,0.0,,
random_control_1,BP,GO:0048565,digestive tract development,1.0,1.0,False,0,120,29,6000,0.0,0.004833333333333334,0.0,,
random_control_1,BP,GO:0048568,embryonic organ development,1.0,1.0,False,0,120,83,6000,0.0,0.013833333333333333,0.0,,
random_control_1,BP,GO:0048583,regulation of response to stimulus,0.8386924499112087,1.0,False,19,120,1135,6000,0.15833333333333333,0.18916666666666668,0.8370044052863436,948;1444;2657;3484;4790;5328;5966;7057;7073;9475;10623;23787;26060;27347;51360;51752;56924;66004;84125,10623;1444;23787;26060;2657;27347;3484;4790;51360;51752;5328;56924;5966;66004;7057;7073;84125;9475;948
random_control_1,BP,GO:0048584,positive regulation of response to stimulus,0.8436444215604973,1.0,False,10,120,644,6000,0.08333333333333333,0.10733333333333334,0.7763975155279502,948;1444;4790;5328;5966;7057;7073;9475;10623;27347,10623;1444;27347;4790;5328;5966;7057;7073;9475;948
random_control_1,BP,GO:0048585,negative regulation of response to stimulus,0.9631089444830766,1.0,False,5,120,468,6000,0.041666666666666664,0.078,0.5341880341880342,3484;4790;5328;7057;26060,26060;3484;4790;5328;7057
random_control_1,BP,GO:0048588,developmental cell growth,1.0,1.0,False,0,120,27,6000,0.0,0.0045,0.0,,
random_control_1,BP,GO:0048589,developmental growth,0.7160748336917495,1.0,False,1,120,62,6000,0.008333333333333333,0.010333333333333333,0.8064516129032258,3484,3484
random_control_1,BP,GO:0048592,eye morphogenesis,0.5370351507111182,1.0,False,1,120,38,6000,0.008333333333333333,0.006333333333333333,1.3157894736842106,2301,2301
random_control_1,BP,GO:0048593,camera-type eye morphogenesis,0.4770030767532584,1.0,False,1,120,32,6000,0.008333333333333333,0.005333333333333333,1.5625,2301,2301
random_control_1,BP,GO:0048598,embryonic morphogenesis,0.8641509745850324,1.0,False,1,120,98,6000,0.008333333333333333,0.01633333333333333,0.5102040816326531,9475,9475
random_control_1,BP,GO:0048608,reproductive structure development,0.6065742923968529,1.0,False,1,120,46,6000,0.008333333333333333,0.007666666666666666,1.0869565217391304,8031,8031
random_control_1,BP,GO:0048609,multicellular organismal reproductive process,0.935647594606334,1.0,False,2,120,217,6000,0.016666666666666666,0.036166666666666666,0.4608294930875576,25981;401115,25981;401115
random_control_1,BP,GO:0048634,regulation of muscle organ development,1.0,1.0,False,0,120,11,6000,0.0,0.0018333333333333333,0.0,,
random_control_1,BP,GO:0048638,regulation of developmental growth,0.738345065927039,1.0,False,1,120,66,6000,0.008333333333333333,0.011,0.7575757575757576,948,948
random_control_1,BP,GO:0048639,positive regulation of developmental growth,0.5178253555419259,1.0,False,1,120,36,6000,0.008333333333333333,0.006,1.3888888888888888,948,948
random_control_1,BP,GO:0048640,negative regulation of developmental growth,1.0,1.0,False,0,120,19,6000,0.0,0.0031666666666666666,0.0,,
random_control_1,BP,GO:0048644,muscle organ morphogenesis,1.0,1.0,False,0,120,16,6000,0.0,0.0026666666666666666,0.0,,
random_control_1,BP,GO:0048646,anatomical structure formation involved in morphogenesis,0.7044026104854555,1.0,False,3,120,180,6000,0.025,0.03,0.8333333333333334,4352;7057;51752,4352;51752;7057
random_control_1,BP,GO:0048660,regulation of smooth muscle cell proliferation,0.5178253555419259,1.0,False,1,120,36,6000,0.008333333333333333,0.006,1.3888888888888888,7057,7057
random_control_1,BP,GO:0048661,positive regulation of smooth muscle cell proliferation,0.3721945741838406,1.0,False,1,120,23,6000,0.008333333333333333,0.003833333333333333,2.1739130434782608,7057,7057
random_control_1,BP,GO:0048662,negative regulation of smooth muscle cell proliferation,1.0,1.0,False,0,120,13,6000,0.0,0.0021666666666666666,0.0,,
random_control_1,BP,GO:0048666,neuron development,0.3911412489713088,1.0,False,5,120,205,6000,0.041666666666666664,0.034166666666666665,1.2195121951219512,2823;4548;4756;23787;653269,23787;2823;4548;4756;653269
random_control_1,BP,GO:0048667,cell morphogenesis involved in neuron differentiation,0.6204806302120119,1.0,False,2,120,104,6000,0.016666666666666666,0.017333333333333333,0.9615384615384616,4756;653269,4756;653269
random_control_1,BP,GO:0048675,axon extension,1.0,1.0,False,0,120,14,6000,0.0,0.0023333333333333335,0.0,,
random_control_1,BP,GO:0048678,response to axon injury,0.022967208340582274,1.0,False,2,120,12,6000,0.016666666666666666,0.002,8.333333333333334,4548;118812,118812;4548
random_control_1,BP,GO:0048699,generation of neurons,0.6932966408749387,1.0,False,5,120,289,6000,0.041666666666666664,0.04816666666666667,0.8650519031141868,2823;4548;4756;23787;653269,23787;2823;4548;4756;653269
random_control_1,BP,GO:0048704,embryonic skeletal system morphogenesis,1.0,1.0,False,0,120,16,6000,0.0,0.0026666666666666666,0.0,,
random_control_1,BP,GO:0048705,skeletal system morphogenesis,1.0,1.0,False,0,120,29,6000,0.0,0.004833333333333334,0.0,,
random_control_1,BP,GO:0048706,embryonic skeletal system development,1.0,1.0,False,0,120,27,6000,0.0,0.0045,0.0,,
random_control_1,BP,GO:0048709,oligodendrocyte differentiation,1.0,1.0,False,0,120,13,6000,0.0,0.0021666666666666666,0.0,,
random_control_1,BP,GO:0048710,regulation of astrocyte differentiation,1.0,1.0,False,0,120,10,6000,0.0,0.0016666666666666668,0.0,,
random_control_1,BP,GO:0048729,tissue morphogenesis,1.0,1.0,False,0,120,99,6000,0.0,0.0165,0.0,,
random_control_1,BP,GO:0048731,system development,0.8242005698229825,1.0,False,13,120,797,6000,0.10833333333333334,0.13283333333333333,0.8155583437892095,2301;2823;4548;4756;7057;8031;9475;11155;23787;51360;51752;389941;653269,11155;2301;23787;2823;389941;4548;4756;51360;51752;653269;7057;8031;9475
random_control_1,BP,GO:0048732,gland development,0.6919262346105967,1.0,False,1,120,58,6000,0.008333333333333333,0.009666666666666667,0.8620689655172413,4790,4790
random_control_1,BP,GO:0048736,appendage development,1.0,1.0,False,0,120,23,6000,0.0,0.003833333333333333,0.0,,
random_control_1,BP,GO:0048738,cardiac muscle tissue development,1.0,1.0,False,0,120,34,6000,0.0,0.005666666666666667,0.0,,
random_control_1,BP,GO:0048753,pigment granule organization,1.0,1.0,False,0,120,11,6000,0.0,0.0018333333333333333,0.0,,
random_control_1,BP,GO:0048754,branching morphogenesis of an epithelial tube,1.0,1.0,False,0,120,17,6000,0.0,0.0028333333333333335,0.0,,
random_control_1,BP,GO:0048762,mesenchymal cell differentiation,0.5902272768216926,1.0,False,1,120,44,6000,0.008333333333333333,0.007333333333333333,1.1363636363636365,9475,9475
random_control_1,BP,GO:0048771,tissue remodeling,0.24659164652108712,1.0,False,1,120,14,6000,0.008333333333333333,0.0023333333333333335,3.571428571428571,4790,4790
random_control_1,BP,GO:0048806,genitalia development,1.0,1.0,False,0,120,10,6000,0.0,0.0016666666666666668,0.0,,
random_control_1,BP,GO:0048812,neuron projection morphogenesis,0.44298682475813556,1.0,False,3,120,122,6000,0.025,0.02033333333333333,1.2295081967213117,2823;4756;653269,2823;4756;653269
random_control_1,BP,GO:0048813,dendrite morphogenesis,1.0,1.0,False,0,120,14,6000,0.0,0.0023333333333333335,0.0,,
random_control_1,BP,GO:0048814,regulation of dendrite morphogenesis,0.3191643119150053,1.0,False,1,120,19,6000,0.008333333333333333,0.0031666666666666666,2.6315789473684212,29904,29904
random_control_1,BP,GO:0048839,inner ear development,1.0,1.0,False,0,120,32,6000,0.0,0.005333333333333333,0.0,,
random_control_1,BP,GO:0048844,artery morphogenesis,1.0,1.0,False,0,120,17,6000,0.0,0.0028333333333333335,0.0,,
random_control_1,BP,GO:0048856,anatomical structure development,0.6617270692209113,1.0,False,23,120,1220,6000,0.19166666666666668,0.20333333333333334,0.9426229508196722,1444;2301;2823;3484;3756;4352;4548;4756;4790;7057;8031;9475;9923;9993;11155;23787;25981;51360;51752;147710;205251;389941;653269,11155;1444;147710;205251;2301;23787;25981;2823;3484;3756;389941;4352;4548;4756;4790;51360;51752;653269;7057;8031;9475;9923;9993
random_control_1,BP,GO:0048857,neural nucleus development,1.0,1.0,False,0,120,11,6000,0.0,0.0018333333333333333,0.0,,
random_control_1,BP,GO:0048858,cell projection morphogenesis,0.44298682475813556,1.0,False,3,120,122,6000,0.025,0.02033333333333333,1.2295081967213117,2823;4756;653269,2823;4756;653269
random_control_1,BP,GO:0048863,stem cell differentiation,0.49782540333012903,1.0,False,1,120,34,6000,0.008333333333333333,0.005666666666666667,1.4705882352941175,2823,2823
random_control_1,BP,GO:0048864,stem cell development,1.0,1.0,False,0,120,17,6000,0.0,0.0028333333333333335,0.0,,
random_control_1,BP,GO:0048869,cellular developmental process,0.6732993785658905,1.0,False,15,120,813,6000,0.125,0.1355,0.9225092250922509,2301;2823;3756;4352;4548;4756;6238;8031;9475;23787;25981;51752;147710;205251;653269,147710;205251;2301;23787;25981;2823;3756;4352;4548;4756;51752;6238;653269;8031;9475
random_control_1,BP,GO:0048870,cell motility,0.37694085042888686,1.0,False,7,120,295,6000,0.058333333333333334,0.049166666666666664,1.1864406779661019,1232;2823;4756;7057;25981;161142;653269,1232;161142;25981;2823;4756;653269;7057
random_control_1,BP,GO:0048871,multicellular organismal-level homeostasis,0.191121564265558,1.0,False,5,120,153,6000,0.041666666666666664,0.0255,1.6339869281045751,948;4352;4756;8031;27347,27347;4352;4756;8031;948
random_control_1,BP,GO:0048872,homeostasis of number of cells,0.3310724131514505,1.0,False,2,120,59,6000,0.016666666666666666,0.009833333333333333,1.6949152542372883,4352;8031,4352;8031
random_control_1,BP,GO:0048878,chemical homeostasis,0.2067882502635627,1.0,False,7,120,241,6000,0.058333333333333334,0.04016666666666667,1.4522821576763485,3756;3759;4756;8031;27347;84560;205251,205251;27347;3756;3759;4756;8031;84560
random_control_1,BP,GO:0048880,sensory system development,0.4717120338562029,1.0,False,2,120,79,6000,0.016666666666666666,0.013166666666666667,1.2658227848101264,2301;2823,2301;2823
random_control_1,BP,GO:0050000,chromosome localization,1.0,1.0,False,0,120,34,6000,0.0,0.005666666666666667,0.0,,
random_control_1,BP,GO:0050654,chondroitin sulfate proteoglycan metabolic process,1.0,1.0,False,0,120,11,6000,0.0,0.0018333333333333333,0.0,,
random_control_1,BP,GO:0050657,nucleic acid transport,0.4770030767532584,1.0,False,1,120,32,6000,0.008333333333333333,0.005333333333333333,1.5625,643136,643136
random_control_1,BP,GO:0050658,RNA transport,0.4770030767532584,1.0,False,1,120,32,6000,0.008333333333333333,0.005333333333333333,1.5625,643136,643136
random_control_1,BP,GO:0050670,regulation of lymphocyte proliferation,0.7588819051605297,1.0,False,1,120,70,6000,0.008333333333333333,0.011666666666666667,0.7142857142857142,4352,4352
random_control_1,BP,GO:0050671,positive regulation of lymphocyte proliferation,0.6065742923968529,1.0,False,1,120,46,6000,0.008333333333333333,0.007666666666666666,1.0869565217391304,4352,4352
random_control_1,BP,GO:0050672,negative regulation of lymphocyte proliferation,1.0,1.0,False,0,120,19,6000,0.0,0.0031666666666666666,0.0,,
random_control_1,BP,GO:0050673,epithelial cell proliferation,0.08831658986426864,1.0,False,2,120,25,6000,0.016666666666666666,0.004166666666666667,4.0,84432;221477,221477;84432
random_control_1,BP,GO:0050678,regulation of epithelial cell proliferation,0.1941316051002294,1.0,False,3,120,76,6000,0.025,0.012666666666666666,1.973684210526316,1232;2301;7057,1232;2301;7057
random_control_1,BP,GO:0050679,positive regulation of epithelial cell proliferation,0.21217351385351615,1.0,False,2,120,43,6000,0.016666666666666666,0.007166666666666667,2.3255813953488373,1232;2301,1232;2301
random_control_1,BP,GO:0050680,negative regulation of epithelial cell proliferation,0.4553248564627744,1.0,False,1,120,30,6000,0.008333333333333333,0.005,1.6666666666666665,7057,7057
random_control_1,BP,GO:0050684,regulation of mRNA processing,0.12019743948550393,1.0,False,2,120,30,6000,0.016666666666666666,0.005,3.333333333333333,7073;10768,10768;7073
random_control_1,BP,GO:0050688,regulation of defense response to virus,1.0,1.0,False,0,120,18,6000,0.0,0.003,0.0,,
random_control_1,BP,GO:0050691,regulation of defense response to virus by host,1.0,1.0,False,0,120,14,6000,0.0,0.0023333333333333335,0.0,,
random_control_1,BP,GO:0050708,regulation of protein secretion,1.0,1.0,False,0,120,65,6000,0.0,0.010833333333333334,0.0,,
random_control_1,BP,GO:0050709,negative regulation of protein secretion,1.0,1.0,False,0,120,16,6000,0.0,0.0026666666666666666,0.0,,
random_control_1,BP,GO:0050714,positive regulation of protein secretion,1.0,1.0,False,0,120,39,6000,0.0,0.0065,0.0,,
random_control_1,BP,GO:0050727,regulation of inflammatory response,0.92523091711485,1.0,False,1,120,127,6000,0.008333333333333333,0.021166666666666667,0.39370078740157477,4790,4790
random_control_1,BP,GO:0050728,negative regulation of inflammatory response,0.6588586485892609,1.0,False,1,120,53,6000,0.008333333333333333,0.008833333333333334,0.9433962264150942,4790,4790
random_control_1,BP,GO:0050729,positive regulation of inflammatory response,1.0,1.0,False,0,120,56,6000,0.0,0.009333333333333334,0.0,,
random_control_1,BP,GO:0050730,regulation of peptidyl-tyrosine phosphorylation,1.0,1.0,False,0,120,26,6000,0.0,0.004333333333333333,0.0,,
random_control_1,BP,GO:0050731,positive regulation of peptidyl-tyrosine phosphorylation,1.0,1.0,False,0,120,18,6000,0.0,0.003,0.0,,
random_control_1,BP,GO:0050732,negative regulation of peptidyl-tyrosine phosphorylation,1.0,1.0,False,0,120,10,6000,0.0,0.0016666666666666668,0.0,,
random_control_1,BP,GO:0050764,regulation of phagocytosis,0.4327558689318889,1.0,False,1,120,28,6000,0.008333333333333333,0.004666666666666667,1.7857142857142856,26060,26060
random_control_1,BP,GO:0050766,positive regulation of phagocytosis,1.0,1.0,False,0,120,21,6000,0.0,0.0035,0.0,,
random_control_1,BP,GO:0050767,regulation of neurogenesis,0.8262235218847124,1.0,False,1,120,86,6000,0.008333333333333333,0.014333333333333333,0.5813953488372093,29904,29904
random_control_1,BP,GO:0050768,negative regulation of neurogenesis,1.0,1.0,False,0,120,27,6000,0.0,0.0045,0.0,,
random_control_1,BP,GO:0050769,positive regulation of neurogenesis,0.6855774707694965,1.0,False,1,120,57,6000,0.008333333333333333,0.0095,0.8771929824561404,29904,29904
random_control_1,BP,GO:0050770,regulation of axonogenesis,1.0,1.0,False,0,120,40,6000,0.0,0.006666666666666667,0.0,,
random_control_1,BP,GO:0050771,negative regulation of axonogenesis,1.0,1.0,False,0,120,11,6000,0.0,0.0018333333333333333,0.0,,
random_control_1,BP,GO:0050772,positive regulation of axonogenesis,1.0,1.0,False,0,120,22,6000,0.0,0.0036666666666666666,0.0,,
random_control_1,BP,GO:0050773,regulation of dendrite development,0.4770030767532584,1.0,False,1,120,32,6000,0.008333333333333333,0.005333333333333333,1.5625,29904,29904
random_control_1,BP,GO:0050775,positive regulation of dendrite morphogenesis,0.2154596450610039,1.0,False,1,120,12,6000,0.008333333333333333,0.002,4.166666666666667,29904,29904
random_control_1,BP,GO:0050776,regulation of immune response,0.6753200670732313,1.0,False,5,120,283,6000,0.041666666666666664,0.04716666666666667,0.8833922261484098,948;4790;10623;26060;51752,10623;26060;4790;51752;948
random_control_1,BP,GO:0050777,negative regulation of immune response,1.0,1.0,False,0,120,67,6000,0.0,0.011166666666666667,0.0,,
random_control_1,BP,GO:0050778,positive regulation of immune response,0.7386839332619679,1.0,False,3,120,190,6000,0.025,0.03166666666666667,0.7894736842105263,948;4790;10623,10623;4790;948
random_control_1,BP,GO:0050779,RNA destabilization,0.42112605589102525,1.0,False,1,120,27,6000,0.008333333333333333,0.0045,1.8518518518518519,9475,9475
random_control_1,BP,GO:0050790,regulation of catalytic activity,0.9554223321797963,1.0,False,1,120,152,6000,0.008333333333333333,0.025333333333333333,0.32894736842105265,11033,11033
random_control_1,BP,GO:0050792,regulation of viral process,1.0,1.0,False,0,120,32,6000,0.0,0.005333333333333333,0.0,,
random_control_1,BP,GO:0050793,regulation of developmental process,0.8158625008012756,1.0,False,10,120,625,6000,0.08333333333333333,0.10416666666666667,0.7999999999999999,948;1232;2301;4352;4790;7057;9475;10541;29904;55170,10541;1232;2301;29904;4352;4790;55170;7057;9475;948
random_control_1,BP,GO:0050795,regulation of behavior,1.0,1.0,False,0,120,22,6000,0.0,0.0036666666666666666,0.0,,
random_control_1,BP,GO:0050796,regulation of insulin secretion,1.0,1.0,False,0,120,46,6000,0.0,0.007666666666666666,0.0,,
random_control_1,BP,GO:0050801,monoatomic ion homeostasis,0.04678714809347786,1.0,False,6,120,131,6000,0.05,0.021833333333333333,2.290076335877863,3756;3759;4756;8031;27347;84560,27347;3756;3759;4756;8031;84560
random_control_1,BP,GO:0050803,regulation of synapse structure or activity,0.27381895162163145,1.0,False,3,120,91,6000,0.025,0.015166666666666667,1.6483516483516485,2823;29904;91752,2823;29904;91752
random_control_1,BP,GO:0050804,modulation of chemical synaptic transmission,0.7921340118285074,1.0,False,2,120,145,6000,0.016666666666666666,0.024166666666666666,0.6896551724137931,30010;389941,30010;389941
random_control_1,BP,GO:0050806,positive regulation of synaptic transmission,1.0,1.0,False,0,120,37,6000,0.0,0.006166666666666667,0.0,,
random_control_1,BP,GO:0050807,regulation of synapse organization,0.27381895162163145,1.0,False,3,120,91,6000,0.025,0.015166666666666667,1.6483516483516485,2823;29904;91752,2823;29904;91752
random_control_1,BP,GO:0050808,synapse organization,0.15428293192089904,1.0,False,4,120,104,6000,0.03333333333333333,0.017333333333333333,1.9230769230769231,2823;26060;389941;653269,26060;2823;389941;653269
random_control_1,BP,GO:0050810,regulation of steroid biosynthetic process,0.12019743948550393,1.0,False,2,120,30,6000,0.016666666666666666,0.005,3.333333333333333,4790;51360,4790;51360
random_control_1,BP,GO:0050817,coagulation,0.19748770406178495,1.0,False,2,120,41,6000,0.016666666666666666,0.006833333333333334,2.4390243902439024,948;7057,7057;948
random_control_1,BP,GO:0050818,regulation of coagulation,0.007977395751327327,1.0,False,3,120,21,6000,0.025,0.0035,7.142857142857143,948;5328;7057,5328;7057;948
random_control_1,BP,GO:0050819,negative regulation of coagulation,0.24659164652108712,1.0,False,1,120,14,6000,0.008333333333333333,0.0023333333333333335,3.571428571428571,5328,5328
random_control_1,BP,GO:0050821,protein stabilization,0.4380628442203826,1.0,False,2,120,74,6000,0.016666666666666666,0.012333333333333333,1.3513513513513513,1370;10575,10575;1370
random_control_1,BP,GO:0050829,defense response to Gram-negative bacterium,1.0,1.0,False,0,120,40,6000,0.0,0.006666666666666667,0.0,,
random_control_1,BP,GO:0050830,defense response to Gram-positive bacterium,1.0,1.0,False,0,120,38,6000,0.0,0.006333333333333333,0.0,,
random_control_1,BP,GO:0050832,defense response to fungus,1.0,1.0,False,0,120,15,6000,0.0,0.0025,0.0,,
random_control_1,BP,GO:0050848,regulation of calcium-mediated signaling,1.0,1.0,False,0,120,29,6000,0.0,0.004833333333333334,0.0,,
random_control_1,BP,GO:0050850,positive regulation of calcium-mediated signaling,1.0,1.0,False,0,120,17,6000,0.0,0.0028333333333333335,0.0,,
random_control_1,BP,GO:0050851,antigen receptor-mediated signaling pathway,0.5275270586497346,1.0,False,1,120,37,6000,0.008333333333333333,0.006166666666666667,1.3513513513513513,4790,4790
random_control_1,BP,GO:0050852,T cell receptor signaling pathway,1.0,1.0,False,0,120,26,6000,0.0,0.004333333333333333,0.0,,
random_control_1,BP,GO:0050853,B cell receptor signaling pathway,0.24659164652108712,1.0,False,1,120,14,6000,0.008333333333333333,0.0023333333333333335,3.571428571428571,4790,4790
random_control_1,BP,GO:0050854,regulation of antigen receptor-mediated signaling pathway,1.0,1.0,False,0,120,23,6000,0.0,0.003833333333333333,0.0,,
random_control_1,BP,GO:0050856,regulation of T cell receptor signaling pathway,1.0,1.0,False,0,120,19,6000,0.0,0.0031666666666666666,0.0,,
random_control_1,BP,GO:0050858,negative regulation of antigen receptor-mediated signaling pathway,1.0,1.0,False,0,120,14,6000,0.0,0.0023333333333333335,0.0,,
random_control_1,BP,GO:0050860,negative regulation of T cell receptor signaling pathway,1.0,1.0,False,0,120,11,6000,0.0,0.0018333333333333333,0.0,,
random_control_1,BP,GO:0050863,regulation of T cell activation,1.0,1.0,False,0,120,129,6000,0.0,0.0215,0.0,,
random_control_1,BP,GO:0050864,regulation of B cell activation,1.0,1.0,False,0,120,30,6000,0.0,0.005,0.0,,
random_control_1,BP,GO:0050865,regulation of cell activation,0.9128124709237482,1.0,False,2,120,199,6000,0.016666666666666666,0.033166666666666664,0.5025125628140704,4352;7057,4352;7057
random_control_1,BP,GO:0050866,negative regulation of cell activation,1.0,1.0,False,0,120,65,6000,0.0,0.010833333333333334,0.0,,
random_control_1,BP,GO:0050867,positive regulation of cell activation,0.702059930694292,1.0,False,2,120,121,6000,0.016666666666666666,0.020166666666666666,0.8264462809917356,4352;7057,4352;7057
random_control_1,BP,GO:0050868,negative regulation of T cell activation,1.0,1.0,False,0,120,41,6000,0.0,0.006833333333333334,0.0,,
random_control_1,BP,GO:0050870,positive regulation of T cell activation,1.0,1.0,False,0,120,85,6000,0.0,0.014166666666666666,0.0,,
random_control_1,BP,GO:0050871,positive regulation of B cell activation,1.0,1.0,False,0,120,17,6000,0.0,0.0028333333333333335,0.0,,
random_control_1,BP,GO:0050877,nervous system process,0.820769225705624,1.0,False,5,120,341,6000,0.041666666666666664,0.05683333333333333,0.7331378299120235,948;8383;9993;120586;391107,120586;391107;8383;948;9993
random_control_1,BP,GO:0050878,regulation of body fluid levels,0.08686151137027862,1.0,False,4,120,84,6000,0.03333333333333333,0.014,2.380952380952381,948;5328;7057;27347,27347;5328;7057;948
random_control_1,BP,GO:0050879,multicellular organismal movement,1.0,1.0,False,0,120,15,6000,0.0,0.0025,0.0,,
random_control_1,BP,GO:0050881,musculoskeletal movement,1.0,1.0,False,0,120,14,6000,0.0,0.0023333333333333335,0.0,,
random_control_1,BP,GO:0050890,cognition,0.7588819051605297,1.0,False,1,120,70,6000,0.008333333333333333,0.011666666666666667,0.7142857142857142,9993,9993
random_control_1,BP,GO:0050891,multicellular organismal-level water homeostasis,1.0,1.0,False,0,120,10,6000,0.0,0.0016666666666666668,0.0,,
random_control_1,BP,GO:0050900,leukocyte migration,1.0,1.0,False,0,120,73,6000,0.0,0.012166666666666666,0.0,,
random_control_1,BP,GO:0050905,neuromuscular process,1.0,1.0,False,0,120,28,6000,0.0,0.004666666666666667,0.0,,
random_control_1,BP,GO:0050906,detection of stimulus involved in sensory perception,0.6344228012429367,1.0,False,3,120,162,6000,0.025,0.027,0.925925925925926,8383;120586;391107,120586;391107;8383
random_control_1,BP,GO:0050907,detection of chemical stimulus involved in sensory perception,0.5539246549257438,1.0,False,3,120,144,6000,0.025,0.024,1.0416666666666667,8383;120586;391107,120586;391107;8383
random_control_1,BP,GO:0050909,sensory perception of taste,0.3847989996645063,1.0,False,1,120,24,6000,0.008333333333333333,0.004,2.0833333333333335,948,948
random_control_1,BP,GO:0050911,detection of chemical stimulus involved in sensory perception of smell,0.4640167634252922,1.0,False,3,120,126,6000,0.025,0.021,1.1904761904761905,8383;120586;391107,120586;391107;8383
random_control_1,BP,GO:0050912,detection of chemical stimulus involved in sensory perception of taste,1.0,1.0,False,0,120,18,6000,0.0,0.003,0.0,,
random_control_1,BP,GO:0050913,sensory perception of bitter taste,1.0,1.0,False,0,120,15,6000,0.0,0.0025,0.0,,
random_control_1,BP,GO:0050918,positive chemotaxis,1.0,1.0,False,0,120,21,6000,0.0,0.0035,0.0,,
random_control_1,BP,GO:0050919,negative chemotaxis,1.0,1.0,False,0,120,16,6000,0.0,0.0026666666666666666,0.0,,
random_control_1,BP,GO:0050920,regulation of chemotaxis,0.33842504355868663,1.0,False,2,120,60,6000,0.016666666666666666,0.01,1.6666666666666665,7057;27347,27347;7057
random_control_1,BP,GO:0050921,positive regulation of chemotaxis,0.22696334492420184,1.0,False,2,120,45,6000,0.016666666666666666,0.0075,2.2222222222222223,7057;27347,27347;7057
random_control_1,BP,GO:0050922,negative regulation of chemotaxis,0.23118189666298758,1.0,False,1,120,13,6000,0.008333333333333333,0.0021666666666666666,3.8461538461538463,7057,7057
random_control_1,BP,GO:0050953,sensory perception of light stimulus,1.0,1.0,False,0,120,33,6000,0.0,0.0055,0.0,,
random_control_1,BP,GO:0050954,sensory perception of mechanical stimulus,1.0,1.0,False,0,120,37,6000,0.0,0.006166666666666667,0.0,,
random_control_1,BP,GO:0050994,regulation of lipid catabolic process,0.3052270409204303,1.0,False,1,120,18,6000,0.008333333333333333,0.003,2.7777777777777777,205251,205251
random_control_1,BP,GO:0051017,actin filament bundle assembly,1.0,1.0,False,0,120,14,6000,0.0,0.0023333333333333335,0.0,,
random_control_1,BP,GO:0051028,mRNA transport,0.3721945741838406,1.0,False,1,120,23,6000,0.008333333333333333,0.003833333333333333,2.1739130434782608,643136,643136
random_control_1,BP,GO:0051046,regulation of secretion,0.9554223321797963,1.0,False,1,120,152,6000,0.008333333333333333,0.025333333333333333,0.32894736842105265,27347,27347
random_control_1,BP,GO:0051047,positive regulation of secretion,1.0,1.0,False,0,120,79,6000,0.0,0.013166666666666667,0.0,,
random_control_1,BP,GO:0051048,negative regulation of secretion,0.5554857542944451,1.0,False,1,120,40,6000,0.008333333333333333,0.006666666666666667,1.25,27347,27347
random_control_1,BP,GO:0051049,regulation of transport,0.4655671931861193,1.0,False,9,120,420,6000,0.075,0.07,1.0714285714285714,948;3759;4790;7057;10541;10768;26060;27347;29904,10541;10768;26060;27347;29904;3759;4790;7057;948
random_control_1,BP,GO:0051050,positive regulation of transport,0.14319669439397167,1.0,False,7,120,217,6000,0.058333333333333334,0.036166666666666666,1.6129032258064517,3759;4790;10541;10768;26060;27347;29904,10541;10768;26060;27347;29904;3759;4790
random_control_1,BP,GO:0051051,negative regulation of transport,0.15052758506017888,1.0,False,4,120,103,6000,0.03333333333333333,0.017166666666666667,1.941747572815534,948;7057;26060;27347,26060;27347;7057;948
random_control_1,BP,GO:0051052,regulation of DNA metabolic process,0.9416511104069243,1.0,False,1,120,139,6000,0.008333333333333333,0.023166666666666665,0.3597122302158274,10575,10575
random_control_1,BP,GO:0051053,negative regulation of DNA metabolic process,1.0,1.0,False,0,120,38,6000,0.0,0.006333333333333333,0.0,,
random_control_1,BP,GO:0051054,positive regulation of DNA metabolic process,0.7867270707647809,1.0,False,1,120,76,6000,0.008333333333333333,0.012666666666666666,0.6578947368421053,10575,10575
random_control_1,BP,GO:0051055,negative regulation of lipid biosynthetic process,0.3462124237427534,1.0,False,1,120,21,6000,0.008333333333333333,0.0035,2.380952380952381,4790,4790
random_control_1,BP,GO:0051056,regulation of small GTPase mediated signal transduction,1.0,1.0,False,0,120,93,6000,0.0,0.0155,0.0,,
random_control_1,BP,GO:0051057,positive regulation of small GTPase mediated signal transduction,1.0,1.0,False,0,120,24,6000,0.0,0.004,0.0,,
random_control_1,BP,GO:0051058,negative regulation of small GTPase mediated signal transduction,1.0,1.0,False,0,120,17,6000,0.0,0.0028333333333333335,0.0,,
random_control_1,BP,GO:0051093,negative regulation of developmental process,0.5318899277903674,1.0,False,5,120,241,6000,0.041666666666666664,0.04016666666666667,1.0373443983402488,948;2301;7057;9475;10541,10541;2301;7057;9475;948
random_control_1,BP,GO:0051094,positive regulation of developmental process,0.7349502617707658,1.0,False,6,120,360,6000,0.05,0.06,0.8333333333333334,948;1232;4352;4790;7057;29904,1232;29904;4352;4790;7057;948
random_control_1,BP,GO:0051098,regulation of binding,1.0,1.0,False,0,120,29,6000,0.0,0.004833333333333334,0.0,,
random_control_1,BP,GO:0051099,positive regulation of binding,1.0,1.0,False,0,120,13,6000,0.0,0.0021666666666666666,0.0,,
random_control_1,BP,GO:0051100,negative regulation of binding,1.0,1.0,False,0,120,13,6000,0.0,0.0021666666666666666,0.0,,
random_control_1,BP,GO:0051101,regulation of DNA binding,1.0,1.0,False,0,120,16,6000,0.0,0.0026666666666666666,0.0,,
random_control_1,BP,GO:0051123,RNA polymerase II preinitiation complex assembly,1.0,1.0,False,0,120,17,6000,0.0,0.0028333333333333335,0.0,,
random_control_1,BP,GO:0051125,regulation of actin nucleation,1.0,1.0,False,0,120,12,6000,0.0,0.002,0.0,,
random_control_1,BP,GO:0051128,regulation of cellular component organization,0.71966202006002,1.0,False,12,120,679,6000,0.1,0.11316666666666667,0.8836524300441827,948;2823;3484;5328;7057;9475;10575;26060;29904;55170;79884;91752,10575;26060;2823;29904;3484;5328;55170;7057;79884;91752;9475;948
random_control_1,BP,GO:0051129,negative regulation of cellular component organization,0.772719516587438,1.0,False,3,120,201,6000,0.025,0.0335,0.746268656716418,7057;9475;26060,26060;7057;9475
random_control_1,BP,GO:0051130,positive regulation of cellular component organization,0.20201251725895428,1.0,False,8,120,282,6000,0.06666666666666667,0.047,1.4184397163120568,948;2823;5328;9475;10575;26060;29904;91752,10575;26060;2823;29904;5328;91752;9475;948
random_control_1,BP,GO:0051145,smooth muscle cell differentiation,1.0,1.0,False,0,120,11,6000,0.0,0.0018333333333333333,0.0,,
random_control_1,BP,GO:0051146,striated muscle cell differentiation,0.18293925793062543,1.0,False,2,120,39,6000,0.016666666666666666,0.0065,2.5641025641025643,3756;205251,205251;3756
random_control_1,BP,GO:0051147,regulation of muscle cell differentiation,1.0,1.0,False,0,120,31,6000,0.0,0.005166666666666667,0.0,,
random_control_1,BP,GO:0051148,negative regulation of muscle cell differentiation,1.0,1.0,False,0,120,17,6000,0.0,0.0028333333333333335,0.0,,
random_control_1,BP,GO:0051149,positive regulation of muscle cell differentiation,1.0,1.0,False,0,120,14,6000,0.0,0.0023333333333333335,0.0,,
random_control_1,BP,GO:0051153,regulation of striated muscle cell differentiation,1.0,1.0,False,0,120,16,6000,0.0,0.0026666666666666666,0.0,,
random_control_1,BP,GO:0051156,glucose 6-phosphate metabolic process,0.23118189666298758,1.0,False,1,120,13,6000,0.008333333333333333,0.0021666666666666666,3.8461538461538463,729020,729020
random_control_1,BP,GO:0051168,nuclear export,0.5463534636790258,1.0,False,1,120,39,6000,0.008333333333333333,0.0065,1.2820512820512822,643136,643136
random_control_1,BP,GO:0051169,nuclear transport,0.3236979318267654,1.0,False,2,120,58,6000,0.016666666666666666,0.009666666666666667,1.7241379310344827,26060;643136,26060;643136
random_control_1,BP,GO:0051170,import into nucleus,0.3721945741838406,1.0,False,1,120,23,6000,0.008333333333333333,0.003833333333333333,2.1739130434782608,26060,26060
random_control_1,BP,GO:0051174,regulation of phosphorus metabolic process,1.0,1.0,False,0,120,41,6000,0.0,0.006833333333333334,0.0,,
random_control_1,BP,GO:0051179,localization,0.6449049707163045,1.0,False,23,120,1210,6000,0.19166666666666668,0.20166666666666666,0.9504132231404959,948;2823;3756;3759;4253;6238;6748;6891;7057;8031;9475;10575;10768;11231;23787;26060;27347;56606;56889;57655;221301;389941;643136,10575;10768;11231;221301;23787;26060;27347;2823;3756;3759;389941;4253;56606;56889;57655;6238;643136;6748;6891;7057;8031;9475;948
random_control_1,BP,GO:0051180,vitamin transport,0.2616950548768287,1.0,False,1,120,15,6000,0.008333333333333333,0.0025,3.333333333333333,56606,56606
random_control_1,BP,GO:0051205,protein insertion into membrane,0.23118189666298758,1.0,False,1,120,13,6000,0.008333333333333333,0.0021666666666666666,3.8461538461538463,23787,23787
random_control_1,BP,GO:0051209,release of sequestered calcium ion into cytosol,1.0,1.0,False,0,120,18,6000,0.0,0.003,0.0,,
random_control_1,BP,GO:0051216,cartilage development,1.0,1.0,False,0,120,19,6000,0.0,0.0031666666666666666,0.0,,
random_control_1,BP,GO:0051222,positive regulation of protein transport,0.7042448489789661,1.0,False,1,120,60,6000,0.008333333333333333,0.01,0.8333333333333333,10541,10541
random_control_1,BP,GO:0051223,regulation of protein transport,0.6204806302120119,1.0,False,2,120,104,6000,0.016666666666666666,0.017333333333333333,0.9615384615384616,948;10541,10541;948
random_control_1,BP,GO:0051224,negative regulation of protein transport,0.4441539425635324,1.0,False,1,120,29,6000,0.008333333333333333,0.004833333333333334,1.7241379310344827,948,948
random_control_1,BP,GO:0051225,spindle assembly,0.3721945741838406,1.0,False,1,120,23,6000,0.008333333333333333,0.003833333333333333,2.1739130434782608,79884,79884
random_control_1,BP,GO:0051234,establishment of localization,0.73045087225971,1.0,False,19,120,1055,6000,0.15833333333333333,0.17583333333333334,0.9004739336492891,948;2823;3756;3759;4253;6238;6748;6891;7057;8031;10768;11231;23787;26060;27347;56606;57655;221301;643136,10768;11231;221301;23787;26060;27347;2823;3756;3759;4253;56606;57655;6238;643136;6748;6891;7057;8031;948
random_control_1,BP,GO:0051235,maintenance of location,1.0,1.0,False,0,120,14,6000,0.0,0.0023333333333333335,0.0,,
random_control_1,BP,GO:0051236,establishment of RNA localization,0.4770030767532584,1.0,False,1,120,32,6000,0.008333333333333333,0.005333333333333333,1.5625,643136,643136
random_control_1,BP,GO:0051239,regulation of multicellular organismal process,0.7140537249719288,1.0,False,15,120,835,6000,0.125,0.13916666666666666,0.8982035928143713,948;1232;2301;3759;4352;4790;5328;5966;7057;9475;10623;26060;27347;29904;55170,10623;1232;2301;26060;27347;29904;3759;4352;4790;5328;55170;5966;7057;9475;948
random_control_1,BP,GO:0051240,positive regulation of multicellular organismal process,0.6202611129539877,1.0,False,9,120,476,6000,0.075,0.07933333333333334,0.9453781512605041,948;1232;4352;5328;7057;9475;10623;26060;29904,10623;1232;26060;29904;4352;5328;7057;9475;948
random_control_1,BP,GO:0051241,negative regulation of multicellular organismal process,0.31824916961275407,1.0,False,8,120,323,6000,0.06666666666666667,0.05383333333333333,1.238390092879257,948;2301;4790;5328;5966;7057;9475;27347,2301;27347;4790;5328;5966;7057;9475;948
random_control_1,BP,GO:0051246,regulation of protein metabolic process,0.5385737829054809,1.0,False,8,120,395,6000,0.06666666666666667,0.06583333333333333,1.0126582278481013,1965;5328;7057;8405;9475;29904;55170;79048,1965;29904;5328;55170;7057;79048;8405;9475
random_control_1,BP,GO:0051247,positive regulation of protein metabolic process,0.9398954286775,1.0,False,2,120,221,6000,0.016666666666666666,0.036833333333333336,0.4524886877828054,7057;9475,7057;9475
random_control_1,BP,GO:0051248,negative regulation of protein metabolic process,0.35269122803650094,1.0,False,4,120,150,6000,0.03333333333333333,0.025,1.3333333333333333,1965;5328;7057;55170,1965;5328;55170;7057
random_control_1,BP,GO:0051249,regulation of lymphocyte activation,0.9606388422671571,1.0,False,1,120,158,6000,0.008333333333333333,0.026333333333333334,0.3164556962025316,4352,4352
random_control_1,BP,GO:0051250,negative regulation of lymphocyte activation,1.0,1.0,False,0,120,47,6000,0.0,0.007833333333333333,0.0,,
random_control_1,BP,GO:0051251,positive regulation of lymphocyte activation,0.8722712709474918,1.0,False,1,120,101,6000,0.008333333333333333,0.016833333333333332,0.4950495049504951,4352,4352
random_control_1,BP,GO:0051252,regulation of RNA metabolic process,0.27610380319388433,1.0,False,23,120,1008,6000,0.19166666666666668,0.168,1.1408730158730158,328;948;2301;4790;5430;5966;7073;8031;9475;9923;10623;10768;27324;51360;55170;55657;56257;56924;65243;79039;80764;84838;401115,10623;10768;2301;27324;328;401115;4790;51360;5430;55170;55657;56257;56924;5966;65243;7073;79039;8031;80764;84838;9475;948;9923
random_control_1,BP,GO:0051253,negative regulation of RNA metabolic process,0.6996124493933492,1.0,False,8,120,455,6000,0.06666666666666667,0.07583333333333334,0.8791208791208791,328;948;4790;55170;55657;79039;80764;401115,328;401115;4790;55170;55657;79039;80764;948
random_control_1,BP,GO:0051254,positive regulation of RNA metabolic process,0.6380306883984403,1.0,False,9,120,483,6000,0.075,0.0805,0.9316770186335404,328;4790;5966;8031;9475;27324;51360;56257;84838,27324;328;4790;51360;56257;5966;8031;84838;9475
random_control_1,BP,GO:0051258,protein polymerization,1.0,1.0,False,0,120,24,6000,0.0,0.004,0.0,,
random_control_1,BP,GO:0051259,protein complex oligomerization,0.8034938931650345,1.0,False,1,120,80,6000,0.008333333333333333,0.013333333333333334,0.625,3759,3759
random_control_1,BP,GO:0051260,protein homooligomerization,0.7160748336917495,1.0,False,1,120,62,6000,0.008333333333333333,0.010333333333333333,0.8064516129032258,3759,3759
random_control_1,BP,GO:0051262,protein tetramerization,0.4441539425635324,1.0,False,1,120,29,6000,0.008333333333333333,0.004833333333333334,1.7241379310344827,3759,3759
random_control_1,BP,GO:0051276,chromosome organization,0.7231354865710047,1.0,False,2,120,126,6000,0.016666666666666666,0.021,0.7936507936507936,328;79884,328;79884
random_control_1,BP,GO:0051279,regulation of release of sequestered calcium ion into cytosol,1.0,1.0,False,0,120,21,6000,0.0,0.0035,0.0,,
random_control_1,BP,GO:0051289,protein homotetramerization,0.3328242822494307,1.0,False,1,120,20,6000,0.008333333333333333,0.0033333333333333335,2.5,3759,3759
random_control_1,BP,GO:0051293,establishment of spindle localization,1.0,1.0,False,0,120,18,6000,0.0,0.003,0.0,,
random_control_1,BP,GO:0051294,establishment of spindle orientation,1.0,1.0,False,0,120,14,6000,0.0,0.0023333333333333335,0.0,,
random_control_1,BP,GO:0051298,centrosome duplication,0.23118189666298758,1.0,False,1,120,13,6000,0.008333333333333333,0.0021666666666666666,3.8461538461538463,9475,9475
random_control_1,BP,GO:0051301,cell division,0.29402612883605717,1.0,False,2,120,54,6000,0.016666666666666666,0.009,1.8518518518518519,9475;79884,79884;9475
random_control_1,BP,GO:0051302,regulation of cell division,0.5554857542944451,1.0,False,1,120,40,6000,0.008333333333333333,0.006666666666666667,1.25,79884,79884
random_control_1,BP,GO:0051310,metaphase chromosome alignment,1.0,1.0,False,0,120,29,6000,0.0,0.004833333333333334,0.0,,
random_control_1,BP,GO:0051321,meiotic cell cycle,1.0,1.0,False,0,120,62,6000,0.0,0.010333333333333333,0.0,,
random_control_1,BP,GO:0051336,regulation of hydrolase activity,0.6373529851582895,1.0,False,1,120,50,6000,0.008333333333333333,0.008333333333333333,1.0,11033,11033
random_control_1,BP,GO:0051338,regulation of transferase activity,1.0,1.0,False,0,120,85,6000,0.0,0.014166666666666666,0.0,,
random_control_1,BP,GO:0051345,positive regulation of hydrolase activity,1.0,1.0,False,0,120,31,6000,0.0,0.005166666666666667,0.0,,
random_control_1,BP,GO:0051346,negative regulation of hydrolase activity,1.0,1.0,False,0,120,11,6000,0.0,0.0018333333333333333,0.0,,
random_control_1,BP,GO:0051384,response to glucocorticoid,1.0,1.0,False,0,120,35,6000,0.0,0.005833333333333334,0.0,,
random_control_1,BP,GO:0051385,response to mineralocorticoid,0.1994186086676354,1.0,False,1,120,11,6000,0.008333333333333333,0.0018333333333333333,4.545454545454546,27347,27347
random_control_1,BP,GO:0051445,regulation of meiotic cell cycle,1.0,1.0,False,0,120,18,6000,0.0,0.003,0.0,,
random_control_1,BP,GO:0051452,intracellular pH reduction,1.0,1.0,False,0,120,16,6000,0.0,0.0026666666666666666,0.0,,
random_control_1,BP,GO:0051453,regulation of intracellular pH,1.0,1.0,False,0,120,24,6000,0.0,0.004,0.0,,
random_control_1,BP,GO:0051480,regulation of cytosolic calcium ion concentration,0.3052270409204303,1.0,False,1,120,18,6000,0.008333333333333333,0.003,2.7777777777777777,3756,3756
random_control_1,BP,GO:0051489,regulation of filopodium assembly,0.2154596450610039,1.0,False,1,120,12,6000,0.008333333333333333,0.002,4.166666666666667,2823,2823
random_control_1,BP,GO:0051492,regulation of stress fiber assembly,0.3462124237427534,1.0,False,1,120,21,6000,0.008333333333333333,0.0035,2.380952380952381,9475,9475
random_control_1,BP,GO:0051493,regulation of cytoskeleton organization,0.7686658815486431,1.0,False,2,120,138,6000,0.016666666666666666,0.023,0.7246376811594203,9475;79884,79884;9475
random_control_1,BP,GO:0051494,negative regulation of cytoskeleton organization,1.0,1.0,False,0,120,34,6000,0.0,0.005666666666666667,0.0,,
random_control_1,BP,GO:0051495,positive regulation of cytoskeleton organization,0.5902272768216926,1.0,False,1,120,44,6000,0.008333333333333333,0.007333333333333333,1.1363636363636365,9475,9475
random_control_1,BP,GO:0051496,positive regulation of stress fiber assembly,0.23118189666298758,1.0,False,1,120,13,6000,0.008333333333333333,0.0021666666666666666,3.8461538461538463,9475,9475
random_control_1,BP,GO:0051503,adenine nucleotide transport,1.0,1.0,False,0,120,17,6000,0.0,0.0028333333333333335,0.0,,
random_control_1,BP,GO:0051588,regulation of neurotransmitter transport,1.0,1.0,False,0,120,27,6000,0.0,0.0045,0.0,,
random_control_1,BP,GO:0051591,response to cAMP,0.4327558689318889,1.0,False,1,120,28,6000,0.008333333333333333,0.004666666666666667,1.7857142857142856,29904,29904
random_control_1,BP,GO:0051592,response to calcium ion,0.008708725034893984,1.0,False,4,120,41,6000,0.03333333333333333,0.006833333333333334,4.878048780487805,3756;7057;10768;29904,10768;29904;3756;7057
random_control_1,BP,GO:0051604,protein maturation,0.34352655567138746,1.0,False,4,120,148,6000,0.03333333333333333,0.024666666666666667,1.3513513513513513,5328;7057;10575;51360,10575;51360;5328;7057
random_control_1,BP,GO:0051606,detection of stimulus,0.7287390918558828,1.0,False,3,120,187,6000,0.025,0.031166666666666665,0.8021390374331552,8383;120586;391107,120586;391107;8383
random_control_1,BP,GO:0051607,defense response to virus,1.0,1.0,False,0,120,63,6000,0.0,0.0105,0.0,,
random_control_1,BP,GO:0051640,organelle localization,1.0,1.0,False,0,120,127,6000,0.0,0.021166666666666667,0.0,,
random_control_1,BP,GO:0051641,cellular localization,0.34777132749367895,1.0,False,12,120,521,6000,0.1,0.08683333333333333,1.1516314779270633,4253;6748;6891;8031;9475;11231;23787;26060;56889;57655;389941;643136,11231;23787;26060;389941;4253;56889;57655;643136;6748;6891;8031;9475
random_control_1,BP,GO:0051646,mitochondrion localization,1.0,1.0,False,0,120,15,6000,0.0,0.0025,0.0,,
random_control_1,BP,GO:0051648,vesicle localization,1.0,1.0,False,0,120,36,6000,0.0,0.006,0.0,,
random_control_1,BP,GO:0051649,establishment of localization in cell,0.5029848948138732,1.0,False,9,120,433,6000,0.075,0.07216666666666667,1.0392609699769053,4253;6748;6891;8031;11231;23787;26060;57655;643136,11231;23787;26060;4253;57655;643136;6748;6891;8031
random_control_1,BP,GO:0051650,establishment of vesicle localization,1.0,1.0,False,0,120,30,6000,0.0,0.005,0.0,,
random_control_1,BP,GO:0051651,maintenance of location in cell,1.0,1.0,False,0,120,13,6000,0.0,0.0021666666666666666,0.0,,
random_control_1,BP,GO:0051653,spindle localization,1.0,1.0,False,0,120,18,6000,0.0,0.003,0.0,,
random_control_1,BP,GO:0051654,establishment of mitochondrion localization,1.0,1.0,False,0,120,10,6000,0.0,0.0016666666666666668,0.0,,
random_control_1,BP,GO:0051656,establishment of organelle localization,1.0,1.0,False,0,120,75,6000,0.0,0.0125,0.0,,
random_control_1,BP,GO:0051668,localization within membrane,0.03013879934202888,1.0,False,7,120,150,6000,0.058333333333333334,0.025,2.333333333333333,4253;6748;9475;11231;23787;56889;389941,11231;23787;389941;4253;56889;6748;9475
random_control_1,BP,GO:0051701,biological process involved in interaction with host,1.0,1.0,False,0,120,29,6000,0.0,0.004833333333333334,0.0,,
random_control_1,BP,GO:0051707,response to other organism,0.908639313307822,1.0,False,4,120,334,6000,0.03333333333333333,0.05566666666666667,0.5988023952095808,948;4790;5966;51752,4790;51752;5966;948
random_control_1,BP,GO:0051716,cellular response to stimulus,0.5781744236596578,1.0,False,35,120,1777,6000,0.2916666666666667,0.2961666666666667,0.9848058525604952,328;948;1232;1444;1965;2657;3484;3756;3759;4352;4548;4790;5261;5328;5966;7057;8031;8383;9475;9923;10768;11033;26032;26060;27347;29904;51360;55170;56924;57531;66004;79039;84560;120586;391107,10768;11033;120586;1232;1444;1965;26032;26060;2657;27347;29904;328;3484;3756;3759;391107;4352;4548;4790;51360;5261;5328;55170;56924;57531;5966;66004;7057;79039;8031;8383;84560;9475;948;9923
random_control_1,BP,GO:0051726,regulation of cell cycle,0.45608136467494476,1.0,False,6,120,270,6000,0.05,0.045,1.1111111111111112,2301;9475;26060;55170;79884;221477,221477;2301;26060;55170;79884;9475
random_control_1,BP,GO:0051781,positive regulation of cell division,1.0,1.0,False,0,120,15,6000,0.0,0.0025,0.0,,
random_control_1,BP,GO:0051783,regulation of nuclear division,1.0,1.0,False,0,120,43,6000,0.0,0.007166666666666667,0.0,,
random_control_1,BP,GO:0051784,negative regulation of nuclear division,1.0,1.0,False,0,120,13,6000,0.0,0.0021666666666666666,0.0,,
random_control_1,BP,GO:0051785,positive regulation of nuclear division,1.0,1.0,False,0,120,15,6000,0.0,0.0025,0.0,,
random_control_1,BP,GO:0051851,host-mediated perturbation of symbiont process,0.49782540333012903,1.0,False,1,120,34,6000,0.008333333333333333,0.005666666666666667,1.4705882352941175,9475,9475
random_control_1,BP,GO:0051865,protein autoubiquitination,1.0,1.0,False,0,120,17,6000,0.0,0.0028333333333333335,0.0,,
random_control_1,BP,GO:0051881,regulation of mitochondrial membrane potential,1.0,1.0,False,0,120,20,6000,0.0,0.0033333333333333335,0.0,,
random_control_1,BP,GO:0051893,regulation of focal adhesion assembly,0.026792625837197194,1.0,False,2,120,13,6000,0.016666666666666666,0.0021666666666666666,7.6923076923076925,7057;9475,7057;9475
random_control_1,BP,GO:0051896,regulation of phosphatidylinositol 3-kinase/protein kinase B signal transduction,0.7732279211339425,1.0,False,1,120,73,6000,0.008333333333333333,0.012166666666666666,0.6849315068493151,7057,7057
random_control_1,BP,GO:0051897,positive regulation of phosphatidylinositol 3-kinase/protein kinase B signal transduction,0.6298898327348624,1.0,False,1,120,49,6000,0.008333333333333333,0.008166666666666666,1.0204081632653061,7057,7057
random_control_1,BP,GO:0051898,negative regulation of phosphatidylinositol 3-kinase/protein kinase B signal transduction,1.0,1.0,False,0,120,20,6000,0.0,0.0033333333333333335,0.0,,
random_control_1,BP,GO:0051899,membrane depolarization,0.3328242822494307,1.0,False,1,120,20,6000,0.008333333333333333,0.0033333333333333335,2.5,3759,3759
random_control_1,BP,GO:0051924,regulation of calcium ion transport,1.0,1.0,False,0,120,63,6000,0.0,0.0105,0.0,,
random_control_1,BP,GO:0051926,negative regulation of calcium ion transport,1.0,1.0,False,0,120,13,6000,0.0,0.0021666666666666666,0.0,,
random_control_1,BP,GO:0051928,positive regulation of calcium ion transport,1.0,1.0,False,0,120,30,6000,0.0,0.005,0.0,,
random_control_1,BP,GO:0051952,regulation of amine transport,1.0,1.0,False,0,120,16,6000,0.0,0.0026666666666666666,0.0,,
random_control_1,BP,GO:0051960,regulation of nervous system development,0.8823541510875308,1.0,False,1,120,105,6000,0.008333333333333333,0.0175,0.47619047619047616,29904,29904
random_control_1,BP,GO:0051961,negative regulation of nervous system development,1.0,1.0,False,0,120,29,6000,0.0,0.004833333333333334,0.0,,
random_control_1,BP,GO:0051962,positive regulation of nervous system development,0.7588819051605297,1.0,False,1,120,70,6000,0.008333333333333333,0.011666666666666667,0.7142857142857142,29904,29904
random_control_1,BP,GO:0051963,regulation of synapse assembly,0.6065742923968529,1.0,False,1,120,46,6000,0.008333333333333333,0.007666666666666666,1.0869565217391304,29904,29904
random_control_1,BP,GO:0051965,positive regulation of synapse assembly,0.2616950548768287,1.0,False,1,120,15,6000,0.008333333333333333,0.0025,3.333333333333333,29904,29904
random_control_1,BP,GO:0051966,"regulation of synaptic transmission, glutamatergic",1.0,1.0,False,0,120,19,6000,0.0,0.0031666666666666666,0.0,,
random_control_1,BP,GO:0051968,"positive regulation of synaptic transmission, glutamatergic",1.0,1.0,False,0,120,10,6000,0.0,0.0016666666666666668,0.0,,
random_control_1,BP,GO:0051983,regulation of chromosome segregation,1.0,1.0,False,0,120,36,6000,0.0,0.006,0.0,,
random_control_1,BP,GO:0051985,negative regulation of chromosome segregation,1.0,1.0,False,0,120,10,6000,0.0,0.0016666666666666668,0.0,,
random_control_1,BP,GO:0052652,cyclic purine nucleotide metabolic process,1.0,1.0,False,0,120,12,6000,0.0,0.002,0.0,,
random_control_1,BP,GO:0055001,muscle cell development,1.0,1.0,False,0,120,37,6000,0.0,0.006166666666666667,0.0,,
random_control_1,BP,GO:0055002,striated muscle cell development,1.0,1.0,False,0,120,24,6000,0.0,0.004,0.0,,
random_control_1,BP,GO:0055007,cardiac muscle cell differentiation,1.0,1.0,False,0,120,14,6000,0.0,0.0023333333333333335,0.0,,
random_control_1,BP,GO:0055008,cardiac muscle tissue morphogenesis,1.0,1.0,False,0,120,14,6000,0.0,0.0023333333333333335,0.0,,
random_control_1,BP,GO:0055010,ventricular cardiac muscle tissue morphogenesis,1.0,1.0,False,0,120,12,6000,0.0,0.002,0.0,,
random_control_1,BP,GO:0055021,regulation of cardiac muscle tissue growth,1.0,1.0,False,0,120,14,6000,0.0,0.0023333333333333335,0.0,,
random_control_1,BP,GO:0055074,calcium ion homeostasis,0.6588586485892609,1.0,False,1,120,53,6000,0.008333333333333333,0.008833333333333334,0.9433962264150942,3756,3756
random_control_1,BP,GO:0055078,sodium ion homeostasis,1.0,1.0,False,0,120,15,6000,0.0,0.0025,0.0,,
random_control_1,BP,GO:0055080,monoatomic cation homeostasis,0.10465080031738698,1.0,False,5,120,125,6000,0.041666666666666664,0.020833333333333332,2.0,3756;3759;4756;8031;84560,3756;3759;4756;8031;84560
random_control_1,BP,GO:0055082,intracellular chemical homeostasis,0.191121564265558,1.0,False,5,120,153,6000,0.041666666666666664,0.0255,1.6339869281045751,3756;3759;8031;27347;84560,27347;3756;3759;8031;84560
random_control_1,BP,GO:0055085,transmembrane transport,0.247361381765848,1.0,False,10,120,388,6000,0.08333333333333333,0.06466666666666666,1.288659793814433,948;2823;3756;3759;6748;6891;11231;27347;56606;221301,11231;221301;27347;2823;3756;3759;56606;6748;6891;948
random_control_1,BP,GO:0055086,nucleobase-containing small molecule metabolic process,0.8045896019627579,1.0,False,2,120,149,6000,0.016666666666666666,0.024833333333333332,0.6711409395973155,10768;729020,10768;729020
random_control_1,BP,GO:0055088,lipid homeostasis,0.6518344615320735,1.0,False,1,120,52,6000,0.008333333333333333,0.008666666666666666,0.9615384615384616,205251,205251
random_control_1,BP,GO:0055090,acylglycerol homeostasis,0.2154596450610039,1.0,False,1,120,12,6000,0.008333333333333333,0.002,4.166666666666667,205251,205251
random_control_1,BP,GO:0055092,sterol homeostasis,1.0,1.0,False,0,120,30,6000,0.0,0.005,0.0,,
random_control_1,BP,GO:0055117,regulation of cardiac muscle contraction,0.42112605589102525,1.0,False,1,120,27,6000,0.008333333333333333,0.0045,1.8518518518518519,3759,3759
random_control_1,BP,GO:0055123,digestive system development,1.0,1.0,False,0,120,30,6000,0.0,0.005,0.0,,
random_control_1,BP,GO:0060021,roof of mouth development,1.0,1.0,False,0,120,12,6000,0.0,0.002,0.0,,
random_control_1,BP,GO:0060041,retina development in camera-type eye,0.4770030767532584,1.0,False,1,120,32,6000,0.008333333333333333,0.005333333333333333,1.5625,2823,2823
random_control_1,BP,GO:0060042,retina morphogenesis in camera-type eye,1.0,1.0,False,0,120,14,6000,0.0,0.0023333333333333335,0.0,,
random_control_1,BP,GO:0060043,regulation of cardiac muscle cell proliferation,1.0,1.0,False,0,120,10,6000,0.0,0.0016666666666666668,0.0,,
random_control_1,BP,GO:0060047,heart contraction,0.3847989996645063,1.0,False,1,120,24,6000,0.008333333333333333,0.004,2.0833333333333335,3759,3759
random_control_1,BP,GO:0060048,cardiac muscle contraction,0.3462124237427534,1.0,False,1,120,21,6000,0.008333333333333333,0.0035,2.380952380952381,3759,3759
random_control_1,BP,GO:0060070,canonical Wnt signaling pathway,1.0,1.0,False,0,120,31,6000,0.0,0.005166666666666667,0.0,,
random_control_1,BP,GO:0060078,regulation of postsynaptic membrane potential,1.0,1.0,False,0,120,22,6000,0.0,0.0036666666666666666,0.0,,
random_control_1,BP,GO:0060079,excitatory postsynaptic potential,1.0,1.0,False,0,120,13,6000,0.0,0.0021666666666666666,0.0,,
random_control_1,BP,GO:0060135,maternal process involved in female pregnancy,1.0,1.0,False,0,120,12,6000,0.0,0.002,0.0,,
random_control_1,BP,GO:0060142,regulation of syncytium formation by plasma membrane fusion,1.0,1.0,False,0,120,20,6000,0.0,0.0033333333333333335,0.0,,
random_control_1,BP,GO:0060147,regulation of post-transcriptional gene silencing,0.2154596450610039,1.0,False,1,120,12,6000,0.008333333333333333,0.002,4.166666666666667,7073,7073
random_control_1,BP,GO:0060173,limb development,1.0,1.0,False,0,120,23,6000,0.0,0.003833333333333333,0.0,,
random_control_1,BP,GO:0060236,regulation of mitotic spindle organization,0.27649816154596496,1.0,False,1,120,16,6000,0.008333333333333333,0.0026666666666666666,3.125,79884,79884
random_control_1,BP,GO:0060249,anatomical structure homeostasis,0.6724881482213413,1.0,False,1,120,55,6000,0.008333333333333333,0.009166666666666667,0.9090909090909091,27347,27347
random_control_1,BP,GO:0060255,regulation of macromolecule metabolic process,0.33746831784059583,1.0,False,34,120,1578,6000,0.2833333333333333,0.263,1.0773130544993663,328;948;1965;2301;4790;5261;5328;5430;5966;7057;7073;8031;8405;9475;9923;10575;10623;10768;26060;27324;29904;51360;55170;55657;56257;56924;65243;79039;79048;80764;84838;91752;340602;401115,10575;10623;10768;1965;2301;26060;27324;29904;328;340602;401115;4790;51360;5261;5328;5430;55170;55657;56257;56924;5966;65243;7057;7073;79039;79048;8031;80764;8405;84838;91752;9475;948;9923
random_control_1,BP,GO:0060259,regulation of feeding behavior,1.0,1.0,False,0,120,14,6000,0.0,0.0023333333333333335,0.0,,
random_control_1,BP,GO:0060260,regulation of transcription initiation by RNA polymerase II,0.3191643119150053,1.0,False,1,120,19,6000,0.008333333333333333,0.0031666666666666666,2.6315789473684212,4790,4790
random_control_1,BP,GO:0060261,positive regulation of transcription initiation by RNA polymerase II,0.27649816154596496,1.0,False,1,120,16,6000,0.008333333333333333,0.0026666666666666666,3.125,4790,4790
random_control_1,BP,GO:0060271,cilium assembly,0.8555190058691542,1.0,False,1,120,95,6000,0.008333333333333333,0.015833333333333335,0.5263157894736842,25981,25981
random_control_1,BP,GO:0060284,regulation of cell development,0.6183157178514422,1.0,False,4,120,212,6000,0.03333333333333333,0.035333333333333335,0.9433962264150942,4352;9475;29904;55170,29904;4352;55170;9475
random_control_1,BP,GO:0060285,cilium-dependent cell motility,0.38197239561614327,1.0,False,2,120,66,6000,0.016666666666666666,0.011,1.5151515151515151,25981;161142,161142;25981
random_control_1,BP,GO:0060291,long-term synaptic potentiation,1.0,1.0,False,0,120,14,6000,0.0,0.0023333333333333335,0.0,,
random_control_1,BP,GO:0060294,cilium movement involved in cell motility,0.38197239561614327,1.0,False,2,120,66,6000,0.016666666666666666,0.011,1.5151515151515151,25981;161142,161142;25981
random_control_1,BP,GO:0060306,regulation of membrane repolarization,0.24659164652108712,1.0,False,1,120,14,6000,0.008333333333333333,0.0023333333333333335,3.571428571428571,3759,3759
random_control_1,BP,GO:0060322,head development,1.0,1.0,False,0,120,159,6000,0.0,0.0265,0.0,,
random_control_1,BP,GO:0060326,cell chemotaxis,0.7867270707647809,1.0,False,1,120,76,6000,0.008333333333333333,0.012666666666666666,0.6578947368421053,1232,1232
random_control_1,BP,GO:0060337,type I interferon-mediated signaling pathway,1.0,1.0,False,0,120,14,6000,0.0,0.0023333333333333335,0.0,,
random_control_1,BP,GO:0060338,regulation of type I interferon-mediated signaling pathway,1.0,1.0,False,0,120,12,6000,0.0,0.002,0.0,,
random_control_1,BP,GO:0060341,regulation of cellular localization,0.5298141156335221,1.0,False,3,120,139,6000,0.025,0.023166666666666665,1.0791366906474822,948;10541;26060,10541;26060;948
random_control_1,BP,GO:0060348,bone development,0.4770030767532584,1.0,False,1,120,32,6000,0.008333333333333333,0.005333333333333333,1.5625,51360,51360
random_control_1,BP,GO:0060349,bone morphogenesis,1.0,1.0,False,0,120,11,6000,0.0,0.0018333333333333333,0.0,,
random_control_1,BP,GO:0060390,regulation of SMAD protein signal transduction,1.0,1.0,False,0,120,17,6000,0.0,0.0028333333333333335,0.0,,
random_control_1,BP,GO:0060391,positive regulation of SMAD protein signal transduction,1.0,1.0,False,0,120,10,6000,0.0,0.0016666666666666668,0.0,,
random_control_1,BP,GO:0060411,cardiac septum morphogenesis,1.0,1.0,False,0,120,18,6000,0.0,0.003,0.0,,
random_control_1,BP,GO:0060412,ventricular septum morphogenesis,1.0,1.0,False,0,120,13,6000,0.0,0.0021666666666666666,0.0,,
random_control_1,BP,GO:0060415,muscle tissue morphogenesis,1.0,1.0,False,0,120,16,6000,0.0,0.0026666666666666666,0.0,,
random_control_1,BP,GO:0060416,response to growth hormone,0.23118189666298758,1.0,False,1,120,13,6000,0.008333333333333333,0.0021666666666666666,3.8461538461538463,1444,1444
random_control_1,BP,GO:0060420,regulation of heart growth,1.0,1.0,False,0,120,15,6000,0.0,0.0025,0.0,,
random_control_1,BP,GO:0060429,epithelium development,1.0,1.0,False,0,120,196,6000,0.0,0.03266666666666666,0.0,,
random_control_1,BP,GO:0060485,mesenchyme development,0.6657422810374347,1.0,False,1,120,54,6000,0.008333333333333333,0.009,0.9259259259259259,9475,9475
random_control_1,BP,GO:0060491,regulation of cell projection assembly,0.7102197005147446,1.0,False,1,120,61,6000,0.008333333333333333,0.010166666666666666,0.819672131147541,2823,2823
random_control_1,BP,GO:0060537,muscle tissue development,1.0,1.0,False,0,120,55,6000,0.0,0.009166666666666667,0.0,,
random_control_1,BP,GO:0060538,skeletal muscle organ development,1.0,1.0,False,0,120,19,6000,0.0,0.0031666666666666666,0.0,,
random_control_1,BP,GO:0060541,respiratory system development,1.0,1.0,False,0,120,21,6000,0.0,0.0035,0.0,,
random_control_1,BP,GO:0060544,regulation of necroptotic process,1.0,1.0,False,0,120,10,6000,0.0,0.0016666666666666668,0.0,,
random_control_1,BP,GO:0060560,developmental growth involved in morphogenesis,1.0,1.0,False,0,120,26,6000,0.0,0.004333333333333333,0.0,,
random_control_1,BP,GO:0060562,epithelial tube morphogenesis,1.0,1.0,False,0,120,39,6000,0.0,0.0065,0.0,,
random_control_1,BP,GO:0060627,regulation of vesicle-mediated transport,1.0,1.0,False,0,120,119,6000,0.0,0.019833333333333335,0.0,,
random_control_1,BP,GO:0060632,regulation of microtubule-based movement,1.0,1.0,False,0,120,17,6000,0.0,0.0028333333333333335,0.0,,
random_control_1,BP,GO:0060675,ureteric bud morphogenesis,1.0,1.0,False,0,120,10,6000,0.0,0.0016666666666666668,0.0,,
random_control_1,BP,GO:0060759,regulation of response to cytokine stimulus,1.0,1.0,False,0,120,57,6000,0.0,0.0095,0.0,,
random_control_1,BP,GO:0060760,positive regulation of response to cytokine stimulus,1.0,1.0,False,0,120,22,6000,0.0,0.0036666666666666666,0.0,,
random_control_1,BP,GO:0060761,negative regulation of response to cytokine stimulus,1.0,1.0,False,0,120,28,6000,0.0,0.004666666666666667,0.0,,
random_control_1,BP,GO:0060828,regulation of canonical Wnt signaling pathway,0.345753756832258,1.0,False,2,120,61,6000,0.016666666666666666,0.010166666666666666,1.639344262295082,3484;4790,3484;4790
random_control_1,BP,GO:0060840,artery development,1.0,1.0,False,0,120,20,6000,0.0,0.0033333333333333335,0.0,,
random_control_1,BP,GO:0060964,regulation of miRNA-mediated gene silencing,0.2154596450610039,1.0,False,1,120,12,6000,0.008333333333333333,0.002,4.166666666666667,7073,7073
random_control_1,BP,GO:0060966,regulation of gene silencing by regulatory ncRNA,0.23118189666298758,1.0,False,1,120,13,6000,0.008333333333333333,0.0021666666666666666,3.8461538461538463,7073,7073
random_control_1,BP,GO:0060972,left/right pattern formation,1.0,1.0,False,0,120,18,6000,0.0,0.003,0.0,,
random_control_1,BP,GO:0060993,kidney morphogenesis,1.0,1.0,False,0,120,16,6000,0.0,0.0026666666666666666,0.0,,
random_control_1,BP,GO:0060996,dendritic spine development,1.0,1.0,False,0,120,11,6000,0.0,0.0018333333333333333,0.0,,
random_control_1,BP,GO:0060998,regulation of dendritic spine development,0.1994186086676354,1.0,False,1,120,11,6000,0.008333333333333333,0.0018333333333333333,4.545454545454546,29904,29904
random_control_1,BP,GO:0061001,regulation of dendritic spine morphogenesis,0.2154596450610039,1.0,False,1,120,12,6000,0.008333333333333333,0.002,4.166666666666667,29904,29904
random_control_1,BP,GO:0061008,hepaticobiliary system development,1.0,1.0,False,0,120,21,6000,0.0,0.0035,0.0,,
random_control_1,BP,GO:0061013,regulation of mRNA catabolic process,0.11784613134159826,1.0,False,3,120,60,6000,0.025,0.01,2.5,328;9475;401115,328;401115;9475
random_control_1,BP,GO:0061014,positive regulation of mRNA catabolic process,0.4441539425635324,1.0,False,1,120,29,6000,0.008333333333333333,0.004833333333333334,1.7241379310344827,9475,9475
random_control_1,BP,GO:0061024,membrane organization,0.33103755727867035,1.0,False,5,120,190,6000,0.041666666666666664,0.03166666666666667,1.3157894736842104,948;4253;7057;23787;57531,23787;4253;57531;7057;948
random_control_1,BP,GO:0061025,membrane fusion,0.5370351507111182,1.0,False,1,120,38,6000,0.008333333333333333,0.006333333333333333,1.3157894736842106,57531,57531
random_control_1,BP,GO:0061035,regulation of cartilage development,1.0,1.0,False,0,120,13,6000,0.0,0.0021666666666666666,0.0,,
random_control_1,BP,GO:0061041,regulation of wound healing,0.0370159208026162,1.0,False,3,120,37,6000,0.025,0.006166666666666667,4.054054054054054,948;5328;7057,5328;7057;948
random_control_1,BP,GO:0061045,negative regulation of wound healing,0.27649816154596496,1.0,False,1,120,16,6000,0.008333333333333333,0.0026666666666666666,3.125,5328,5328
random_control_1,BP,GO:0061061,muscle structure development,0.2902371197019739,1.0,False,3,120,94,6000,0.025,0.015666666666666666,1.595744680851064,3756;11155;205251,11155;205251;3756
random_control_1,BP,GO:0061136,regulation of proteasomal protein catabolic process,1.0,1.0,False,0,120,56,6000,0.0,0.009333333333333334,0.0,,
random_control_1,BP,GO:0061138,morphogenesis of a branching epithelium,1.0,1.0,False,0,120,18,6000,0.0,0.003,0.0,,
random_control_1,BP,GO:0061157,mRNA destabilization,0.40925983223317164,1.0,False,1,120,26,6000,0.008333333333333333,0.004333333333333333,1.9230769230769231,9475,9475
random_control_1,BP,GO:0061178,regulation of insulin secretion involved in cellular response to glucose stimulus,1.0,1.0,False,0,120,17,6000,0.0,0.0028333333333333335,0.0,,
random_control_1,BP,GO:0061326,renal tubule development,1.0,1.0,False,0,120,18,6000,0.0,0.003,0.0,,
random_control_1,BP,GO:0061333,renal tubule morphogenesis,1.0,1.0,False,0,120,14,6000,0.0,0.0023333333333333335,0.0,,
random_control_1,BP,GO:0061337,cardiac conduction,0.3593341011387844,1.0,False,1,120,22,6000,0.008333333333333333,0.0036666666666666666,2.272727272727273,3759,3759
random_control_1,BP,GO:0061351,neural precursor cell proliferation,1.0,1.0,False,0,120,17,6000,0.0,0.0028333333333333335,0.0,,
random_control_1,BP,GO:0061387,regulation of extent of cell growth,1.0,1.0,False,0,120,21,6000,0.0,0.0035,0.0,,
random_control_1,BP,GO:0061448,connective tissue development,1.0,1.0,False,0,120,27,6000,0.0,0.0045,0.0,,
random_control_1,BP,GO:0061458,reproductive system development,0.6065742923968529,1.0,False,1,120,46,6000,0.008333333333333333,0.007666666666666666,1.0869565217391304,8031,8031
random_control_1,BP,GO:0061462,protein localization to lysosome,0.2616950548768287,1.0,False,1,120,15,6000,0.008333333333333333,0.0025,3.333333333333333,8031,8031
random_control_1,BP,GO:0061512,protein localization to cilium,1.0,1.0,False,0,120,23,6000,0.0,0.003833333333333333,0.0,,
random_control_1,BP,GO:0061515,myeloid cell development,1.0,1.0,False,0,120,15,6000,0.0,0.0025,0.0,,
random_control_1,BP,GO:0061564,axon development,0.31223735133854136,1.0,False,3,120,98,6000,0.025,0.01633333333333333,1.5306122448979593,4548;4756;653269,4548;4756;653269
random_control_1,BP,GO:0061572,actin filament bundle organization,1.0,1.0,False,0,120,16,6000,0.0,0.0026666666666666666,0.0,,
random_control_1,BP,GO:0061640,cytoskeleton-dependent cytokinesis,0.10712110378771475,1.0,False,2,120,28,6000,0.016666666666666666,0.004666666666666667,3.571428571428571,9475;79884,79884;9475
random_control_1,BP,GO:0061668,mitochondrial ribosome assembly,1.0,1.0,False,0,120,11,6000,0.0,0.0018333333333333333,0.0,,
random_control_1,BP,GO:0061844,antimicrobial humoral immune response mediated by antimicrobial peptide,1.0,1.0,False,0,120,36,6000,0.0,0.006,0.0,,
random_control_1,BP,GO:0061919,process utilizing autophagic mechanism,0.4380628442203826,1.0,False,2,120,74,6000,0.016666666666666666,0.012333333333333333,1.3513513513513513,1965;8031,1965;8031
random_control_1,BP,GO:0061951,establishment of protein localization to plasma membrane,1.0,1.0,False,0,120,18,6000,0.0,0.003,0.0,,
random_control_1,BP,GO:0061982,meiosis I cell cycle process,1.0,1.0,False,0,120,40,6000,0.0,0.006666666666666667,0.0,,
random_control_1,BP,GO:0062012,regulation of small molecule metabolic process,0.05291336997557203,1.0,False,5,120,102,6000,0.041666666666666664,0.017,2.4509803921568625,4790;5261;51360;55657;205251,205251;4790;51360;5261;55657
random_control_1,BP,GO:0062013,positive regulation of small molecule metabolic process,0.0704810474139693,1.0,False,3,120,48,6000,0.025,0.008,3.125,5261;51360;205251,205251;51360;5261
random_control_1,BP,GO:0062014,negative regulation of small molecule metabolic process,0.5370351507111182,1.0,False,1,120,38,6000,0.008333333333333333,0.006333333333333333,1.3157894736842106,4790,4790
random_control_1,BP,GO:0062098,regulation of programmed necrotic cell death,1.0,1.0,False,0,120,10,6000,0.0,0.0016666666666666668,0.0,,
random_control_1,BP,GO:0062197,cellular response to chemical stress,0.18903621012480393,1.0,False,3,120,75,6000,0.025,0.0125,2.0,948;1965;27347,1965;27347;948
random_control_1,BP,GO:0062207,regulation of pattern recognition receptor signaling pathway,0.3310724131514505,1.0,False,2,120,59,6000,0.016666666666666666,0.009833333333333333,1.6949152542372883,948;26060,26060;948
random_control_1,BP,GO:0062208,positive regulation of pattern recognition receptor signaling pathway,0.4770030767532584,1.0,False,1,120,32,6000,0.008333333333333333,0.005333333333333333,1.5625,948,948
random_control_1,BP,GO:0065002,intracellular protein transmembrane transport,0.05962487556091966,1.0,False,2,120,20,6000,0.016666666666666666,0.0033333333333333335,5.0,6748;11231,11231;6748
random_control_1,BP,GO:0065003,protein-containing complex assembly,0.9522353113370798,1.0,False,4,120,381,6000,0.03333333333333333,0.0635,0.5249343832020997,3759;4146;25981;205251,205251;25981;3759;4146
random_control_1,BP,GO:0065004,protein-DNA complex assembly,1.0,1.0,False,0,120,55,6000,0.0,0.009166666666666667,0.0,,
random_control_1,BP,GO:0065008,regulation of biological quality,0.3689982794921588,1.0,False,18,120,818,6000,0.15,0.13633333333333333,1.100244498777506,328;948;1232;1370;2683;2823;3756;3759;5328;7057;9475;10575;27347;29904;51752;91752;389941;401115,10575;1232;1370;2683;27347;2823;29904;328;3756;3759;389941;401115;51752;5328;7057;91752;9475;948
random_control_1,BP,GO:0065009,regulation of molecular function,0.9184590786487014,1.0,False,2,120,203,6000,0.016666666666666666,0.03383333333333333,0.49261083743842365,11033;66004,11033;66004
random_control_1,BP,GO:0070050,neuron cellular homeostasis,0.27649816154596496,1.0,False,1,120,16,6000,0.008333333333333333,0.0026666666666666666,3.125,3756,3756
random_control_1,BP,GO:0070059,intrinsic apoptotic signaling pathway in response to endoplasmic reticulum stress,1.0,1.0,False,0,120,10,6000,0.0,0.0016666666666666668,0.0,,
random_control_1,BP,GO:0070098,chemokine-mediated signaling pathway,0.019523607102497773,1.0,False,3,120,29,6000,0.025,0.004833333333333334,5.172413793103448,1232;4352;27347,1232;27347;4352
random_control_1,BP,GO:0070167,regulation of biomineral tissue development,0.4441539425635324,1.0,False,1,120,29,6000,0.008333333333333333,0.004833333333333334,1.7241379310344827,9475,9475
random_control_1,BP,GO:0070169,positive regulation of biomineral tissue development,1.0,1.0,False,0,120,19,6000,0.0,0.0031666666666666666,0.0,,
random_control_1,BP,GO:0070192,chromosome organization involved in meiotic cell cycle,1.0,1.0,False,0,120,18,6000,0.0,0.003,0.0,,
random_control_1,BP,GO:0070201,regulation of establishment of protein localization,0.6608233801018408,1.0,False,2,120,112,6000,0.016666666666666666,0.018666666666666668,0.8928571428571428,948;10541,10541;948
random_control_1,BP,GO:0070228,regulation of lymphocyte apoptotic process,1.0,1.0,False,0,120,10,6000,0.0,0.0016666666666666668,0.0,,
random_control_1,BP,GO:0070252,actin-mediated cell contraction,0.3462124237427534,1.0,False,1,120,21,6000,0.008333333333333333,0.0035,2.380952380952381,3759,3759
random_control_1,BP,GO:0070269,pyroptotic inflammatory response,1.0,1.0,False,0,120,10,6000,0.0,0.0016666666666666668,0.0,,
random_control_1,BP,GO:0070286,axonemal dynein complex assembly,0.1994186086676354,1.0,False,1,120,11,6000,0.008333333333333333,0.0018333333333333333,4.545454545454546,25981,25981
random_control_1,BP,GO:0070293,renal absorption,0.2154596450610039,1.0,False,1,120,12,6000,0.008333333333333333,0.002,4.166666666666667,27347,27347
random_control_1,BP,GO:0070301,cellular response to hydrogen peroxide,1.0,1.0,False,0,120,19,6000,0.0,0.0031666666666666666,0.0,,
random_control_1,BP,GO:0070302,regulation of stress-activated protein kinase signaling cascade,0.2154596450610039,1.0,False,1,120,12,6000,0.008333333333333333,0.002,4.166666666666667,948,948
random_control_1,BP,GO:0070316,regulation of G0 to G1 transition,1.0,1.0,False,0,120,12,6000,0.0,0.002,0.0,,
random_control_1,BP,GO:0070328,triglyceride homeostasis,0.2154596450610039,1.0,False,1,120,12,6000,0.008333333333333333,0.002,4.166666666666667,205251,205251
random_control_1,BP,GO:0070372,regulation of ERK1 and ERK2 cascade,0.8113802750844568,1.0,False,1,120,82,6000,0.008333333333333333,0.013666666666666667,0.6097560975609756,948,948
random_control_1,BP,GO:0070373,negative regulation of ERK1 and ERK2 cascade,1.0,1.0,False,0,120,20,6000,0.0,0.0033333333333333335,0.0,,
random_control_1,BP,GO:0070374,positive regulation of ERK1 and ERK2 cascade,0.6724881482213413,1.0,False,1,120,55,6000,0.008333333333333333,0.009166666666666667,0.9090909090909091,948,948
random_control_1,BP,GO:0070482,response to oxygen levels,0.20442387293493308,1.0,False,3,120,78,6000,0.025,0.013,1.9230769230769234,4352;7057;29904,29904;4352;7057
random_control_1,BP,GO:0070498,interleukin-1-mediated signaling pathway,1.0,1.0,False,0,120,11,6000,0.0,0.0018333333333333333,0.0,,
random_control_1,BP,GO:0070507,regulation of microtubule cytoskeleton organization,0.5984832752739089,1.0,False,1,120,45,6000,0.008333333333333333,0.0075,1.1111111111111112,79884,79884
random_control_1,BP,GO:0070509,calcium ion import,1.0,1.0,False,0,120,12,6000,0.0,0.002,0.0,,
random_control_1,BP,GO:0070534,protein K63-linked ubiquitination,1.0,1.0,False,0,120,25,6000,0.0,0.004166666666666667,0.0,,
random_control_1,BP,GO:0070542,response to fatty acid,0.3721945741838406,1.0,False,1,120,23,6000,0.008333333333333333,0.003833333333333333,2.1739130434782608,948,948
random_control_1,BP,GO:0070555,response to interleukin-1,1.0,1.0,False,0,120,27,6000,0.0,0.0045,0.0,,
random_control_1,BP,GO:0070585,protein localization to mitochondrion,0.3052270409204303,1.0,False,1,120,18,6000,0.008333333333333333,0.003,2.7777777777777777,23787,23787
random_control_1,BP,GO:0070588,calcium ion transmembrane transport,0.777819223557416,1.0,False,1,120,74,6000,0.008333333333333333,0.012333333333333333,0.6756756756756757,2823,2823
random_control_1,BP,GO:0070613,regulation of protein processing,0.022967208340582274,1.0,False,2,120,12,6000,0.016666666666666666,0.002,8.333333333333334,5328;7057,5328;7057
random_control_1,BP,GO:0070633,transepithelial transport,0.1994186086676354,1.0,False,1,120,11,6000,0.008333333333333333,0.0018333333333333333,4.545454545454546,10768,10768
random_control_1,BP,GO:0070646,protein modification by small protein removal,1.0,1.0,False,0,120,26,6000,0.0,0.004333333333333333,0.0,,
random_control_1,BP,GO:0070647,protein modification by small protein conjugation or removal,0.921152903882954,1.0,False,2,120,205,6000,0.016666666666666666,0.034166666666666665,0.48780487804878053,8405;57531,57531;8405
random_control_1,BP,GO:0070661,leukocyte proliferation,1.0,1.0,False,0,120,18,6000,0.0,0.003,0.0,,
random_control_1,BP,GO:0070663,regulation of leukocyte proliferation,0.8034938931650345,1.0,False,1,120,80,6000,0.008333333333333333,0.013333333333333334,0.625,4352,4352
random_control_1,BP,GO:0070664,negative regulation of leukocyte proliferation,1.0,1.0,False,0,120,20,6000,0.0,0.0033333333333333335,0.0,,
random_control_1,BP,GO:0070665,positive regulation of leukocyte proliferation,0.6724881482213413,1.0,False,1,120,55,6000,0.008333333333333333,0.009166666666666667,0.9090909090909091,4352,4352
random_control_1,BP,GO:0070741,response to interleukin-6,0.24659164652108712,1.0,False,1,120,14,6000,0.008333333333333333,0.0023333333333333335,3.571428571428571,4790,4790
random_control_1,BP,GO:0070828,heterochromatin organization,1.0,1.0,False,0,120,65,6000,0.0,0.010833333333333334,0.0,,
random_control_1,BP,GO:0070848,response to growth factor,0.17075082280564013,1.0,False,5,120,147,6000,0.041666666666666664,0.0245,1.7006802721088434,2657;7057;9475;26060;29904,26060;2657;29904;7057;9475
random_control_1,BP,GO:0070849,response to epidermal growth factor,1.0,1.0,False,0,120,13,6000,0.0,0.0021666666666666666,0.0,,
random_control_1,BP,GO:0070873,regulation of glycogen metabolic process,0.23118189666298758,1.0,False,1,120,13,6000,0.008333333333333333,0.0021666666666666666,3.8461538461538463,5261,5261
random_control_1,BP,GO:0070884,regulation of calcineurin-NFAT signaling cascade,1.0,1.0,False,0,120,12,6000,0.0,0.002,0.0,,
random_control_1,BP,GO:0070887,cellular response to chemical stimulus,0.030504304204608482,1.0,False,18,120,564,6000,0.15,0.094,1.5957446808510638,948;1232;1444;1965;3484;3756;4352;4548;4790;8031;9475;10768;26060;27347;29904;66004;79039;84560,10768;1232;1444;1965;26060;27347;29904;3484;3756;4352;4548;4790;66004;79039;8031;84560;9475;948
random_control_1,BP,GO:0070897,transcription preinitiation complex assembly,1.0,1.0,False,0,120,20,6000,0.0,0.0033333333333333335,0.0,,
random_control_1,BP,GO:0070918,regulatory ncRNA processing,1.0,1.0,False,0,120,22,6000,0.0,0.0036666666666666666,0.0,,
random_control_1,BP,GO:0070925,organelle assembly,0.7232288405960761,1.0,False,4,120,243,6000,0.03333333333333333,0.0405,0.8230452674897119,1965;25981;79884;389941,1965;25981;389941;79884
random_control_1,BP,GO:0070935,3'-UTR-mediated mRNA stabilization,0.1994186086676354,1.0,False,1,120,11,6000,0.008333333333333333,0.0018333333333333333,4.545454545454546,401115,401115
random_control_1,BP,GO:0070936,protein K48-linked ubiquitination,0.4553248564627744,1.0,False,1,120,30,6000,0.008333333333333333,0.005,1.6666666666666665,57531,57531
random_control_1,BP,GO:0071044,histone mRNA catabolic process,1.0,1.0,False,0,120,11,6000,0.0,0.0018333333333333333,0.0,,
random_control_1,BP,GO:0071168,protein localization to chromatin,1.0,1.0,False,0,120,13,6000,0.0,0.0021666666666666666,0.0,,
random_control_1,BP,GO:0071173,spindle assembly checkpoint signaling,1.0,1.0,False,0,120,10,6000,0.0,0.0016666666666666668,0.0,,
random_control_1,BP,GO:0071174,mitotic spindle checkpoint signaling,1.0,1.0,False,0,120,10,6000,0.0,0.0016666666666666668,0.0,,
random_control_1,BP,GO:0071214,cellular response to abiotic stimulus,0.10208304373008016,1.0,False,4,120,89,6000,0.03333333333333333,0.014833333333333334,2.2471910112359548,1965;3759;4790;27347,1965;27347;3759;4790
random_control_1,BP,GO:0071216,cellular response to biotic stimulus,0.4033029634689686,1.0,False,2,120,69,6000,0.016666666666666666,0.0115,1.4492753623188406,948;4790,4790;948
random_control_1,BP,GO:0071219,cellular response to molecule of bacterial origin,0.3603316142014514,1.0,False,2,120,63,6000,0.016666666666666666,0.0105,1.5873015873015872,948;4790,4790;948
random_control_1,BP,GO:0071222,cellular response to lipopolysaccharide,0.6790989845902964,1.0,False,1,120,56,6000,0.008333333333333333,0.009333333333333334,0.8928571428571428,4790,4790
random_control_1,BP,GO:0071229,cellular response to acid chemical,1.0,1.0,False,0,120,24,6000,0.0,0.004,0.0,,
random_control_1,BP,GO:0071230,cellular response to amino acid stimulus,1.0,1.0,False,0,120,23,6000,0.0,0.003833333333333333,0.0,,
random_control_1,BP,GO:0071248,cellular response to metal ion,0.002095285319452308,1.0,False,5,120,46,6000,0.041666666666666664,0.007666666666666666,5.434782608695652,1965;3756;27347;29904;84560,1965;27347;29904;3756;84560
random_control_1,BP,GO:0071260,cellular response to mechanical stimulus,0.09446746273146321,1.0,False,2,120,26,6000,0.016666666666666666,0.004333333333333333,3.8461538461538463,3759;4790,3759;4790
random_control_1,BP,GO:0071277,cellular response to calcium ion,0.06506145238298199,1.0,False,2,120,21,6000,0.016666666666666666,0.0035,4.761904761904762,3756;29904,29904;3756
random_control_1,BP,GO:0071300,cellular response to retinoic acid,1.0,1.0,False,0,120,16,6000,0.0,0.0026666666666666666,0.0,,
random_control_1,BP,GO:0071320,cellular response to cAMP,0.3052270409204303,1.0,False,1,120,18,6000,0.008333333333333333,0.003,2.7777777777777777,29904,29904
random_control_1,BP,GO:0071322,cellular response to carbohydrate stimulus,1.0,1.0,False,0,120,27,6000,0.0,0.0045,0.0,,
random_control_1,BP,GO:0071326,cellular response to monosaccharide stimulus,1.0,1.0,False,0,120,23,6000,0.0,0.003833333333333333,0.0,,
random_control_1,BP,GO:0071331,cellular response to hexose stimulus,1.0,1.0,False,0,120,22,6000,0.0,0.0036666666666666666,0.0,,
random_control_1,BP,GO:0071333,cellular response to glucose stimulus,1.0,1.0,False,0,120,21,6000,0.0,0.0035,0.0,,
random_control_1,BP,GO:0071345,cellular response to cytokine stimulus,0.14816155428414252,1.0,False,6,120,179,6000,0.05,0.029833333333333333,1.675977653631285,1232;4352;4790;7057;26060;27347,1232;26060;27347;4352;4790;7057
random_control_1,BP,GO:0071346,cellular response to type II interferon,1.0,1.0,False,0,120,19,6000,0.0,0.0031666666666666666,0.0,,
random_control_1,BP,GO:0071347,cellular response to interleukin-1,1.0,1.0,False,0,120,22,6000,0.0,0.0036666666666666666,0.0,,
random_control_1,BP,GO:0071354,cellular response to interleukin-6,0.23118189666298758,1.0,False,1,120,13,6000,0.008333333333333333,0.0021666666666666666,3.8461538461538463,4790,4790
random_control_1,BP,GO:0071356,cellular response to tumor necrosis factor,0.10712110378771475,1.0,False,2,120,28,6000,0.016666666666666666,0.004666666666666667,3.571428571428571,4790;7057,4790;7057
random_control_1,BP,GO:0071357,cellular response to type I interferon,1.0,1.0,False,0,120,23,6000,0.0,0.003833333333333333,0.0,,
random_control_1,BP,GO:0071363,cellular response to growth factor stimulus,0.2979368142187478,1.0,False,4,120,138,6000,0.03333333333333333,0.023,1.4492753623188406,2657;7057;26060;29904,26060;2657;29904;7057
random_control_1,BP,GO:0071364,cellular response to epidermal growth factor stimulus,1.0,1.0,False,0,120,11,6000,0.0,0.0018333333333333333,0.0,,
random_control_1,BP,GO:0071375,cellular response to peptide hormone stimulus,0.008061070749758602,1.0,False,6,120,88,6000,0.05,0.014666666666666666,3.409090909090909,1444;3484;4790;10768;26060;29904,10768;1444;26060;29904;3484;4790
random_control_1,BP,GO:0071377,cellular response to glucagon stimulus,1.0,1.0,False,0,120,11,6000,0.0,0.0018333333333333333,0.0,,
random_control_1,BP,GO:0071379,cellular response to prostaglandin stimulus,1.0,1.0,False,0,120,11,6000,0.0,0.0018333333333333333,0.0,,
random_control_1,BP,GO:0071383,cellular response to steroid hormone stimulus,0.2641953639869182,1.0,False,2,120,50,6000,0.016666666666666666,0.008333333333333333,2.0,8031;79039,79039;8031
random_control_1,BP,GO:0071384,cellular response to corticosteroid stimulus,1.0,1.0,False,0,120,20,6000,0.0,0.0033333333333333335,0.0,,
random_control_1,BP,GO:0071385,cellular response to glucocorticoid stimulus,1.0,1.0,False,0,120,17,6000,0.0,0.0028333333333333335,0.0,,
random_control_1,BP,GO:0071396,cellular response to lipid,0.6589384515352767,1.0,False,3,120,168,6000,0.025,0.028,0.8928571428571429,4790;8031;79039,4790;79039;8031
random_control_1,BP,GO:0071398,cellular response to fatty acid,1.0,1.0,False,0,120,16,6000,0.0,0.0026666666666666666,0.0,,
random_control_1,BP,GO:0071453,cellular response to oxygen levels,0.1901941296776577,1.0,False,2,120,40,6000,0.016666666666666666,0.006666666666666667,2.5,4352;29904,29904;4352
random_control_1,BP,GO:0071456,cellular response to hypoxia,0.5079261327301264,1.0,False,1,120,35,6000,0.008333333333333333,0.005833333333333334,1.4285714285714284,4352,4352
random_control_1,BP,GO:0071466,cellular response to xenobiotic stimulus,1.0,1.0,False,0,120,42,6000,0.0,0.007,0.0,,
random_control_1,BP,GO:0071467,cellular response to pH,1.0,1.0,False,0,120,12,6000,0.0,0.002,0.0,,
random_control_1,BP,GO:0071470,cellular response to osmotic stress,0.2154596450610039,1.0,False,1,120,12,6000,0.008333333333333333,0.002,4.166666666666667,27347,27347
random_control_1,BP,GO:0071478,cellular response to radiation,0.5463534636790258,1.0,False,1,120,39,6000,0.008333333333333333,0.0065,1.2820512820512822,1965,1965
random_control_1,BP,GO:0071479,cellular response to ionizing radiation,1.0,1.0,False,0,120,13,6000,0.0,0.0021666666666666666,0.0,,
random_control_1,BP,GO:0071482,cellular response to light stimulus,0.4327558689318889,1.0,False,1,120,28,6000,0.008333333333333333,0.004666666666666667,1.7857142857142856,1965,1965
random_control_1,BP,GO:0071495,cellular response to endogenous stimulus,0.061648009258462706,1.0,False,10,120,288,6000,0.08333333333333333,0.048,1.736111111111111,1444;2657;3484;4790;7057;8031;10768;26060;29904;79039,10768;1444;26060;2657;29904;3484;4790;7057;79039;8031
random_control_1,BP,GO:0071496,cellular response to external stimulus,0.09446746273146321,1.0,False,2,120,26,6000,0.016666666666666666,0.004333333333333333,3.8461538461538463,3759;4790,3759;4790
random_control_1,BP,GO:0071498,cellular response to fluid shear stress,1.0,1.0,False,0,120,13,6000,0.0,0.0021666666666666666,0.0,,
random_control_1,BP,GO:0071499,cellular response to laminar fluid shear stress,1.0,1.0,False,0,120,10,6000,0.0,0.0016666666666666668,0.0,,
random_control_1,BP,GO:0071526,semaphorin-plexin signaling pathway,1.0,1.0,False,0,120,17,6000,0.0,0.0028333333333333335,0.0,,
random_control_1,BP,GO:0071542,dopaminergic neuron differentiation,1.0,1.0,False,0,120,13,6000,0.0,0.0021666666666666666,0.0,,
random_control_1,BP,GO:0071548,response to dexamethasone,1.0,1.0,False,0,120,10,6000,0.0,0.0016666666666666668,0.0,,
random_control_1,BP,GO:0071559,response to transforming growth factor beta,0.17572765237853247,1.0,False,2,120,38,6000,0.016666666666666666,0.006333333333333333,2.6315789473684212,9475;26060,26060;9475
random_control_1,BP,GO:0071560,cellular response to transforming growth factor beta stimulus,0.5178253555419259,1.0,False,1,120,36,6000,0.008333333333333333,0.006,1.3888888888888888,26060,26060
random_control_1,BP,GO:0071577,zinc ion transmembrane transport,1.0,1.0,False,0,120,10,6000,0.0,0.0016666666666666668,0.0,,
random_control_1,BP,GO:0071616,acyl-CoA biosynthetic process,1.0,1.0,False,0,120,11,6000,0.0,0.0018333333333333333,0.0,,
random_control_1,BP,GO:0071621,granulocyte chemotaxis,1.0,1.0,False,0,120,25,6000,0.0,0.004166666666666667,0.0,,
random_control_1,BP,GO:0071622,regulation of granulocyte chemotaxis,0.3328242822494307,1.0,False,1,120,20,6000,0.008333333333333333,0.0033333333333333335,2.5,7057,7057
random_control_1,BP,GO:0071624,positive regulation of granulocyte chemotaxis,1.0,1.0,False,0,120,10,6000,0.0,0.0016666666666666668,0.0,,
random_control_1,BP,GO:0071634,regulation of transforming growth factor beta production,0.2154596450610039,1.0,False,1,120,12,6000,0.008333333333333333,0.002,4.166666666666667,7057,7057
random_control_1,BP,GO:0071674,mononuclear cell migration,1.0,1.0,False,0,120,41,6000,0.0,0.006833333333333334,0.0,,
random_control_1,BP,GO:0071675,regulation of mononuclear cell migration,0.22696334492420184,1.0,False,2,120,45,6000,0.016666666666666666,0.0075,2.2222222222222223,7057;27347,27347;7057
random_control_1,BP,GO:0071676,negative regulation of mononuclear cell migration,1.0,1.0,False,0,120,11,6000,0.0,0.0018333333333333333,0.0,,
random_control_1,BP,GO:0071677,positive regulation of mononuclear cell migration,0.13364383837618787,1.0,False,2,120,32,6000,0.016666666666666666,0.005333333333333333,3.125,7057;27347,27347;7057
random_control_1,BP,GO:0071692,protein localization to extracellular region,0.3721945741838406,1.0,False,1,120,23,6000,0.008333333333333333,0.003833333333333333,2.1739130434782608,4253,4253
random_control_1,BP,GO:0071695,anatomical structure maturation,0.24182623966434164,1.0,False,2,120,47,6000,0.016666666666666666,0.007833333333333333,2.127659574468085,23787;51360,23787;51360
random_control_1,BP,GO:0071705,nitrogen compound transport,0.7789906177705528,1.0,False,2,120,141,6000,0.016666666666666666,0.0235,0.7092198581560284,56606;643136,56606;643136
random_control_1,BP,GO:0071709,membrane assembly,1.0,1.0,False,0,120,13,6000,0.0,0.0021666666666666666,0.0,,
random_control_1,BP,GO:0071715,icosanoid transport,1.0,1.0,False,0,120,13,6000,0.0,0.0021666666666666666,0.0,,
random_control_1,BP,GO:0071772,response to BMP,0.4441539425635324,1.0,False,1,120,29,6000,0.008333333333333333,0.004833333333333334,1.7241379310344827,2657,2657
random_control_1,BP,GO:0071773,cellular response to BMP stimulus,0.4441539425635324,1.0,False,1,120,29,6000,0.008333333333333333,0.004833333333333334,1.7241379310344827,2657,2657
random_control_1,BP,GO:0071774,response to fibroblast growth factor,1.0,1.0,False,0,120,24,6000,0.0,0.004,0.0,,
random_control_1,BP,GO:0071805,potassium ion transmembrane transport,0.2641953639869182,1.0,False,2,120,50,6000,0.016666666666666666,0.008333333333333333,2.0,3756;3759,3756;3759
random_control_1,BP,GO:0071806,protein transmembrane transport,0.07640369414754856,1.0,False,2,120,23,6000,0.016666666666666666,0.003833333333333333,4.3478260869565215,6748;11231,11231;6748
random_control_1,BP,GO:0071824,protein-DNA complex organization,1.0,1.0,False,0,120,61,6000,0.0,0.010166666666666666,0.0,,
random_control_1,BP,GO:0071825,protein-lipid complex organization,1.0,1.0,False,0,120,16,6000,0.0,0.0026666666666666666,0.0,,
random_control_1,BP,GO:0071826,protein-RNA complex organization,1.0,1.0,False,0,120,69,6000,0.0,0.0115,0.0,,
random_control_1,BP,GO:0071827,plasma lipoprotein particle organization,1.0,1.0,False,0,120,16,6000,0.0,0.0026666666666666666,0.0,,
random_control_1,BP,GO:0071840,cellular component organization or biogenesis,0.5867469971065151,1.0,False,31,120,1581,6000,0.25833333333333336,0.2635,0.9803921568627452,328;948;1965;2823;3759;4146;4253;4548;4756;5493;7057;9475;11155;23787;25981;26060;27347;55170;56924;57531;65243;79039;79884;80764;205251;221078;221477;340602;389941;653269;114483833,11155;114483833;1965;205251;221078;221477;23787;25981;26060;27347;2823;328;340602;3759;389941;4146;4253;4548;4756;5493;55170;56924;57531;65243;653269;7057;79039;79884;80764;9475;948
random_control_1,BP,GO:0071867,response to monoamine,1.0,1.0,False,0,120,11,6000,0.0,0.0018333333333333333,0.0,,
random_control_1,BP,GO:0071868,cellular response to monoamine stimulus,1.0,1.0,False,0,120,11,6000,0.0,0.0018333333333333333,0.0,,
random_control_1,BP,GO:0071869,response to catecholamine,1.0,1.0,False,0,120,10,6000,0.0,0.0016666666666666668,0.0,,
random_control_1,BP,GO:0071870,cellular response to catecholamine stimulus,1.0,1.0,False,0,120,10,6000,0.0,0.0016666666666666668,0.0,,
random_control_1,BP,GO:0071897,DNA biosynthetic process,1.0,1.0,False,0,120,23,6000,0.0,0.003833333333333333,0.0,,
random_control_1,BP,GO:0071900,regulation of protein serine/threonine kinase activity,1.0,1.0,False,0,120,41,6000,0.0,0.006833333333333334,0.0,,
random_control_1,BP,GO:0071902,positive regulation of protein serine/threonine kinase activity,1.0,1.0,False,0,120,17,6000,0.0,0.0028333333333333335,0.0,,
random_control_1,BP,GO:0071985,multivesicular body sorting pathway,1.0,1.0,False,0,120,14,6000,0.0,0.0023333333333333335,0.0,,
random_control_1,BP,GO:0072001,renal system development,1.0,1.0,False,0,120,70,6000,0.0,0.011666666666666667,0.0,,
random_control_1,BP,GO:0072006,nephron development,1.0,1.0,False,0,120,30,6000,0.0,0.005,0.0,,
random_control_1,BP,GO:0072009,nephron epithelium development,1.0,1.0,False,0,120,24,6000,0.0,0.004,0.0,,
random_control_1,BP,GO:0072028,nephron morphogenesis,1.0,1.0,False,0,120,14,6000,0.0,0.0023333333333333335,0.0,,
random_control_1,BP,GO:0072073,kidney epithelium development,1.0,1.0,False,0,120,33,6000,0.0,0.0055,0.0,,
random_control_1,BP,GO:0072078,nephron tubule morphogenesis,1.0,1.0,False,0,120,14,6000,0.0,0.0023333333333333335,0.0,,
random_control_1,BP,GO:0072080,nephron tubule development,1.0,1.0,False,0,120,18,6000,0.0,0.003,0.0,,
random_control_1,BP,GO:0072088,nephron epithelium morphogenesis,1.0,1.0,False,0,120,14,6000,0.0,0.0023333333333333335,0.0,,
random_control_1,BP,GO:0072132,mesenchyme morphogenesis,1.0,1.0,False,0,120,14,6000,0.0,0.0023333333333333335,0.0,,
random_control_1,BP,GO:0072163,mesonephric epithelium development,1.0,1.0,False,0,120,20,6000,0.0,0.0033333333333333335,0.0,,
random_control_1,BP,GO:0072164,mesonephric tubule development,1.0,1.0,False,0,120,20,6000,0.0,0.0033333333333333335,0.0,,
random_control_1,BP,GO:0072171,mesonephric tubule morphogenesis,1.0,1.0,False,0,120,11,6000,0.0,0.0018333333333333333,0.0,,
random_control_1,BP,GO:0072175,epithelial tube formation,1.0,1.0,False,0,120,14,6000,0.0,0.0023333333333333335,0.0,,
random_control_1,BP,GO:0072210,metanephric nephron development,1.0,1.0,False,0,120,10,6000,0.0,0.0016666666666666668,0.0,,
random_control_1,BP,GO:0072329,monocarboxylic acid catabolic process,0.48751910067913096,1.0,False,1,120,33,6000,0.008333333333333333,0.0055,1.5151515151515151,205251,205251
random_control_1,BP,GO:0072330,monocarboxylic acid biosynthetic process,1.0,1.0,False,0,120,47,6000,0.0,0.007833333333333333,0.0,,
random_control_1,BP,GO:0072331,signal transduction by p53 class mediator,1.0,1.0,False,0,120,27,6000,0.0,0.0045,0.0,,
random_control_1,BP,GO:0072332,intrinsic apoptotic signaling pathway by p53 class mediator,1.0,1.0,False,0,120,14,6000,0.0,0.0023333333333333335,0.0,,
random_control_1,BP,GO:0072337,modified amino acid transport,1.0,1.0,False,0,120,14,6000,0.0,0.0023333333333333335,0.0,,
random_control_1,BP,GO:0072344,rescue of stalled cytosolic ribosome,1.0,1.0,False,0,120,10,6000,0.0,0.0016666666666666668,0.0,,
random_control_1,BP,GO:0072348,sulfur compound transport,1.0,1.0,False,0,120,22,6000,0.0,0.0036666666666666666,0.0,,
random_control_1,BP,GO:0072359,circulatory system development,0.403021971038505,1.0,False,4,120,161,6000,0.03333333333333333,0.026833333333333334,1.2422360248447204,7057;9475;11155;51752,11155;51752;7057;9475
random_control_1,BP,GO:0072384,organelle transport along microtubule,1.0,1.0,False,0,120,28,6000,0.0,0.004666666666666667,0.0,,
random_control_1,BP,GO:0072521,purine-containing compound metabolic process,0.4847033205397823,1.0,False,3,120,130,6000,0.025,0.021666666666666667,1.153846153846154,10768;56606;729020,10768;56606;729020
random_control_1,BP,GO:0072522,purine-containing compound biosynthetic process,1.0,1.0,False,0,120,62,6000,0.0,0.010333333333333333,0.0,,
random_control_1,BP,GO:0072523,purine-containing compound catabolic process,1.0,1.0,False,0,120,21,6000,0.0,0.0035,0.0,,
random_control_1,BP,GO:0072524,pyridine-containing compound metabolic process,0.48751910067913096,1.0,False,1,120,33,6000,0.008333333333333333,0.0055,1.5151515151515151,729020,729020
random_control_1,BP,GO:0072527,pyrimidine-containing compound metabolic process,1.0,1.0,False,0,120,15,6000,0.0,0.0025,0.0,,
random_control_1,BP,GO:0072530,purine-containing compound transmembrane transport,1.0,1.0,False,0,120,16,6000,0.0,0.0026666666666666666,0.0,,
random_control_1,BP,GO:0072538,T-helper 17 type immune response,1.0,1.0,False,0,120,11,6000,0.0,0.0018333333333333333,0.0,,
random_control_1,BP,GO:0072583,clathrin-dependent endocytosis,1.0,1.0,False,0,120,12,6000,0.0,0.002,0.0,,
random_control_1,BP,GO:0072593,reactive oxygen species metabolic process,1.0,1.0,False,0,120,26,6000,0.0,0.004333333333333333,0.0,,
random_control_1,BP,GO:0072594,establishment of protein localization to organelle,0.0204759580967092,1.0,False,5,120,79,6000,0.041666666666666664,0.013166666666666667,3.1645569620253164,6748;8031;11231;23787;26060,11231;23787;26060;6748;8031
random_control_1,BP,GO:0072599,establishment of protein localization to endoplasmic reticulum,0.022967208340582274,1.0,False,2,120,12,6000,0.016666666666666666,0.002,8.333333333333334,6748;11231,11231;6748
random_control_1,BP,GO:0072657,protein localization to membrane,0.07555291507730769,1.0,False,4,120,80,6000,0.03333333333333333,0.013333333333333334,2.5,9475;23787;56889;389941,23787;389941;56889;9475
random_control_1,BP,GO:0072659,protein localization to plasma membrane,0.6588586485892609,1.0,False,1,120,53,6000,0.008333333333333333,0.008833333333333334,0.9433962264150942,9475,9475
random_control_1,BP,GO:0072665,protein localization to vacuole,0.3593341011387844,1.0,False,1,120,22,6000,0.008333333333333333,0.0036666666666666666,2.272727272727273,8031,8031
random_control_1,BP,GO:0072666,establishment of protein localization to vacuole,0.3328242822494307,1.0,False,1,120,20,6000,0.008333333333333333,0.0033333333333333335,2.5,8031,8031
random_control_1,BP,GO:0072676,lymphocyte migration,1.0,1.0,False,0,120,20,6000,0.0,0.0033333333333333335,0.0,,
random_control_1,BP,GO:0072678,T cell migration,1.0,1.0,False,0,120,12,6000,0.0,0.002,0.0,,
random_control_1,BP,GO:0072698,protein localization to microtubule cytoskeleton,1.0,1.0,False,0,120,11,6000,0.0,0.0018333333333333333,0.0,,
random_control_1,BP,GO:0080090,regulation of primary metabolic process,0.2516765271586266,1.0,False,32,120,1423,6000,0.26666666666666666,0.23716666666666666,1.1243851018973998,328;948;1965;2301;4790;5261;5328;5430;5966;7057;7073;8031;8405;9475;9923;10575;10623;10768;27324;29904;51360;55170;55657;56257;56924;65243;79039;79048;80764;84838;205251;401115,10575;10623;10768;1965;205251;2301;27324;29904;328;401115;4790;51360;5261;5328;5430;55170;55657;56257;56924;5966;65243;7057;7073;79039;79048;8031;80764;8405;84838;9475;948;9923
random_control_1,BP,GO:0080134,regulation of response to stress,0.43064803469835244,1.0,False,9,120,408,6000,0.075,0.068,1.102941176470588,948;4790;5328;7057;9475;10623;26060;51360;51752,10623;26060;4790;51360;51752;5328;7057;9475;948
random_control_1,BP,GO:0080135,regulation of cellular response to stress,0.5298141156335221,1.0,False,3,120,139,6000,0.025,0.023166666666666665,1.0791366906474822,948;9475;51360,51360;9475;948
random_control_1,BP,GO:0080164,regulation of nitric oxide metabolic process,0.026792625837197194,1.0,False,2,120,13,6000,0.016666666666666666,0.0021666666666666666,7.6923076923076925,948;9475,9475;948
random_control_1,BP,GO:0080171,lytic vacuole organization,1.0,1.0,False,0,120,22,6000,0.0,0.0036666666666666666,0.0,,
random_control_1,BP,GO:0086001,cardiac muscle cell action potential,0.3462124237427534,1.0,False,1,120,21,6000,0.008333333333333333,0.0035,2.380952380952381,3759,3759
random_control_1,BP,GO:0086002,cardiac muscle cell action potential involved in contraction,0.23118189666298758,1.0,False,1,120,13,6000,0.008333333333333333,0.0021666666666666666,3.8461538461538463,3759,3759
random_control_1,BP,GO:0086003,cardiac muscle cell contraction,0.2616950548768287,1.0,False,1,120,15,6000,0.008333333333333333,0.0025,3.333333333333333,3759,3759
random_control_1,BP,GO:0086004,regulation of cardiac muscle cell contraction,0.2154596450610039,1.0,False,1,120,12,6000,0.008333333333333333,0.002,4.166666666666667,3759,3759
random_control_1,BP,GO:0086009,membrane repolarization,0.18305237920257855,1.0,False,1,120,10,6000,0.008333333333333333,0.0016666666666666668,5.0,3759,3759
random_control_1,BP,GO:0086010,membrane depolarization during action potential,0.2154596450610039,1.0,False,1,120,12,6000,0.008333333333333333,0.002,4.166666666666667,3759,3759
random_control_1,BP,GO:0086012,membrane depolarization during cardiac muscle cell action potential,0.1994186086676354,1.0,False,1,120,11,6000,0.008333333333333333,0.0018333333333333333,4.545454545454546,3759,3759
random_control_1,BP,GO:0086065,cell communication involved in cardiac conduction,1.0,1.0,False,0,120,16,6000,0.0,0.0026666666666666666,0.0,,
random_control_1,BP,GO:0086091,regulation of heart rate by cardiac conduction,0.2154596450610039,1.0,False,1,120,12,6000,0.008333333333333333,0.002,4.166666666666667,3759,3759
random_control_1,BP,GO:0090022,regulation of neutrophil chemotaxis,1.0,1.0,False,0,120,12,6000,0.0,0.002,0.0,,
random_control_1,BP,GO:0090049,regulation of cell migration involved in sprouting angiogenesis,0.23118189666298758,1.0,False,1,120,13,6000,0.008333333333333333,0.0021666666666666666,3.8461538461538463,7057,7057
random_control_1,BP,GO:0090066,regulation of anatomical structure size,0.7271981011312407,1.0,False,2,120,127,6000,0.016666666666666666,0.021166666666666667,0.7874015748031495,9475;27347,27347;9475
random_control_1,BP,GO:0090068,positive regulation of cell cycle process,0.33842504355868663,1.0,False,2,120,60,6000,0.016666666666666666,0.01,1.6666666666666665,9475;55170,55170;9475
random_control_1,BP,GO:0090087,regulation of peptide transport,1.0,1.0,False,0,120,56,6000,0.0,0.009333333333333334,0.0,,
random_control_1,BP,GO:0090090,negative regulation of canonical Wnt signaling pathway,0.46627310055397503,1.0,False,1,120,31,6000,0.008333333333333333,0.005166666666666667,1.6129032258064515,3484,3484
random_control_1,BP,GO:0090092,regulation of transmembrane receptor protein serine/threonine kinase signaling pathway,0.4782984741656078,1.0,False,2,120,80,6000,0.016666666666666666,0.013333333333333334,1.25,2657;7057,2657;7057
random_control_1,BP,GO:0090100,positive regulation of transmembrane receptor protein serine/threonine kinase signaling pathway,0.46627310055397503,1.0,False,1,120,31,6000,0.008333333333333333,0.005166666666666667,1.6129032258064515,7057,7057
random_control_1,BP,GO:0090101,negative regulation of transmembrane receptor protein serine/threonine kinase signaling pathway,1.0,1.0,False,0,120,45,6000,0.0,0.0075,0.0,,
random_control_1,BP,GO:0090102,cochlea development,1.0,1.0,False,0,120,11,6000,0.0,0.0018333333333333333,0.0,,
random_control_1,BP,GO:0090109,regulation of cell-substrate junction assembly,0.026792625837197194,1.0,False,2,120,13,6000,0.016666666666666666,0.0021666666666666666,7.6923076923076925,7057;9475,7057;9475
random_control_1,BP,GO:0090114,COPII-coated vesicle budding,0.2910068882529308,1.0,False,1,120,17,6000,0.008333333333333333,0.0028333333333333335,2.941176470588235,4253,4253
random_control_1,BP,GO:0090128,regulation of synapse maturation,1.0,1.0,False,0,120,13,6000,0.0,0.0021666666666666666,0.0,,
random_control_1,BP,GO:0090140,regulation of mitochondrial fission,1.0,1.0,False,0,120,12,6000,0.0,0.002,0.0,,
random_control_1,BP,GO:0090148,membrane fission,1.0,1.0,False,0,120,15,6000,0.0,0.0025,0.0,,
random_control_1,BP,GO:0090150,establishment of protein localization to membrane,0.09688403566971993,1.0,False,3,120,55,6000,0.025,0.009166666666666667,2.7272727272727275,6748;11231;23787,11231;23787;6748
random_control_1,BP,GO:0090169,regulation of spindle assembly,1.0,1.0,False,0,120,10,6000,0.0,0.0016666666666666668,0.0,,
random_control_1,BP,GO:0090174,organelle membrane fusion,1.0,1.0,False,0,120,29,6000,0.0,0.004833333333333334,0.0,,
random_control_1,BP,GO:0090181,regulation of cholesterol metabolic process,0.3191643119150053,1.0,False,1,120,19,6000,0.008333333333333333,0.0031666666666666666,2.6315789473684212,51360,51360
random_control_1,BP,GO:0090207,regulation of triglyceride metabolic process,1.0,1.0,False,0,120,11,6000,0.0,0.0018333333333333333,0.0,,
random_control_1,BP,GO:0090224,regulation of spindle organization,0.27649816154596496,1.0,False,1,120,16,6000,0.008333333333333333,0.0026666666666666666,3.125,79884,79884
random_control_1,BP,GO:0090231,regulation of spindle checkpoint,1.0,1.0,False,0,120,10,6000,0.0,0.0016666666666666668,0.0,,
random_control_1,BP,GO:0090257,regulation of muscle system process,0.45166262380092165,1.0,False,2,120,76,6000,0.016666666666666666,0.012666666666666666,1.3157894736842106,3759;9475,3759;9475
random_control_1,BP,GO:0090263,positive regulation of canonical Wnt signaling pathway,0.4327558689318889,1.0,False,1,120,28,6000,0.008333333333333333,0.004666666666666667,1.7857142857142856,4790,4790
random_control_1,BP,GO:0090276,regulation of peptide hormone secretion,1.0,1.0,False,0,120,55,6000,0.0,0.009166666666666667,0.0,,
random_control_1,BP,GO:0090277,positive regulation of peptide hormone secretion,1.0,1.0,False,0,120,33,6000,0.0,0.0055,0.0,,
random_control_1,BP,GO:0090278,negative regulation of peptide hormone secretion,1.0,1.0,False,0,120,11,6000,0.0,0.0018333333333333333,0.0,,
random_control_1,BP,GO:0090279,regulation of calcium ion import,1.0,1.0,False,0,120,10,6000,0.0,0.0016666666666666668,0.0,,
random_control_1,BP,GO:0090287,regulation of cellular response to growth factor stimulus,0.8525225110029768,1.0,False,1,120,94,6000,0.008333333333333333,0.015666666666666666,0.5319148936170213,7057,7057
random_control_1,BP,GO:0090288,negative regulation of cellular response to growth factor stimulus,0.49782540333012903,1.0,False,1,120,34,6000,0.008333333333333333,0.005666666666666667,1.4705882352941175,7057,7057
random_control_1,BP,GO:0090303,positive regulation of wound healing,0.007977395751327327,1.0,False,3,120,21,6000,0.025,0.0035,7.142857142857143,948;5328;7057,5328;7057;948
random_control_1,BP,GO:0090304,nucleic acid metabolic process,0.5965556305442195,1.0,False,11,120,570,6000,0.09166666666666666,0.095,0.9649122807017543,328;2301;4790;5430;10623;54439;55170;56257;79039;221078;353267,10623;221078;2301;328;353267;4790;5430;54439;55170;56257;79039
random_control_1,BP,GO:0090307,mitotic spindle assembly,0.2154596450610039,1.0,False,1,120,12,6000,0.008333333333333333,0.002,4.166666666666667,79884,79884
random_control_1,BP,GO:0090316,positive regulation of intracellular protein transport,0.3052270409204303,1.0,False,1,120,18,6000,0.008333333333333333,0.003,2.7777777777777777,10541,10541
random_control_1,BP,GO:0090329,regulation of DNA-templated DNA replication,1.0,1.0,False,0,120,13,6000,0.0,0.0021666666666666666,0.0,,
random_control_1,BP,GO:0090398,cellular senescence,1.0,1.0,False,0,120,20,6000,0.0,0.0033333333333333335,0.0,,
random_control_1,BP,GO:0090407,organophosphate biosynthetic process,1.0,1.0,False,0,120,145,6000,0.0,0.024166666666666666,0.0,,
random_control_1,BP,GO:0090559,regulation of membrane permeability,1.0,1.0,False,0,120,20,6000,0.0,0.0033333333333333335,0.0,,
random_control_1,BP,GO:0090596,sensory organ morphogenesis,0.6790989845902964,1.0,False,1,120,56,6000,0.008333333333333333,0.009333333333333334,0.8928571428571428,2301,2301
random_control_1,BP,GO:0095500,acetylcholine receptor signaling pathway,0.1994186086676354,1.0,False,1,120,11,6000,0.008333333333333333,0.0018333333333333333,4.545454545454546,66004,66004
random_control_1,BP,GO:0097006,regulation of plasma lipoprotein particle levels,0.3593341011387844,1.0,False,1,120,22,6000,0.008333333333333333,0.0036666666666666666,2.272727272727273,948,948
random_control_1,BP,GO:0097009,energy homeostasis,0.08831658986426864,1.0,False,2,120,25,6000,0.016666666666666666,0.004166666666666667,4.0,948;27347,27347;948
random_control_1,BP,GO:0097035,regulation of membrane lipid distribution,1.0,1.0,False,0,120,21,6000,0.0,0.0035,0.0,,
random_control_1,BP,GO:0097061,dendritic spine organization,1.0,1.0,False,0,120,11,6000,0.0,0.0018333333333333333,0.0,,
random_control_1,BP,GO:0097120,receptor localization to synapse,0.27649816154596496,1.0,False,1,120,16,6000,0.008333333333333333,0.0026666666666666666,3.125,389941,389941
random_control_1,BP,GO:0097190,apoptotic signaling pathway,0.7329454800132373,1.0,False,1,120,65,6000,0.008333333333333333,0.010833333333333334,0.7692307692307692,328,328
random_control_1,BP,GO:0097191,extrinsic apoptotic signaling pathway,1.0,1.0,False,0,120,17,6000,0.0,0.0028333333333333335,0.0,,
random_control_1,BP,GO:0097193,intrinsic apoptotic signaling pathway,1.0,1.0,False,0,120,42,6000,0.0,0.007,0.0,,
random_control_1,BP,GO:0097194,execution phase of apoptosis,1.0,1.0,False,0,120,14,6000,0.0,0.0023333333333333335,0.0,,
random_control_1,BP,GO:0097237,cellular response to toxic substance,1.0,1.0,False,0,120,39,6000,0.0,0.0065,0.0,,
random_control_1,BP,GO:0097242,amyloid-beta clearance,0.1994186086676354,1.0,False,1,120,11,6000,0.008333333333333333,0.0018333333333333333,4.545454545454546,948,948
random_control_1,BP,GO:0097305,response to alcohol,0.8074771250603379,1.0,False,1,120,81,6000,0.008333333333333333,0.0135,0.6172839506172839,27347,27347
random_control_1,BP,GO:0097306,cellular response to alcohol,1.0,1.0,False,0,120,33,6000,0.0,0.0055,0.0,,
random_control_1,BP,GO:0097352,autophagosome maturation,1.0,1.0,False,0,120,17,6000,0.0,0.0028333333333333335,0.0,,
random_control_1,BP,GO:0097435,supramolecular fiber organization,0.9339450844935223,1.0,False,1,120,133,6000,0.008333333333333333,0.022166666666666668,0.37593984962406013,948,948
random_control_1,BP,GO:0097479,synaptic vesicle localization,1.0,1.0,False,0,120,20,6000,0.0,0.0033333333333333335,0.0,,
random_control_1,BP,GO:0097485,neuron projection guidance,0.6588586485892609,1.0,False,1,120,53,6000,0.008333333333333333,0.008833333333333334,0.9433962264150942,4756,4756
random_control_1,BP,GO:0097529,myeloid leukocyte migration,1.0,1.0,False,0,120,38,6000,0.0,0.006333333333333333,0.0,,
random_control_1,BP,GO:0097530,granulocyte migration,1.0,1.0,False,0,120,28,6000,0.0,0.004666666666666667,0.0,,
random_control_1,BP,GO:0097553,calcium ion transmembrane import into cytosol,1.0,1.0,False,0,120,34,6000,0.0,0.005666666666666667,0.0,,
random_control_1,BP,GO:0097696,cell surface receptor signaling pathway via STAT,1.0,1.0,False,0,120,33,6000,0.0,0.0055,0.0,,
random_control_1,BP,GO:0097699,vascular endothelial cell response to fluid shear stress,1.0,1.0,False,0,120,10,6000,0.0,0.0016666666666666668,0.0,,
random_control_1,BP,GO:0097720,calcineurin-mediated signaling,1.0,1.0,False,0,120,10,6000,0.0,0.0016666666666666668,0.0,,
random_control_1,BP,GO:0097722,sperm motility,0.3675770648649201,1.0,False,2,120,64,6000,0.016666666666666666,0.010666666666666666,1.5625,25981;161142,161142;25981
random_control_1,BP,GO:0097746,blood vessel diameter maintenance,0.5818029618000387,1.0,False,1,120,43,6000,0.008333333333333333,0.007166666666666667,1.1627906976744187,9475,9475
random_control_1,BP,GO:0098534,centriole assembly,1.0,1.0,False,0,120,10,6000,0.0,0.0016666666666666668,0.0,,
random_control_1,BP,GO:0098542,defense response to other organism,0.9287444201591777,1.0,False,2,120,211,6000,0.016666666666666666,0.035166666666666666,0.47393364928909953,4790;5966,4790;5966
random_control_1,BP,GO:0098586,cellular response to virus,0.397152433406183,1.0,False,1,120,25,6000,0.008333333333333333,0.004166666666666667,2.0,4790,4790
random_control_1,BP,GO:0098609,cell-cell adhesion,0.4847033205397823,1.0,False,3,120,130,6000,0.025,0.021666666666666667,1.153846153846154,4756;7057;147710,147710;4756;7057
random_control_1,BP,GO:0098655,monoatomic cation transmembrane transport,0.27015767286563214,1.0,False,6,120,218,6000,0.05,0.036333333333333336,1.3761467889908257,2823;3756;3759;27347;56606;221301,221301;27347;2823;3756;3759;56606
random_control_1,BP,GO:0098656,monoatomic anion transmembrane transport,1.0,1.0,False,0,120,39,6000,0.0,0.0065,0.0,,
random_control_1,BP,GO:0098657,import into cell,0.5009752950720447,1.0,False,4,120,183,6000,0.03333333333333333,0.0305,1.092896174863388,948;3759;7057;56606,3759;56606;7057;948
random_control_1,BP,GO:0098659,inorganic cation import across plasma membrane,0.5902272768216926,1.0,False,1,120,44,6000,0.008333333333333333,0.007333333333333333,1.1363636363636365,3759,3759
random_control_1,BP,GO:0098703,calcium ion import across plasma membrane,1.0,1.0,False,0,120,11,6000,0.0,0.0018333333333333333,0.0,,
random_control_1,BP,GO:0098727,maintenance of cell number,1.0,1.0,False,0,120,14,6000,0.0,0.0023333333333333335,0.0,,
random_control_1,BP,GO:0098739,import across plasma membrane,0.14033160955462612,1.0,False,3,120,65,6000,0.025,0.010833333333333334,2.307692307692308,948;3759;56606,3759;56606;948
random_control_1,BP,GO:0098754,detoxification,0.5984832752739089,1.0,False,1,120,45,6000,0.008333333333333333,0.0075,1.1111111111111112,84560,84560
random_control_1,BP,GO:0098771,inorganic ion homeostasis,0.021511121121723747,1.0,False,6,120,109,6000,0.05,0.018166666666666668,2.7522935779816513,3756;3759;4756;8031;27347;84560,27347;3756;3759;4756;8031;84560
random_control_1,BP,GO:0098773,skin epidermis development,1.0,1.0,False,0,120,18,6000,0.0,0.003,0.0,,
random_control_1,BP,GO:0098813,nuclear chromosome segregation,0.738345065927039,1.0,False,1,120,66,6000,0.008333333333333333,0.011,0.7575757575757576,79884,79884
random_control_1,BP,GO:0098869,cellular oxidant detoxification,1.0,1.0,False,0,120,27,6000,0.0,0.0045,0.0,,
random_control_1,BP,GO:0098876,vesicle-mediated transport to the plasma membrane,0.6373529851582895,1.0,False,1,120,50,6000,0.008333333333333333,0.008333333333333333,1.0,4253,4253
random_control_1,BP,GO:0098900,regulation of action potential,0.0706571984261017,1.0,False,2,120,22,6000,0.016666666666666666,0.0036666666666666666,4.545454545454546,948;3759,3759;948
random_control_1,BP,GO:0098916,anterograde trans-synaptic signaling,1.0,1.0,False,0,120,91,6000,0.0,0.015166666666666667,0.0,,
random_control_1,BP,GO:0098926,postsynaptic signal transduction,0.23118189666298758,1.0,False,1,120,13,6000,0.008333333333333333,0.0021666666666666666,3.8461538461538463,66004,66004
random_control_1,BP,GO:0098927,vesicle-mediated transport between endosomal compartments,1.0,1.0,False,0,120,13,6000,0.0,0.0021666666666666666,0.0,,
random_control_1,BP,GO:0098930,axonal transport,1.0,1.0,False,0,120,21,6000,0.0,0.0035,0.0,,
random_control_1,BP,GO:0099003,vesicle-mediated transport in synapse,1.0,1.0,False,0,120,41,6000,0.0,0.006833333333333334,0.0,,
random_control_1,BP,GO:0099024,plasma membrane invagination,0.019390084552009995,1.0,False,2,120,11,6000,0.016666666666666666,0.0018333333333333333,9.090909090909092,948;7057,7057;948
random_control_1,BP,GO:0099072,regulation of postsynaptic membrane neurotransmitter receptor levels,0.3462124237427534,1.0,False,1,120,21,6000,0.008333333333333333,0.0035,2.380952380952381,389941,389941
random_control_1,BP,GO:0099111,microtubule-based transport,1.0,1.0,False,0,120,63,6000,0.0,0.0105,0.0,,
random_control_1,BP,GO:0099149,regulation of postsynaptic neurotransmitter receptor internalization,1.0,1.0,False,0,120,10,6000,0.0,0.0016666666666666668,0.0,,
random_control_1,BP,GO:0099170,postsynaptic modulation of chemical synaptic transmission,1.0,1.0,False,0,120,18,6000,0.0,0.003,0.0,,
random_control_1,BP,GO:0099171,presynaptic modulation of chemical synaptic transmission,1.0,1.0,False,0,120,13,6000,0.0,0.0021666666666666666,0.0,,
random_control_1,BP,GO:0099172,presynapse organization,1.0,1.0,False,0,120,12,6000,0.0,0.002,0.0,,
random_control_1,BP,GO:0099173,postsynapse organization,0.14741111319620218,1.0,False,2,120,34,6000,0.016666666666666666,0.005666666666666667,2.941176470588235,389941;653269,389941;653269
random_control_1,BP,GO:0099175,regulation of postsynapse organization,0.18293925793062543,1.0,False,2,120,39,6000,0.016666666666666666,0.0065,2.5641025641025643,29904;91752,29904;91752
random_control_1,BP,GO:0099177,regulation of trans-synaptic signaling,0.795311357525432,1.0,False,2,120,146,6000,0.016666666666666666,0.024333333333333332,0.6849315068493151,30010;389941,30010;389941
random_control_1,BP,GO:0099504,synaptic vesicle cycle,1.0,1.0,False,0,120,40,6000,0.0,0.006666666666666667,0.0,,
random_control_1,BP,GO:0099518,vesicle cytoskeletal trafficking,1.0,1.0,False,0,120,19,6000,0.0,0.0031666666666666666,0.0,,
random_control_1,BP,GO:0099536,synaptic signaling,0.6656196054509501,1.0,False,2,120,113,6000,0.016666666666666666,0.018833333333333334,0.8849557522123893,66004;389941,389941;66004
random_control_1,BP,GO:0099537,trans-synaptic signaling,0.8696194634239103,1.0,False,1,120,100,6000,0.008333333333333333,0.016666666666666666,0.5,389941,389941
random_control_1,BP,GO:0099558,maintenance of synapse structure,0.019390084552009995,1.0,False,2,120,11,6000,0.016666666666666666,0.0018333333333333333,9.090909090909092,26060;389941,26060;389941
random_control_1,BP,GO:0099565,"chemical synaptic transmission, postsynaptic",1.0,1.0,False,0,120,16,6000,0.0,0.0026666666666666666,0.0,,
random_control_1,BP,GO:0099587,inorganic ion import across plasma membrane,0.5902272768216926,1.0,False,1,120,44,6000,0.008333333333333333,0.007333333333333333,1.1363636363636365,3759,3759
random_control_1,BP,GO:0099643,signal release from synapse,1.0,1.0,False,0,120,17,6000,0.0,0.0028333333333333335,0.0,,
random_control_1,BP,GO:0104004,cellular response to environmental stimulus,0.10208304373008016,1.0,False,4,120,89,6000,0.03333333333333333,0.014833333333333334,2.2471910112359548,1965;3759;4790;27347,1965;27347;3759;4790
random_control_1,BP,GO:0106027,neuron projection organization,1.0,1.0,False,0,120,18,6000,0.0,0.003,0.0,,
random_control_1,BP,GO:0106056,regulation of calcineurin-mediated signaling,1.0,1.0,False,0,120,12,6000,0.0,0.002,0.0,,
random_control_1,BP,GO:0106118,regulation of sterol biosynthetic process,0.2154596450610039,1.0,False,1,120,12,6000,0.008333333333333333,0.002,4.166666666666667,51360,51360
random_control_1,BP,GO:0110020,regulation of actomyosin structure organization,0.3721945741838406,1.0,False,1,120,23,6000,0.008333333333333333,0.003833333333333333,2.1739130434782608,9475,9475
random_control_1,BP,GO:0110053,regulation of actin filament organization,0.7436363689416589,1.0,False,1,120,67,6000,0.008333333333333333,0.011166666666666667,0.7462686567164178,9475,9475
random_control_1,BP,GO:0120009,intermembrane lipid transfer,1.0,1.0,False,0,120,14,6000,0.0,0.0023333333333333335,0.0,,
random_control_1,BP,GO:0120031,plasma membrane bounded cell projection assembly,0.8938543533231712,1.0,False,1,120,110,6000,0.008333333333333333,0.018333333333333333,0.45454545454545453,25981,25981
random_control_1,BP,GO:0120032,regulation of plasma membrane bounded cell projection assembly,0.7102197005147446,1.0,False,1,120,61,6000,0.008333333333333333,0.010166666666666666,0.819672131147541,2823,2823
random_control_1,BP,GO:0120033,negative regulation of plasma membrane bounded cell projection assembly,1.0,1.0,False,0,120,10,6000,0.0,0.0016666666666666668,0.0,,
random_control_1,BP,GO:0120034,positive regulation of plasma membrane bounded cell projection assembly,0.48751910067913096,1.0,False,1,120,33,6000,0.008333333333333333,0.0055,1.5151515151515151,2823,2823
random_control_1,BP,GO:0120035,regulation of plasma membrane bounded cell projection organization,0.7253598501905478,1.0,False,3,120,186,6000,0.025,0.031,0.8064516129032259,2823;29904;91752,2823;29904;91752
random_control_1,BP,GO:0120036,plasma membrane bounded cell projection organization,0.7325990234529138,1.0,False,5,120,303,6000,0.041666666666666664,0.0505,0.825082508250825,2823;4548;4756;25981;653269,25981;2823;4548;4756;653269
random_control_1,BP,GO:0120039,plasma membrane bounded cell projection morphogenesis,0.44298682475813556,1.0,False,3,120,122,6000,0.025,0.02033333333333333,1.2295081967213117,2823;4756;653269,2823;4756;653269
random_control_1,BP,GO:0120161,regulation of cold-induced thermogenesis,0.5554857542944451,1.0,False,1,120,40,6000,0.008333333333333333,0.006666666666666667,1.25,948,948
random_control_1,BP,GO:0120162,positive regulation of cold-induced thermogenesis,0.3462124237427534,1.0,False,1,120,21,6000,0.008333333333333333,0.0035,2.380952380952381,948,948
random_control_1,BP,GO:0120163,negative regulation of cold-induced thermogenesis,1.0,1.0,False,0,120,19,6000,0.0,0.0031666666666666666,0.0,,
random_control_1,BP,GO:0120192,tight junction assembly,1.0,1.0,False,0,120,12,6000,0.0,0.002,0.0,,
random_control_1,BP,GO:0120193,tight junction organization,1.0,1.0,False,0,120,12,6000,0.0,0.002,0.0,,
random_control_1,BP,GO:0120254,olefinic compound metabolic process,1.0,1.0,False,0,120,46,6000,0.0,0.007666666666666666,0.0,,
random_control_1,BP,GO:0120316,sperm flagellum assembly,0.1994186086676354,1.0,False,1,120,11,6000,0.008333333333333333,0.0018333333333333333,4.545454545454546,25981,25981
random_control_1,BP,GO:0140013,meiotic nuclear division,1.0,1.0,False,0,120,47,6000,0.0,0.007833333333333333,0.0,,
random_control_1,BP,GO:0140014,mitotic nuclear division,0.6065742923968529,1.0,False,1,120,46,6000,0.008333333333333333,0.007666666666666666,1.0869565217391304,79884,79884
random_control_1,BP,GO:0140053,mitochondrial gene expression,1.0,1.0,False,0,120,49,6000,0.0,0.008166666666666666,0.0,,
random_control_1,BP,GO:0140115,export across plasma membrane,1.0,1.0,False,0,120,18,6000,0.0,0.003,0.0,,
random_control_1,BP,GO:0140238,presynaptic endocytosis,1.0,1.0,False,0,120,15,6000,0.0,0.0025,0.0,,
random_control_1,BP,GO:0140352,export from cell,0.8870954523667359,1.0,False,1,120,107,6000,0.008333333333333333,0.017833333333333333,0.4672897196261682,4253,4253
random_control_1,BP,GO:0140374,antiviral innate immune response,1.0,1.0,False,0,120,33,6000,0.0,0.0055,0.0,,
random_control_1,BP,GO:0140467,integrated stress response signaling,0.1994186086676354,1.0,False,1,120,11,6000,0.008333333333333333,0.0018333333333333333,4.545454545454546,1965,1965
random_control_1,BP,GO:0140527,reciprocal homologous recombination,1.0,1.0,False,0,120,21,6000,0.0,0.0035,0.0,,
random_control_1,BP,GO:0140546,defense response to symbiont,0.9262933067781668,1.0,False,2,120,209,6000,0.016666666666666666,0.034833333333333334,0.4784688995215311,4790;5966,4790;5966
random_control_1,BP,GO:0140694,membraneless organelle assembly,0.5765887208409325,1.0,False,2,120,96,6000,0.016666666666666666,0.016,1.0416666666666667,1965;79884,1965;79884
random_control_1,BP,GO:0140719,constitutive heterochromatin formation,1.0,1.0,False,0,120,18,6000,0.0,0.003,0.0,,
random_control_1,BP,GO:0140888,interferon-mediated signaling pathway,1.0,1.0,False,0,120,19,6000,0.0,0.0031666666666666666,0.0,,
random_control_1,BP,GO:0140894,endolysosomal toll-like receptor signaling pathway,1.0,1.0,False,0,120,11,6000,0.0,0.0018333333333333333,0.0,,
random_control_1,BP,GO:0140895,cell surface toll-like receptor signaling pathway,1.0,1.0,False,0,120,11,6000,0.0,0.0018333333333333333,0.0,,
random_control_1,BP,GO:0140962,multicellular organismal-level chemical homeostasis,0.3462124237427534,1.0,False,1,120,21,6000,0.008333333333333333,0.0035,2.380952380952381,4756,4756
random_control_1,BP,GO:0141060,disruption of anatomical structure in another organism,1.0,1.0,False,0,120,29,6000,0.0,0.004833333333333334,0.0,,
random_control_1,BP,GO:0141061,disruption of cell in another organism,1.0,1.0,False,0,120,29,6000,0.0,0.004833333333333334,0.0,,
random_control_1,BP,GO:0141085,regulation of inflammasome-mediated signaling pathway,0.3721945741838406,1.0,False,1,120,23,6000,0.008333333333333333,0.003833333333333333,2.1739130434782608,948,948
random_control_1,BP,GO:0141086,negative regulation of inflammasome-mediated signaling pathway,1.0,1.0,False,0,120,11,6000,0.0,0.0018333333333333333,0.0,,
random_control_1,BP,GO:0141087,positive regulation of inflammasome-mediated signaling pathway,0.2154596450610039,1.0,False,1,120,12,6000,0.008333333333333333,0.002,4.166666666666667,948,948
random_control_1,BP,GO:0141091,transforming growth factor beta receptor superfamily signaling pathway,0.25673349125354994,1.0,False,2,120,49,6000,0.016666666666666666,0.008166666666666666,2.0408163265306123,2657;26060,26060;2657
random_control_1,BP,GO:0141124,intracellular signaling cassette,0.06130281423312239,1.0,False,8,120,212,6000,0.06666666666666667,0.035333333333333335,1.8867924528301885,948;1232;1965;4790;5966;7057;9475;57531,1232;1965;4790;57531;5966;7057;9475;948
random_control_1,BP,GO:0141137,"positive regulation of gene expression, epigenetic",0.3328242822494307,1.0,False,1,120,20,6000,0.008333333333333333,0.0033333333333333335,2.5,328,328
random_control_1,BP,GO:0141161,regulation of cAMP/PKA signal transduction,1.0,1.0,False,0,120,13,6000,0.0,0.0021666666666666666,0.0,,
random_control_1,BP,GO:0141187,nucleic acid biosynthetic process,0.36655998997099015,1.0,False,9,120,386,6000,0.075,0.06433333333333334,1.16580310880829,328;2301;4790;5430;10623;56257;79039;221078;353267,10623;221078;2301;328;353267;4790;5430;56257;79039
random_control_1,BP,GO:0141188,nucleic acid catabolic process,0.45166262380092165,1.0,False,2,120,76,6000,0.016666666666666666,0.012666666666666666,1.3157894736842106,328;54439,328;54439
random_control_1,BP,GO:0141193,nuclear receptor-mediated signaling pathway,0.16145333431713965,1.0,False,2,120,36,6000,0.016666666666666666,0.006,2.7777777777777777,8031;79039,79039;8031
random_control_1,BP,GO:0150052,regulation of postsynapse assembly,1.0,1.0,False,0,120,16,6000,0.0,0.0026666666666666666,0.0,,
random_control_1,BP,GO:0150063,visual system development,0.45839332420414536,1.0,False,2,120,77,6000,0.016666666666666666,0.012833333333333334,1.2987012987012987,2301;2823,2301;2823
random_control_1,BP,GO:0150076,neuroinflammatory response,1.0,1.0,False,0,120,11,6000,0.0,0.0018333333333333333,0.0,,
random_control_1,BP,GO:0150077,regulation of neuroinflammatory response,1.0,1.0,False,0,120,16,6000,0.0,0.0026666666666666666,0.0,,
random_control_1,BP,GO:0150104,transport across blood-brain barrier,0.3721945741838406,1.0,False,1,120,23,6000,0.008333333333333333,0.003833333333333333,2.1739130434782608,948,948
random_control_1,BP,GO:0150116,regulation of cell-substrate junction organization,0.0308551485076948,1.0,False,2,120,14,6000,0.016666666666666666,0.0023333333333333335,7.142857142857142,7057;9475,7057;9475
random_control_1,BP,GO:0160108,animal gross anatomical part developmental process,0.5563792106780542,1.0,False,20,120,1009,6000,0.16666666666666666,0.16816666666666666,0.9910802775024777,1444;2301;2823;3484;3756;4548;4756;4790;7057;8031;9475;9923;9993;11155;23787;51360;51752;205251;389941;653269,11155;1444;205251;2301;23787;2823;3484;3756;389941;4548;4756;4790;51360;51752;653269;7057;8031;9475;9923;9993
random_control_1,BP,GO:0160307,protein biosynthetic process,0.16575872355404153,1.0,False,4,120,107,6000,0.03333333333333333,0.017833333333333333,1.8691588785046729,1965;6238;29904;79048,1965;29904;6238;79048
random_control_1,BP,GO:0170036,import into the mitochondrion,1.0,1.0,False,0,120,13,6000,0.0,0.0021666666666666666,0.0,,
random_control_1,BP,GO:0170038,proteinogenic amino acid biosynthetic process,0.2154596450610039,1.0,False,1,120,12,6000,0.008333333333333333,0.002,4.166666666666667,4548,4548
random_control_1,BP,GO:0170039,proteinogenic amino acid metabolic process,0.29402612883605717,1.0,False,2,120,54,6000,0.016666666666666666,0.009,1.8518518518518519,4548;10768,10768;4548
random_control_1,BP,GO:0170040,proteinogenic amino acid catabolic process,1.0,1.0,False,0,120,41,6000,0.0,0.006833333333333334,0.0,,
random_control_1,BP,GO:0170041,non-proteinogenic amino acid metabolic process,0.23118189666298758,1.0,False,1,120,13,6000,0.008333333333333333,0.0021666666666666666,3.8461538461538463,10768,10768
random_control_1,BP,GO:0170062,nutrient storage,0.27649816154596496,1.0,False,1,120,16,6000,0.008333333333333333,0.0026666666666666666,3.125,948,948
random_control_1,BP,GO:0180064,protein O-linked glycosylation via xylose,1.0,1.0,False,0,120,15,6000,0.0,0.0025,0.0,,
random_control_1,BP,GO:1900015,regulation of cytokine production involved in inflammatory response,0.08831658986426864,1.0,False,2,120,25,6000,0.016666666666666666,0.004166666666666667,4.0,4790;26060,26060;4790
random_control_1,BP,GO:1900016,negative regulation of cytokine production involved in inflammatory response,0.1994186086676354,1.0,False,1,120,11,6000,0.008333333333333333,0.0018333333333333333,4.545454545454546,4790,4790
random_control_1,BP,GO:1900017,positive regulation of cytokine production involved in inflammatory response,0.23118189666298758,1.0,False,1,120,13,6000,0.008333333333333333,0.0021666666666666666,3.8461538461538463,26060,26060
random_control_1,BP,GO:1900024,regulation of substrate adhesion-dependent cell spreading,1.0,1.0,False,0,120,15,6000,0.0,0.0025,0.0,,
random_control_1,BP,GO:1900026,positive regulation of substrate adhesion-dependent cell spreading,1.0,1.0,False,0,120,11,6000,0.0,0.0018333333333333333,0.0,,
random_control_1,BP,GO:1900046,regulation of hemostasis,0.006937750132505773,1.0,False,3,120,20,6000,0.025,0.0033333333333333335,7.5,948;5328;7057,5328;7057;948
random_control_1,BP,GO:1900047,negative regulation of hemostasis,0.23118189666298758,1.0,False,1,120,13,6000,0.008333333333333333,0.0021666666666666666,3.8461538461538463,5328,5328
random_control_1,BP,GO:1900076,regulation of cellular response to insulin stimulus,1.0,1.0,False,0,120,21,6000,0.0,0.0035,0.0,,
random_control_1,BP,GO:1900077,negative regulation of cellular response to insulin stimulus,1.0,1.0,False,0,120,11,6000,0.0,0.0018333333333333333,0.0,,
random_control_1,BP,GO:1900101,regulation of endoplasmic reticulum unfolded protein response,1.0,1.0,False,0,120,11,6000,0.0,0.0018333333333333333,0.0,,
random_control_1,BP,GO:1900151,"regulation of nuclear-transcribed mRNA catabolic process, deadenylation-dependent decay",1.0,1.0,False,0,120,10,6000,0.0,0.0016666666666666668,0.0,,
random_control_1,BP,GO:1900180,regulation of protein localization to nucleus,0.025382963985332088,1.0,False,3,120,32,6000,0.025,0.005333333333333333,4.6875,948;10575;56257,10575;56257;948
random_control_1,BP,GO:1900182,positive regulation of protein localization to nucleus,0.07640369414754856,1.0,False,2,120,23,6000,0.016666666666666666,0.003833333333333333,4.3478260869565215,10575;56257,10575;56257
random_control_1,BP,GO:1900225,regulation of NLRP3 inflammasome complex assembly,0.3462124237427534,1.0,False,1,120,21,6000,0.008333333333333333,0.0035,2.380952380952381,948,948
random_control_1,BP,GO:1900227,positive regulation of NLRP3 inflammasome complex assembly,0.2154596450610039,1.0,False,1,120,12,6000,0.008333333333333333,0.002,4.166666666666667,948,948
random_control_1,BP,GO:1900271,regulation of long-term synaptic potentiation,1.0,1.0,False,0,120,10,6000,0.0,0.0016666666666666668,0.0,,
random_control_1,BP,GO:1900368,regulation of post-transcriptional gene silencing by regulatory ncRNA,0.2154596450610039,1.0,False,1,120,12,6000,0.008333333333333333,0.002,4.166666666666667,7073,7073
random_control_1,BP,GO:1900542,regulation of purine nucleotide metabolic process,1.0,1.0,False,0,120,25,6000,0.0,0.004166666666666667,0.0,,
random_control_1,BP,GO:1900544,positive regulation of purine nucleotide metabolic process,1.0,1.0,False,0,120,15,6000,0.0,0.0025,0.0,,
random_control_1,BP,GO:1900744,regulation of p38MAPK cascade,0.23118189666298758,1.0,False,1,120,13,6000,0.008333333333333333,0.0021666666666666666,3.8461538461538463,27347,27347
random_control_1,BP,GO:1901135,carbohydrate derivative metabolic process,0.7078544104871288,1.0,False,4,120,238,6000,0.03333333333333333,0.03966666666666667,0.8403361344537814,2683;10768;23324;729020,10768;23324;2683;729020
random_control_1,BP,GO:1901136,carbohydrate derivative catabolic process,0.6855774707694965,1.0,False,1,120,57,6000,0.008333333333333333,0.0095,0.8771929824561404,23324,23324
random_control_1,BP,GO:1901137,carbohydrate derivative biosynthetic process,0.9515694710607343,1.0,False,1,120,148,6000,0.008333333333333333,0.024666666666666667,0.33783783783783783,2683,2683
random_control_1,BP,GO:1901184,regulation of ERBB signaling pathway,0.40925983223317164,1.0,False,1,120,26,6000,0.008333333333333333,0.004333333333333333,1.9230769230769231,5328,5328
random_control_1,BP,GO:1901185,negative regulation of ERBB signaling pathway,1.0,1.0,False,0,120,15,6000,0.0,0.0025,0.0,,
random_control_1,BP,GO:1901186,positive regulation of ERBB signaling pathway,0.1994186086676354,1.0,False,1,120,11,6000,0.008333333333333333,0.0018333333333333333,4.545454545454546,5328,5328
random_control_1,BP,GO:1901222,regulation of non-canonical NF-kappaB signal transduction,1.0,1.0,False,0,120,27,6000,0.0,0.0045,0.0,,
random_control_1,BP,GO:1901223,negative regulation of non-canonical NF-kappaB signal transduction,1.0,1.0,False,0,120,10,6000,0.0,0.0016666666666666668,0.0,,
random_control_1,BP,GO:1901224,positive regulation of non-canonical NF-kappaB signal transduction,1.0,1.0,False,0,120,16,6000,0.0,0.0026666666666666666,0.0,,
random_control_1,BP,GO:1901264,carbohydrate derivative transport,1.0,1.0,False,0,120,35,6000,0.0,0.005833333333333334,0.0,,
random_control_1,BP,GO:1901292,nucleoside phosphate catabolic process,1.0,1.0,False,0,120,24,6000,0.0,0.004,0.0,,
random_control_1,BP,GO:1901293,nucleoside phosphate biosynthetic process,1.0,1.0,False,0,120,76,6000,0.0,0.012666666666666666,0.0,,
random_control_1,BP,GO:1901342,regulation of vasculature development,0.10208304373008016,1.0,False,4,120,89,6000,0.03333333333333333,0.014833333333333334,2.2471910112359548,948;1232;7057;9475,1232;7057;9475;948
random_control_1,BP,GO:1901343,negative regulation of vasculature development,0.019523607102497773,1.0,False,3,120,29,6000,0.025,0.004833333333333334,5.172413793103448,948;7057;9475,7057;9475;948
random_control_1,BP,GO:1901379,regulation of potassium ion transmembrane transport,0.06506145238298199,1.0,False,2,120,21,6000,0.016666666666666666,0.0035,4.761904761904762,3759;27347,27347;3759
random_control_1,BP,GO:1901381,positive regulation of potassium ion transmembrane transport,0.022967208340582274,1.0,False,2,120,12,6000,0.016666666666666666,0.002,8.333333333333334,3759;27347,27347;3759
random_control_1,BP,GO:1901524,regulation of mitophagy,1.0,1.0,False,0,120,15,6000,0.0,0.0025,0.0,,
random_control_1,BP,GO:1901532,regulation of hematopoietic progenitor cell differentiation,1.0,1.0,False,0,120,10,6000,0.0,0.0016666666666666668,0.0,,
random_control_1,BP,GO:1901568,fatty acid derivative metabolic process,1.0,1.0,False,0,120,27,6000,0.0,0.0045,0.0,,
random_control_1,BP,GO:1901570,fatty acid derivative biosynthetic process,1.0,1.0,False,0,120,16,6000,0.0,0.0026666666666666666,0.0,,
random_control_1,BP,GO:1901652,response to peptide,0.12901376644671367,1.0,False,7,120,211,6000,0.058333333333333334,0.035166666666666666,1.6587677725118484,1232;4352;4790;5966;7057;26060;27347,1232;26060;27347;4352;4790;5966;7057
random_control_1,BP,GO:1901654,response to ketone,0.11784613134159826,1.0,False,3,120,60,6000,0.025,0.01,2.5,7057;8031;27347,27347;7057;8031
random_control_1,BP,GO:1901655,cellular response to ketone,0.49782540333012903,1.0,False,1,120,34,6000,0.008333333333333333,0.005666666666666667,1.4705882352941175,8031,8031
random_control_1,BP,GO:1901679,nucleotide transmembrane transport,1.0,1.0,False,0,120,15,6000,0.0,0.0025,0.0,,
random_control_1,BP,GO:1901698,response to nitrogen compound,0.007759614638835904,1.0,False,11,120,238,6000,0.09166666666666666,0.03966666666666667,2.310924369747899,948;1444;1965;3484;4548;4790;9475;10768;26060;29904;66004,10768;1444;1965;26060;29904;3484;4548;4790;66004;9475;948
random_control_1,BP,GO:1901699,cellular response to nitrogen compound,0.001615651769287278,1.0,False,10,120,165,6000,0.08333333333333333,0.0275,3.0303030303030303,948;1444;3484;4548;4790;9475;10768;26060;29904;66004,10768;1444;26060;29904;3484;4548;4790;66004;9475;948
random_control_1,BP,GO:1901700,response to oxygen-containing compound,0.044050880482721426,1.0,False,14,120,426,6000,0.11666666666666667,0.071,1.643192488262911,948;1444;1965;3484;4548;4790;7057;8031;9475;10768;26060;27347;29904;66004,10768;1444;1965;26060;27347;29904;3484;4548;4790;66004;7057;8031;9475;948
random_control_1,BP,GO:1901701,cellular response to oxygen-containing compound,0.0408179290824671,1.0,False,11,120,305,6000,0.09166666666666666,0.050833333333333335,1.80327868852459,948;1444;3484;4548;4790;8031;9475;10768;26060;29904;66004,10768;1444;26060;29904;3484;4548;4790;66004;8031;9475;948
random_control_1,BP,GO:1901739,regulation of myoblast fusion,1.0,1.0,False,0,120,16,6000,0.0,0.0026666666666666666,0.0,,
random_control_1,BP,GO:1901740,negative regulation of myoblast fusion,1.0,1.0,False,0,120,13,6000,0.0,0.0021666666666666666,0.0,,
random_control_1,BP,GO:1901796,regulation of signal transduction by p53 class mediator,1.0,1.0,False,0,120,33,6000,0.0,0.0055,0.0,,
random_control_1,BP,GO:1901797,negative regulation of signal transduction by p53 class mediator,1.0,1.0,False,0,120,12,6000,0.0,0.002,0.0,,
random_control_1,BP,GO:1901799,negative regulation of proteasomal protein catabolic process,1.0,1.0,False,0,120,16,6000,0.0,0.0026666666666666666,0.0,,
random_control_1,BP,GO:1901800,positive regulation of proteasomal protein catabolic process,1.0,1.0,False,0,120,31,6000,0.0,0.005166666666666667,0.0,,
random_control_1,BP,GO:1901873,regulation of post-translational protein modification,1.0,1.0,False,0,120,56,6000,0.0,0.009333333333333334,0.0,,
random_control_1,BP,GO:1901874,negative regulation of post-translational protein modification,1.0,1.0,False,0,120,25,6000,0.0,0.004166666666666667,0.0,,
random_control_1,BP,GO:1901875,positive regulation of post-translational protein modification,1.0,1.0,False,0,120,28,6000,0.0,0.004666666666666667,0.0,,
random_control_1,BP,GO:1901879,regulation of protein depolymerization,1.0,1.0,False,0,120,17,6000,0.0,0.0028333333333333335,0.0,,
random_control_1,BP,GO:1901880,negative regulation of protein depolymerization,1.0,1.0,False,0,120,14,6000,0.0,0.0023333333333333335,0.0,,
random_control_1,BP,GO:1901888,regulation of cell junction assembly,0.1592763804812545,1.0,False,3,120,69,6000,0.025,0.0115,2.173913043478261,7057;9475;29904,29904;7057;9475
random_control_1,BP,GO:1901890,positive regulation of cell junction assembly,0.3721945741838406,1.0,False,1,120,23,6000,0.008333333333333333,0.003833333333333333,2.1739130434782608,29904,29904
random_control_1,BP,GO:1901976,regulation of cell cycle checkpoint,1.0,1.0,False,0,120,14,6000,0.0,0.0023333333333333335,0.0,,
random_control_1,BP,GO:1901987,regulation of cell cycle phase transition,0.8893945437829911,1.0,False,1,120,108,6000,0.008333333333333333,0.018,0.46296296296296297,26060,26060
random_control_1,BP,GO:1901988,negative regulation of cell cycle phase transition,1.0,1.0,False,0,120,53,6000,0.0,0.008833333333333334,0.0,,
random_control_1,BP,GO:1901989,positive regulation of cell cycle phase transition,1.0,1.0,False,0,120,25,6000,0.0,0.004166666666666667,0.0,,
random_control_1,BP,GO:1901990,regulation of mitotic cell cycle phase transition,0.8034938931650345,1.0,False,1,120,80,6000,0.008333333333333333,0.013333333333333334,0.625,26060,26060
random_control_1,BP,GO:1901991,negative regulation of mitotic cell cycle phase transition,1.0,1.0,False,0,120,38,6000,0.0,0.006333333333333333,0.0,,
random_control_1,BP,GO:1901992,positive regulation of mitotic cell cycle phase transition,1.0,1.0,False,0,120,17,6000,0.0,0.0028333333333333335,0.0,,
random_control_1,BP,GO:1902017,regulation of cilium assembly,1.0,1.0,False,0,120,24,6000,0.0,0.004,0.0,,
random_control_1,BP,GO:1902041,regulation of extrinsic apoptotic signaling pathway via death domain receptors,0.1994186086676354,1.0,False,1,120,11,6000,0.008333333333333333,0.0018333333333333333,4.545454545454546,7057,7057
random_control_1,BP,GO:1902099,regulation of metaphase/anaphase transition of cell cycle,1.0,1.0,False,0,120,30,6000,0.0,0.005,0.0,,
random_control_1,BP,GO:1902100,negative regulation of metaphase/anaphase transition of cell cycle,1.0,1.0,False,0,120,10,6000,0.0,0.0016666666666666668,0.0,,
random_control_1,BP,GO:1902105,regulation of leukocyte differentiation,1.0,1.0,False,0,120,89,6000,0.0,0.014833333333333334,0.0,,
random_control_1,BP,GO:1902106,negative regulation of leukocyte differentiation,1.0,1.0,False,0,120,30,6000,0.0,0.005,0.0,,
random_control_1,BP,GO:1902107,positive regulation of leukocyte differentiation,1.0,1.0,False,0,120,53,6000,0.0,0.008833333333333334,0.0,,
random_control_1,BP,GO:1902115,regulation of organelle assembly,1.0,1.0,False,0,120,52,6000,0.0,0.008666666666666666,0.0,,
random_control_1,BP,GO:1902117,positive regulation of organelle assembly,1.0,1.0,False,0,120,19,6000,0.0,0.0031666666666666666,0.0,,
random_control_1,BP,GO:1902175,regulation of oxidative stress-induced intrinsic apoptotic signaling pathway,1.0,1.0,False,0,120,10,6000,0.0,0.0016666666666666668,0.0,,
random_control_1,BP,GO:1902305,regulation of sodium ion transmembrane transport,0.24659164652108712,1.0,False,1,120,14,6000,0.008333333333333333,0.0023333333333333335,3.571428571428571,27347,27347
random_control_1,BP,GO:1902369,negative regulation of RNA catabolic process,0.5178253555419259,1.0,False,1,120,36,6000,0.008333333333333333,0.006,1.3888888888888888,401115,401115
random_control_1,BP,GO:1902373,negative regulation of mRNA catabolic process,0.4441539425635324,1.0,False,1,120,29,6000,0.008333333333333333,0.004833333333333334,1.7241379310344827,401115,401115
random_control_1,BP,GO:1902414,protein localization to cell junction,0.3721945741838406,1.0,False,1,120,23,6000,0.008333333333333333,0.003833333333333333,2.1739130434782608,389941,389941
random_control_1,BP,GO:1902455,negative regulation of stem cell population maintenance,1.0,1.0,False,0,120,10,6000,0.0,0.0016666666666666668,0.0,,
random_control_1,BP,GO:1902459,positive regulation of stem cell population maintenance,1.0,1.0,False,0,120,18,6000,0.0,0.003,0.0,,
random_control_1,BP,GO:1902475,L-alpha-amino acid transmembrane transport,1.0,1.0,False,0,120,14,6000,0.0,0.0023333333333333335,0.0,,
random_control_1,BP,GO:1902476,chloride transmembrane transport,1.0,1.0,False,0,120,28,6000,0.0,0.004666666666666667,0.0,,
random_control_1,BP,GO:1902531,regulation of intracellular signal transduction,0.9443101179621707,1.0,False,7,120,566,6000,0.058333333333333334,0.09433333333333334,0.6183745583038869,948;5966;7057;7073;9475;27347;56924,27347;56924;5966;7057;7073;9475;948
random_control_1,BP,GO:1902532,negative regulation of intracellular signal transduction,0.9839282172773792,1.0,False,1,120,201,6000,0.008333333333333333,0.0335,0.24875621890547261,7057,7057
random_control_1,BP,GO:1902533,positive regulation of intracellular signal transduction,0.6271190434280989,1.0,False,6,120,321,6000,0.05,0.0535,0.9345794392523366,948;5966;7057;7073;9475;27347,27347;5966;7057;7073;9475;948
random_control_1,BP,GO:1902547,regulation of cellular response to vascular endothelial growth factor stimulus,1.0,1.0,False,0,120,10,6000,0.0,0.0016666666666666668,0.0,,
random_control_1,BP,GO:1902600,proton transmembrane transport,0.6919262346105967,1.0,False,1,120,58,6000,0.008333333333333333,0.009666666666666667,0.8620689655172413,56606,56606
random_control_1,BP,GO:1902622,regulation of neutrophil migration,1.0,1.0,False,0,120,14,6000,0.0,0.0023333333333333335,0.0,,
random_control_1,BP,GO:1902624,positive regulation of neutrophil migration,1.0,1.0,False,0,120,11,6000,0.0,0.0018333333333333333,0.0,,
random_control_1,BP,GO:1902652,secondary alcohol metabolic process,0.40925983223317164,1.0,False,1,120,26,6000,0.008333333333333333,0.004333333333333333,1.9230769230769231,51360,51360
random_control_1,BP,GO:1902653,secondary alcohol biosynthetic process,1.0,1.0,False,0,120,11,6000,0.0,0.0018333333333333333,0.0,,
random_control_1,BP,GO:1902656,calcium ion import into cytosol,1.0,1.0,False,0,120,12,6000,0.0,0.002,0.0,,
random_control_1,BP,GO:1902679,negative regulation of RNA biosynthetic process,0.7406784873180621,1.0,False,7,120,418,6000,0.058333333333333334,0.06966666666666667,0.8373205741626795,328;948;4790;55170;55657;79039;80764,328;4790;55170;55657;79039;80764;948
random_control_1,BP,GO:1902680,positive regulation of RNA biosynthetic process,0.694850852598624,1.0,False,8,120,453,6000,0.06666666666666667,0.0755,0.8830022075055188,328;4790;5966;8031;27324;51360;56257;84838,27324;328;4790;51360;56257;5966;8031;84838
random_control_1,BP,GO:1902743,regulation of lamellipodium organization,1.0,1.0,False,0,120,18,6000,0.0,0.003,0.0,,
random_control_1,BP,GO:1902745,positive regulation of lamellipodium organization,1.0,1.0,False,0,120,13,6000,0.0,0.0021666666666666666,0.0,,
random_control_1,BP,GO:1902749,regulation of cell cycle G2/M phase transition,1.0,1.0,False,0,120,30,6000,0.0,0.005,0.0,,
random_control_1,BP,GO:1902750,negative regulation of cell cycle G2/M phase transition,1.0,1.0,False,0,120,19,6000,0.0,0.0031666666666666666,0.0,,
random_control_1,BP,GO:1902806,regulation of cell cycle G1/S phase transition,0.5902272768216926,1.0,False,1,120,44,6000,0.008333333333333333,0.007333333333333333,1.1363636363636365,26060,26060
random_control_1,BP,GO:1902807,negative regulation of cell cycle G1/S phase transition,1.0,1.0,False,0,120,11,6000,0.0,0.0018333333333333333,0.0,,
random_control_1,BP,GO:1902808,positive regulation of cell cycle G1/S phase transition,1.0,1.0,False,0,120,12,6000,0.0,0.002,0.0,,
random_control_1,BP,GO:1902850,microtubule cytoskeleton organization involved in mitosis,0.5370351507111182,1.0,False,1,120,38,6000,0.008333333333333333,0.006333333333333333,1.3157894736842106,79884,79884
random_control_1,BP,GO:1902893,regulation of miRNA transcription,1.0,1.0,False,0,120,29,6000,0.0,0.004833333333333334,0.0,,
random_control_1,BP,GO:1902894,negative regulation of miRNA transcription,1.0,1.0,False,0,120,11,6000,0.0,0.0018333333333333333,0.0,,
random_control_1,BP,GO:1902895,positive regulation of miRNA transcription,1.0,1.0,False,0,120,19,6000,0.0,0.0031666666666666666,0.0,,
random_control_1,BP,GO:1902903,regulation of supramolecular fiber organization,0.8555190058691542,1.0,False,1,120,95,6000,0.008333333333333333,0.015833333333333335,0.5263157894736842,9475,9475
random_control_1,BP,GO:1902904,negative regulation of supramolecular fiber organization,1.0,1.0,False,0,120,37,6000,0.0,0.006166666666666667,0.0,,
random_control_1,BP,GO:1902905,positive regulation of supramolecular fiber organization,0.5370351507111182,1.0,False,1,120,38,6000,0.008333333333333333,0.006333333333333333,1.3157894736842106,9475,9475
random_control_1,BP,GO:1902930,regulation of alcohol biosynthetic process,0.27649816154596496,1.0,False,1,120,16,6000,0.008333333333333333,0.0026666666666666666,3.125,51360,51360
random_control_1,BP,GO:1903008,organelle disassembly,1.0,1.0,False,0,120,21,6000,0.0,0.0035,0.0,,
random_control_1,BP,GO:1903018,regulation of glycoprotein metabolic process,1.0,1.0,False,0,120,10,6000,0.0,0.0016666666666666668,0.0,,
random_control_1,BP,GO:1903034,regulation of response to wounding,0.05397793405931184,1.0,False,3,120,43,6000,0.025,0.007166666666666667,3.488372093023256,948;5328;7057,5328;7057;948
random_control_1,BP,GO:1903035,negative regulation of response to wounding,0.3328242822494307,1.0,False,1,120,20,6000,0.008333333333333333,0.0033333333333333335,2.5,5328,5328
random_control_1,BP,GO:1903036,positive regulation of response to wounding,0.010318993350909817,1.0,False,3,120,23,6000,0.025,0.003833333333333333,6.521739130434783,948;5328;7057,5328;7057;948
random_control_1,BP,GO:1903037,regulation of leukocyte cell-cell adhesion,1.0,1.0,False,0,120,129,6000,0.0,0.0215,0.0,,
random_control_1,BP,GO:1903038,negative regulation of leukocyte cell-cell adhesion,1.0,1.0,False,0,120,44,6000,0.0,0.007333333333333333,0.0,,
random_control_1,BP,GO:1903039,positive regulation of leukocyte cell-cell adhesion,1.0,1.0,False,0,120,93,6000,0.0,0.0155,0.0,,
random_control_1,BP,GO:1903046,meiotic cell cycle process,1.0,1.0,False,0,120,53,6000,0.0,0.008833333333333334,0.0,,
random_control_1,BP,GO:1903047,mitotic cell cycle process,0.7789906177705528,1.0,False,2,120,141,6000,0.016666666666666666,0.0235,0.7092198581560284,9475;79884,79884;9475
random_control_1,BP,GO:1903053,regulation of extracellular matrix organization,0.23118189666298758,1.0,False,1,120,13,6000,0.008333333333333333,0.0021666666666666666,3.8461538461538463,5328,5328
random_control_1,BP,GO:1903076,regulation of protein localization to plasma membrane,0.4327558689318889,1.0,False,1,120,28,6000,0.008333333333333333,0.004666666666666667,1.7857142857142856,26060,26060
random_control_1,BP,GO:1903078,positive regulation of protein localization to plasma membrane,1.0,1.0,False,0,120,17,6000,0.0,0.0028333333333333335,0.0,,
random_control_1,BP,GO:1903115,regulation of actin filament-based movement,0.23118189666298758,1.0,False,1,120,13,6000,0.008333333333333333,0.0021666666666666666,3.8461538461538463,3759,3759
random_control_1,BP,GO:1903131,mononuclear cell differentiation,1.0,1.0,False,0,120,90,6000,0.0,0.015,0.0,,
random_control_1,BP,GO:1903146,regulation of autophagy of mitochondrion,1.0,1.0,False,0,120,15,6000,0.0,0.0025,0.0,,
random_control_1,BP,GO:1903169,regulation of calcium ion transmembrane transport,1.0,1.0,False,0,120,41,6000,0.0,0.006833333333333334,0.0,,
random_control_1,BP,GO:1903170,negative regulation of calcium ion transmembrane transport,1.0,1.0,False,0,120,10,6000,0.0,0.0016666666666666668,0.0,,
random_control_1,BP,GO:1903305,regulation of regulated secretory pathway,1.0,1.0,False,0,120,28,6000,0.0,0.004666666666666667,0.0,,
random_control_1,BP,GO:1903311,regulation of mRNA metabolic process,0.027134554535860604,1.0,False,5,120,85,6000,0.041666666666666664,0.014166666666666666,2.941176470588235,328;7073;9475;10768;401115,10768;328;401115;7073;9475
random_control_1,BP,GO:1903312,negative regulation of mRNA metabolic process,0.5079261327301264,1.0,False,1,120,35,6000,0.008333333333333333,0.005833333333333334,1.4285714285714284,401115,401115
random_control_1,BP,GO:1903313,positive regulation of mRNA metabolic process,0.48751910067913096,1.0,False,1,120,33,6000,0.008333333333333333,0.0055,1.5151515151515151,9475,9475
random_control_1,BP,GO:1903317,regulation of protein maturation,0.026792625837197194,1.0,False,2,120,13,6000,0.016666666666666666,0.0021666666666666666,7.6923076923076925,5328;7057,5328;7057
random_control_1,BP,GO:1903320,regulation of protein modification by small protein conjugation or removal,1.0,1.0,False,0,120,54,6000,0.0,0.009,0.0,,
random_control_1,BP,GO:1903321,negative regulation of protein modification by small protein conjugation or removal,1.0,1.0,False,0,120,24,6000,0.0,0.004,0.0,,
random_control_1,BP,GO:1903322,positive regulation of protein modification by small protein conjugation or removal,1.0,1.0,False,0,120,27,6000,0.0,0.0045,0.0,,
random_control_1,BP,GO:1903426,regulation of reactive oxygen species biosynthetic process,0.2910068882529308,1.0,False,1,120,17,6000,0.008333333333333333,0.0028333333333333335,2.941176470588235,948,948
random_control_1,BP,GO:1903432,regulation of TORC1 signaling,1.0,1.0,False,0,120,34,6000,0.0,0.005666666666666667,0.0,,
random_control_1,BP,GO:1903509,liposaccharide metabolic process,1.0,1.0,False,0,120,39,6000,0.0,0.0065,0.0,,
random_control_1,BP,GO:1903522,regulation of blood circulation,0.7910472516405787,1.0,False,1,120,77,6000,0.008333333333333333,0.012833333333333334,0.6493506493506493,3759,3759
random_control_1,BP,GO:1903524,positive regulation of blood circulation,1.0,1.0,False,0,120,14,6000,0.0,0.0023333333333333335,0.0,,
random_control_1,BP,GO:1903530,regulation of secretion by cell,1.0,1.0,False,0,120,141,6000,0.0,0.0235,0.0,,
random_control_1,BP,GO:1903531,negative regulation of secretion by cell,1.0,1.0,False,0,120,32,6000,0.0,0.005333333333333333,0.0,,
random_control_1,BP,GO:1903532,positive regulation of secretion by cell,1.0,1.0,False,0,120,76,6000,0.0,0.012666666666666666,0.0,,
random_control_1,BP,GO:1903555,regulation of tumor necrosis factor superfamily cytokine production,0.6588586485892609,1.0,False,1,120,53,6000,0.008333333333333333,0.008833333333333334,0.9433962264150942,7057,7057
random_control_1,BP,GO:1903556,negative regulation of tumor necrosis factor superfamily cytokine production,0.3328242822494307,1.0,False,1,120,20,6000,0.008333333333333333,0.0033333333333333335,2.5,7057,7057
random_control_1,BP,GO:1903557,positive regulation of tumor necrosis factor superfamily cytokine production,0.49782540333012903,1.0,False,1,120,34,6000,0.008333333333333333,0.005666666666666667,1.4705882352941175,7057,7057
random_control_1,BP,GO:1903573,negative regulation of response to endoplasmic reticulum stress,1.0,1.0,False,0,120,13,6000,0.0,0.0021666666666666666,0.0,,
random_control_1,BP,GO:1903578,regulation of ATP metabolic process,1.0,1.0,False,0,120,24,6000,0.0,0.004,0.0,,
random_control_1,BP,GO:1903580,positive regulation of ATP metabolic process,1.0,1.0,False,0,120,14,6000,0.0,0.0023333333333333335,0.0,,
random_control_1,BP,GO:1903670,regulation of sprouting angiogenesis,0.27649816154596496,1.0,False,1,120,16,6000,0.008333333333333333,0.0026666666666666666,3.125,7057,7057
random_control_1,BP,GO:1903706,regulation of hemopoiesis,0.6656196054509501,1.0,False,2,120,113,6000,0.016666666666666666,0.018833333333333334,0.8849557522123893,4352;55170,4352;55170
random_control_1,BP,GO:1903707,negative regulation of hemopoiesis,1.0,1.0,False,0,120,31,6000,0.0,0.005166666666666667,0.0,,
random_control_1,BP,GO:1903708,positive regulation of hemopoiesis,1.0,1.0,False,0,120,53,6000,0.0,0.008833333333333334,0.0,,
random_control_1,BP,GO:1903725,regulation of phospholipid metabolic process,1.0,1.0,False,0,120,13,6000,0.0,0.0021666666666666666,0.0,,
random_control_1,BP,GO:1903747,regulation of protein localization to mitochondrion,1.0,1.0,False,0,120,14,6000,0.0,0.0023333333333333335,0.0,,
random_control_1,BP,GO:1903779,regulation of cardiac conduction,1.0,1.0,False,0,120,13,6000,0.0,0.0021666666666666666,0.0,,
random_control_1,BP,GO:1903828,negative regulation of protein localization,0.25673349125354994,1.0,False,2,120,49,6000,0.016666666666666666,0.008166666666666666,2.0408163265306123,948;9475,9475;948
random_control_1,BP,GO:1903829,positive regulation of protein localization,0.20604818823917379,1.0,False,4,120,117,6000,0.03333333333333333,0.0195,1.7094017094017093,9475;10541;10575;56257,10541;10575;56257;9475
random_control_1,BP,GO:1903844,regulation of cellular response to transforming growth factor beta stimulus,0.6145035978910377,1.0,False,1,120,47,6000,0.008333333333333333,0.007833333333333333,1.0638297872340425,7057,7057
random_control_1,BP,GO:1903846,positive regulation of cellular response to transforming growth factor beta stimulus,0.24659164652108712,1.0,False,1,120,14,6000,0.008333333333333333,0.0023333333333333335,3.571428571428571,7057,7057
random_control_1,BP,GO:1903900,regulation of viral life cycle,1.0,1.0,False,0,120,25,6000,0.0,0.004166666666666667,0.0,,
random_control_1,BP,GO:1904018,positive regulation of vasculature development,0.28657673455832383,1.0,False,2,120,53,6000,0.016666666666666666,0.008833333333333334,1.8867924528301885,1232;7057,1232;7057
random_control_1,BP,GO:1904062,regulation of monoatomic cation transmembrane transport,0.4448854917298504,1.0,False,2,120,75,6000,0.016666666666666666,0.0125,1.3333333333333333,3759;27347,27347;3759
random_control_1,BP,GO:1904063,negative regulation of cation transmembrane transport,0.2910068882529308,1.0,False,1,120,17,6000,0.008333333333333333,0.0028333333333333335,2.941176470588235,27347,27347
random_control_1,BP,GO:1904064,positive regulation of cation transmembrane transport,0.14741111319620218,1.0,False,2,120,34,6000,0.016666666666666666,0.005666666666666667,2.941176470588235,3759;27347,27347;3759
random_control_1,BP,GO:1904262,negative regulation of TORC1 signaling,1.0,1.0,False,0,120,18,6000,0.0,0.003,0.0,,
random_control_1,BP,GO:1904263,positive regulation of TORC1 signaling,1.0,1.0,False,0,120,19,6000,0.0,0.0031666666666666666,0.0,,
random_control_1,BP,GO:1904356,regulation of telomere maintenance via telomere lengthening,0.27649816154596496,1.0,False,1,120,16,6000,0.008333333333333333,0.0026666666666666666,3.125,10575,10575
random_control_1,BP,GO:1904375,regulation of protein localization to cell periphery,0.5370351507111182,1.0,False,1,120,38,6000,0.008333333333333333,0.006333333333333333,1.3157894736842106,26060,26060
random_control_1,BP,GO:1904377,positive regulation of protein localization to cell periphery,1.0,1.0,False,0,120,21,6000,0.0,0.0035,0.0,,
random_control_1,BP,GO:1904385,cellular response to angiotensin,0.022967208340582274,1.0,False,2,120,12,6000,0.016666666666666666,0.002,8.333333333333334,4790;10768,10768;4790
random_control_1,BP,GO:1904427,positive regulation of calcium ion transmembrane transport,1.0,1.0,False,0,120,16,6000,0.0,0.0026666666666666666,0.0,,
random_control_1,BP,GO:1904645,response to amyloid-beta,0.23118189666298758,1.0,False,1,120,13,6000,0.008333333333333333,0.0021666666666666666,3.8461538461538463,948,948
random_control_1,BP,GO:1904646,cellular response to amyloid-beta,0.1994186086676354,1.0,False,1,120,11,6000,0.008333333333333333,0.0018333333333333333,4.545454545454546,948,948
random_control_1,BP,GO:1904659,D-glucose transmembrane transport,0.18305237920257855,1.0,False,1,120,10,6000,0.008333333333333333,0.0016666666666666668,5.0,56606,56606
random_control_1,BP,GO:1904705,regulation of vascular associated smooth muscle cell proliferation,1.0,1.0,False,0,120,12,6000,0.0,0.002,0.0,,
random_control_1,BP,GO:1904888,cranial skeletal system development,1.0,1.0,False,0,120,14,6000,0.0,0.0023333333333333335,0.0,,
random_control_1,BP,GO:1904892,regulation of receptor signaling pathway via STAT,0.40925983223317164,1.0,False,1,120,26,6000,0.008333333333333333,0.004333333333333333,1.9230769230769231,1444,1444
random_control_1,BP,GO:1904894,positive regulation of receptor signaling pathway via STAT,0.27649816154596496,1.0,False,1,120,16,6000,0.008333333333333333,0.0026666666666666666,3.125,1444,1444
random_control_1,BP,GO:1904950,negative regulation of establishment of protein localization,0.4770030767532584,1.0,False,1,120,32,6000,0.008333333333333333,0.005333333333333333,1.5625,948,948
random_control_1,BP,GO:1904951,positive regulation of establishment of protein localization,0.738345065927039,1.0,False,1,120,66,6000,0.008333333333333333,0.011,0.7575757575757576,10541,10541
random_control_1,BP,GO:1904994,regulation of leukocyte adhesion to vascular endothelial cell,1.0,1.0,False,0,120,11,6000,0.0,0.0018333333333333333,0.0,,
random_control_1,BP,GO:1905037,autophagosome organization,1.0,1.0,False,0,120,23,6000,0.0,0.003833333333333333,0.0,,
random_control_1,BP,GO:1905039,carboxylic acid transmembrane transport,0.5554857542944451,1.0,False,1,120,40,6000,0.008333333333333333,0.006666666666666667,1.25,948,948
random_control_1,BP,GO:1905144,response to acetylcholine,0.0308551485076948,1.0,False,2,120,14,6000,0.016666666666666666,0.0023333333333333335,7.142857142857142,9475;66004,66004;9475
random_control_1,BP,GO:1905145,cellular response to acetylcholine,0.026792625837197194,1.0,False,2,120,13,6000,0.016666666666666666,0.0021666666666666666,7.6923076923076925,9475;66004,66004;9475
random_control_1,BP,GO:1905168,positive regulation of double-strand break repair via homologous recombination,1.0,1.0,False,0,120,16,6000,0.0,0.0026666666666666666,0.0,,
random_control_1,BP,GO:1905314,semi-lunar valve development,0.2154596450610039,1.0,False,1,120,12,6000,0.008333333333333333,0.002,4.166666666666667,9475,9475
random_control_1,BP,GO:1905330,regulation of morphogenesis of an epithelium,1.0,1.0,False,0,120,14,6000,0.0,0.0023333333333333335,0.0,,
random_control_1,BP,GO:1905332,positive regulation of morphogenesis of an epithelium,1.0,1.0,False,0,120,12,6000,0.0,0.002,0.0,,
random_control_1,BP,GO:1905475,regulation of protein localization to membrane,0.5984832752739089,1.0,False,1,120,45,6000,0.008333333333333333,0.0075,1.1111111111111112,26060,26060
random_control_1,BP,GO:1905477,positive regulation of protein localization to membrane,1.0,1.0,False,0,120,23,6000,0.0,0.003833333333333333,0.0,,
random_control_1,BP,GO:1905515,non-motile cilium assembly,1.0,1.0,False,0,120,13,6000,0.0,0.0021666666666666666,0.0,,
random_control_1,BP,GO:1905521,regulation of macrophage migration,0.24659164652108712,1.0,False,1,120,14,6000,0.008333333333333333,0.0023333333333333335,3.571428571428571,7057,7057
random_control_1,BP,GO:1905523,positive regulation of macrophage migration,0.18305237920257855,1.0,False,1,120,10,6000,0.008333333333333333,0.0016666666666666668,5.0,7057,7057
random_control_1,BP,GO:1905818,regulation of chromosome separation,1.0,1.0,False,0,120,18,6000,0.0,0.003,0.0,,
random_control_1,BP,GO:1905819,negative regulation of chromosome separation,1.0,1.0,False,0,120,10,6000,0.0,0.0016666666666666668,0.0,,
random_control_1,BP,GO:1905897,regulation of response to endoplasmic reticulum stress,0.397152433406183,1.0,False,1,120,25,6000,0.008333333333333333,0.004166666666666667,2.0,51360,51360
random_control_1,BP,GO:1905898,positive regulation of response to endoplasmic reticulum stress,1.0,1.0,False,0,120,11,6000,0.0,0.0018333333333333333,0.0,,
random_control_1,BP,GO:1905952,regulation of lipid localization,0.04231294966481447,1.0,False,3,120,39,6000,0.025,0.0065,3.8461538461538467,948;4790;7057,4790;7057;948
random_control_1,BP,GO:1905953,negative regulation of lipid localization,0.2910068882529308,1.0,False,1,120,17,6000,0.008333333333333333,0.0028333333333333335,2.941176470588235,7057,7057
random_control_1,BP,GO:1905954,positive regulation of lipid localization,0.06506145238298199,1.0,False,2,120,21,6000,0.016666666666666666,0.0035,4.761904761904762,948;4790,4790;948
random_control_1,BP,GO:1990089,response to nerve growth factor,0.3328242822494307,1.0,False,1,120,20,6000,0.008333333333333333,0.0033333333333333335,2.5,29904,29904
random_control_1,BP,GO:1990090,cellular response to nerve growth factor stimulus,0.3191643119150053,1.0,False,1,120,19,6000,0.008333333333333333,0.0031666666666666666,2.6315789473684212,29904,29904
random_control_1,BP,GO:1990138,neuron projection extension,1.0,1.0,False,0,120,24,6000,0.0,0.004,0.0,,
random_control_1,BP,GO:1990266,neutrophil migration,1.0,1.0,False,0,120,18,6000,0.0,0.003,0.0,,
random_control_1,BP,GO:1990542,mitochondrial transmembrane transport,1.0,1.0,False,0,120,19,6000,0.0,0.0031666666666666666,0.0,,
random_control_1,BP,GO:1990573,potassium ion import across plasma membrane,0.3052270409204303,1.0,False,1,120,18,6000,0.008333333333333333,0.003,2.7777777777777777,3759,3759
random_control_1,BP,GO:1990748,cellular detoxification,1.0,1.0,False,0,120,36,6000,0.0,0.006,0.0,,
random_control_1,BP,GO:1990776,response to angiotensin,0.002978071793134319,1.0,False,3,120,15,6000,0.025,0.0025,10.0,4790;9475;10768,10768;4790;9475
random_control_1,BP,GO:1990778,protein localization to cell periphery,0.345753756832258,1.0,False,2,120,61,6000,0.016666666666666666,0.010166666666666666,1.639344262295082,9475;389941,389941;9475
random_control_1,BP,GO:1990849,vacuolar localization,1.0,1.0,False,0,120,16,6000,0.0,0.0026666666666666666,0.0,,
random_control_1,BP,GO:1990868,response to chemokine,0.023336072987299537,1.0,False,3,120,31,6000,0.025,0.005166666666666667,4.838709677419355,1232;4352;27347,1232;27347;4352
random_control_1,BP,GO:1990869,cellular response to chemokine,0.023336072987299537,1.0,False,3,120,31,6000,0.025,0.005166666666666667,4.838709677419355,1232;4352;27347,1232;27347;4352
random_control_1,BP,GO:1990928,response to amino acid starvation,0.3191643119150053,1.0,False,1,120,19,6000,0.008333333333333333,0.0031666666666666666,2.6315789473684212,1965,1965
random_control_1,BP,GO:2000026,regulation of multicellular organismal development,0.47532169553920806,1.0,False,8,120,374,6000,0.06666666666666667,0.06233333333333333,1.0695187165775402,948;1232;2301;4352;7057;9475;29904;55170,1232;2301;29904;4352;55170;7057;9475;948
random_control_1,BP,GO:2000027,regulation of animal organ morphogenesis,1.0,1.0,False,0,120,12,6000,0.0,0.002,0.0,,
random_control_1,BP,GO:2000036,regulation of stem cell population maintenance,1.0,1.0,False,0,120,22,6000,0.0,0.0036666666666666666,0.0,,
random_control_1,BP,GO:2000045,regulation of G1/S transition of mitotic cell cycle,0.5178253555419259,1.0,False,1,120,36,6000,0.008333333333333333,0.006,1.3888888888888888,26060,26060
random_control_1,BP,GO:2000058,regulation of ubiquitin-dependent protein catabolic process,0.5818029618000387,1.0,False,1,120,43,6000,0.008333333333333333,0.007166666666666667,1.1627906976744187,55170,55170
random_control_1,BP,GO:2000059,negative regulation of ubiquitin-dependent protein catabolic process,0.2616950548768287,1.0,False,1,120,15,6000,0.008333333333333333,0.0025,3.333333333333333,55170,55170
random_control_1,BP,GO:2000060,positive regulation of ubiquitin-dependent protein catabolic process,1.0,1.0,False,0,120,27,6000,0.0,0.0045,0.0,,
random_control_1,BP,GO:2000106,regulation of leukocyte apoptotic process,1.0,1.0,False,0,120,22,6000,0.0,0.0036666666666666666,0.0,,
random_control_1,BP,GO:2000108,positive regulation of leukocyte apoptotic process,1.0,1.0,False,0,120,11,6000,0.0,0.0018333333333333333,0.0,,
random_control_1,BP,GO:2000134,negative regulation of G1/S transition of mitotic cell cycle,1.0,1.0,False,0,120,11,6000,0.0,0.0018333333333333333,0.0,,
random_control_1,BP,GO:2000142,regulation of DNA-templated transcription initiation,0.3328242822494307,1.0,False,1,120,20,6000,0.008333333333333333,0.0033333333333333335,2.5,4790,4790
random_control_1,BP,GO:2000144,positive regulation of DNA-templated transcription initiation,0.2910068882529308,1.0,False,1,120,17,6000,0.008333333333333333,0.0028333333333333335,2.941176470588235,4790,4790
random_control_1,BP,GO:2000145,regulation of cell motility,0.5296860318658039,1.0,False,6,120,291,6000,0.05,0.0485,1.0309278350515465,5328;7057;9475;26060;27347;57531,26060;27347;5328;57531;7057;9475
random_control_1,BP,GO:2000146,negative regulation of cell motility,0.8722712709474918,1.0,False,1,120,101,6000,0.008333333333333333,0.016833333333333332,0.4950495049504951,7057,7057
random_control_1,BP,GO:2000147,positive regulation of cell motility,0.434739927557222,1.0,False,4,120,168,6000,0.03333333333333333,0.028,1.1904761904761905,5328;7057;9475;27347,27347;5328;7057;9475
random_control_1,BP,GO:2000177,regulation of neural precursor cell proliferation,1.0,1.0,False,0,120,15,6000,0.0,0.0025,0.0,,
random_control_1,BP,GO:2000179,positive regulation of neural precursor cell proliferation,1.0,1.0,False,0,120,12,6000,0.0,0.002,0.0,,
random_control_1,BP,GO:2000181,negative regulation of blood vessel morphogenesis,0.019523607102497773,1.0,False,3,120,29,6000,0.025,0.004833333333333334,5.172413793103448,948;7057;9475,7057;9475;948
random_control_1,BP,GO:2000241,regulation of reproductive process,1.0,1.0,False,0,120,42,6000,0.0,0.007,0.0,,
random_control_1,BP,GO:2000242,negative regulation of reproductive process,1.0,1.0,False,0,120,12,6000,0.0,0.002,0.0,,
random_control_1,BP,GO:2000243,positive regulation of reproductive process,1.0,1.0,False,0,120,17,6000,0.0,0.0028333333333333335,0.0,,
random_control_1,BP,GO:2000278,regulation of DNA biosynthetic process,0.3847989996645063,1.0,False,1,120,24,6000,0.008333333333333333,0.004,2.0833333333333335,10575,10575
random_control_1,BP,GO:2000279,negative regulation of DNA biosynthetic process,1.0,1.0,False,0,120,10,6000,0.0,0.0016666666666666668,0.0,,
random_control_1,BP,GO:2000300,regulation of synaptic vesicle exocytosis,1.0,1.0,False,0,120,11,6000,0.0,0.0018333333333333333,0.0,,
random_control_1,BP,GO:2000351,regulation of endothelial cell apoptotic process,0.18305237920257855,1.0,False,1,120,10,6000,0.008333333333333333,0.0016666666666666668,5.0,7057,7057
random_control_1,BP,GO:2000377,regulation of reactive oxygen species metabolic process,0.21217351385351615,1.0,False,2,120,43,6000,0.016666666666666666,0.007166666666666667,2.3255813953488373,948;7057,7057;948
random_control_1,BP,GO:2000378,negative regulation of reactive oxygen species metabolic process,1.0,1.0,False,0,120,14,6000,0.0,0.0023333333333333335,0.0,,
random_control_1,BP,GO:2000379,positive regulation of reactive oxygen species metabolic process,0.0706571984261017,1.0,False,2,120,22,6000,0.016666666666666666,0.0036666666666666666,4.545454545454546,948;7057,7057;948
random_control_1,BP,GO:2000401,regulation of lymphocyte migration,0.3052270409204303,1.0,False,1,120,18,6000,0.008333333333333333,0.003,2.7777777777777777,27347,27347
random_control_1,BP,GO:2000403,positive regulation of lymphocyte migration,0.1994186086676354,1.0,False,1,120,11,6000,0.008333333333333333,0.0018333333333333333,4.545454545454546,27347,27347
random_control_1,BP,GO:2000404,regulation of T cell migration,0.24659164652108712,1.0,False,1,120,14,6000,0.008333333333333333,0.0023333333333333335,3.571428571428571,27347,27347
random_control_1,BP,GO:2000514,"regulation of CD4-positive, alpha-beta T cell activation",1.0,1.0,False,0,120,20,6000,0.0,0.0033333333333333335,0.0,,
random_control_1,BP,GO:2000515,"negative regulation of CD4-positive, alpha-beta T cell activation",1.0,1.0,False,0,120,10,6000,0.0,0.0016666666666666668,0.0,,
random_control_1,BP,GO:2000516,"positive regulation of CD4-positive, alpha-beta T cell activation",1.0,1.0,False,0,120,13,6000,0.0,0.0021666666666666666,0.0,,
random_control_1,BP,GO:2000573,positive regulation of DNA biosynthetic process,0.2154596450610039,1.0,False,1,120,12,6000,0.008333333333333333,0.002,4.166666666666667,10575,10575
random_control_1,BP,GO:2000628,regulation of miRNA metabolic process,0.4770030767532584,1.0,False,1,120,32,6000,0.008333333333333333,0.005333333333333333,1.5625,4790,4790
random_control_1,BP,GO:2000629,negative regulation of miRNA metabolic process,1.0,1.0,False,0,120,12,6000,0.0,0.002,0.0,,
random_control_1,BP,GO:2000630,positive regulation of miRNA metabolic process,0.3462124237427534,1.0,False,1,120,21,6000,0.008333333333333333,0.0035,2.380952380952381,4790,4790
random_control_1,BP,GO:2000736,regulation of stem cell differentiation,1.0,1.0,False,0,120,17,6000,0.0,0.0028333333333333335,0.0,,
random_control_1,BP,GO:2000765,regulation of cytoplasmic translation,1.0,1.0,False,0,120,16,6000,0.0,0.0026666666666666666,0.0,,
random_control_1,BP,GO:2000772,regulation of cellular senescence,1.0,1.0,False,0,120,12,6000,0.0,0.002,0.0,,
random_control_1,BP,GO:2000779,regulation of double-strand break repair,1.0,1.0,False,0,120,40,6000,0.0,0.006666666666666667,0.0,,
random_control_1,BP,GO:2000781,positive regulation of double-strand break repair,1.0,1.0,False,0,120,30,6000,0.0,0.005,0.0,,
random_control_1,BP,GO:2000785,regulation of autophagosome assembly,1.0,1.0,False,0,120,11,6000,0.0,0.0018333333333333333,0.0,,
random_control_1,BP,GO:2000816,negative regulation of mitotic sister chromatid separation,1.0,1.0,False,0,120,10,6000,0.0,0.0016666666666666668,0.0,,
random_control_1,BP,GO:2000819,regulation of nucleotide-excision repair,1.0,1.0,False,0,120,12,6000,0.0,0.002,0.0,,
random_control_1,BP,GO:2001057,reactive nitrogen species metabolic process,1.0,1.0,False,0,120,11,6000,0.0,0.0018333333333333333,0.0,,
random_control_1,BP,GO:2001141,regulation of RNA biosynthetic process,0.40699243146132236,1.0,False,20,120,934,6000,0.16666666666666666,0.15566666666666668,1.070663811563169,328;948;2301;4790;5430;5966;7073;8031;9923;10623;27324;51360;55170;55657;56257;56924;65243;79039;80764;84838,10623;2301;27324;328;4790;51360;5430;55170;55657;56257;56924;5966;65243;7073;79039;8031;80764;84838;948;9923
random_control_1,BP,GO:2001222,regulation of neuron migration,1.0,1.0,False,0,120,16,6000,0.0,0.0026666666666666666,0.0,,
random_control_1,BP,GO:2001224,positive regulation of neuron migration,1.0,1.0,False,0,120,13,6000,0.0,0.0021666666666666666,0.0,,
random_control_1,BP,GO:2001233,regulation of apoptotic signaling pathway,0.8152049400033254,1.0,False,1,120,83,6000,0.008333333333333333,0.013833333333333333,0.6024096385542169,7057,7057
random_control_1,BP,GO:2001234,negative regulation of apoptotic signaling pathway,0.6373529851582895,1.0,False,1,120,50,6000,0.008333333333333333,0.008333333333333333,1.0,7057,7057
random_control_1,BP,GO:2001235,positive regulation of apoptotic signaling pathway,0.4553248564627744,1.0,False,1,120,30,6000,0.008333333333333333,0.005,1.6666666666666665,7057,7057
random_control_1,BP,GO:2001236,regulation of extrinsic apoptotic signaling pathway,0.46627310055397503,1.0,False,1,120,31,6000,0.008333333333333333,0.005166666666666667,1.6129032258064515,7057,7057
random_control_1,BP,GO:2001237,negative regulation of extrinsic apoptotic signaling pathway,0.3328242822494307,1.0,False,1,120,20,6000,0.008333333333333333,0.0033333333333333335,2.5,7057,7057
random_control_1,BP,GO:2001238,positive regulation of extrinsic apoptotic signaling pathway,0.18305237920257855,1.0,False,1,120,10,6000,0.008333333333333333,0.0016666666666666668,5.0,7057,7057
random_control_1,BP,GO:2001242,regulation of intrinsic apoptotic signaling pathway,1.0,1.0,False,0,120,41,6000,0.0,0.006833333333333334,0.0,,
random_control_1,BP,GO:2001243,negative regulation of intrinsic apoptotic signaling pathway,1.0,1.0,False,0,120,24,6000,0.0,0.004,0.0,,
random_control_1,BP,GO:2001244,positive regulation of intrinsic apoptotic signaling pathway,1.0,1.0,False,0,120,14,6000,0.0,0.0023333333333333335,0.0,,
random_control_1,BP,GO:2001251,negative regulation of chromosome organization,1.0,1.0,False,0,120,24,6000,0.0,0.004,0.0,,
random_control_1,BP,GO:2001252,positive regulation of chromosome organization,0.40925983223317164,1.0,False,1,120,26,6000,0.008333333333333333,0.004333333333333333,1.9230769230769231,10575,10575
random_control_1,BP,GO:7770058,mitochondrial protein import pathway,0.2616950548768287,1.0,False,1,120,15,6000,0.008333333333333333,0.0025,3.333333333333333,23787,23787
